Unnamed: 0,Initial dates,End dates,Latitud,Longitudes,Cloudiness Mean,Water percentage Mean,Vegetation percentage Mean,Year,Month,Duration_Days
0,2021-05-28,2021-08-28,-27.1785779671063,-61.34427626764057,0.5570701666666668,0.0053184999999999,35.27646966666666,2021,5,92
1,2019-06-22,2019-09-22,-13.50140578583611,-69.01370740833134,2.92952775,0.53335325,93.8245715,2019,6,92
2,2023-09-18,2023-12-18,-4.504010547391019,-59.31350446428398,1.934562,7.026944,79.78183,2023,9,91
3,2021-02-22,2021-05-22,-18.44132429464842,123.3851659174868,0.199029,0.036947,27.204141,2021,2,89
4,2023-04-28,2023-07-28,-12.40010033423593,38.72498744168047,2.4521778,0.005001,81.946476,2023,4,91
5,2019-01-08,2019-04-08,20.22086573199036,81.86085171965078,0.2834365,1.470507375,38.952451875,2019,1,90
6,2019-04-03,2019-07-03,-14.65014003543239,35.5245968210551,1.271118,11.07766233333333,56.61534166666667,2019,4,91
7,2020-08-21,2020-11-21,-15.76483939001386,-61.42044035988746,1.205603142857143,0.0180917142857142,52.87471157142857,2020,8,92
8,2020-03-05,2020-06-05,-33.42275174656106,147.6921839739811,1.273031285714286,0.0890594285714285,43.803983,2020,3,92
9,2020-09-07,2020-12-07,-9.438757269715223,-47.27968584420512,1.1396225,0.006627,30.11159533333333,2020,9,91
10,2022-09-12,2022-12-12,38.48755670117792,21.27797261065865,0.3935711111111111,23.975583,52.64512966666667,2022,9,91
11,2022-04-16,2022-07-16,39.88774496544666,-6.264626757483512,1.764261346153847,1.162375153846154,50.6049866923077,2022,4,91
12,2022-04-19,2022-07-19,-29.34545421199409,-58.88051110552038,0.3249526363636364,0.859852909090909,86.86020754545453,2022,4,91
13,2022-03-12,2022-06-12,-18.20541018853688,122.0815490458154,2.051834,5.674401,23.20328900000001,2022,3,92
14,2023-04-19,2023-07-19,8.217347506029675,30.30058602417924,1.142778,0.9290121666666667,35.978957,2023,4,91
15,2019-04-10,2019-07-10,-28.61683851051665,151.4305803635831,1.10632425,0.093344,41.94065925,2019,4,91
16,2023-09-28,2023-12-28,8.375928545904365,35.60704970014146,1.998468846153846,0.0062266153846153,93.21534761538462,2023,9,91
17,2019-02-06,2019-05-06,32.39668034249902,-5.98797839213222,0.3248916666666667,0.3243026666666667,20.13465733333333,2019,2,89
18,2023-08-20,2023-11-20,-7.112880664768618,-62.79394309395148,0.663802,2.657053666666667,94.781252,2023,8,92
19,2023-05-19,2023-08-19,-18.87575993340457,-60.49087088043929,1.0683648,0.0002062,81.232253,2023,5,92
20,2019-08-19,2019-11-19,-38.14248402661726,-62.08739237688449,2.596246666666667,2.871363,27.899759,2019,8,92
21,2020-05-02,2020-08-02,-18.64724549651047,-54.48704595692874,1.2393763,0.1813388,77.8971655,2020,5,92
22,2022-06-01,2022-09-01,-4.605182306333901,-41.55392110196172,1.3630598,0.408089,83.0324684,2022,6,92
23,2019-02-15,2019-05-15,-22.07162592338491,45.61541276016067,1.129276875,0.07057625,41.914724125,2019,2,89
24,2020-06-14,2020-09-14,-34.60354402018218,150.6320345515174,2.2442,12.463465,67.745018,2020,6,92
25,2020-07-20,2020-10-20,-21.21222681194088,-46.01331240896687,0.881622076923077,3.384093076923077,46.90792246153846,2020,7,92
26,2021-03-04,2021-06-04,-29.54136549050612,152.3614978055347,1.522943714285714,0.2565964285714286,95.61993885714288,2021,3,92
27,2020-08-07,2020-11-07,-8.075419421909665,36.68469776403779,1.299655,0.0438075,36.94880449999999,2020,8,92
28,2020-06-05,2020-09-05,-6.867468191445212,-74.95764255529382,0.240155,0.21778,99.119085,2020,6,92
29,2019-02-20,2019-05-20,25.57155772173957,-108.58574430955,1.245281,12.3311824,26.7093604,2019,2,89
30,2022-07-12,2022-10-12,27.71012500237518,76.78874051450987,2.903332333333333,0.0998226666666666,51.50593933333334,2022,7,92
31,2022-04-09,2022-07-09,37.93545147242769,-120.8022596706875,0.4485060588235295,1.830277176470589,46.0781754117647,2022,4,91
32,2021-01-15,2021-04-15,-14.32410278717701,-45.86843290637486,2.958767857142857,0.0015985714285714,81.73380657142857,2021,1,90
33,2023-02-20,2023-05-20,10.98228600654741,76.7652752882141,1.298967833333333,0.514879,68.624139,2023,2,89
34,2018-02-04,2018-05-04,38.68991705131752,-3.768571635611295,0.1027285,0.414312,45.6030565,2018,2,89
35,2020-05-11,2020-08-11,-13.81208120817522,-58.68332331940002,1.1502513,0.0051614,54.73171979999999,2020,5,92
36,2019-08-09,2019-11-09,-17.84055642036545,-48.99909467184409,0.4388438181818182,0.6141992727272727,30.01882690909091,2019,8,92
37,2019-07-06,2019-10-06,31.99496487312936,99.69492413444168,2.598523333333333,0.153762,88.88003433333331,2019,7,92
38,2023-07-01,2023-10-01,-13.29271510965497,-51.92021944498013,1.340038764705882,0.351634294117647,52.98297758823529,2023,7,92
39,2023-01-02,2023-04-02,-16.98204146538343,-48.09192538814247,1.251764,1.365815666666667,77.10181666666666,2023,1,90
40,2019-08-17,2019-11-17,-31.6480892883802,116.606373881351,0.8276549000000001,0.1978299,70.0652105,2019,8,92
41,2023-02-09,2023-05-09,27.8772443145545,77.31349745350735,0.0006085999999999,0.232885,66.9765902,2023,2,89
42,2019-05-15,2019-08-15,-26.48886752247485,150.6557162230663,0.8034266923076925,0.1237768461538462,40.30499415384615,2019,5,92
43,2023-09-24,2023-12-24,-26.74746024129318,150.6462327002661,0.113113,0.0592345,33.4272475,2023,9,91
44,2019-06-22,2019-09-22,35.36698752849388,-120.3394876440156,0.137027,0.87799,20.106609,2019,6,92
45,2023-08-28,2023-11-28,24.01484562223929,77.4313714796395,1.165846666666666,0.8518629999999999,51.746623,2023,8,92
46,2023-02-25,2023-05-25,34.91077246255159,72.1523429605761,1.904933071428571,0.207459,46.99131071428572,2023,2,89
47,2021-08-10,2021-11-10,26.91230759868501,73.6611965625874,1.850318,0.0051129999999999,30.52205233333333,2021,8,92
48,2021-07-06,2021-10-06,33.65950321709788,96.35363688311644,0.8800599999999998,0.384252,31.426033,2021,7,92
49,2023-03-18,2023-06-18,-15.85076528278005,34.41251314849205,1.06090075,0.15389475,90.43438575000002,2023,3,92
50,2021-07-01,2021-10-01,36.36669214050009,101.9475390142233,4.8136495,0.379375,62.32770650000001,2021,7,92
51,2021-04-24,2021-07-24,-36.58885727913951,148.3518114369096,1.240360333333333,0.5829223333333333,80.37367866666666,2021,4,91
52,2020-04-08,2020-07-08,-35.3064592262858,144.9416407542321,0.4744605,0.0862431999999999,71.5787531,2020,4,91
53,2018-08-17,2018-11-17,36.80702525765901,30.04998575984567,1.662871142857143,19.79437514285714,27.06797108571429,2018,8,92
54,2021-01-08,2021-04-08,17.11745707879022,121.0646721145981,2.841734,0.025665,91.549122,2021,1,90
55,2020-07-23,2020-10-23,-1.774962367231154,-58.96922601203288,3.953547333333333,7.634635,86.774961,2020,7,92
56,2020-04-06,2020-07-06,-9.997738709558035,-74.17423470968504,0.9043805,4.036879,93.1167635,2020,4,91
57,2020-03-24,2020-06-24,-16.33327430866623,-56.03148869914644,1.229749857142857,0.6932195238095238,90.31550485714286,2020,3,92
58,2021-06-13,2021-09-13,-10.26713658429472,-47.85216888760925,0.1183462142857143,0.0822284285714285,64.03415921428572,2021,6,92
59,2023-06-21,2023-09-21,-21.73475243175087,-53.79580868494868,0.1714551052631579,0.0515485789473684,57.79613631578947,2023,6,92
60,2020-06-10,2020-09-10,-27.31533799686657,-49.62603993443011,2.028249,0.0612655,89.649585,2020,6,92
61,2021-07-22,2021-10-22,6.995391233067835,22.35876292240101,2.108793,0.072265,94.871926,2021,7,92
62,2019-08-28,2019-11-28,-21.06192776409067,-55.10466265341002,1.586219333333333,0.0185243333333333,41.90632799999999,2019,8,92
63,2019-04-25,2019-07-25,10.73591340173569,-74.43045885363247,0.8470133333333333,5.374135666666668,88.76774133333333,2019,4,91
64,2023-07-07,2023-10-07,-11.42634555863006,-53.63845334533816,0.8558795384615384,0.8214371923076921,91.31694369230767,2023,7,92
65,2021-06-02,2021-09-02,-15.53297569853264,143.3443312785363,0.6928058333333335,0.0335400833333333,47.66807175,2021,6,92
66,2017-05-23,2017-08-23,39.78801004800486,-4.681574812083284,1.21132,0.1861632,25.168966,2017,5,92
67,2022-01-10,2022-04-10,23.83087230885561,83.61384234679036,0.9624878571428572,0.5918212857142856,43.39773885714285,2022,1,90
68,2021-09-06,2021-12-06,-22.79941552976513,-64.43640108635496,1.25699,0.10990425,66.70271775,2021,9,91
69,2020-08-24,2020-11-24,33.43656107082991,-95.60638110753548,1.087378875,1.2765945,76.253449875,2020,8,92
70,2020-06-24,2020-09-24,-26.49809469274537,-49.00467473941606,0.3966065,0.3616265,90.8557265,2020,6,92
71,2022-05-21,2022-08-21,37.07629706857939,39.94542851145874,1.0196604,0.1116084,27.8234032,2022,5,92
72,2019-02-28,2019-05-28,-14.21212048064674,-53.67553372752026,2.164062,0.095733,91.7794564,2019,2,89
73,2019-01-16,2019-04-16,-22.35957722992261,-59.87339575228019,1.4922264,0.1547158,76.09747349999999,2019,1,90
74,2019-07-08,2019-10-08,35.54240284064693,106.1996302554899,0.47547875,0.052216,84.81361275,2019,7,92
75,2022-06-07,2022-09-07,-5.261888827467089,-64.35096399518866,0.276685,0.133463,99.173552,2022,6,92
76,2022-06-09,2022-09-09,-18.59437265576141,143.6572380373294,0.146886,0.0451655714285714,29.21796714285714,2022,6,92
77,2023-07-25,2023-10-25,-4.260813245817346,-42.45201239302901,0.9164767142857144,0.5092597142857143,81.04619728571429,2023,7,92
78,2021-04-26,2021-07-26,-0.9518233392936396,34.74860646795474,0.044807,34.926793,62.941676,2021,4,91
79,2020-01-23,2020-04-23,-27.94754095854987,-58.51800496336737,0.64702765,4.507100499999999,89.13286145,2020,1,91
80,2019-06-25,2019-09-25,3.307739676095103,19.34148267598217,1.799562,0.0,92.560589,2019,6,92
81,2019-01-24,2019-04-24,17.4446795719212,-100.9805716997148,2.509463,38.88849433333333,31.50874033333333,2019,1,90
82,2021-04-15,2021-07-15,38.03673363941131,32.27391022708002,0.926004,0.3023130000000001,21.300198,2021,4,91
83,2020-05-18,2020-08-18,-36.17457905162138,143.47931880129,0.7699529285714286,0.8143177857142857,63.44255478571428,2020,5,92
84,2023-07-09,2023-10-09,22.93821074595773,72.63410468831637,0.0004845,0.4634625,71.6982485,2023,7,92
85,2019-05-14,2019-08-14,-37.43430124800184,-60.01334409557751,0.5533955,0.3488896666666666,50.42263366666666,2019,5,92
86,2019-09-23,2019-12-23,-16.40426230882967,33.41795094275574,0.2472775,0.5935705,56.1948325,2019,9,91
87,2019-03-27,2019-06-27,-17.06761395191519,137.5006134822777,1.501942166666667,1.649337666666667,34.09054183333333,2019,3,92
88,2022-09-28,2022-12-28,0.860404146345175,21.69239445709422,0.193067,0.025561,99.577504,2022,9,91
89,2022-01-10,2022-04-10,26.23305969872719,82.96701113650926,0.0157035714285714,0.8486635714285714,65.59531685714286,2022,1,90
90,2021-08-20,2021-11-20,-33.83840888877969,-53.94016229321842,0.888705125,21.19811762499999,69.519471,2021,8,92
91,2020-01-04,2020-04-04,14.76885571598175,108.536952766394,1.4533015,12.37285725,78.43605449999998,2020,1,91
92,2021-05-27,2021-08-27,28.95752977469313,74.5076604026491,0.3740443333333334,0.05726,36.80839433333333,2021,5,92
93,2022-02-07,2022-05-07,-19.52669591099759,139.7324688058652,0.270927,0.0130566666666666,22.92946833333333,2022,2,89
94,2022-09-09,2022-12-09,24.23434335511737,81.11153288742497,0.0886314545454545,3.341697272727272,67.04335636363636,2022,9,91
95,2019-09-26,2019-12-26,9.327514768443583,22.6705778126375,1.281146857142857,0.0010725714285714,62.120093,2019,9,91
96,2021-04-05,2021-07-05,37.69898239568298,-113.1437857342057,0.2018,0.03829,24.433145,2021,4,91
97,2019-03-19,2019-06-19,-33.55081694922645,147.3409958182401,0.017701,0.091874,21.589079,2019,3,92
98,2022-02-10,2022-05-10,-35.36345421533942,143.7875690303351,0.3477085,0.79323,45.325336,2022,2,89
99,2019-08-10,2019-11-10,38.52539048178161,-108.5151763638163,0.8734719999999999,0.1127282,47.9629332,2019,8,92
100,2019-03-17,2019-06-17,23.37430526960896,99.78115431740387,2.065427666666666,0.066268,71.48799283333334,2019,3,92
101,2023-06-21,2023-09-21,5.674294529809231,28.06797170041705,1.907205,0.000252,96.37708525,2023,6,92
102,2019-05-21,2019-08-21,-19.89970891470082,146.0929068650294,0.7703404,13.909844,44.79790799999999,2019,5,92
103,2022-08-01,2022-11-01,25.75008395696232,73.18634718732156,1.036552142857143,0.2631615714285714,41.529497,2022,8,92
104,2021-05-02,2021-08-02,-14.07895310552109,-64.97495460268426,0.6044725000000002,4.60773995,86.27716385000002,2021,5,92
105,2022-05-20,2022-08-20,8.076821371220461,30.96859948324627,4e-06,1.372039,63.70587299999999,2022,5,92
106,2023-02-26,2023-05-26,-32.23550484214594,146.8728338037382,0.5005684,0.0070875999999999,21.8195162,2023,2,89
107,2019-02-10,2019-05-10,37.92113718784097,-7.277265519157822,0.6634497142857142,2.083464571428572,78.76521907142858,2019,2,89
108,2018-05-13,2018-08-13,34.21696622168977,-5.242538481798079,0.24046875,0.2029025,40.03437975,2018,5,92
109,2022-05-23,2022-08-23,-7.906512014985445,23.86388534732427,0.6237265714285715,0.0426262857142857,34.52006742857143,2022,5,92
110,2021-07-02,2021-10-02,37.93618640495807,69.82241169187284,0.26829,0.966052,21.525161,2021,7,92
111,2022-05-11,2022-08-11,-8.871662147712396,23.48436594808476,1.090894666666667,0.0005308888888888,47.466672,2022,5,92
112,2022-04-13,2022-07-13,-21.53312721372686,141.4625926193341,0.8452912857142857,0.0065558571428571,30.71396214285714,2022,4,91
113,2021-08-05,2021-11-05,-36.22762873429907,140.2035924876847,0.017974,0.09916,57.2920175,2021,8,92
114,2022-02-21,2022-05-21,-4.710674257168535,31.2763911371134,0.811380857142857,0.5524057142857143,87.32831828571427,2022,2,89
115,2020-07-02,2020-10-02,10.42563173194621,40.50772000105593,2.327239666666667,0.4264286666666666,48.34520800000001,2020,7,92
116,2019-07-12,2019-10-12,-7.167986382989461,-61.90029751369393,1.638004625,3.198894375,93.208687875,2019,7,92
117,2022-02-22,2022-05-22,-36.12224383903664,-71.72264727747992,0.9976086153846156,7.155588461538462,51.40366107692308,2022,2,89
118,2021-06-13,2021-09-13,-10.82390544642767,-50.89627484981452,0.7312280666666666,1.316906266666667,60.58451300000001,2021,6,92
119,2021-08-03,2021-11-03,-32.72690320817782,-54.09189041262577,0.2810635,9.012471,76.709913,2021,8,92
120,2023-05-08,2023-08-08,-35.99020333936945,143.8619695158342,0.6399962499999999,1.268778666666667,68.74648183333333,2023,5,92
121,2020-03-15,2020-06-15,-10.08297337275984,23.27917956289869,0.9664124285714284,0.0517861428571428,93.37607785714285,2020,3,92
122,2020-05-02,2020-08-02,35.86290134642026,118.4573321600917,2.586557,1.275264666666667,56.03827133333333,2020,5,92
123,2023-07-18,2023-10-18,27.55686572795751,95.61287164607052,2.3687065,4.905381999999999,84.41881550000001,2023,7,92
124,2023-05-20,2023-08-20,21.81459732233463,84.98997096044343,1.408508666666666,0.3741926666666666,31.632642,2023,5,92
125,2020-07-11,2020-10-11,28.26129640691062,-109.0512724053846,0.56985,0.3128835,82.17129059999999,2020,7,92
126,2023-07-23,2023-10-23,38.8604401532797,20.74661991820298,1.542210285714286,31.459302,54.07631742857143,2023,7,92
127,2019-02-18,2019-05-18,35.96608981827474,61.52981620393948,2.278604,0.18629,23.122105,2019,2,89
128,2021-03-16,2021-06-16,35.62889266242139,139.4451331526137,3.880596,13.78309,25.92822,2021,3,92
129,2022-03-25,2022-06-25,36.63163818800895,-106.1863990183377,0.5123365,0.179345,25.33205025,2022,3,92
130,2021-01-04,2021-04-04,21.75401150057787,-100.6361429021969,0.109323,0.032631,26.719403,2021,1,90
131,2022-02-10,2022-05-10,-14.0226224680238,-58.79701580226522,0.2045136666666667,0.0024683333333333,85.56401933333332,2022,2,89
132,2020-07-09,2020-10-09,-6.601603569487082,-51.97176661651086,0.7497386666666666,1.966729111111111,82.74998000000001,2020,7,92
133,2019-06-03,2019-09-03,-17.0306970611875,-67.19866225581058,1.731822,0.1083915,36.661234,2019,6,92
134,2022-09-10,2022-12-10,-34.07519007381769,-57.63313390956223,0.553671,2.532809636363636,66.0486541818182,2022,9,91
135,2019-08-08,2019-11-08,36.40530524584011,116.861837728809,1.354928166666667,0.7404855,69.42883666666667,2019,8,92
136,2022-08-08,2022-11-08,25.61003981782279,-103.8728693356436,2.712679666666666,0.4819236666666667,21.315604,2022,8,92
137,2023-05-07,2023-08-07,-2.02228128610966,-66.23757500064846,0.418466,8.642135,89.097708,2023,5,92
138,2023-02-23,2023-05-23,22.317797088948,79.51044644698243,0.27406275,1.041051,27.736967,2023,2,89
139,2023-07-02,2023-10-02,-39.99731410897236,-72.83508682833714,0.933723,13.454245,71.739137,2023,7,92
140,2021-02-06,2021-05-06,-22.4621285033568,143.9742706350258,0.9882267500000002,0.00917225,29.52203,2021,2,89
141,2022-07-05,2022-10-05,-32.74629880640961,136.8156963741591,1.49180275,0.7339601666666665,28.72383325,2022,7,92
142,2022-04-15,2022-07-15,-8.04611062196414,18.48495894294848,0.5848962142857141,0.0058458571428571,69.45661985714285,2022,4,91
143,2019-07-16,2019-10-16,36.26791271103811,118.2577259595269,1.385594125,0.703742625,65.05646925,2019,7,92
144,2021-06-13,2021-09-13,27.42633075458686,-99.9016448694228,1.328521857142857,0.0750411428571428,40.70057885714287,2021,6,92
145,2023-09-11,2023-12-11,-8.912416617499161,-56.34743091446266,2.9104665,0.0825625,94.766274,2023,9,91
146,2022-03-16,2022-06-16,28.93628651719733,78.38285896620545,0.5221048947368422,0.7642050000000001,37.31589389473684,2022,3,92
147,2021-09-09,2021-12-09,-16.13954244070793,34.12422593717775,2.426908,0.0694195,30.8867695,2021,9,91
148,2022-03-09,2022-06-09,8.127818362395573,37.37060868394357,1.4988755,0.091138,36.685023,2022,3,92
149,2019-03-13,2019-06-13,35.71877423298928,140.842622056203,3.541916,6.750243,28.089818,2019,3,92
150,2019-01-04,2019-04-04,-33.31095224241528,-59.76041772175937,1.068895666666666,15.37085207407408,68.95214803703703,2019,1,90
151,2023-05-17,2023-08-17,-3.088485229268571,-64.56966617877924,4.873186,6.304763,84.044951,2023,5,92
152,2019-05-11,2019-08-11,24.06336439286986,-105.2586489607372,1.5785276,0.0028572,49.83925000000001,2019,5,92
153,2020-02-15,2020-05-15,24.33829685300905,81.85266920305082,1.296531,0.650891,52.2359645,2020,2,90
154,2019-06-09,2019-09-09,7.561999453986672,40.41112250686331,1.373622,0.000621,49.159816,2019,6,92
155,2020-07-12,2020-10-12,33.37407874165918,-81.83384785079419,1.684619142857143,2.536351714285714,87.68045485714286,2020,7,92
156,2020-01-16,2020-04-16,-21.43977351849326,144.21465380957,0.1223504,0.0160218,28.5126162,2020,1,91
157,2022-09-23,2022-12-23,-24.89776028627374,151.9648794784985,1.57058,1.766825,90.15867333333334,2022,9,91
158,2023-08-01,2023-11-01,-10.82060113867176,36.10179923359405,2.76913375,0.001613,55.2779025,2023,8,92
159,2020-03-20,2020-06-20,-30.9694136944314,-61.57067859191102,0.5231095652173914,0.0696849130434782,51.23053395652174,2020,3,92
160,2021-01-16,2021-04-16,5.549660668934948,17.19285042473825,0.274745,0.00044175,79.4348595,2021,1,90
161,2019-08-26,2019-11-26,-18.36625785487688,-58.66848056305314,0.7199571666666666,0.0007428333333333,65.04140433333333,2019,8,92
162,2020-06-16,2020-09-16,14.31552264770556,32.14774167910321,2.396263,3.895601,22.407649,2020,6,92
163,2021-02-01,2021-05-01,-14.93273547123263,-51.66824491377793,0.0086675,1.077432,92.8748545,2021,2,89
164,2020-01-05,2020-04-05,-5.698031599689415,18.23322766427469,4.997472,0.003464,88.376665,2020,1,91
165,2019-01-14,2019-04-14,37.24461735166308,128.0146962323068,3.102314,5.604886,21.414357,2019,1,90
166,2019-06-28,2019-09-28,-23.33366305004921,-61.23798120544812,0.0872473333333333,0.0447022222222222,74.38844522222222,2019,6,92
167,2020-07-25,2020-10-25,36.4944598818384,139.0241807716376,1.597397,0.541962,80.400473,2020,7,92
168,2022-06-14,2022-09-14,26.58710060503367,110.2234536008715,0.146078,0.414546,95.070988,2022,6,92
169,2018-09-27,2018-12-27,-35.34957614554331,-71.6875146931809,0.34832425,7.716883250000001,60.246487,2018,9,91
170,2020-09-07,2020-12-07,-29.96528352868693,152.4103634833362,2.4959739,1.5066129,89.4841002,2020,9,91
171,2023-07-22,2023-10-22,-21.31962536612786,147.9786861284742,0.909645,1.936794857142857,45.98171614285715,2023,7,92
172,2019-06-04,2019-09-04,-23.18040416580701,-61.39329450571728,0.0953834444444444,0.0482763333333333,78.5631731111111,2019,6,92
173,2020-04-10,2020-07-10,1.537936570253045,30.3185655399719,1.4505025,21.620087,75.342816,2020,4,91
174,2020-06-12,2020-09-12,-6.344990039835061,-57.96228959677669,0.9949383636363638,1.253543636363636,95.79024527272728,2020,6,92
175,2020-03-26,2020-06-26,-8.68992140683778,37.64142767206724,1.747371,0.3352476666666667,94.03396433333334,2020,3,92
176,2023-05-15,2023-08-15,-16.1371909319212,32.77065215657808,0.9690636,0.3357135999999999,40.775907,2023,5,92
177,2021-01-14,2021-04-14,-34.12615938556782,-58.743562534251,0.3608787999999999,16.3172768,72.5760712,2021,1,90
178,2019-04-18,2019-07-18,-18.99649444310437,33.86269605012569,1.1153755,0.1577175,84.74718433333332,2019,4,91
179,2021-04-24,2021-07-24,-25.33553713628249,-50.90165557898092,2.5309165,0.1937835,76.68539,2021,4,91
180,2020-08-27,2020-11-27,-32.52934033807815,-58.87263389504905,0.8747237999999999,1.62912,61.0090102,2020,8,92
181,2021-02-25,2021-05-25,-8.587580952690253,28.26116016272755,2.906441333333333,18.840318,76.65856066666667,2021,2,89
182,2023-05-22,2023-08-22,-17.20692027485378,-54.10683766355649,0.5999225,0.0053890714285714,62.48492035714285,2023,5,92
183,2021-07-14,2021-10-14,-8.203890618608824,-38.37513452668392,1.623352,0.5543063333333333,53.53469533333333,2021,7,92
184,2020-08-02,2020-11-02,32.79763641322961,71.26404970551434,0.68889975,2.3031835,24.544389,2020,8,92
185,2019-06-03,2019-09-03,-19.20513552431149,-51.6488200773509,0.1249273,0.1359837,59.9037612,2019,6,92
186,2023-05-28,2023-08-28,-18.84110570498834,-63.3702136426446,1.068252125,0.1590575,79.32720850000001,2023,5,92
187,2023-03-07,2023-06-07,34.48001904500302,103.6712580227247,1.978162,0.133998,25.890601,2023,3,92
188,2020-02-12,2020-05-12,-26.40032418261241,-54.58268444886203,0.7524177692307692,0.3904452307692307,95.2262346153846,2020,2,90
189,2019-06-19,2019-09-19,-6.59510557476726,-65.9983819169009,1.741768,0.3647564444444444,95.82927477777778,2019,6,92
190,2020-01-16,2020-04-16,1.415342400070301,42.00736492463363,0.004399,0.136526,37.55202,2020,1,91
191,2022-07-17,2022-10-17,-13.53451364130812,29.76090735320713,0.7354650833333333,0.01379075,46.875302,2022,7,92
192,2020-04-03,2020-07-03,31.49627691225428,72.22893111323049,0.2748265,0.564303,30.36667975,2020,4,91
193,2020-09-10,2020-12-10,-7.382090478534181,-71.59372414322567,1.4760004,0.0111194,97.4351526,2020,9,91
194,2021-09-03,2021-12-03,-24.10631766764403,-49.10323088563598,3.571587,0.379724,63.36763500000001,2021,9,91
195,2020-08-14,2020-11-14,-0.5448222612948541,-55.35093943011015,2.6016005,0.190808,96.57911075,2020,8,92
196,2020-05-22,2020-08-22,-17.37314406664402,-43.4759517611009,1.0952475,0.0900875,79.798296,2020,5,92
197,2021-03-21,2021-06-21,-7.920019708340647,22.27567322430573,0.9641385,0.137743,67.09942366666667,2021,3,92
198,2022-07-20,2022-10-20,-6.832241954510074,-49.13242599501029,0.2345956666666666,1.566656666666667,66.76460933333334,2022,7,92
199,2019-04-10,2019-07-10,23.7264938124789,95.97878081383692,1.100288,1.380029375,52.029204375,2019,4,91
200,2020-04-27,2020-07-27,-22.7479276170553,32.33238558203487,0.3017166428571428,0.0638989999999999,53.65091364285714,2020,4,91
201,2019-07-12,2019-10-12,-31.0272237301145,151.642100917051,0.7193100000000001,0.0417867777777777,53.37731933333334,2019,7,92
202,2020-04-14,2020-07-14,25.02768220231506,98.53986847800098,3.994786,0.225461,76.387298,2020,4,91
203,2021-07-24,2021-10-24,-11.47502720386638,31.03408204673528,0.1524754,1.0058012,41.69258599999999,2021,7,92
204,2020-09-17,2020-12-17,26.67000500117872,106.0885295607834,0.1953645,0.92773,77.8990685,2020,9,91
205,2020-09-07,2020-12-07,4.449223602684825,18.96540841518333,2.6817345,0.6905055,94.8540925,2020,9,91
206,2021-09-16,2021-12-16,-28.1466091029532,153.0579095219596,0.3741763333333334,0.3582473333333333,96.349619,2021,9,91
207,2022-05-08,2022-08-08,-11.8742033006874,-48.07402522476235,0.3836573076923077,0.9429332307692307,74.6525003846154,2022,5,92
208,2021-07-06,2021-10-06,-17.37314041516509,-40.86006517775093,0.609588857142857,0.0425365714285714,42.90330814285715,2021,7,92
209,2020-03-12,2020-06-12,30.66474198583468,31.28210735931665,0.718371,15.6029185,42.09125883333333,2020,3,92
210,2021-07-08,2021-10-08,10.04909037959039,31.41603065922433,2.5912275,0.1575945,92.6778585,2021,7,92
211,2023-07-27,2023-10-27,-19.65567698720236,33.92224010258781,0.54753875,0.830319,35.90220675,2023,7,92
212,2019-06-22,2019-09-22,-20.140377409179,32.4373999863241,0.5464486,0.1287363,41.3271569,2019,6,92
213,2021-01-04,2021-04-04,34.55248736611584,35.91941060823848,2.31242875,13.8532655,39.46225125,2021,1,90
214,2021-07-14,2021-10-14,22.92781608862413,83.60874881707628,1.398197,0.213712,93.273395,2021,7,92
215,2021-08-13,2021-11-13,-10.38655532738524,-57.59546953196566,1.540185666666667,0.1207383333333333,78.55780716666668,2021,8,92
216,2020-05-28,2020-08-28,-6.897264124119893,-68.96101637514343,1.808166,0.8731148000000001,95.5421748,2020,5,92
217,2021-07-09,2021-10-09,-10.2246214591428,-62.41722719182808,1.579152333333333,0.0246261111111111,57.51251377777778,2021,7,92
218,2022-01-25,2022-04-25,16.973164089089,-98.93925943010218,1.9012645,19.96165058333333,56.53134658333334,2022,1,90
219,2019-03-15,2019-06-15,-11.23177710563424,26.89717445366722,1.137037833333333,0.9724656666666666,91.46831433333334,2019,3,92
220,2023-09-14,2023-12-14,-12.69597836446621,-48.25820903008358,2.816154666666667,1.426173833333333,50.8496965,2023,9,91
221,2020-02-06,2020-05-06,7.663920649652866,40.76110381661996,0.179443,0.000652,31.3427,2020,2,90
222,2020-02-03,2020-05-03,5.070591516366889,38.86947371828899,0.003958,0.001805,23.308742,2020,2,90
223,2020-02-10,2020-05-10,17.83919811944234,96.23994749783486,0.8623666315789474,2.662630526315789,44.19717047368421,2020,2,90
224,2020-07-21,2020-10-21,33.26946895418271,-96.37139341502152,2.053903428571428,3.160217714285714,69.44412414285713,2020,7,92
225,2022-02-25,2022-05-25,16.22631844647,77.77312295100785,0.0006065,2.949367,20.76512,2022,2,89
226,2021-02-16,2021-05-16,-21.98427511280975,-43.20144523933664,0.058311,0.248742,96.085906,2021,2,89
227,2019-07-02,2019-10-02,-17.83485088018461,-44.77988649132541,1.0426934,0.238852,34.79394120000001,2019,7,92
228,2017-05-09,2017-08-09,39.47783410308027,16.34195317058132,1.516857142857143,9.443734142857142,45.27012014285715,2017,5,92
229,2019-04-13,2019-07-13,-24.58670678941402,-62.75663941374242,0.9586225714285715,0.0091761428571428,97.040071,2019,4,91
230,2019-04-05,2019-07-05,-14.81448321457942,-64.07889723335256,0.9983274999999998,1.703473166666667,92.71105933333332,2019,4,91
231,2021-01-27,2021-04-27,18.78721387997129,-95.33819456158166,0.8256835555555555,25.69348427777777,61.31042577777777,2021,1,90
232,2019-04-04,2019-07-04,-8.983996021170448,-63.74597074961241,1.2782685,6.21204975,89.25641325,2019,4,91
233,2019-06-03,2019-09-03,39.76230309358586,28.96746650902617,1.081533529411765,16.86433352941176,61.2309848235294,2019,6,92
234,2021-01-26,2021-04-26,21.40800047668768,-98.96765977028284,1.460418384615385,0.0217200769230769,57.16067392307691,2021,1,90
235,2021-09-19,2021-12-19,-15.13517755642527,-47.1714218547547,2.668967,0.230364,76.165485,2021,9,91
236,2020-01-01,2020-04-01,2.794080762729749,40.18431089349736,1.302372,0.000827,59.73978699999999,2020,1,91
237,2019-08-20,2019-11-20,39.29680435898985,20.46420720456081,0.985359,31.33228071428571,51.88909257142857,2019,8,92
238,2021-06-13,2021-09-13,-4.103309194730151,-50.62735397634936,0.08019825,0.01326325,96.68257825,2021,6,92
239,2019-02-11,2019-05-11,23.57751728510024,-99.31087802657802,1.447204625,0.097569875,57.44646637499999,2019,2,89
240,2022-04-04,2022-07-04,9.160887732915498,19.89234872089264,2.399411,0.029044,47.602099,2022,4,91
241,2020-02-24,2020-05-24,39.43095851985032,20.70940411203253,0.5943715714285716,31.34618071428572,58.79904142857142,2020,2,90
242,2021-05-27,2021-08-27,33.37052555454133,71.8085854014816,1.550090111111111,1.032533333333333,30.28347511111111,2021,5,92
243,2020-02-28,2020-05-28,-25.91338527200524,-58.98185625449156,0.1339403703703704,0.2825670740740741,79.6438711111111,2020,2,90
244,2022-07-15,2022-10-15,-26.12747082759248,-56.00009039392597,0.7614175,0.012139,88.14903774999999,2022,7,92
245,2020-07-04,2020-10-04,-15.78095014075415,-63.85197238497088,0.9342085714285714,1.551088857142857,85.42699485714284,2020,7,92
246,2022-07-12,2022-10-12,-14.33016046363589,30.79444609603641,0.00032,0.319058,24.520552,2022,7,92
247,2020-03-26,2020-06-26,-33.39754213741034,-65.60048969289953,0.33396125,0.20445525,32.74046925,2020,3,92
248,2020-03-06,2020-06-06,-12.8462622004106,32.29406065532839,1.799741625,0.011253,85.39774775,2020,3,92
249,2023-02-27,2023-05-27,-14.42630528456961,-73.85184941604561,1.5413455,0.208838,49.1891295,2023,2,89
250,2019-06-18,2019-09-18,20.41234609922907,80.9150722461037,0.667725,0.056815,22.453758,2019,6,92
251,2022-09-21,2022-12-21,-10.41350470211356,-66.91844440999938,0.001189,0.021647,98.838019,2022,9,91
252,2022-07-02,2022-10-02,39.93431132267615,20.90097020719526,1.475678571428572,1.931617714285714,76.47577942857143,2022,7,92
253,2022-03-22,2022-06-22,-19.17201929348437,47.35125609308233,2.0236885,0.3873335,63.125566,2022,3,92
254,2021-03-21,2021-06-21,-24.11843195292759,-62.95964793113437,0.9421869166666664,0.27924275,87.9578935,2021,3,92
255,2020-02-13,2020-05-13,20.54768161880936,77.30854409773218,0.009419,1.5353995,22.265067,2020,2,90
256,2020-08-27,2020-11-27,-12.85296623030924,-41.19492590828889,0.006062,0.095899,46.500871,2020,8,92
257,2019-05-25,2019-08-25,1.1227737095086,22.74874775411928,2.164956666666666,0.0021243333333333,93.831406,2019,5,92
258,2018-01-21,2018-04-21,35.79186174191607,-0.2137912403367465,0.3692756666666667,23.68579158333333,38.62857491666667,2018,1,90
259,2023-06-02,2023-09-02,-30.66895834243324,-57.98573725210567,0.21253,3.31258525,88.67558975,2023,6,92
260,2021-02-19,2021-05-19,-26.48459149554627,26.84062030254753,0.144425,0.2529386666666667,55.77936666666667,2021,2,89
261,2023-07-13,2023-10-13,-8.352751958189266,-63.51257627825218,1.8860158,4.5017826,82.04042560000002,2023,7,92
262,2022-04-15,2022-07-15,-36.83388408680463,-65.59189888973688,0.698575,0.0640506666666666,22.49456333333333,2022,4,91
263,2019-06-25,2019-09-25,-23.4724148769264,-52.89187197305712,1.025628666666667,1.486139888888889,49.2942488888889,2019,6,92
264,2023-03-21,2023-06-21,-35.64897107561455,-61.02669410213419,0.0865205,0.7671245,52.626675,2023,3,92
265,2021-02-18,2021-05-18,9.606790878229589,20.44318598608555,3.46095,0.015658,35.509735,2021,2,89
266,2021-08-24,2021-11-24,-11.00857622110507,-59.03854956870727,0.674791,0.04932825,83.8088645,2021,8,92
267,2022-07-09,2022-10-09,25.44648367287799,72.51680996203967,0.9340701,0.0139864,41.5782627,2022,7,92
268,2019-08-26,2019-11-26,-11.4653556384106,-59.41795498513308,1.333809933333333,0.0134406666666666,93.95129326666664,2019,8,92
269,2023-01-19,2023-04-19,19.23978963252432,97.3412298041584,0.7544289999999999,0.31023725,55.34805625,2023,1,90
270,2022-08-20,2022-11-20,-13.02181813381521,-59.76662577472443,1.103362846153846,0.0007083076923076,85.43919053846153,2022,8,92
271,2020-07-27,2020-10-27,36.08600519177421,117.9308893779133,1.336918625,0.7387597499999999,61.878532375,2020,7,92
272,2019-05-04,2019-08-04,-30.91871281839653,-65.92345114340044,1.267245285714286,0.0486238571428571,48.31877885714285,2019,5,92
273,2023-03-16,2023-06-16,22.55255932991384,91.2179387317002,2.3766895,4.53235,71.8404175,2023,3,92
274,2020-02-14,2020-05-14,-16.25602176371473,132.3441967382674,0.7113957222222224,0.000192,52.943535,2020,2,90
275,2019-08-14,2019-11-14,24.7816640464472,68.38756112720972,2.041876333333333,4.313809833333333,37.13337566666667,2019,8,92
276,2021-07-21,2021-10-21,-13.49144283239774,35.38090797716018,2.355936666666667,0.3476596666666667,39.276897,2021,7,92
277,2021-07-25,2021-10-25,-9.26355297903834,-50.62426728047748,0.9196182222222222,0.7498255555555555,59.55857311111111,2021,7,92
278,2020-04-22,2020-07-22,-31.57763978039455,-60.08631589392201,0.8505717142857142,4.604993642857143,61.74278792857142,2020,4,91
279,2021-08-10,2021-11-10,10.7876588878915,26.87472620843448,1.301065,0.0018873333333333,50.538987,2021,8,92
280,2020-02-19,2020-05-19,39.09105279845848,-122.1118772213863,1.3387114,2.3595234,48.4145002,2020,2,90
281,2021-08-11,2021-11-11,38.87355870727284,28.25798734635492,1.125080357142857,0.083174,51.879127,2021,8,92
282,2019-09-18,2019-12-18,-11.12161681860491,29.77137152583862,1.21527375,11.0508205,30.306768,2019,9,91
283,2020-04-17,2020-07-17,-14.7869111387343,32.40118805359813,0.5172325,0.01710425,81.96237375,2020,4,91
284,2019-06-08,2019-09-08,-29.84624904946607,-56.36169038095585,0.3941395000000001,4.20673575,56.8620665,2019,6,92
285,2019-08-10,2019-11-10,25.63643599908909,84.67471964813882,1.1235275,6.678349000000001,41.80407483333333,2019,8,92
286,2019-04-17,2019-07-17,6.472952014287344,22.44537829555398,0.424922,0.051631,98.618662,2019,4,91
287,2019-08-24,2019-11-24,22.05397304272195,70.18983779041301,0.697416,3.180498666666667,59.80387116666666,2019,8,92
288,2019-06-10,2019-09-10,29.31192892970931,104.5770024774026,2.315272666666667,0.82028,88.246441,2019,6,92
289,2022-06-15,2022-09-15,-9.027850460817035,23.98151936038488,0.3836165,0.018619,23.61714925,2022,6,92
290,2019-05-14,2019-08-14,29.23770179731167,78.52354145370032,1.390261714285714,0.4204113571428572,37.85018378571429,2019,5,92
291,2020-05-07,2020-08-07,0.1821276532436542,37.46321590657709,2.279618333333334,0.0166576666666666,63.383191,2020,5,92
292,2023-01-15,2023-04-15,25.87872601375525,74.88184789629679,0.0862213636363636,0.4530533636363636,32.71844909090909,2023,1,90
293,2020-01-28,2020-04-28,23.57930460857258,85.7430485955727,0.359553,1.218767833333333,33.0475805,2020,1,91
294,2022-03-05,2022-06-05,7.424223496104567,22.76255818554464,0.7521111666666668,0.0053591666666666,60.61581516666666,2022,3,92
295,2021-07-01,2021-10-01,-15.86125565083789,-53.17808596840091,0.5825800555555556,0.0478142222222222,45.98569677777778,2021,7,92
296,2022-05-24,2022-08-24,-3.156590141068285,15.41259370391765,0.7262375000000001,0.34860425,53.80966250000001,2022,5,92
297,2021-05-06,2021-08-06,-29.25885831005761,147.1274703630664,0.8984830909090907,0.3068188181818182,35.81830354545454,2021,5,92
298,2023-02-13,2023-05-13,31.1948627714637,31.01425254134094,0.9094165,12.53771925,49.31972908333334,2023,2,89
299,2020-02-07,2020-05-07,-38.49458625018371,-59.97881747973366,1.185272692307692,7.295826538461539,52.47009523076922,2020,2,90
300,2021-07-23,2021-10-23,2.370178541907194,32.82949105222778,1.91017325,3.471317,78.61967675,2021,7,92
301,2019-03-25,2019-06-25,4.785880236038622,19.44628362516457,0.743541,0.8356129999999999,90.4652865,2019,3,92
302,2020-07-17,2020-10-17,-32.33702200079894,-53.37716441855261,2.2694026,0.6647378,87.91636120000001,2020,7,92
303,2019-07-11,2019-10-11,36.33910102711114,-105.4084605720917,1.639718833333333,0.092071,44.40231966666666,2019,7,92
304,2017-04-15,2017-07-15,37.73973149145763,31.52397898768833,2.93365,5.0369755,48.891662,2017,4,91
305,2023-08-14,2023-11-14,-34.20395368744941,-59.65323302766376,0.3743572857142858,3.023008285714286,56.7333937142857,2023,8,92
306,2017-04-11,2017-07-11,39.28605101105283,-0.1891061197161434,0.0,5.576226,20.812984,2017,4,91
307,2019-02-28,2019-05-28,-28.38179589864058,-54.64103738939781,1.01776375,0.44123775,73.1167705,2019,2,89
308,2020-02-27,2020-05-27,6.476160968467035,38.54285759867551,0.261691,0.848504,60.441446,2020,2,90
309,2023-04-21,2023-07-21,-18.60987175529301,47.41887389713128,0.6555355,0.6530775,64.92067025,2023,4,91
310,2019-01-23,2019-04-23,21.86404915265703,73.71745943456122,0.8021421428571428,1.445706571428572,25.447261,2019,1,90
311,2019-06-17,2019-09-17,15.25487358296616,101.4529407388948,3.747386,0.486422,67.357433,2019,6,92
312,2021-09-21,2021-12-21,10.30324462978265,22.36201645021725,0.6300806,0.0026188,45.02521640000001,2021,9,91
313,2023-01-13,2023-04-13,1.845413329207304,30.90469852876276,2.81209675,13.3522635,50.1873115,2023,1,90
314,2020-09-20,2020-12-20,30.89255960479402,95.6253992505322,0.6785129999999999,0.1163,35.915308,2020,9,91
315,2023-07-22,2023-10-22,-0.9012680380256484,-57.39416342963485,0.6629964444444445,0.3090993333333333,97.8066428888889,2023,7,92
316,2022-02-02,2022-05-02,-12.20395987899445,-58.22086609381637,0.095404,0.2209895,97.741589,2022,2,89
317,2021-04-06,2021-07-06,34.11590096072911,103.9368428183484,2.022277,0.005996,64.288685,2021,4,91
318,2023-07-06,2023-10-06,36.49621216020466,4.70846295975096,1.4014045,20.29833625,20.950242,2023,7,92
319,2021-09-04,2021-12-04,10.55686780562263,25.45836250944578,1.416272125,0.001213125,57.784592375,2021,9,91
320,2021-05-15,2021-08-15,24.26736077860095,72.50726262232314,2.742012,0.4737378333333333,22.80199383333334,2021,5,92
321,2022-01-05,2022-04-05,-29.91066085046571,-62.59428962755665,0.0320675,0.4189536666666667,63.90481983333333,2022,1,90
322,2023-04-23,2023-07-23,-5.150974696671341,-76.67658052639477,0.004399,1.618482,98.024982,2023,4,91
323,2019-02-05,2019-05-05,35.04736117537503,117.7878898822249,1.8330622,3.0817352,35.6743992,2019,2,89
324,2019-03-02,2019-06-02,1.528040103191017,30.54525538320422,1.5001994,23.3456924,57.0903516,2019,3,92
325,2017-04-15,2017-07-15,38.51658833238739,-5.300293176296094,2.596433333333334,0.2917453333333333,38.08244,2017,4,91
326,2020-08-12,2020-11-12,-23.69231275692296,34.8682603466753,0.2451353333333333,0.415753,31.162579,2020,8,92
327,2020-03-22,2020-06-22,-7.383219402827478,-48.80252931572917,0.0217066666666666,0.5806153333333334,97.59332733333332,2020,3,92
328,2020-05-03,2020-08-03,-9.560626195915862,-76.59965116135814,1.486878,0.223348,82.59424566666667,2020,5,92
329,2022-01-01,2022-04-01,18.37345052615529,76.99560499551507,0.2463238,1.6016674,29.2892754,2022,1,90
330,2020-06-23,2020-09-23,33.94622386175959,-84.37009810202012,1.2206585,1.927225,86.447531,2020,6,92
331,2023-08-03,2023-11-03,-35.87283777856764,149.5084431645482,1.2379742,12.5749782,71.02334479999999,2023,8,92
332,2021-07-01,2021-10-01,11.98364793361185,21.76189648520526,1.528228,0.0433396666666666,63.41264733333333,2021,7,92
333,2020-03-08,2020-06-08,-15.17669397753532,-45.99952375668443,0.040239,0.044094,85.23289,2020,3,92
334,2019-09-24,2019-12-24,-13.31221217592891,-49.04668490256242,0.06862,0.951261,51.254547,2019,9,91
335,2020-01-10,2020-04-10,-0.4794052929203332,40.32976275465472,0.92534625,4.25e-06,38.17773,2020,1,91
336,2020-05-14,2020-08-14,38.54285663096221,115.7735092715935,0.780818,0.22591175,46.46812325,2020,5,92
337,2023-07-24,2023-10-24,-28.57640122769944,-54.76919615386176,2.114009833333334,0.4468006666666667,84.75776816666668,2023,7,92
338,2019-07-01,2019-10-01,-18.80389736216153,46.15467813798293,0.009396,0.266536,25.407615,2019,7,92
339,2020-08-09,2020-11-09,-27.52290445915469,31.63107055302777,0.013746,0.736696,20.732908,2020,8,92
340,2022-01-10,2022-04-10,15.93769251316164,-91.3571809623672,0.31845,0.172507,84.77636,2022,1,90
341,2022-07-13,2022-10-13,-7.168009330499117,-64.56597923809484,2.097074333333333,1.074368666666667,94.67143733333334,2022,7,92
342,2019-09-24,2019-12-24,10.09728800343062,12.9963961938646,1.715148,0.004165,71.46566533333333,2019,9,91
343,2019-06-10,2019-09-10,4.559913061510734,-54.98164324564699,2.580377,11.326112,83.327925,2019,6,92
344,2022-07-15,2022-10-15,37.6061804757988,23.04803610503771,0.7409326666666669,26.834246,42.9198426,2022,7,92
345,2021-03-07,2021-06-07,-31.30669967281807,151.2733705042795,1.195850333333333,0.061084,89.19175266666667,2021,3,92
346,2022-09-11,2022-12-11,39.64406720333345,66.59266767581445,0.015925,1.113653,20.788325,2022,9,91
347,2021-05-18,2021-08-18,-25.34900013492702,27.95833104587288,0.047774,0.199027,25.950125,2021,5,92
348,2021-03-21,2021-06-21,38.45815576652485,47.97401624620306,0.9158639285714284,0.0757606428571428,29.73758314285714,2021,3,92
349,2020-07-28,2020-10-28,12.22149509990431,39.14857315898757,0.7872733333333333,0.169475,46.67679933333334,2020,7,92
350,2022-03-08,2022-06-08,-23.87963667154875,45.86427196926931,0.6818225909090909,0.0062515454545454,31.33808395454545,2022,3,92
351,2019-01-01,2019-04-01,-7.190654008586478,17.29493191067795,4.774157,0.081509,92.552179,2019,1,90
352,2020-04-26,2020-07-26,18.53081461851873,-98.27578855122256,3.066055,0.106873,33.212802,2020,4,91
353,2019-02-25,2019-05-25,34.89506300418221,44.55568675839646,0.1341846,1.6964464,55.14019020000001,2019,2,89
354,2019-02-16,2019-05-16,1.949406285870566,-65.86221960551981,0.032704,0.182149,99.604738,2019,2,89
355,2021-08-04,2021-11-04,-5.197070337081975,-55.18032465642644,1.358174285714286,0.4855388571428572,97.74244514285714,2021,8,92
356,2021-06-01,2021-09-01,-5.693819396553209,-66.06691063844481,1.620873,0.2744378,96.0501862,2021,6,92
357,2023-07-02,2023-10-02,-4.088298041513795,-60.37421599537825,0.7350424444444443,3.526544,93.76214277777778,2023,7,92
358,2021-09-16,2021-12-16,-32.65790097074684,-63.57743107309757,0.5499332,0.4847532999999999,25.7837567,2021,9,91
359,2021-02-26,2021-05-26,-15.2265248706245,-62.75579411585554,1.0487958,0.0011608,97.6600098,2021,2,89
360,2020-08-02,2020-11-02,-9.478525889109662,-54.53559842269667,1.009071,0.0774354999999999,76.56014166666667,2020,8,92
361,2022-04-22,2022-07-22,-7.254315094416484,-48.79041964417155,0.0914946666666666,1.711924666666667,91.09988616666668,2022,4,91
362,2022-05-14,2022-08-14,-7.835267946225024,-59.50794364279056,1.70287275,0.0636669166666666,91.37975233333331,2022,5,92
363,2021-04-23,2021-07-23,-21.92435408270114,46.03458343657087,0.045759,0.142702,26.990214,2021,4,91
364,2023-07-15,2023-10-15,30.86288969784922,70.13169142057723,0.5136170000000001,2.061481666666667,23.89306766666667,2023,7,92
365,2021-07-16,2021-10-16,-22.99699460098707,46.55407548432916,1.1770822,0.1341724,22.9454798,2021,7,92
366,2023-04-23,2023-07-23,-4.924779683420979,28.26199013346084,1.967400666666667,0.0032403333333333,71.54648916666666,2023,4,91
367,2023-08-18,2023-11-18,-15.53291775356506,-40.89195795126693,1.272105166666667,0.2161323333333333,81.07834566666666,2023,8,92
368,2021-04-13,2021-07-13,-7.715114616997816,-65.25512663007594,0.4096215,1.68179375,96.72402425,2021,4,91
369,2020-04-28,2020-07-28,35.86514383094128,105.114204637651,2.3174006,0.0513432,34.03572920000001,2020,4,91
370,2022-08-20,2022-11-20,-12.53501051700493,-51.06747715529704,0.020866,0.3146205,37.75221,2022,8,92
371,2019-04-28,2019-07-28,-25.25346618502948,45.079921545221,0.8237371111111111,0.0080296666666666,39.8455151111111,2019,4,91
372,2020-03-25,2020-06-25,36.15557216894538,5.110714065279296,1.086736555555556,21.849332,36.39709855555556,2020,3,92
373,2020-09-27,2020-12-27,-4.565140488427076,-61.88955506467046,1.873985,3.905906,91.687238,2020,9,91
374,2022-04-01,2022-07-01,-32.47483465287943,116.0937249502315,0.4650844285714286,0.1913068571428571,53.48639828571429,2022,4,91
375,2021-05-24,2021-08-24,-19.15328678710211,48.19570115241862,1.616078454545455,15.28246172727273,79.7685341818182,2021,5,92
376,2022-04-13,2022-07-13,-12.60964066927576,-48.51484875697105,0.032352,2.305075083333334,71.53920025000001,2022,4,91
377,2019-03-18,2019-06-18,-19.85146892345137,144.8667322234419,0.8515675,0.0924315,67.71373425,2019,3,92
378,2023-08-21,2023-11-21,32.74627043905079,130.7758452621381,1.031487333333333,18.200791,62.00969799999999,2023,8,92
379,2019-09-17,2019-12-17,-4.361734179333901,-65.11973446015745,3.627800333333333,0.5045393333333333,94.58829766666668,2019,9,91
380,2022-06-13,2022-09-13,-19.2225276861118,145.7727616041382,0.4889124444444444,0.137053,49.18238266666666,2022,6,92
381,2021-09-03,2021-12-03,-11.36788153530758,-37.2905290547437,4.464753,20.259909,67.677522,2021,9,91
382,2020-08-24,2020-11-24,21.28049224920985,106.0247366270311,0.349737,2.665415,64.968139,2020,8,92
383,2019-09-28,2019-12-28,21.74645498087575,97.48324754340018,0.5592461999999999,0.0243164,89.1690196,2019,9,91
384,2023-04-22,2023-07-22,-17.91882589725736,-56.12980445304086,0.605011375,0.256743125,94.346804,2023,4,91
385,2019-02-08,2019-05-08,-20.76526124832285,30.3745069179059,0.8433105,0.9942943571428572,65.90129042857144,2019,2,89
386,2022-01-28,2022-04-28,38.77053219218678,-8.214387139221486,0.350045,1.2448455,77.752641,2022,1,90
387,2021-03-28,2021-06-28,6.662996082151864,32.03191254688687,0.9277925,1.017908,44.1529065,2021,3,92
388,2023-03-09,2023-06-09,-26.31935480704556,23.5042968223004,0.000581,0.004535,22.132617,2023,3,92
389,2019-02-08,2019-05-08,19.06866729131828,-96.54588778398708,1.49023225,20.095318,40.07564825,2019,2,89
390,2023-02-15,2023-05-15,26.20183637461808,92.18907359946404,3.733953666666666,2.941906666666667,42.78571200000001,2023,2,89
391,2020-07-28,2020-10-28,16.05522266842328,35.44262104431454,0.7479305,0.0965255,24.1800965,2020,7,92
392,2023-02-15,2023-05-15,-19.53156972198964,44.77410552486009,1.929072857142857,20.55629414285714,64.53589628571429,2023,2,89
393,2023-02-14,2023-05-14,20.09332009295656,103.3032462331485,3.2407705,0.0001915,80.33986700000001,2023,2,89
394,2022-09-13,2022-12-13,-7.749014097424705,-46.93322113586348,0.252262,1.030196,43.012327,2022,9,91
395,2021-02-07,2021-05-07,22.76329678293762,88.25865860237724,0.8026704,5.416187,39.6311334,2021,2,89
396,2018-05-19,2018-08-19,37.19696902386775,27.98882051844313,1.59578464,6.6010746,43.04196196,2018,5,92
397,2019-03-06,2019-06-06,-33.90246700512947,150.7025020314189,1.39666125,0.94087575,87.28365000000001,2019,3,92
398,2020-08-11,2020-11-11,-3.094734312292417,-67.18299583747509,2.03070275,1.72214425,93.970722125,2020,8,92
399,2020-05-27,2020-08-27,-6.638938760619524,111.2758266032705,0.275324,36.652872,40.921485,2020,5,92
400,2021-04-03,2021-07-03,-3.216099896722312,25.39960052983341,2.270886333333333,0.0008046666666666,87.85842066666667,2021,4,91
401,2018-04-02,2018-07-02,36.1427967681223,8.582740241221614,0.8838246666666668,8.480042,49.19281850000001,2018,4,91
402,2020-07-08,2020-10-08,-21.05389393843609,-59.05955630661718,0.4607092307692308,0.0260523846153846,53.99948292307693,2020,7,92
403,2019-03-22,2019-06-22,20.26820532049201,-76.06822479155632,2.53386,16.31622,76.409715,2019,3,92
404,2023-06-10,2023-09-10,-31.97067430572547,-62.12713480327528,0.9979585,0.00048025,23.783018625,2023,6,92
405,2019-01-18,2019-04-18,-26.1879448323116,-55.84802546360746,1.5730785,1.792719375,76.80237275,2019,1,90
406,2019-09-27,2019-12-27,-9.222359691337523,-37.0254101195876,0.6077865,0.201636,49.98449650000001,2019,9,91
407,2019-05-14,2019-08-14,-9.529950697654606,-52.65024142369393,0.6927708571428571,1.402699214285714,93.75656628571429,2019,5,92
408,2021-03-24,2021-06-24,-34.59457947329231,149.6856610331755,0.7118185,0.57019575,90.11943625,2021,3,92
409,2023-08-26,2023-11-26,-16.45619320826612,31.43624434290064,0.2006676666666667,0.1399696666666667,39.38891566666667,2023,8,92
410,2021-06-24,2021-09-24,-11.64070304953026,-65.98089259736497,0.6070740909090908,1.698375636363637,93.33431681818185,2021,6,92
411,2022-02-03,2022-05-03,-23.6749808941916,32.00820810073688,0.912817,1.128052,46.6620865,2022,2,89
412,2020-03-06,2020-06-06,32.13293411777542,-116.0882729037401,2.272299,14.8020475,28.9236605,2020,3,92
413,2017-04-06,2017-07-06,36.61989491648882,42.05373898764876,0.101,0.017455,21.165211,2017,4,91
414,2020-04-17,2020-07-17,-26.2843385871011,-56.08963819990245,0.8697053,0.0214135,93.6755139,2020,4,91
415,2020-06-20,2020-09-20,-5.986423232732776,31.63468778857961,0.2315017142857143,0.342703,68.61146771428571,2020,6,92
416,2022-03-16,2022-06-16,-11.90156279542445,-47.32215767065219,0.6942467857142857,0.4642015,88.12875507142857,2022,3,92
417,2022-06-25,2022-09-25,32.11348155591618,73.66868794095538,2.0034,0.7410706,65.3646614,2022,6,92
418,2021-08-22,2021-11-22,12.82332970300808,105.4843673083118,1.934584,2.163918,90.002668,2021,8,92
419,2023-07-21,2023-10-21,-6.674819350013372,-40.79414808336946,0.0650673333333333,0.1071411666666667,26.63817766666666,2023,7,92
420,2019-08-10,2019-11-10,6.658179103554048,14.18666393953089,0.034582,0.002068,99.317443,2019,8,92
421,2020-07-26,2020-10-26,-13.31574610280708,-53.64943234161171,0.9658333478260872,0.1812088260869565,68.91548791304346,2020,7,92
422,2017-09-04,2017-12-04,37.17040142093931,-8.477932338973886,0.0381833333333333,22.65652683333333,22.602185,2017,9,91
423,2022-08-26,2022-11-26,25.31752532551593,-111.7901777496264,0.6281236,15.666909,39.4863204,2022,8,92
424,2022-04-22,2022-07-22,14.07277089320431,76.77115415758496,3.5630125,1.197883,30.4603905,2022,4,91
425,2022-02-10,2022-05-10,36.81687593284804,6.275125973137904,0.8939225,15.09882983333333,46.02484233333333,2022,2,89
426,2021-04-25,2021-07-25,-27.07155189704157,-64.62567910062772,1.179829,0.116729,52.49777544444444,2021,4,91
427,2019-07-11,2019-10-11,37.96278621371833,-108.0539456096608,1.0955775,0.2271206785714286,53.83274735714284,2019,7,92
428,2022-04-13,2022-07-13,-36.6435075742103,-61.39536785689859,0.0229385,1.128762166666667,49.56304166666666,2022,4,91
429,2017-01-25,2017-04-25,37.24391525530163,9.346123393744875,0.273,26.707235,21.435934,2017,1,90
430,2019-03-25,2019-06-25,-17.24754360977648,-55.33886632099644,0.9037065,0.2139885,95.606630375,2019,3,92
431,2023-08-26,2023-11-26,39.53258045744825,-111.2855935341923,0.001221,0.2460386666666667,29.67781866666667,2023,8,92
432,2019-01-03,2019-04-03,37.23067685290745,118.1338643489232,1.064073,1.213762,30.50368966666666,2019,1,90
433,2019-01-24,2019-04-24,-2.034511941841615,31.25402075666844,4.846454,37.643564,49.25178,2019,1,90
434,2019-08-04,2019-11-04,39.49005723293907,118.1572955028202,1.894802125,24.819480125,34.38673775,2019,8,92
435,2022-01-03,2022-04-03,19.04639508578577,-96.28139309824932,1.0673812,19.6087064,52.5448124,2022,1,90
436,2020-03-06,2020-06-06,20.63320823883811,105.4509804000782,1.573704,2.482481,67.561364,2020,3,92
437,2020-03-06,2020-06-06,12.77180181097822,-87.29103621958461,0.77442,36.75754766666666,21.470857,2020,3,92
438,2023-07-16,2023-10-16,17.01137270231985,79.49385206201242,2.2700305,3.0369935,67.3101275,2023,7,92
439,2022-07-02,2022-10-02,-15.87471717869449,-52.21407909650669,0.2375288181818182,0.1856455454545454,34.97695154545454,2022,7,92
440,2023-06-25,2023-09-25,-9.827609323687206,-69.29370785031279,2.2229085,0.0636856666666666,96.12982783333337,2023,6,92
441,2021-08-18,2021-11-18,32.76041430504628,-110.1679441114464,1.384432666666666,0.0997043333333333,39.845732,2021,8,92
442,2022-01-22,2022-04-22,9.107824031172,76.56964344766953,3.2097815,39.09532849999999,51.6840695,2022,1,90
443,2022-02-05,2022-05-05,-31.94304347920258,-56.98297381654834,0.9819884285714284,0.2713056785714286,91.68685675000005,2022,2,89
444,2019-05-28,2019-08-28,37.50134454468312,14.51950600871092,0.7649762222222223,5.342065000000001,25.61790922222222,2019,5,92
445,2019-04-20,2019-07-20,35.91880201114743,61.57496564621266,0.652473,0.065813,21.764901,2019,4,91
446,2022-02-14,2022-05-14,-8.399430232736744,-47.90360811552054,1.821844,0.549415,90.631187,2022,2,89
447,2021-05-02,2021-08-02,12.44970482292094,23.23482620344487,0.048975,0.000282,30.836901,2021,5,92
448,2023-02-19,2023-05-19,-14.44720444656443,-73.42717639742308,0.093185,0.245669,65.511078,2023,2,89
449,2019-09-12,2019-12-12,-15.76993156602736,36.33447722372966,0.7184496,0.2862339,33.73774179999999,2019,9,91
450,2021-02-28,2021-05-28,-14.32963373365158,29.31792339394849,0.8533284999999999,0.586629,80.6098045,2021,2,89
451,2023-06-19,2023-09-19,-13.59100939210435,-59.93991992170322,0.7426727083333334,0.002935,89.98864266666664,2023,6,92
452,2021-07-06,2021-10-06,-30.65195967166598,-56.33064033480689,0.6790499333333333,1.423953066666667,80.82793473333335,2021,7,92
453,2019-07-08,2019-10-08,39.13874488577969,-123.520803541949,0.751667,32.42115041666667,54.28175933333333,2019,7,92
454,2020-05-17,2020-08-17,-4.41179845249323,-63.69563804538723,0.4221043333333334,13.974903,84.32606866666667,2020,5,92
455,2023-02-04,2023-05-04,18.62958784258549,81.25371324090167,1.037261571428571,0.220016,38.86567128571428,2023,2,89
456,2020-05-07,2020-08-07,8.601617495439612,27.15781403554666,2.934693,0.0075514999999999,45.462772,2020,5,92
457,2020-04-25,2020-07-25,-19.92790089724267,-50.64361659661913,0.6491034999999999,5.957704000000001,51.22356425,2020,4,91
458,2019-04-01,2019-07-01,10.59500270677575,-71.13149315997406,0.960607,31.02518,25.993049,2019,4,91
459,2019-08-14,2019-11-14,-9.199881012016398,39.61852576495437,1.143352666666667,32.613898,34.155205,2019,8,92
460,2020-03-14,2020-06-14,-19.15501859004605,140.3747548240695,0.10537,0.00574,28.965196,2020,3,92
461,2021-04-23,2021-07-23,-17.31525546100296,138.6608905115713,0.9459735,0.1642580625,31.9967333125,2021,4,91
462,2023-08-01,2023-11-01,-23.79284710558384,148.8474934701695,1.249352,0.805619,20.63965933333333,2023,8,92
463,2019-05-12,2019-08-12,-31.92742312405823,-61.79790095027947,0.4535741,3.2088376,39.4835698,2019,5,92
464,2023-03-07,2023-06-07,38.51725747613236,29.04437232838182,1.357958,0.311532,46.203789,2023,3,92
465,2019-06-24,2019-09-24,28.85158247706596,-109.0024615917351,2.22393325,0.453663,85.64333775,2019,6,92
466,2023-05-25,2023-08-25,-11.89351959772942,-62.43564891665052,0.4350397777777777,0.0796156666666666,89.68505922222222,2023,5,92
467,2021-04-20,2021-07-20,-19.43604051036077,-63.18864465698417,0.995491,0.057487,80.480331,2021,4,91
468,2021-08-21,2021-11-21,32.84661739703654,-109.0721547213893,1.575731,0.01245225,34.336993,2021,8,92
469,2020-06-27,2020-09-27,-3.443159120216713,-54.87128988235207,2.003248,1.707252857142857,90.81605485714284,2020,6,92
470,2022-03-05,2022-06-05,-10.89400656138594,-60.56587551576312,0.1313945,0.1840405,99.273753,2022,3,92
471,2020-03-17,2020-06-17,38.47037845572501,65.85330939456196,1.2881725,0.51747875,41.594644625,2020,3,92
472,2019-08-27,2019-11-27,-14.01774279654987,-50.70642982443812,0.8679303333333332,0.5443348333333332,35.91005216666667,2019,8,92
473,2023-05-23,2023-08-23,-4.910754758568629,-58.89976040268817,0.4793914,2.1271062,96.3057076,2023,5,92
474,2020-04-20,2020-07-20,-21.25090636806961,-44.40996739406205,0.423684,0.7719035000000001,89.88296975,2020,4,91
475,2020-07-22,2020-10-22,-15.87360496742816,-59.92824505160293,1.045985571428572,0.3643941428571429,40.86665871428571,2020,7,92
476,2020-04-16,2020-07-16,38.55795176210799,-106.7259776258554,1.172396,0.232514,39.10927325,2020,4,91
477,2023-04-11,2023-07-11,2.358811338834045,19.80576935859622,2.945903,2.9257,93.172914,2023,4,91
478,2019-09-15,2019-12-15,37.16219180541644,118.4170447501185,2.173881,12.8394965,36.740236,2019,9,91
479,2019-05-22,2019-08-22,-33.07226909693035,137.672392660191,0.1287515,24.818098,25.915225,2019,5,92
480,2020-04-13,2020-07-13,-33.11335791582884,150.5949785450746,0.2077755714285714,0.1669632857142857,75.89898271428571,2020,4,91
481,2019-03-03,2019-06-03,-20.25340206946215,-48.61263055971668,1.167597166666667,4.3313685,80.02140533333333,2019,3,92
482,2023-04-19,2023-07-19,-14.78821203443847,130.3193365582424,0.5723393333333333,0.5375044444444445,39.42822866666667,2023,4,91
483,2021-08-15,2021-11-15,-12.0948370996298,-57.06410082916346,1.601829916666667,0.21797625,74.97912141666667,2021,8,92
484,2019-03-14,2019-06-14,22.25186627279572,98.73512764045635,1.077828333333333,0.1032618888888889,72.03292777777777,2019,3,92
485,2023-08-28,2023-11-28,35.12428652226427,-118.461120864545,1.553836428571428,0.267786,25.15093814285714,2023,8,92
486,2022-05-17,2022-08-17,7.642043927181945,17.04378139779175,1.0921945,0.1292455,96.9080505,2022,5,92
487,2019-05-02,2019-08-02,-24.09263541456822,146.0280589386805,0.2773562499999999,0.0110866666666666,38.93149316666666,2019,5,92
488,2021-02-04,2021-05-04,-25.23777022167621,-58.2143816601759,1.118507666666667,0.300754,96.69811316666666,2021,2,89
489,2020-01-28,2020-04-28,13.37569989354417,-86.880734346455,1.530503333333334,0.0086631666666666,39.434214,2020,1,91
490,2019-05-21,2019-08-21,36.31895622504048,-105.6535597197489,1.4656178,0.0605684,34.54603580000001,2019,5,92
491,2019-06-01,2019-09-01,8.25928156949064,125.7041472601522,0.372451,5.871654,90.788364,2019,6,92
492,2019-04-16,2019-07-16,-34.38334725099189,119.5463688530809,0.255669,28.783882,28.893885,2019,4,91
493,2023-08-17,2023-11-17,-7.471934630371479,-75.17579978239765,1.973044,1.208067333333333,94.38165416666668,2023,8,92
494,2021-06-26,2021-09-26,-29.28637981842297,-52.61471593232733,0.8517863333333332,0.458308,85.891646,2021,6,92
495,2022-08-19,2022-11-19,22.90088279170846,94.68221207740896,2.810872,1.504809,90.225917,2022,8,92
496,2020-09-12,2020-12-12,24.53457073366388,90.85042721566872,1.1881543,8.643457100000001,59.3499322,2020,9,91
497,2022-06-16,2022-09-16,-20.46605536825088,-51.3805419766275,0.9004581176470589,9.77035511764706,43.56699082352942,2022,6,92
498,2021-05-26,2021-08-26,-22.89330691358521,-53.7146635739706,0.1861360625,3.3084341875,39.19499218750001,2021,5,92
499,2020-05-05,2020-08-05,23.3091702288716,-103.1216047275562,2.29556,0.059077,39.720964,2020,5,92
500,2019-03-16,2019-06-16,34.33608424267311,37.90059658364103,0.5779015000000001,0.008444,34.6173465,2019,3,92
501,2023-04-22,2023-07-22,-15.22230552531799,39.64325858371228,1.866561,0.0444986666666666,85.41345583333333,2023,4,91
502,2023-07-14,2023-10-14,-11.88697502887506,24.64057315813469,0.5592983333333333,0.0250120476190476,58.24123028571429,2023,7,92
503,2022-05-25,2022-08-25,-10.0240466586206,-55.3215301779987,0.6819789230769231,0.3941536153846154,78.41901507692309,2022,5,92
504,2019-08-11,2019-11-11,-20.64710855798956,33.20488139676459,0.6468351428571429,0.0215998571428571,39.40596571428572,2019,8,92
505,2020-06-01,2020-09-01,36.33324446431217,-120.36929752024,0.5490809999999999,0.1350086923076923,31.77658761538462,2020,6,92
506,2023-06-05,2023-09-05,-13.12236980460082,31.08388113252371,1.086408125,0.6471459374999998,68.34730743750002,2023,6,92
507,2020-08-03,2020-11-03,26.66053465001642,82.52293887420694,0.187152625,1.471033,58.070988875,2020,8,92
508,2023-06-16,2023-09-16,-25.79616605726005,-56.60328935395295,0.1073999,0.0306172,92.6725835,2023,6,92
509,2020-05-25,2020-08-25,-27.65101964453778,-53.10695918599725,0.1947434166666667,1.26404425,82.59108516666666,2020,5,92
510,2020-08-16,2020-11-16,-5.634769714307126,-41.26439544916156,3.0520231,0.0143929,33.74801369999999,2020,8,92
511,2019-08-07,2019-11-07,-14.4430004003832,-42.59557245387697,0.95124,0.0151126666666666,47.07985433333334,2019,8,92
512,2021-04-13,2021-07-13,11.04861139247088,19.40774841712138,2.932599333333334,0.0016743333333333,44.21239600000001,2021,4,91
513,2020-06-04,2020-09-04,-9.875741109435154,-64.70893949805291,0.3698867499999999,1.75709175,91.40033875,2020,6,92
514,2021-06-07,2021-09-07,28.60879378337151,68.85003360142102,0.941948,2.796895,28.11476,2021,6,92
515,2023-05-28,2023-08-28,-4.27299274670218,-47.54272586998778,0.8954215714285715,0.0249894285714285,73.71019614285714,2023,5,92
516,2019-05-22,2019-08-22,-13.52555017612717,-74.57133594383068,1.017477333333333,0.0677153333333333,33.75269766666667,2019,5,92
517,2022-08-16,2022-11-16,8.262615104241029,12.51284527471628,1.7722448,0.424613,87.69019740000002,2022,8,92
518,2021-04-13,2021-07-13,-15.38866220561308,-72.0656046499928,1.944751,0.65235,23.944129,2021,4,91
519,2021-04-15,2021-07-15,-15.52847185168694,-58.16376425961086,0.7273453,0.1008145,89.1411351,2021,4,91
520,2019-09-12,2019-12-12,22.93302327704841,91.83726936120746,1.316325461538461,4.799308692307692,85.26945746153845,2019,9,91
521,2022-02-03,2022-05-03,-30.77397652779512,147.7640590823093,0.718906,0.7555871666666666,35.4387235,2022,2,89
522,2021-07-12,2021-10-12,-18.95703041562203,-43.0463233236903,1.611033285714286,0.1099398571428571,59.51648442857142,2021,7,92
523,2019-02-11,2019-05-11,21.02871892221262,98.86447179694926,0.573825925925926,0.1687421481481481,74.15891703703704,2019,2,89
524,2021-01-21,2021-04-21,25.38473785894729,72.22686612255018,1.5620415,0.0027715,22.8502435,2021,1,90
525,2019-08-09,2019-11-09,-23.359451480841,-44.90664565491969,2.29263175,35.2243385,57.043068,2019,8,92
526,2019-05-13,2019-08-13,-14.21844786377913,142.3477478454503,0.364525,0.0193346,81.197046,2019,5,92
527,2020-09-06,2020-12-06,-14.47172364408727,-48.94489583020501,1.496204857142857,6.262375428571429,44.41396371428571,2020,9,91
528,2020-05-27,2020-08-27,-36.35135918185941,141.9351532941257,1.386488333333333,0.308577,76.77326800000002,2020,5,92
529,2021-07-03,2021-10-03,9.044218879985934,31.81163600840404,0.22923,0.517404,96.493298,2021,7,92
530,2021-04-07,2021-07-07,-18.74161049768229,-50.39447706283318,0.977151727272727,3.914286090909091,63.68128690909091,2021,4,91
531,2019-05-11,2019-08-11,-21.14613055473743,-47.95719620351747,0.64290825,0.241138125,71.102093125,2019,5,92
532,2022-01-27,2022-04-27,14.07037414684049,105.1738171092379,1.5964162,2.0540636,58.6617398,2022,1,90
533,2021-08-15,2021-11-15,-12.80678977840167,-45.84155866708287,1.1757677,0.0159711,36.94163930000001,2021,8,92
534,2022-08-10,2022-11-10,20.66128947913331,81.58392529265097,0.0398176666666666,1.873696,88.73924800000002,2022,8,92
535,2023-04-13,2023-07-13,38.996982811059,17.17021902042555,1.915146333333333,39.075269,46.09961000000001,2023,4,91
536,2022-09-18,2022-12-18,-34.08647452312997,115.0915379051542,1.7857485,26.462129,56.7284495,2022,9,91
537,2021-06-15,2021-09-15,-19.24469735670727,-61.80922882171967,1.6741938,0.0003562,81.4077662,2021,6,92
538,2022-06-22,2022-09-22,-35.88636489225038,173.9897910285384,4.115146,39.161208,52.924007,2022,6,92
539,2020-08-26,2020-11-26,22.52810095100819,75.97573553866025,0.6545172222222222,0.7183961111111111,31.42683544444445,2020,8,92
540,2022-07-19,2022-10-19,20.73620535704318,106.7702809642787,1.6688915,9.042924,75.7759955,2022,7,92
541,2022-01-24,2022-04-24,39.85752440208141,0.0529869847831605,0.019917,36.566511,37.903711,2022,1,90
542,2019-02-23,2019-05-23,-26.01278770559653,144.8827430535259,0.0104365,0.169525,22.103633,2019,2,89
543,2022-07-19,2022-10-19,-8.71020224897439,-62.94296800401136,0.8857162857142856,0.6027437142857144,85.45742457142858,2022,7,92
544,2020-04-01,2020-07-01,-21.9265008001113,32.76709863691156,0.1534731,6.14e-05,47.5709682,2020,4,91
545,2022-02-25,2022-05-25,39.56379094168926,48.15089970995308,2.159452333333333,0.2132296666666667,32.679878,2022,2,89
546,2022-08-15,2022-11-15,-16.7858328927308,-59.70353215789864,1.6827555625,0.0971740624999999,73.78124106250002,2022,8,92
547,2020-02-06,2020-05-06,11.81407860023587,77.84197576567061,0.8393067142857144,0.961660142857143,29.60229571428572,2020,2,90
548,2023-05-13,2023-08-13,-12.66293310287709,27.86752046453515,0.1244664666666667,0.2236428666666667,58.21610040000001,2023,5,92
549,2023-07-25,2023-10-25,-12.56569020391709,-60.0451100160186,0.3051045000000001,0.001256,93.982021,2023,7,92
550,2023-09-01,2023-12-01,36.22570742707478,-101.6125392202209,0.0134092857142857,0.062011,25.4445,2023,9,91
551,2023-02-27,2023-05-27,23.79218933881497,90.63073431321368,0.0139945,5.901409,53.72457937500001,2023,2,89
552,2023-04-27,2023-07-27,-9.769490490100845,30.56791926433664,0.5758005600000001,0.04408828,85.42840348,2023,4,91
553,2021-04-15,2021-07-15,-17.45864807591783,122.3762719434876,0.9864521538461536,15.629388,50.07310638461539,2021,4,91
554,2020-05-01,2020-08-01,23.12182520084249,-105.4180368019606,2.332468857142857,4.624346714285714,34.44525314285714,2020,5,92
555,2019-05-02,2019-08-02,10.85731472511518,19.07278382827619,0.679055,0.0,62.279528,2019,5,92
556,2023-02-02,2023-05-02,8.689943386902208,21.46193389217757,4.694772,0.001115,24.643348,2023,2,89
557,2019-05-27,2019-08-27,28.06508958471977,103.9572339659604,0.038222,0.913243,97.178578,2019,5,92
558,2019-09-21,2019-12-21,16.05277098886667,104.8652835118461,1.016798363636364,1.368472545454545,60.70015109090909,2019,9,91
559,2019-07-07,2019-10-07,-6.128424416622728,-63.35867253725603,1.466676444444444,2.247664222222222,94.94535533333334,2019,7,92
560,2019-05-12,2019-08-12,11.39919423894401,16.23818351897859,3.795195,0.004345,54.001987,2019,5,92
561,2023-05-10,2023-08-10,24.94196194815946,73.05625397515445,0.357975,0.115512,25.9670645,2023,5,92
562,2019-05-19,2019-08-19,16.72500311279911,-96.797862723502,1.793458,0.002814,39.556268,2019,5,92
563,2020-06-12,2020-09-12,-13.3856010938449,29.92124620493547,0.7497798571428571,0.3922418571428571,59.36740471428571,2020,6,92
564,2022-09-03,2022-12-03,23.36734591952026,71.91272181545958,0.4170240714285715,1.640314571428572,28.60641507142856,2022,9,91
565,2021-08-21,2021-11-21,-14.89551464885175,-62.90735112119282,0.270345,0.0009853333333333,99.25012566666668,2021,8,92
566,2021-02-21,2021-05-21,9.026274142016549,32.88784920381576,2.526405,0.07056,20.658319,2021,2,89
567,2023-06-26,2023-09-26,24.76457934070061,77.84289542704613,1.907862,0.4869829999999999,90.907049,2023,6,92
568,2019-05-10,2019-08-10,35.98355931952626,106.7360094732063,0.7091378333333332,0.042972,66.55754400000001,2019,5,92
569,2019-01-11,2019-04-11,-37.8035883895749,-61.24809589363562,1.081611866666667,0.1350004666666667,69.0333804,2019,1,90
570,2020-05-21,2020-08-21,28.69839891470318,77.32033215293535,0.6946846666666667,0.187865,29.987084,2020,5,92
571,2021-05-15,2021-08-15,-5.536253372300763,-70.68408607428681,0.1932807142857143,0.0711164285714285,99.299562,2021,5,92
572,2022-02-10,2022-05-10,-22.89566458945527,-48.66758809331185,0.4972874,3.1711222,84.3879772,2022,2,89
573,2021-09-15,2021-12-15,24.12020371652258,78.67858870209659,0.2719060833333333,0.8160795000000002,35.60385758333333,2021,9,91
574,2019-09-20,2019-12-20,-28.21070574280035,152.1834325681785,1.197438,0.0764931428571428,34.49773685714286,2019,9,91
575,2020-05-10,2020-08-10,-15.28784983173316,132.6379253562492,0.1412655,0.001558,24.101513,2020,5,92
576,2019-03-14,2019-06-14,17.03580952800544,-93.24570018719857,1.720548571428571,1.123455571428571,42.12184714285713,2019,3,92
577,2020-03-11,2020-06-11,38.61798313758801,-122.6041816069316,1.325962111111111,9.672101777777778,59.71251200000001,2020,3,92
578,2020-07-04,2020-10-04,-19.18231770361269,-44.82557029659446,0.3619485714285715,0.2542568571428571,50.9015735,2020,7,92
579,2022-08-04,2022-11-04,26.65148479373664,87.86242589515814,0.7495428000000001,0.5001472,88.6598716,2022,8,92
580,2022-01-07,2022-04-07,-37.29909373857567,-59.42586536045268,0.2262511666666667,0.1797551666666667,66.54888266666667,2022,1,90
581,2023-09-14,2023-12-14,-13.85750297925918,-44.08101419673992,0.2479656,0.0020862,53.4602708,2023,9,91
582,2020-08-11,2020-11-11,-28.19422845992352,-55.4904634449568,0.6503562857142857,1.622862857142857,68.65597799999999,2020,8,92
583,2021-07-14,2021-10-14,-36.07915451761468,148.2302304697422,0.8210613333333333,1.409312666666667,73.99776200000001,2021,7,92
584,2020-08-02,2020-11-02,-11.01294433175848,27.10927020034865,0.550474,0.94600525,39.00864725,2020,8,92
585,2019-06-24,2019-09-24,-14.5468262245644,35.39358143857362,1.818043666666667,15.19475033333333,30.49993066666667,2019,6,92
586,2021-01-23,2021-04-23,-21.73899635566059,-62.45162954918078,3.2257605,0.008699,91.510734,2021,1,90
587,2023-06-19,2023-09-19,-1.428571058261206,30.34646206954119,0.7138158571428572,2.205540285714286,45.67916657142858,2023,6,92
588,2018-02-26,2018-05-26,38.00763745647212,36.95248621646357,0.540642,0.145288,24.298927,2018,2,89
589,2022-01-05,2022-04-05,9.81434891779471,36.60480200457619,0.8783051666666665,1.066901416666667,27.014519,2022,1,90
590,2020-09-11,2020-12-11,-32.8721498528768,-57.40291427878937,0.8592344545454546,3.190876363636364,69.268575,2020,9,91
591,2020-05-23,2020-08-23,-21.60185308538994,148.6347170111622,1.348561,1.93492925,57.255509,2020,5,92
592,2022-03-28,2022-06-28,-11.91945699475914,-61.93036909688898,2.1499856,0.0759912,92.923584,2022,3,92
593,2023-05-03,2023-08-03,25.071133088114,-106.8022119325869,0.2224063333333333,0.242794,21.23036466666666,2023,5,92
594,2021-09-11,2021-12-11,24.05882401492789,83.10387671567543,0.919382,0.6655461111111111,69.49939933333333,2021,9,91
595,2019-01-25,2019-04-25,0.6103305427922194,19.36075047862241,0.2411305,0.009552,99.502173,2019,1,90
596,2023-03-12,2023-06-12,-10.84051707457277,32.62375136695823,0.6700958,0.0407364,94.628366,2023,3,92
597,2022-04-20,2022-07-20,-5.537485536451207,15.67542324938788,0.164334,0.00921,71.3126695,2022,4,91
598,2020-03-19,2020-06-19,-21.07201184581304,-48.94085815716329,0.8296334117647058,0.2802775882352941,76.97271629411766,2020,3,92
599,2020-02-19,2020-05-19,26.05086259286998,79.89399596802929,0.9339522500000002,1.046661875,50.90676625,2020,2,90
600,2019-07-11,2019-10-11,-16.97351507238892,-55.26608682848894,1.127211416666667,0.1582565,58.45337858333333,2019,7,92
601,2023-06-22,2023-09-22,-22.48142830221897,-58.78162347554125,1.3727724,0.6205102,83.33076300000002,2023,6,92
602,2019-03-18,2019-06-18,-8.217511440047637,139.5049041729919,0.978995,8.038279,86.805379,2019,3,92
603,2021-04-20,2021-07-20,-7.54617540444022,-36.51805691155565,1.31772975,0.2989855,59.03619225,2021,4,91
604,2022-05-10,2022-08-10,-10.44249554461292,33.21156556684161,1.4059075,0.4668695,92.7993925,2022,5,92
605,2020-06-12,2020-09-12,-2.903703538665226,-41.12982455589383,2.514401166666667,18.61666516666667,65.71566949999999,2020,6,92
606,2019-04-25,2019-07-25,-24.46651679701032,-64.31303159288952,2.196712333333334,0.0885396666666666,84.946259,2019,4,91
607,2020-08-12,2020-11-12,35.27698536729986,128.3291309099055,2.61949,1.70201525,67.47986225,2020,8,92
608,2019-06-25,2019-09-25,-37.63840675531563,-73.08995907040975,3.683641333333334,27.96751066666667,58.22337466666666,2019,6,92
609,2023-07-14,2023-10-14,26.53174868225273,85.99096415934031,3.610659,0.636664,86.48175,2023,7,92
610,2022-05-28,2022-08-28,18.96548947034005,79.67357650098211,0.003135,0.755532,20.237547,2022,5,92
611,2021-08-02,2021-11-02,-21.42532781230072,-45.33035346452081,0.8997528333333333,1.982729,36.3199095,2021,8,92
612,2020-07-19,2020-10-19,-8.035929811840703,-56.97864214561088,0.689314,0.2794016666666667,93.38499133333336,2020,7,92
613,2018-07-03,2018-10-03,36.99903193930417,36.23417975752022,2.1320542,0.97587895,46.9247474,2018,7,92
614,2019-07-22,2019-10-22,-3.195714800442545,-40.84868346352062,1.6774682,18.041646,59.7086394,2019,7,92
615,2022-09-03,2022-12-03,24.67470365230754,-103.2240160143198,0.175388,0.329239,32.931587,2022,9,91
616,2020-09-16,2020-12-16,-37.63096232400196,142.5578278270575,1.202818666666667,0.6458163333333333,68.726011,2020,9,91
617,2019-03-09,2019-06-09,-16.4367134933483,143.3775439344058,0.8804039166666667,0.0955741666666666,60.98305783333333,2019,3,92
618,2022-02-04,2022-05-04,-15.38782603349268,-53.21834284496907,0.98683075,0.068679,92.5921305,2022,2,89
619,2023-08-14,2023-11-14,23.86153329423269,92.513685588108,0.6703239999999999,0.0526353333333333,97.17615433333332,2023,8,92
620,2022-06-13,2022-09-13,-12.35975686547854,26.49497308376829,0.231796,0.0650454444444444,63.24316988888888,2022,6,92
621,2020-02-21,2020-05-21,29.65408470962818,-101.7868997652206,1.763581,0.980017,27.623782,2020,2,90
622,2020-08-15,2020-11-15,-10.89564150681904,-46.56460899471813,0.0791136666666666,0.0010991666666666,24.05975633333334,2020,8,92
623,2021-03-16,2021-06-16,29.98556067192364,-95.83618532130734,1.418614,2.252599666666667,79.02373466666666,2021,3,92
624,2022-03-28,2022-06-28,-3.481131091209988,-57.33982050514757,0.574295,6.12288,90.612805,2022,3,92
625,2021-06-11,2021-09-11,-36.08965478805053,139.6907590392007,0.2601345,39.60906249999999,42.1877085,2021,6,92
626,2021-06-04,2021-09-04,39.42943807901317,39.04723342416054,1.4123695,1.33765175,23.513234125,2021,6,92
627,2021-05-17,2021-08-17,-13.31903766541554,33.12547242678161,1.8526418,0.0149767,48.6224663,2021,5,92
628,2019-03-12,2019-06-12,38.83130356394317,39.67317116143019,3.379473,1.782835,49.725387,2019,3,92
629,2021-02-21,2021-05-21,28.89939432675596,71.05909819027463,0.9866644,1.5348936,47.1016896,2021,2,89
630,2020-08-01,2020-11-01,-11.2006708361205,-47.58419952170235,0.5948912916666667,0.0747170833333333,43.41951383333333,2020,8,92
631,2022-01-28,2022-04-28,24.11760546655267,86.98839266041057,0.218858,1.501349,21.555927,2022,1,90
632,2018-02-12,2018-05-12,38.65116228459159,32.88505566811818,1.779006,0.456979,31.6041654,2018,2,89
633,2022-03-22,2022-06-22,-18.02636459333445,123.2560720230614,0.169874,5.534012000000001,56.47018250000001,2022,3,92
634,2021-02-12,2021-05-12,3.10420513934875,19.59978647035337,2.0567055,2.5e-06,72.852683,2021,2,89
635,2023-09-03,2023-12-03,-11.95295632357115,-54.17241181216765,1.405117285714286,0.6753757142857142,90.56536985714288,2023,9,91
636,2021-02-22,2021-05-22,-12.23487671513194,-43.82029957554738,1.953414,0.6566415,76.07231999999999,2021,2,89
637,2022-01-13,2022-04-13,-34.70993936793137,146.7790848430271,0.482848,0.4823972857142858,32.96381714285715,2022,1,90
638,2021-08-04,2021-11-04,12.18403837600534,30.44080394872603,1.932587833333333,0.0013095,63.00097133333333,2021,8,92
639,2019-04-28,2019-07-28,36.00251543437349,128.2912961867879,1.052938,1.3386622,81.0932098,2019,4,91
640,2023-06-09,2023-09-09,-11.42541331103935,36.82095573544666,1.936096333333333,0.224805,70.801706,2023,6,92
641,2019-03-21,2019-06-21,7.114639023323939,17.68011255725574,0.8364043999999999,0.0823752,83.5508824,2019,3,92
642,2019-02-02,2019-05-02,0.9138174297098872,33.23284825118191,2.4035234,8.3480006,27.35049060000001,2019,2,89
643,2020-07-23,2020-10-23,-13.46322628779079,35.23368014446885,0.7576305999999999,0.3517986000000001,31.9105214,2020,7,92
644,2023-02-10,2023-05-10,3.878634522686049,23.14808129734311,0.0,0.759367,94.023669,2023,2,89
645,2018-09-26,2018-12-26,31.00617857349097,74.7802785622232,0.3270875,0.6772425,31.2484515,2018,9,91
646,2021-06-11,2021-09-11,-29.84139752323272,148.946026791911,1.227712625,0.541743,36.33301549999999,2021,6,92
647,2020-08-12,2020-11-12,36.35393838522273,-5.614628486479489,1.8886869,21.235131,26.515216,2020,8,92
648,2020-07-23,2020-10-23,-26.99826625174242,-51.18342613021579,0.8679396666666667,0.2692073333333333,87.34284266666664,2020,7,92
649,2021-03-23,2021-06-23,7.570434831051344,33.14506196698201,2.620542,0.065697,76.884854,2021,3,92
650,2021-08-12,2021-11-12,-21.40384425151786,-42.21551812680039,2.3881415,0.1449065,42.68685075,2021,8,92
651,2020-02-24,2020-05-24,32.53611691272424,-5.580625640685923,0.3465326666666667,0.1217683333333333,30.47270116666667,2020,2,90
652,2023-09-14,2023-12-14,36.81843063337252,7.518761613293037,0.126635875,8.35273375,24.88060275,2023,9,91
653,2019-07-06,2019-10-06,-25.15643835840098,-48.54580902940134,2.89306,4.715172,89.698589,2019,7,92
654,2022-03-18,2022-06-18,-12.23583891110703,-60.34523175822592,1.9709298,0.4231796,93.3567572,2022,3,92
655,2020-09-04,2020-12-04,-3.33659056279177,-41.61842620868762,1.833085375,13.7127035,59.702649375,2020,9,91
656,2021-09-11,2021-12-11,-21.87544181827956,34.67205965394336,0.5290155714285715,0.0011517142857142,51.56855328571429,2021,9,91
657,2019-08-05,2019-11-05,39.90837259420165,71.5644801288204,3.0377709,0.2469488000000001,25.3520552,2019,8,92
658,2021-01-26,2021-04-26,-25.05942752499213,146.5578126533332,0.5927275000000001,0.0124025,53.355246625,2021,1,90
659,2019-07-08,2019-10-08,-18.57593841576775,-49.59740983792511,1.4766354,2.5761088,27.5270076,2019,7,92
660,2019-03-20,2019-06-20,-13.62107456939599,-45.91418417520856,0.8678034705882354,0.037091,76.70847970588235,2019,3,92
661,2019-01-01,2019-04-01,-25.24430237209744,148.962063296356,0.197264,0.0629935,23.8939765,2019,1,90
662,2019-05-21,2019-08-21,32.54145607981853,93.52681457694148,0.396737,0.84873,41.952625,2019,5,92
663,2023-08-23,2023-11-23,-28.64854099822125,-56.46711778590425,0.4181713333333333,3.397990166666667,78.93108333333333,2023,8,92
664,2020-03-21,2020-06-21,-17.16949558728845,-55.57821160417636,0.7149406363636364,0.1825161818181818,94.49635036363638,2020,3,92
665,2021-03-02,2021-06-02,39.7460969134101,41.30928705216019,1.65255,0.25022925,34.64322,2021,3,92
666,2020-03-22,2020-06-22,29.82157613699597,73.3679815383291,1.542297,0.144954625,34.229660125,2020,3,92
667,2020-09-02,2020-12-02,14.84794439342633,36.07874242565475,0.1887194,1.0370476,45.1295126,2020,9,91
668,2022-02-17,2022-05-17,18.80050484502227,96.46450073953496,1.8609305,1.278916625,57.735797,2022,2,89
669,2018-05-09,2018-08-09,39.19766409806252,28.90952205180687,1.357535833333333,0.0667693333333333,65.478318,2018,5,92
670,2019-03-20,2019-06-20,-31.67087188387232,-57.44851518847705,1.197890857142857,4.686140571428571,88.39155528571428,2019,3,92
671,2020-01-23,2020-04-23,-28.52531206787446,-64.61463257057159,2.643995555555555,0.2648262222222222,74.42095277777779,2020,1,91
672,2021-09-08,2021-12-08,22.9163261939419,84.59286735308928,0.5973209,0.2897187,72.3983288,2021,9,91
673,2021-09-09,2021-12-09,-37.91101042880526,-61.81005375922706,1.515372538461538,0.96498,63.84129161538462,2021,9,91
674,2020-01-18,2020-04-18,25.40744777107163,91.41293882383502,1.4297385,1.296132875,59.85413487499999,2020,1,91
675,2021-06-06,2021-09-06,-8.717588349472383,-61.82301044866677,0.2996886666666667,0.2737511111111111,80.31271255555555,2021,6,92
676,2022-04-23,2022-07-23,39.56817905178429,-5.278151895945797,0.251866,0.8125093333333333,42.824932,2022,4,91
677,2021-07-04,2021-10-04,-10.59372012170677,-70.30384092206184,1.058003333333333,0.0056741666666666,97.36276566666668,2021,7,92
678,2020-04-08,2020-07-08,6.345579029679612,24.28734807461646,0.374561,0.004212,89.8254935,2020,4,91
679,2020-02-23,2020-05-23,-23.95703656158154,34.93089247473887,0.881392,0.4491556666666667,75.03279633333334,2020,2,90
680,2020-04-18,2020-07-18,0.1281198932651364,-76.34584073375844,1.230978,0.80296,96.479708,2020,4,91
681,2023-01-28,2023-04-28,-19.46583723289653,-58.29241803755497,3.281425,0.0043193333333333,94.11034566666667,2023,1,90
682,2020-01-15,2020-04-15,-17.54305035257961,143.4760206904196,1.525462333333333,0.0263636666666666,67.504217,2020,1,91
683,2019-09-25,2019-12-25,21.29768995091389,79.04689967566304,0.8913686000000001,1.6123603,73.06957360000001,2019,9,91
684,2023-06-01,2023-09-01,-32.78736356988846,147.3769660609664,0.93380575,0.433394625,40.936173625,2023,6,92
685,2020-05-03,2020-08-03,-7.27467968357044,-63.0838862009826,1.94427475,0.57812575,96.40843275,2020,5,92
686,2019-05-01,2019-08-01,31.40714878085108,30.81465831125635,2.8440299,19.6341753,33.9004424,2019,5,92
687,2023-09-10,2023-12-10,39.03274881995928,-98.80909458366544,0.001161,0.654988,31.666601,2023,9,91
688,2019-01-13,2019-04-13,22.91517193816987,-103.7824778324079,0.015114,0.237513,21.91433766666667,2019,1,90
689,2019-08-12,2019-11-12,9.65384267041918,16.22932978610606,0.00077,1.18631,83.079338,2019,8,92
690,2023-08-27,2023-11-27,-35.02039724280952,139.542098993137,0.03985325,0.65450175,51.59772225,2023,8,92
691,2019-02-26,2019-05-26,-15.88230008600326,126.278607696445,2.239178714285714,0.0062832857142857,34.70740657142857,2019,2,89
692,2023-06-13,2023-09-13,-29.31021099048164,151.9177839029967,0.7969526249999999,0.3200255,45.281130875,2023,6,92
693,2020-05-01,2020-08-01,23.96007504563847,-99.80145982777502,1.420728,0.017172,69.0734004,2020,5,92
694,2023-07-07,2023-10-07,-31.17593268466602,-62.6528415163224,0.4567398,8.7082742,32.01984359999999,2023,7,92
695,2019-05-20,2019-08-20,4.118853310725072,33.15043734553112,0.4755175,4.650000000000001e-05,95.405155,2019,5,92
696,2022-03-09,2022-06-09,-33.84750560134678,115.0223199429874,1.8427848,25.4078512,59.1996204,2022,3,92
697,2020-08-21,2020-11-21,-25.04855507069413,-52.52808751657156,0.5389047058823531,0.1234514705882353,71.37420494117647,2020,8,92
698,2023-05-21,2023-08-21,-28.91874170455033,-55.82752117174545,0.5850821999999999,1.7739004,85.1486466,2023,5,92
699,2022-01-05,2022-04-05,28.51424488571997,100.974167655218,1.147731,0.1250985,54.93834116666667,2022,1,90
700,2019-06-17,2019-09-17,-17.55160834398503,-53.75286258661643,0.6994914000000001,0.0274246,60.25881944,2019,6,92
701,2023-06-01,2023-09-01,7.409832925390191,32.36638013608155,0.3987439999999999,0.029814,96.65982133333334,2023,6,92
702,2021-04-25,2021-07-25,-6.631332529306135,-54.64444998256704,0.4095834,0.2684502,97.3754274,2021,4,91
703,2023-03-03,2023-06-03,-21.06295995791131,47.79076483537139,0.0,0.154299,90.530545,2023,3,92
704,2021-05-03,2021-08-03,-30.19279853264047,146.6073985274073,0.6637034285714286,0.1236505714285714,24.19633,2021,5,92
705,2023-08-21,2023-11-21,-11.037161405068,-67.37865658919709,0.2659,0.799304,97.363913,2023,8,92
706,2022-01-25,2022-04-25,26.4899512936971,101.00392393098,0.5479945,1.387527833333333,58.49984800000001,2022,1,90
707,2020-06-03,2020-09-03,-8.494584805014476,142.0608610548219,4.021096,3.688815,89.344251,2020,6,92
708,2023-08-15,2023-11-15,-28.06746495460244,-49.87036176951671,3.043394,0.278164,90.479517,2023,8,92
709,2020-03-14,2020-06-14,-0.2958895649835042,26.88044211852198,3.820354,0.007974,95.925111,2020,3,92
710,2023-04-17,2023-07-17,-4.99495914015219,-51.46367575052113,0.0661925,0.0599565,99.393797,2023,4,91
711,2019-04-17,2019-07-17,35.73557394625846,-120.3835059817862,0.5892657142857143,0.9135871428571428,35.54105585714285,2019,4,91
712,2022-03-20,2022-06-20,13.57184378690823,-88.88994533644166,2.628612,3.184648,63.121063,2022,3,92
713,2020-07-08,2020-10-08,-38.21229413494847,177.7270619735864,1.20637925,8.50791425,83.57234725,2020,7,92
714,2019-09-23,2019-12-23,-3.158905268566059,114.1636793857393,2.260686,26.094994,50.928873,2019,9,91
715,2019-07-10,2019-10-10,-4.724478419352714,-73.57835629915508,0.4072285,2.542404,96.176678,2019,7,92
716,2020-01-07,2020-04-07,-6.282527234481549,17.20668282944564,0.518855,0.028334,95.379341,2020,1,91
717,2020-01-22,2020-04-22,39.27373966290836,23.07874317056928,1.6460845,29.248093,52.8473855,2020,1,91
718,2023-04-13,2023-07-13,-16.12905347548339,36.53235898036303,0.6330767333333334,0.6187234666666668,86.88896660000002,2023,4,91
719,2022-07-19,2022-10-19,28.10473362060347,70.74718745703686,0.4470673333333333,0.691088,30.38886075,2022,7,92
720,2020-03-08,2020-06-08,22.47395340243046,88.82233143014344,1.268293666666667,23.10580133333334,48.16142433333334,2020,3,92
721,2021-09-05,2021-12-05,-16.92798626659625,-43.75354282576421,0.7226396666666667,0.037298,27.62460966666667,2021,9,91
722,2022-09-25,2022-12-25,11.122906260531,21.26129679568658,0.0006905,0.0060405,57.94046349999999,2022,9,91
723,2020-08-17,2020-11-17,23.23545429032255,79.94330940222738,0.1911488,2.2801426,43.1107374,2020,8,92
724,2023-07-26,2023-10-26,-6.952454793692056,-67.88352415609036,1.500219111111111,0.0139318888888888,97.44989744444445,2023,7,92
725,2019-01-22,2019-04-22,-19.78326683462101,-43.00313341860735,0.651737,0.746799,90.906912,2019,1,90
726,2021-04-03,2021-07-03,-18.43497367985428,127.5396015358468,0.16299,0.013222,21.04847,2021,4,91
727,2019-08-06,2019-11-06,-12.79246394824891,-51.26415492131642,1.313365,0.5821106666666668,35.78213933333333,2019,8,92
728,2022-02-23,2022-05-23,-16.54520966904535,-68.45654922071822,0.059357,7.059514,24.059038,2022,2,89
729,2023-08-08,2023-11-08,23.40123118539267,81.84633995897678,0.7140971,0.2986693,84.93596439999999,2023,8,92
730,2021-03-05,2021-06-05,4.943154852175852,33.31232456048997,4.817396,0.0,87.137437,2021,3,92
731,2023-09-22,2023-12-22,-25.93387111190851,-57.25827954399178,0.1063072,2.1834398,89.4543098,2023,9,91
732,2019-03-07,2019-06-07,25.63467006266033,89.13944571432711,2.5836142,3.888419999999999,64.606371,2019,3,92
733,2021-07-09,2021-10-09,-33.00585311245239,144.2701027304464,0.6575686923076923,0.024318923076923,35.74206030769231,2021,7,92
734,2021-08-13,2021-11-13,39.70097709519844,45.62054467449252,2.4810335,10.2945665,34.1644705,2021,8,92
735,2023-01-22,2023-04-22,4.346014603217924,28.79367114642488,0.512681,0.17564475,64.175436,2023,1,90
736,2023-02-20,2023-05-20,36.20523603648434,3.327670133719039,0.938438,20.58891966666667,40.15826166666667,2023,2,89
737,2020-07-20,2020-10-20,-30.07805479880516,151.0842688571512,1.1995665,0.179361,66.3416835,2020,7,92
738,2020-04-21,2020-07-21,-13.9593185237495,134.4702434046421,0.37798475,0.00316275,36.02724225,2020,4,91
739,2020-07-09,2020-10-09,-25.57324371195962,150.390085566579,0.1321073125,0.019800125,33.08162925,2020,7,92
740,2021-03-18,2021-06-18,7.645155925258429,17.22565969942579,0.8546554000000001,0.0570844,65.22912099999999,2021,3,92
741,2023-03-03,2023-06-03,37.7618747721412,40.94220065821352,2.141223285714286,0.1510874285714286,53.25475528571429,2023,3,92
742,2020-06-24,2020-09-24,-22.53248080377333,-59.42921877688016,1.270645277777778,0.0842072222222222,43.49122333333334,2020,6,92
743,2019-07-25,2019-10-25,-34.77191691724816,-61.63826843777075,0.1342288,2.8011742,32.3616874,2019,7,92
744,2021-02-15,2021-05-15,-31.36992047782162,-60.54880342294193,0.5427418888888887,6.057668555555556,79.02419166666667,2021,2,89
745,2019-06-20,2019-09-20,-28.542615081568,-65.68468897455188,2.060887166666667,0.0881695,33.634705,2019,6,92
746,2019-06-16,2019-09-16,9.42552415647495,16.49751821772722,4.061164333333333,0.346097,53.22974733333333,2019,6,92
747,2020-01-24,2020-04-24,-21.75381386853722,44.58701459966196,0.8760481666666665,0.2443556666666666,61.59999550000001,2020,1,91
748,2023-04-24,2023-07-24,-6.135008382796187,145.0424590534266,3.026025,0.062671,94.779319,2023,4,91
749,2023-04-02,2023-07-02,26.66570808848368,86.07790487582889,1.745388,0.4895151666666666,35.22747066666667,2023,4,91
750,2021-06-12,2021-09-12,-12.70605815520501,32.66782722294067,2.0190724,0.1542032,53.5350722,2021,6,92
751,2023-03-23,2023-06-23,-36.39394452217186,-58.08220915178141,0.951973652173913,0.6539893478260871,85.8924904347826,2023,3,92
752,2023-02-08,2023-05-08,27.0802533784107,78.95107618983144,0.973628857142857,0.198631,66.50790885714285,2023,2,89
753,2020-02-18,2020-05-18,22.74117913160978,106.8218611550557,3.635875,0.179777,77.043903,2020,2,90
754,2019-05-27,2019-08-27,-36.83798071774106,-60.5259802377349,1.055708555555555,0.1631046666666666,46.34155822222223,2019,5,92
755,2023-07-08,2023-10-08,3.66994353987009,-60.83148739858736,1.749673,0.097467,56.840153,2023,7,92
756,2021-02-17,2021-05-17,25.32277931134344,79.1224943326489,0.02662,0.82608225,46.59776525,2021,2,89
757,2020-06-05,2020-09-05,-15.31362770075092,-51.29077798367872,0.510626,0.8952726153846153,60.04026053846155,2020,6,92
758,2022-04-24,2022-07-24,-36.33852941459942,141.6210618266611,1.0324856,0.3146272,46.7447864,2022,4,91
759,2019-05-08,2019-08-08,-26.79582667608236,-52.80955730685299,1.376637166666667,0.6409161666666666,79.07299783333333,2019,5,92
760,2021-08-03,2021-11-03,33.5209753633568,-107.4109872805244,1.648256,0.016685,23.343532,2021,8,92
761,2021-02-13,2021-05-13,-34.41627380409483,-58.7683689795103,0.5326807499999999,16.29705,71.8866675,2021,2,89
762,2020-09-18,2020-12-18,34.77630932876696,134.4142226348475,2.267281666666667,34.13363200000001,48.33433133333333,2020,9,91
763,2020-03-21,2020-06-21,39.43872168957435,127.5165012281999,2.967117333333333,25.26474266666667,58.36500933333333,2020,3,92
764,2023-02-27,2023-05-27,-15.2595044915603,-47.65740590973155,1.537161714285714,0.416705,83.46998142857142,2023,2,89
765,2019-04-02,2019-07-02,25.15283940154643,-99.3214914203582,1.702678,0.1547712,68.4334084,2019,4,91
766,2020-05-26,2020-08-26,-13.46828382022666,49.82638873927465,2.569038,23.84776825,55.67091574999999,2020,5,92
767,2021-09-03,2021-12-03,10.24608024043744,15.57654627428616,2.377831833333333,1.149028666666667,50.76596766666666,2021,9,91
768,2023-06-08,2023-09-08,-33.23457828259339,-54.92214491565838,1.345890333333333,0.3882553333333333,92.828995,2023,6,92
769,2021-02-07,2021-05-07,-28.36679666356746,-60.17923875274299,0.4087096666666667,0.6803316666666666,86.01093283333334,2021,2,89
770,2020-06-04,2020-09-04,-16.86163939306992,-47.9603353852807,1.502378461538461,1.346852846153846,52.31445346153846,2020,6,92
771,2022-04-28,2022-07-28,7.460537063828347,40.32852379652167,0.93211875,0.00057275,35.734267,2022,4,91
772,2021-01-11,2021-04-11,-30.65045348743063,-61.2401396075819,0.1498895,0.5407755,89.66301650000001,2021,1,90
773,2020-01-18,2020-04-18,24.69721373102652,79.3968359649271,0.982286,1.223391555555556,59.69020866666666,2020,1,91
774,2021-09-21,2021-12-21,-22.13274720218391,-58.94031045238678,0.1433523333333333,0.2030765,73.5813945,2021,9,91
775,2022-04-02,2022-07-02,-8.99261395860071,-61.80340111155861,1.712863333333333,0.2904583333333334,92.40403966666668,2022,4,91
776,2021-06-21,2021-09-21,-16.32564204697556,36.7534036395021,1.0382376,0.3539885333333334,53.07232859999998,2021,6,92
777,2023-01-23,2023-04-23,18.39855915209946,103.2883071217049,0.8217105833333332,1.985442666666667,57.69508458333333,2023,1,90
778,2023-02-14,2023-05-14,-17.66128759216532,-51.16730872278923,0.1954243333333333,0.066504,91.368244,2023,2,89
779,2019-04-16,2019-07-16,-15.24191530473651,29.78618203801472,1.344808428571428,0.0020088571428571,63.28854085714285,2019,4,91
780,2020-04-26,2020-07-26,37.53981691744349,31.97396426477676,1.5780465,0.4149953333333333,22.22345766666666,2020,4,91
781,2021-08-01,2021-11-01,-11.89944586001287,-65.64152177824639,0.8170553571428573,1.668262857142857,65.08326100000001,2021,8,92
782,2020-03-28,2020-06-28,10.42475643607456,16.23759648714949,0.6195735,0.119009,34.081988,2020,3,92
783,2020-08-27,2020-11-27,32.92627647302379,-89.02467524908789,0.34630225,0.6651015625,93.223064375,2020,8,92
784,2020-01-06,2020-04-06,-0.8709297379377858,16.60317437333404,0.6326672499999999,0.28491275,96.42686975,2020,1,91
785,2019-04-20,2019-07-20,-10.96252630299726,-66.98872881401927,1.423601285714286,1.569191571428571,95.45990985714286,2019,4,91
786,2020-08-05,2020-11-05,-8.114553272766631,-73.38568356294368,2.813507666666667,0.0005623333333333,95.60743266666668,2020,8,92
787,2019-03-03,2019-06-03,-25.95672427868162,148.729074486931,0.8093998666666666,0.0155550666666666,55.00778233333334,2019,3,92
788,2022-07-18,2022-10-18,25.96396954875432,-106.1811339363147,1.256809,0.00217,84.79993025,2022,7,92
789,2023-04-09,2023-07-09,34.26987035398371,-119.0598003736116,0.963487125,0.2142208125,37.30507225,2023,4,91
790,2023-02-06,2023-05-06,23.90469057478293,90.1138274977318,0.095696,6.626158142857144,45.78357385714285,2023,2,89
791,2022-01-21,2022-04-21,21.52254686803424,81.61180721876167,0.00031825,1.22632975,23.00394375,2022,1,90
792,2019-07-11,2019-10-11,-12.86372848425164,-68.99836618540854,1.824269,0.3817184166666666,94.50808075,2019,7,92
793,2022-02-18,2022-05-18,21.07351394457921,-88.05931703436768,3.10291,16.486533,62.16698299999999,2022,2,89
794,2019-03-14,2019-06-14,26.35246744752482,102.4805524052804,1.7162208,0.253983,39.55805720000001,2019,3,92
795,2022-01-20,2022-04-20,-31.16139162664395,-55.05658807470004,0.977826,0.43356725,83.682381375,2022,1,90
796,2020-01-15,2020-04-15,22.80233555206983,79.32999524848572,1.190878,1.071872928571429,43.34216742857141,2020,1,91
797,2019-05-01,2019-08-01,-17.83529563513107,34.89855319803266,1.563993642857143,0.7332510000000001,87.49003442857143,2019,5,92
798,2019-08-04,2019-11-04,-6.726242185584411,-50.27259582970359,0.4107146666666666,0.0239973333333333,76.53614983333333,2019,8,92
799,2022-01-14,2022-04-14,39.68249406829214,30.23387065340435,0.0001825,2.3347325,45.25588,2022,1,90
800,2023-06-16,2023-09-16,-33.39883876641682,150.9187853487392,1.33345925,26.61498325,59.76490525000001,2023,6,92
801,2021-07-13,2021-10-13,36.22064085589703,29.99295165675437,0.7443263714285718,21.87440354285715,28.98038125714285,2021,7,92
802,2022-07-06,2022-10-06,-4.383956698802045,-57.90116172739275,1.305244133333334,1.6018502,95.13841706666668,2022,7,92
803,2019-03-24,2019-06-24,-11.06552061362276,26.38172478484489,1.57622475,0.995681875,88.51659075,2019,3,92
804,2022-09-09,2022-12-09,19.32020480654593,77.25931828753983,1.472779142857143,1.754286428571429,62.46633071428572,2022,9,91
805,2019-07-16,2019-10-16,-24.56906034366336,-50.80397450362926,0.5228911999999999,0.1614246,75.70927119999999,2019,7,92
806,2023-09-12,2023-12-12,-11.24713389748479,-64.50241178366308,2.426492,0.0007505,95.36759166666668,2023,9,91
807,2023-01-27,2023-04-27,16.03899362675602,120.2776238876504,1.773661625,17.037237875,60.55061462499999,2023,1,90
808,2019-02-12,2019-05-12,26.65965779572751,81.69963722425803,0.9259024000000002,0.499838,69.4529546,2019,2,89
809,2022-05-05,2022-08-05,-5.267704595466199,15.84666344798859,1.15379975,0.04278275,73.19493349999999,2022,5,92
810,2019-08-13,2019-11-13,-33.66002863653615,119.4344145216867,1.7669905,28.5558125,30.52500075,2019,8,92
811,2020-05-13,2020-08-13,-8.052508239551646,-39.47362770684353,1.523695666666667,0.315239,63.81961399999999,2020,5,92
812,2021-06-10,2021-09-10,-8.079831711861889,-64.75910968184382,0.980155,0.074574,94.12802255555556,2021,6,92
813,2019-03-02,2019-06-02,-17.28674327073522,-41.68863556257117,2.5876248,0.0523184,94.1313742,2019,3,92
814,2021-04-06,2021-07-06,-15.20693915100602,-51.80631360860008,0.5243200909090908,0.9157100909090908,72.62098090909092,2021,4,91
815,2019-06-06,2019-09-06,-10.98241566920343,39.2552214335729,2.3651662,0.4994314,75.7354938,2019,6,92
816,2019-05-24,2019-08-24,-8.750507579981878,120.9457842110699,0.45977,32.105616,56.430829,2019,5,92
817,2021-07-05,2021-10-05,-9.73395152876737,37.96231882895339,0.6550008333333334,0.064507,60.33003033333333,2021,7,92
818,2023-06-21,2023-09-21,-7.341231864776674,-40.39157324224769,1.317368,0.093138,28.173596,2023,6,92
819,2023-09-17,2023-12-17,38.00046863403037,21.97714729778738,1.16614425,26.48885325,53.25374025,2023,9,91
820,2021-09-19,2021-12-19,21.73141469560147,-80.39020747786915,2.606824333333333,36.09742833333334,56.56970133333333,2021,9,91
821,2020-04-01,2020-07-01,-33.45541936337518,150.0092304573767,0.2486198,0.2216945,76.9636803,2020,4,91
822,2021-09-26,2021-12-26,-23.36867616189977,-60.98714702243663,0.258767,0.0013968,78.9124738,2021,9,91
823,2020-05-12,2020-08-12,39.12122341669101,43.37981257774354,3.054463555555555,8.405712000000001,31.78514622222222,2020,5,92
824,2020-02-16,2020-05-16,38.58268066532794,-120.895799093028,0.8834882000000001,2.8068644,61.3624692,2020,2,90
825,2019-02-23,2019-05-23,-29.86585403951253,-58.63856399778818,0.15967275,1.645498,92.80072,2019,2,89
826,2020-03-18,2020-06-18,22.22221404205697,88.9847979578654,2.475416,28.1253265,45.672308,2020,3,92
827,2021-08-12,2021-11-12,19.01702565555297,73.78264498552994,0.699405,2.7738385,78.41047925,2021,8,92
828,2020-03-08,2020-06-08,-15.11471774491722,-50.48121356609497,1.103713857142857,0.2432227142857143,92.93494728571429,2020,3,92
829,2019-01-12,2019-04-12,7.48816384151727,80.65097036518779,0.7818613333333334,2.484874333333333,83.57075466666667,2019,1,90
830,2020-09-05,2020-12-05,-4.666529341580357,-41.00434827743118,0.05349,0.050959,27.224851,2020,9,91
831,2023-06-25,2023-09-25,-8.272949112889858,-42.3108682128186,0.010292,0.0499914999999999,45.973976,2023,6,92
832,2021-04-24,2021-07-24,-28.92588010286363,-62.53918880853765,0.154391,1.358352428571429,49.90499785714286,2021,4,91
833,2023-03-17,2023-06-17,-17.83402589043234,132.863126219719,0.5480225000000001,0.0145770625,34.951957625,2023,3,92
834,2023-02-27,2023-05-27,-13.63938307960486,-49.35163494251782,0.639699,0.1288385,80.184045,2023,2,89
835,2020-08-06,2020-11-06,-30.42992691119856,147.4418911527122,1.594369545454545,0.5356493636363636,39.90680563636364,2020,8,92
836,2019-09-27,2019-12-27,16.35313016648759,80.15573471506053,1.937605444444444,1.668397777777778,75.03653777777778,2019,9,91
837,2023-04-10,2023-07-10,-9.971760768983708,31.0729673684352,0.706871,0.0727170909090909,87.296809,2023,4,91
838,2022-08-16,2022-11-16,27.77625919670072,-107.8901873765348,0.5399494285714287,0.0149695714285714,60.25982171428571,2022,8,92
839,2019-04-22,2019-07-22,-34.51491642809597,143.0129750563339,0.1299123333333333,0.9370496666666668,31.02327833333333,2019,4,91
840,2022-08-25,2022-11-25,9.175025582220243,16.49645178026566,1.3742035,1.9410835,64.19000700000001,2022,8,92
841,2023-03-27,2023-06-27,-18.23617093833449,129.3177471217543,0.5525252857142857,0.2521728571428571,24.11340185714286,2023,3,92
842,2023-04-01,2023-07-01,38.39799382404634,40.35260615770932,1.415939166666667,0.4708678333333333,37.70846666666667,2023,4,91
843,2020-08-26,2020-11-26,-3.052005065114479,16.07250714792204,1.312691,3.162047,40.4708565,2020,8,92
844,2019-08-23,2019-11-23,-36.84943059534146,-72.0364892477462,1.149165285714286,0.3286861428571429,80.15172328571428,2019,8,92
845,2022-08-06,2022-11-06,-10.47067067373616,-71.77293575420398,1.028990875,0.02756175,96.216274125,2022,8,92
846,2021-05-10,2021-08-10,27.19223670535148,-99.87940704076492,0.6662043333333333,0.07498,50.87759033333334,2021,5,92
847,2020-04-18,2020-07-18,-24.16304654355178,-53.6513612079912,1.554004684210526,0.7866091578947367,80.99755968421054,2020,4,91
848,2020-09-11,2020-12-11,31.71883047555031,72.34749885701561,0.4465442000000001,0.8168477000000001,32.2502399,2020,9,91
849,2020-03-08,2020-06-08,-11.93980407474901,31.7438936364455,1.6175355,0.1015823333333333,88.0779735,2020,3,92
850,2021-03-05,2021-06-05,-26.18494641860928,-58.97446288664557,0.39984105,0.22814085,97.1210303,2021,3,92
851,2020-01-20,2020-04-20,-33.98284747655009,149.1769632282342,0.8783033333333333,0.1325394666666667,68.267799,2020,1,91
852,2020-06-25,2020-09-25,39.00456275965415,-123.2188920758704,0.9318083333333336,32.48293983333333,54.56466866666667,2020,6,92
853,2021-09-10,2021-12-10,12.03929861866609,31.32791435827482,2.000577777777778,0.0037266666666666,52.864836,2021,9,91
854,2021-07-06,2021-10-06,-7.588838588431429,18.67754572295354,0.3017045,0.001462,63.897391,2021,7,92
855,2020-08-15,2020-11-15,8.39359378295589,37.76736550329343,1.85149825,0.0942435,87.94195675,2020,8,92
856,2021-06-15,2021-09-15,26.59478918514392,-107.7060209615994,3.866336,0.007525,83.65356299999999,2021,6,92
857,2020-03-20,2020-06-20,21.28812191088645,81.93971670594715,0.3876296666666667,0.8342356666666667,31.050303,2020,3,92
858,2019-01-14,2019-04-14,-31.08531059923098,-57.71812704231043,1.350837333333333,4.552626,89.33395622222223,2019,1,90
859,2022-04-11,2022-07-11,-25.66058345711991,-49.59295484602711,0.754662,0.44048525,80.562438,2022,4,91
860,2021-03-16,2021-06-16,-6.141688221753654,30.40581727640918,2.018224,1.706966625,87.86993324999999,2021,3,92
861,2021-05-09,2021-08-09,-24.82222301265363,148.4847821696164,1.265516375,0.25183025,52.12413675,2021,5,92
862,2020-01-15,2020-04-15,-29.51671518422711,-58.99073165224765,0.4752469545454545,0.9914876363636366,94.28059186363636,2020,1,91
863,2019-09-09,2019-12-09,22.11103401743561,70.21821422568064,0.6673715714285714,3.213276285714286,57.36998142857142,2019,9,91
864,2019-02-03,2019-05-03,23.68548468361644,98.77951502399782,1.230231142857143,0.2638897142857143,79.41845557142857,2019,2,89
865,2022-03-03,2022-06-03,-6.736964315283913,27.55541215209078,0.299797,0.6769633333333333,95.631375,2022,3,92
866,2021-06-11,2021-09-11,-11.36372968167164,-56.16791395233894,0.8984777857142856,0.0450198571428571,66.990657,2021,6,92
867,2020-04-14,2020-07-14,-7.678449321576636,-52.48551895151064,0.5145962,1.3217276,97.5740504,2020,4,91
868,2021-05-03,2021-08-03,-6.536935378866453,-65.0186409123849,0.910811375,0.726707875,96.861784875,2021,5,92
869,2021-03-18,2021-06-18,-21.4463001574314,-54.04646376197773,1.821018818181819,0.0520405454545454,52.05268690909091,2021,3,92
870,2023-07-24,2023-10-24,-22.46923427249169,-48.12351178452153,0.5941893636363637,2.811879181818182,53.14912227272726,2023,7,92
871,2019-06-18,2019-09-18,-12.41123439749048,-61.09924031320125,0.3173500714285714,0.3987930714285715,84.00498371428571,2019,6,92
872,2021-02-07,2021-05-07,-17.95082184251261,-58.38512096997955,1.037817,0.1969314,96.8816221,2021,2,89
873,2020-02-18,2020-05-18,-0.5069838754010263,25.91004896418844,3.145109666666666,1.323929,93.784384,2020,2,90
874,2021-06-17,2021-09-17,38.16177968643073,-107.2649168020205,0.7598917142857141,0.2658667142857142,50.09513014285714,2021,6,92
875,2022-01-11,2022-04-11,-32.67450919633666,116.3104352305073,0.6509173333333335,0.3148714444444444,49.31730816666666,2022,1,90
876,2019-07-17,2019-10-17,25.73649728980993,74.17005246296952,0.9747185,1.147689,62.0381965,2019,7,92
877,2020-08-19,2020-11-19,-12.7213753396176,-50.62923763478548,0.353867,1.138277625,39.156001375,2020,8,92
878,2020-07-18,2020-10-18,-15.89051969305989,-42.43687397958868,0.5403402857142858,0.1354864285714286,58.36789014285715,2020,7,92
879,2020-04-16,2020-07-16,-28.40487857857455,151.8770868202211,1.806856,0.1744557777777778,51.65703499999999,2020,4,91
880,2023-05-15,2023-08-15,-13.20971933322458,-64.61335187147041,0.6629908999999999,1.4814033,85.85952720000002,2023,5,92
881,2023-06-04,2023-09-04,-18.824915499549,-61.51161057330152,0.2842267000000001,0.0,91.71008659999998,2023,6,92
882,2021-01-07,2021-04-07,-36.78781389888002,-58.32937909296513,0.9317907692307692,0.5143292307692306,87.98292776923077,2021,1,90
883,2022-07-28,2022-10-28,-4.171423575886848,-44.01096484495872,1.88176,0.0269171666666666,87.843119,2022,7,92
884,2019-06-04,2019-09-04,-11.55604128342668,-50.56722886736904,0.328741625,1.28063875,77.1598034375,2019,6,92
885,2022-01-09,2022-04-09,-29.73077053069989,-55.58736034185171,0.513228625,0.577990375,52.36585587500001,2022,1,90
886,2019-04-17,2019-07-17,-5.935063174413166,-44.88090060409226,1.20555925,0.00289075,94.31935975,2019,4,91
887,2021-07-18,2021-10-18,8.441313846164356,29.73686490175581,2.820312,0.98844475,61.85500025,2021,7,92
888,2018-09-17,2018-12-17,29.82958145123255,76.45599856311955,0.261509,0.111423,60.171705,2018,9,91
889,2021-05-17,2021-08-17,39.92209136869778,-122.912635253456,0.510264090909091,0.3268627272727272,31.88522281818182,2021,5,92
890,2018-09-28,2018-12-28,38.95434402482219,20.6957873968995,1.240302666666667,31.37939366666667,46.84043133333333,2018,9,91
891,2023-02-17,2023-05-17,39.73607585171195,-5.367653737879266,0.97468,1.49811425,68.57909275,2023,2,89
892,2023-06-20,2023-09-20,-11.8883070367319,-47.55030821571717,0.4124238,0.5041466499999998,55.0547,2023,6,92
893,2022-03-14,2022-06-14,-12.19562171995004,-42.44618143699438,2.064904166666667,0.0105616666666666,73.11861616666665,2022,3,92
894,2021-01-05,2021-04-05,19.83248671427781,-104.3088665563285,2.165124428571429,0.1804903571428571,44.10030564285714,2021,1,90
895,2021-03-18,2021-06-18,-16.52361631630523,-52.01439453200096,1.3337787,0.0187036,82.0887052,2021,3,92
896,2020-03-09,2020-06-09,-18.07880485938414,-56.01919648155767,0.6353329318181818,0.1468572272727273,92.6116560681818,2020,3,92
897,2021-08-20,2021-11-20,26.52544864489466,88.58233193036779,1.5417896,1.1273322,80.57479620000001,2021,8,92
898,2019-07-09,2019-10-09,-14.58013128723332,-64.47875498962256,0.5637326666666667,1.65848575,74.57883441666668,2019,7,92
899,2023-06-17,2023-09-17,-9.066271332246885,-67.56845917244367,0.440953,0.5659222,95.6020605,2023,6,92
900,2019-04-27,2019-07-27,-4.429691451685159,-49.58408839462334,2.311495,18.113189,76.273781,2019,4,91
901,2023-07-13,2023-10-13,36.63888497694398,7.463809812239248,0.6519284736842107,8.538800210526315,24.41341852631579,2023,7,92
902,2023-02-21,2023-05-21,-39.58190681911202,-62.29433996633057,0.141451,29.86041,21.297008,2023,2,89
903,2023-04-06,2023-07-06,-7.302513248751083,24.89152890002921,2.182403571428571,0.0176702857142857,47.8927707142857,2023,4,91
904,2022-04-26,2022-07-26,-35.88453454416066,-57.52146841482963,0.4656086666666666,35.06509366666667,50.89701833333334,2022,4,91
905,2019-05-22,2019-08-22,-17.72519586013994,-57.51280928235882,0.8335561818181817,12.35097318181818,73.97300345454545,2019,5,92
906,2020-01-19,2020-04-19,8.671479085419243,24.4029480932023,1.2429508,1.06e-05,31.5107964,2020,1,91
907,2021-02-28,2021-05-28,-13.0190405353234,-46.79961520140543,0.9176655,0.0502935,79.00029816666667,2021,2,89
908,2020-02-21,2020-05-21,-13.91053203294518,29.72331375263119,1.289508,0.3748265,74.463883,2020,2,90
909,2019-09-17,2019-12-17,25.62584670275492,87.98769059848041,0.7493577499999999,5.48944925,38.6061355,2019,9,91
910,2023-03-09,2023-06-09,-34.84518252834302,-62.20257988965487,0.9818646666666666,1.089556,43.75738266666667,2023,3,92
911,2020-04-23,2020-07-23,11.84917604880936,37.14108951982826,0.930487,9.884091,66.820055,2020,4,91
912,2021-08-15,2021-11-15,20.19896853037178,80.5416969513031,1.217652,0.3842835,93.8747735,2021,8,92
913,2023-06-15,2023-09-15,-21.1418289145497,32.56027401289256,0.11267475,0.08496,46.21428625000001,2023,6,92
914,2021-08-22,2021-11-22,39.44580768363592,115.9374895863941,0.9649025,0.6991539999999999,42.4912065,2021,8,92
915,2019-07-23,2019-10-23,-1.707898078380943,-52.93511781198957,1.979632,4.799194,88.882357,2019,7,92
916,2022-05-02,2022-08-02,6.149326539988408,30.75740757724557,1.598624166666667,0.0012265,92.63523316666668,2022,5,92
917,2020-03-09,2020-06-09,-0.377301301166554,-60.00006982497179,1.164976,0.423693,97.118479,2020,3,92
918,2022-09-15,2022-12-15,-32.05101885558787,-52.29034515343346,0.6731071999999999,30.5263264,47.9334372,2022,9,91
919,2021-03-05,2021-06-05,-22.45031396569268,44.89132860416845,0.2234192727272727,0.2784574545454545,51.69457172727272,2021,3,92
920,2020-05-19,2020-08-19,-3.130717771653586,-68.99089139917453,0.013452,3.957632,95.490646,2020,5,92
921,2018-05-18,2018-08-18,39.39946381952011,-10.09524807326429,1.085275,1.368846,21.252006,2018,5,92
922,2022-03-10,2022-06-10,-7.485277704710704,27.38544877893551,0.24604225,1.3422615,92.5473825,2022,3,92
923,2020-01-19,2020-04-19,-21.94149637160548,147.601727771533,0.2549222,0.117543,42.0428536,2020,1,91
924,2023-09-17,2023-12-17,26.41816132835528,76.9976358707238,0.4127232,0.3946536,29.95873779999999,2023,9,91
925,2020-07-26,2020-10-26,-8.50467198948212,36.13088179974554,0.883124,0.04537,49.67307599999999,2020,7,92
926,2020-04-27,2020-07-27,-12.0732467727767,40.60758651075804,1.20604775,39.42484475,55.83117925,2020,4,91
927,2023-08-27,2023-11-27,11.68158291706614,20.19143074894302,0.7473476666666667,0.0,71.77152133333334,2023,8,92
928,2021-03-13,2021-06-13,-27.42796718198593,-66.70594697175622,2.417183666666667,0.0141506666666666,24.80067466666667,2021,3,92
929,2019-05-17,2019-08-17,-5.984421140492913,-71.2397459041687,0.0366863333333333,0.0561166666666666,99.55068033333332,2019,5,92
930,2020-02-04,2020-05-04,26.06570851196319,75.01394231970374,1.065826,1.293445666666667,42.92872885714286,2020,2,90
931,2018-01-04,2018-04-04,-9.103079823610951,20.85226540680856,0.012614,0.021111,98.750538,2018,1,90
932,2022-05-25,2022-08-25,-10.12842027158985,27.60309173733941,0.4430923846153846,1.514210153846154,62.4718286923077,2022,5,92
933,2020-04-02,2020-07-02,-17.38168304964853,133.885382307114,1.047276,0.010693,33.627173,2020,4,91
934,2021-04-01,2021-07-01,-5.706436579669607,26.63079675840041,1.861665714285715,0.5998324285714285,78.70929114285714,2021,4,91
935,2022-07-09,2022-10-09,-14.09506597716507,-54.52025856818813,0.97781075,0.03122575,45.66648362500001,2022,7,92
936,2023-02-07,2023-05-07,-10.58678457244717,38.32422587344266,0.263443,0.000187,98.353225,2023,2,89
937,2020-01-14,2020-04-14,17.44702134754757,95.62470264744655,0.4575451923076921,2.752421884615385,43.11467488461538,2020,1,91
938,2019-03-05,2019-06-05,-17.47671394874101,-51.1038412712339,0.4993735,0.0687621666666666,91.64690083333332,2019,3,92
939,2020-05-16,2020-08-16,-13.16329287846888,-62.2268387682245,0.9192121818181817,0.7274776363636364,93.61249636363635,2020,5,92
940,2018-04-20,2018-07-20,0.6217824055102881,-51.16652807540368,2.075943,3.905923,86.637986,2018,4,91
941,2020-04-21,2020-07-21,-18.3446628407768,35.38044808458355,0.0090576666666666,1.227253,95.69548166666668,2020,4,91
942,2021-04-15,2021-07-15,-4.207047807622296,33.98982793175719,1.9465385,3.548944833333333,36.77067083333333,2021,4,91
943,2022-06-12,2022-09-12,-24.88368910031881,143.9885604326309,0.1238535,0.013743,29.932010625,2022,6,92
944,2020-05-11,2020-08-11,-11.18015389853198,32.50957630979488,0.67874325,0.0443845,68.275019,2020,5,92
945,2019-08-17,2019-11-17,37.53856645033211,116.3793573359853,0.8028665000000003,0.1971850833333333,72.391092,2019,8,92
946,2020-08-27,2020-11-27,23.465925821054,93.32798144760642,1.20353925,0.1006815,96.43373475,2020,8,92
947,2021-08-24,2021-11-24,38.58960103349249,-105.2346724162896,0.4774425555555555,0.0454735555555555,32.86768444444444,2021,8,92
948,2023-01-16,2023-04-16,14.66158666695763,78.52971276767835,0.6726617,2.0967466,30.0052594,2023,1,90
949,2018-03-03,2018-06-03,32.70365671464228,35.58011821551281,2.137939333333333,2.64613,44.32377666666667,2018,3,92
950,2021-06-09,2021-09-09,36.34876394051892,-119.7290195492119,0.3908021935483871,0.1749566129032258,29.28029774193548,2021,6,92
951,2020-04-04,2020-07-04,-13.31487757130881,-69.2808198120569,0.230898,0.821017,97.544223,2020,4,91
952,2019-03-25,2019-06-25,-12.72475557566566,39.20413134071029,0.59932475,0.0306495,97.46692325,2019,3,92
953,2023-08-06,2023-11-06,31.27115185570368,91.87559986864504,2.213309,2.762144,49.469307,2023,8,92
954,2020-03-18,2020-06-18,-19.22544559952559,44.48810222732181,0.7026336153846154,18.68229523076923,61.05584238461537,2020,3,92
955,2021-09-27,2021-12-27,8.504613459097925,20.13917519932292,0.7445868750000001,0.000228625,69.164079125,2021,9,91
956,2020-04-07,2020-07-07,-20.61414991254686,-47.61161719898021,1.11856275,2.2275713,77.1139264,2020,4,91
957,2019-01-05,2019-04-05,28.44812697751405,102.265844695747,2.8465994,0.167466,42.770211,2019,1,90
958,2020-03-20,2020-06-20,-16.20079061375123,-60.66718125203508,1.989755857142857,0.5111640000000001,95.10345714285714,2020,3,92
959,2023-05-21,2023-08-21,30.64450496392607,-96.2619305957914,0.1754073333333334,0.6711969999999999,56.31640466666667,2023,5,92
960,2021-02-05,2021-05-05,36.17815012983515,2.519226441231609,0.62271,35.929248,39.673528,2021,2,89
961,2020-09-28,2020-12-28,-34.18205670807797,-54.49100556827052,1.0388255,4.821317000000001,73.698598,2020,9,91
962,2021-01-26,2021-04-26,15.93812292397318,-89.83479364685869,2.69376425,2.4122605,91.4656415,2021,1,90
963,2021-04-04,2021-07-04,-8.301927153941122,-61.67452782278137,2.872114,0.2587835,92.9015875,2021,4,91
964,2021-09-04,2021-12-04,37.85860760591417,28.69421921440238,1.000061666666667,0.2298578888888889,27.57121355555556,2021,9,91
965,2019-06-07,2019-09-07,38.67430041008747,-108.2457315165715,1.097977666666667,0.1499134166666667,55.05799875,2019,6,92
966,2020-09-23,2020-12-23,23.52698436432252,83.22348450704158,1.018872125,0.66320075,63.548263625,2020,9,91
967,2021-06-14,2021-09-14,-6.716299261014449,-76.91580533992081,3.016245,0.092037,92.721468,2021,6,92
968,2019-02-26,2019-05-26,-33.95993994221672,-61.5625279289526,0.280974125,2.919362875,57.932847,2019,2,89
969,2019-02-09,2019-05-09,5.204469815255344,97.53275006522318,3.081681,36.210558,56.174672,2019,2,89
970,2020-06-20,2020-09-20,-21.02256049901284,32.71639053142289,1.494701,0.0794416,28.22067259999999,2020,6,92
971,2018-09-19,2018-12-19,-8.016629919221813,-48.81046077743144,4.686169,0.576257,92.33157,2018,9,91
972,2021-09-16,2021-12-16,-1.011878295726362,-62.72819201296298,4.311972,7.904913,81.728446,2021,9,91
973,2019-02-07,2019-05-07,34.91724292934735,48.55223735684047,2.601851,0.042397,22.7193095,2019,2,89
974,2021-02-20,2021-05-20,33.88167880298246,73.30813239810982,1.066897666666667,0.5625531666666667,49.90678400000001,2021,2,89
975,2019-09-16,2019-12-16,36.32886815847411,33.64341739723503,1.3276975,16.49355,20.8252765,2019,9,91
976,2023-06-25,2023-09-25,-30.34256270594752,149.4070126094629,0.4524810769230769,0.3484351538461538,42.24238184615384,2023,6,92
977,2022-08-10,2022-11-10,7.855932885126087,37.68557895086718,1.416234,0.795718,91.499537,2022,8,92
978,2022-06-08,2022-09-08,7.485444380065182,18.25756284994026,0.182153,0.18292,98.410958,2022,6,92
979,2020-06-19,2020-09-19,-28.54763232662805,-59.9144302511176,0.3026598,1.7789772,40.5795478,2020,6,92
980,2022-09-03,2022-12-03,19.23050222305956,-102.7567219299007,0.5200975,0.3155725,74.0291775,2022,9,91
981,2019-07-06,2019-10-06,35.83938295432768,-76.12514574500668,2.2770424,24.331006,67.94940460000001,2019,7,92
982,2022-06-19,2022-09-19,-11.9477069863661,132.1792509837334,4.803147,39.08295,29.399177,2022,6,92
983,2023-06-02,2023-09-02,-10.32397917547104,28.11544966750242,0.5349421875,0.8255284375,62.07101724999999,2023,6,92
984,2019-03-17,2019-06-17,-5.438157475443923,22.38036829962843,3.034043333333333,0.0452883333333333,95.01405333333332,2019,3,92
985,2019-06-11,2019-09-11,-8.622708856245112,-53.40250817666423,0.8517053666666666,0.2593708666666666,98.44242480000004,2019,6,92
986,2019-02-01,2019-05-01,7.323495263531832,-67.90172655193916,2.108372909090909,0.5581318181818182,43.42110836363637,2019,2,89
987,2019-01-01,2019-04-01,9.108892247138996,-67.8699361959853,2.363687333333333,1.714108333333333,29.31059233333334,2019,1,90
988,2020-03-13,2020-06-13,28.87742119952077,80.46328941500957,1.219904333333333,0.1515206666666667,80.34193516666666,2020,3,92
989,2021-06-15,2021-09-15,-7.014179680726315,25.88251362738879,0.269708,0.0752978333333333,31.99665033333333,2021,6,92
990,2019-07-03,2019-10-03,-8.738513500082163,-43.84511717091505,0.6512173076923078,0.0055396153846153,49.15478546153846,2019,7,92
991,2020-09-08,2020-12-08,-21.34917129177767,-54.42039914970037,1.921146857142857,0.039223,51.14919771428571,2020,9,91
992,2019-03-22,2019-06-22,-25.95002449430336,-58.12273987662789,0.8867106250000001,1.218472625,93.200757375,2019,3,92
993,2023-07-19,2023-10-19,-35.22763519037055,142.4645271735903,0.0121898,1.3207018,51.0517012,2023,7,92
994,2020-06-26,2020-09-26,-28.38690949701705,152.0193411198546,1.095018916666667,0.1502659166666667,58.50150333333332,2020,6,92
995,2023-06-18,2023-09-18,-6.705801248422965,28.02351554542471,0.8777125555555555,0.0362231111111111,45.13465922222223,2023,6,92
996,2020-07-20,2020-10-20,34.21789064544865,-93.31823655121195,0.9652665,1.5975615,94.2933365,2020,7,92
997,2021-03-02,2021-06-02,-15.22603649759281,144.2576333165322,2.0504136,6.8895678,82.16729280000001,2021,3,92
998,2023-09-03,2023-12-03,-37.99913592541568,-73.12014420845742,1.611732333333333,27.79140766666667,61.57324333333334,2023,9,91
999,2022-02-19,2022-05-19,34.18878477737363,73.65998877971282,1.2452234,0.5328446,51.50676779999999,2022,2,89
1000,2023-02-28,2023-05-28,-18.68493881320541,-58.14480579046221,0.010069,0.0065855,99.2817045,2023,2,89
1001,2022-07-26,2022-10-26,25.75496293964476,73.19980179633424,1.208229166666667,0.2651926666666667,44.97148466666667,2022,7,92
1002,2022-01-18,2022-04-18,-17.58865573822351,142.4523420944652,1.7e-05,0.030932,20.288277,2022,1,90
1003,2019-04-12,2019-07-12,-9.070972810427278,-77.35801864941553,2.324117571428571,0.1849544285714286,48.28550942857142,2019,4,91
1004,2022-07-09,2022-10-09,30.7949906002075,70.26423516410222,0.25139025,2.169433,23.07568425,2022,7,92
1005,2018-06-13,2018-09-13,39.02048350875462,29.73165593543908,1.745661454545455,0.1816733636363636,37.84453709090909,2018,6,92
1006,2023-09-21,2023-12-21,6.019025157612113,5.791506826636464,0.226212,0.962386,88.88898499999999,2023,9,91
1007,2021-06-20,2021-09-20,-13.48711588804186,-52.73601073088368,0.2145712,0.1672731333333334,51.06000486666665,2021,6,92
1008,2022-02-15,2022-05-15,29.4666684369915,-96.4798762550196,2.67340325,0.595514,44.651275,2022,2,89
1009,2020-03-02,2020-06-02,-22.41350546776456,-59.510647502591,0.5316738863636363,0.2116014090909092,76.27910540909092,2020,3,92
1010,2019-05-21,2019-08-21,-14.63125300795253,-58.90347342882896,1.639510909090909,0.0470032727272727,74.63102063636364,2019,5,92
1011,2021-01-08,2021-04-08,-19.54635821385117,-50.06789263789699,2.21414125,5.57581225,84.64611625,2021,1,90
1012,2020-04-26,2020-07-26,-11.76884560017279,28.91466356598036,1.066873916666667,12.25887175,60.68516966666666,2020,4,91
1013,2021-09-28,2021-12-28,29.99573427385546,97.92558370055536,3.462023,0.077664,24.590351,2021,9,91
1014,2019-06-06,2019-09-06,31.56518181822582,72.39591094134002,1.718655,0.3332303333333334,32.145541,2019,6,92
1015,2021-03-03,2021-06-03,-32.77056198169861,-59.38143860825468,1.1460945,3.4651605,68.07698706250001,2021,3,92
1016,2021-07-26,2021-10-26,28.50477212182781,-100.0085505092766,1.019493777777778,0.0646646666666666,46.05722966666667,2021,7,92
1017,2021-06-07,2021-09-07,8.223912612579255,14.67915538200623,2.8144615,0.02469,92.558089,2021,6,92
1018,2022-08-15,2022-11-15,14.20500274977779,21.64438602403845,3.536404,0.0,58.64853900000001,2022,8,92
1019,2021-08-10,2021-11-10,25.39739145510291,94.64917323849808,3.0139875,0.0240095,92.6063685,2021,8,92
1020,2020-01-08,2020-04-08,18.78652759748092,75.93404002615108,0.70909,1.0601755,31.4959125,2020,1,91
1021,2023-09-04,2023-12-04,-24.25645580932784,33.69465758411769,0.6127436666666667,1.266029166666667,50.031489,2023,9,91
1022,2022-08-22,2022-11-22,-11.27650537740805,-48.66451043565857,0.7443016666666668,0.8317526666666667,50.45904333333333,2022,8,92
1023,2019-07-05,2019-10-05,-3.032313460434814,-57.02831673548368,2.532909,9.68540375,83.95259675,2019,7,92
1024,2022-08-01,2022-11-01,38.13905724015905,-8.100992434705063,1.083601333333333,10.758779,22.50950433333333,2022,8,92
1025,2019-03-26,2019-06-26,-22.1738280873671,32.30757783683848,0.47566025,0.00018625,47.26796874999999,2019,3,92
1026,2019-05-05,2019-08-05,19.60827782610477,80.33755117263422,1.16000375,0.16851925,38.094514,2019,5,92
1027,2022-06-18,2022-09-18,-17.83066797387329,-57.42501941410312,0.3155677142857143,7.838771428571429,76.16145385714286,2022,6,92
1028,2022-02-12,2022-05-12,-16.57626481096592,33.55430111845811,0.189097,0.670565,79.928535,2022,2,89
1029,2019-02-05,2019-05-05,8.62243302821333,19.17181418308254,1.31585925,0.0375695,24.61920825,2019,2,89
1030,2022-02-26,2022-05-26,19.93045019802089,85.7559278372417,1.726440666666666,3.053148333333333,39.4025195,2022,2,89
1031,2023-06-09,2023-09-09,-18.46093290526154,141.986356867191,1.263288714285714,0.0101584285714285,24.84620614285715,2023,6,92
1032,2023-06-12,2023-09-12,-8.008451839415251,-65.17493017159674,1.2442446,1.4935229,95.40703,2023,6,92
1033,2021-09-24,2021-12-24,24.45881317509345,100.2873505713359,1.464214333333333,0.754795,86.31097466666665,2021,9,91
1034,2022-08-13,2022-11-13,-18.36228213379497,-56.34624801587553,1.7379505,1.9766515,64.23711300000001,2022,8,92
1035,2021-02-18,2021-05-18,-24.34376956949984,44.83574822014381,0.3984472222222222,0.2465581111111111,38.92649333333333,2021,2,89
1036,2020-05-24,2020-08-24,24.18732782921733,80.38628055256368,1.388964,0.553203,26.420045,2020,5,92
1037,2022-01-05,2022-04-05,23.89315952921756,83.64998965554429,0.8432406249999999,0.603543375,45.225604375,2022,1,90
1038,2023-02-07,2023-05-07,-24.62309534745712,149.4589440632128,0.3880397500000001,0.10452325,68.90726975,2023,2,89
1039,2019-06-20,2019-09-20,-24.78875262257507,150.972139654905,0.3518431,0.2079599,26.2419728,2019,6,92
1040,2023-05-14,2023-08-14,-6.407409766638274,-37.61749304726834,0.3665324,1.330825,49.74967299999999,2023,5,92
1041,2021-05-19,2021-08-19,-9.39484133884146,-52.93636939661292,0.563422,0.31732675,96.28698033333336,2021,5,92
1042,2020-07-07,2020-10-07,39.34471976489772,65.91840525464312,0.124976,0.1329175,20.9098585,2020,7,92
1043,2021-06-17,2021-09-17,-34.62915664761618,146.7237374594231,0.1689398,0.2726342,71.778289,2021,6,92
1044,2018-02-02,2018-05-02,37.76182055209641,14.52572103374743,1.555413,5.49801,74.5571915,2018,2,89
1045,2019-01-28,2019-04-28,36.19721306487823,62.00314473498932,0.8753325,0.3488545,28.8143145,2019,1,90
1046,2021-03-07,2021-06-07,-23.10884406705404,-50.2083750265102,1.645745666666667,2.365672333333333,60.03432666666667,2021,3,92
1047,2021-01-18,2021-04-18,8.422888727491788,34.40134095484206,1.838654333333333,0.1396986666666667,34.857439,2021,1,90
1048,2019-01-08,2019-04-08,-31.21968429741905,-65.95977048499348,1.788769909090909,0.0254247272727272,70.28438236363637,2019,1,90
1049,2020-08-27,2020-11-27,24.29369116689413,97.20430071157938,1.840719428571429,1.917342142857143,89.69444357142856,2020,8,92
1050,2022-04-07,2022-07-07,-2.676597796736935,-76.5726701411169,0.100378,0.512042,99.095643,2022,4,91
1051,2021-08-16,2021-11-16,38.07952913861395,-1.766728610603877,0.1612574,0.7764694,23.112088,2021,8,92
1052,2020-05-01,2020-08-01,-7.640131772507289,37.03121476584604,2.9838594,0.3441858,85.03466840000002,2020,5,92
1053,2022-07-28,2022-10-28,37.88533252058531,-122.3634657005003,0.380577,10.23583283333333,28.66228883333333,2022,7,92
1054,2023-02-12,2023-05-12,17.52643119388772,99.70349535276176,0.8900157272727274,0.3548972727272728,47.45871109090908,2023,2,89
1055,2019-03-27,2019-06-27,30.0950710016383,-96.96923505739014,4.256889333333334,0.455319,81.06991066666667,2019,3,92
1056,2019-01-12,2019-04-12,-13.95789171228024,-43.97145815569678,0.3853172499999999,0.59701875,76.880029,2019,1,90
1057,2022-07-27,2022-10-27,23.12942914600725,78.28775705589499,1.382012666666666,1.2858545,75.61742466666666,2022,7,92
1058,2023-06-10,2023-09-10,-14.61353895330686,-51.84102870199666,0.7714824444444444,0.8421289999999999,56.16222444444444,2023,6,92
1059,2022-05-07,2022-08-07,-6.819794741566469,-45.86972470780526,1.012011366666667,0.0111082333333333,70.62645493333333,2022,5,92
1060,2020-03-15,2020-06-15,8.273941866736891,17.64562427947911,2.592447666666667,0.0945506666666666,50.04329333333334,2020,3,92
1061,2019-04-09,2019-07-09,-20.19789055955719,-48.13464689885726,0.5339122857142857,4.490000571428571,75.63458271428571,2019,4,91
1062,2021-04-03,2021-07-03,-17.58823151347915,144.8714744539932,0.3744547499999999,0.0628375,59.653268,2021,4,91
1063,2019-01-21,2019-04-21,32.65860206327677,-6.086895693560791,1.032778966666667,0.1118831333333333,41.72188886666667,2019,1,90
1064,2021-01-23,2021-04-23,19.50428605163781,-98.63866523188162,0.1653623333333333,0.192574,22.62552766666667,2021,1,90
1065,2020-08-15,2020-11-15,-28.29231256914406,-57.84199693597512,0.187212,3.215388714285714,55.25748385714286,2020,8,92
1066,2021-08-28,2021-11-28,-8.499261248301888,24.91792032415171,1.03938,1.5e-05,86.37625299999999,2021,8,92
1067,2019-01-11,2019-04-11,24.77488532774245,97.4204013894008,0.5795886842105262,1.097752105263158,85.11588394736845,2019,1,90
1068,2023-09-05,2023-12-05,-21.58717820667166,-44.12858149703402,0.5358713333333333,0.2814591111111111,63.24145522222222,2023,9,91
1069,2017-07-07,2017-10-07,36.18316737395638,7.658131052957145,0.0,6.987181,22.059475,2017,7,92
1070,2021-05-26,2021-08-26,-23.26819897539737,-45.85087846814531,1.476028875,5.75437125,70.01274375,2021,5,92
1071,2021-06-07,2021-09-07,-9.362776951194355,26.5740356335763,0.5435443333333334,0.0219933333333333,46.03168293333334,2021,6,92
1072,2019-02-26,2019-05-26,-10.33520512385372,24.30194827567101,0.9132454,0.0017176,97.1885264,2019,2,89
1073,2019-05-14,2019-08-14,35.67033039362124,-94.0377223285483,2.638811,0.999537,94.113755,2019,5,92
1074,2019-05-03,2019-08-03,-9.95774221632093,-67.87375546999118,0.6889704444444444,0.1468403333333334,97.07715466666669,2019,5,92
1075,2020-07-14,2020-10-14,-36.56459901323943,-71.86371747595022,1.372236,0.3743125714285714,76.52327328571428,2020,7,92
1076,2019-05-21,2019-08-21,-2.298536247430462,22.77544178424946,0.508554,0.0087513333333333,98.44193266666667,2019,5,92
1077,2021-03-24,2021-06-24,-18.15563912217501,139.0762581578681,0.6613266363636364,0.3115456363636364,41.26271218181818,2021,3,92
1078,2019-09-10,2019-12-10,18.46323827286434,95.697669627775,1.6952346,2.142162533333333,74.21760806666666,2019,9,91
1079,2019-01-11,2019-04-11,-35.03092503607213,-62.88583046909793,0.6612282500000001,3.352366333333334,79.85079391666666,2019,1,90
1080,2020-03-20,2020-06-20,17.14495243391207,79.22370652667797,0.695377,1.186807333333333,35.31015900000001,2020,3,92
1081,2020-03-01,2020-06-01,-20.86656718674569,-62.77106594650694,0.3002803333333333,0.0077316666666666,97.05510533333332,2020,3,92
1082,2020-05-28,2020-08-28,-2.473857030531654,20.97452389394539,0.0986053333333333,0.041419,97.92390866666666,2020,5,92
1083,2022-08-27,2022-11-27,-16.75703393226054,-41.51878708200289,2.20991925,0.20865625,46.59754700000001,2022,8,92
1084,2022-02-17,2022-05-17,-37.23188668084586,-58.79815551526836,0.1134073636363636,0.0211274545454545,79.30287172727272,2022,2,89
1085,2018-04-18,2018-07-18,-11.83742422310995,-45.76870067674119,2.87216,0.01421,77.027231,2018,4,91
1086,2020-06-27,2020-09-27,-25.95034794568452,149.3920644077032,0.31277175,0.11259575,22.6331225,2020,6,92
1087,2023-08-27,2023-11-27,-21.50773055955369,-43.88097027609496,0.4870315,0.0944115,83.218266,2023,8,92
1088,2019-02-24,2019-05-24,-29.2925215362515,-66.50792828363791,1.6614134,0.0037177999999999,38.4990415,2019,2,89
1089,2020-06-18,2020-09-18,31.55753261088346,71.23951508984294,0.862026,1.873521,22.67330875,2020,6,92
1090,2020-09-04,2020-12-04,-28.02653603837801,-56.28215886217967,0.9779172,13.2434804,54.81298549999999,2020,9,91
1091,2023-05-27,2023-08-27,-6.299143694356736,-37.65954267670887,0.3665324,1.330825,49.74967299999999,2023,5,92
1092,2020-08-23,2020-11-23,-17.92015875427978,-58.17061036368352,0.0038085,0.6430625,58.0964,2020,8,92
1093,2019-08-10,2019-11-10,-11.50846244303956,25.18864290963805,1.299473375,0.017659375,54.6139775625,2019,8,92
1094,2023-07-16,2023-10-16,-37.8504122583946,-61.86699907874534,1.1643806,1.7846,39.0997272,2023,7,92
1095,2020-07-21,2020-10-21,-4.479844798086397,19.40102351189813,3.689563,1.508436,33.546647,2020,7,92
1096,2019-06-03,2019-09-03,-27.90139937436432,-51.2568955771093,1.508865166666667,1.557228166666667,84.43397566666665,2019,6,92
1097,2019-04-13,2019-07-13,-19.14010786703458,143.4487293918766,0.7366425,0.00402375,51.76048808333334,2019,4,91
1098,2022-09-11,2022-12-11,-12.99491435057832,37.35108209739437,2.901172,9e-06,34.256643,2022,9,91
1099,2021-06-22,2021-09-22,36.30860635245485,53.80347909516561,0.9463272307692308,8.530323769230769,26.91589169230769,2021,6,92
