Image_ID,NDVI_Min,NDVI_Max,NDVI_Mean,NDVI_Std
0A,0.011147541,0.87761307,0.4198741,0.18805368
0B,0.088562675,0.901355,0.44205445,0.20520645
1000A,0.06066066,0.93186927,0.85768247,0.071244895
1000B,0.05536627,0.93110514,0.7610148,0.10865606
1001A,-0.18076411,0.7790307,0.3234384,0.120327696
1001B,-0.23659517,0.78812826,0.30984193,0.13201906
1002A,-0.3026052,0.7219526,0.36140037,0.061198242
1002B,-0.10303687,0.79350543,0.3879512,0.050841916
1003A,-0.13794585,0.997191,0.62441546,0.15812801
1003B,0.043744776,0.99622643,0.5426847,0.15556598
1004A,-0.6732892,0.940877,0.35728726,0.21014935
1004B,-0.5148267,0.8988554,0.3649909,0.16993868
1005A,0.0053408733,0.97078085,0.466249,0.20118448
1005B,0.04483431,0.8922454,0.5650636,0.20804179
1006A,0.116588615,0.83309543,0.6547561,0.10555225
1006B,0.19887386,0.85247886,0.67870605,0.1057681
1007A,-0.2519894,0.87966573,0.40434417,0.22521265
1007B,-0.27596438,0.8847981,0.41172862,0.2288966
1008A,-0.56586915,0.8268098,0.2904136,0.24141169
1008B,-0.5294118,0.8232519,0.4367514,0.1844843
1009A,-0.4293629,0.8449742,0.5470661,0.15347455
1009B,-0.33333334,0.8521381,0.5695162,0.15478204
100A,-0.17743097,0.87643605,0.5158725,0.19771236
100B,0.04957582,0.895309,0.69646955,0.1354234
1010A,-0.06382979,0.89855075,0.28676847,0.124740526
1010B,0.07043344,0.6539263,0.29327613,0.08615867
1011A,-0.39313766,0.9250893,0.6587931,0.13834411
1011B,-0.32396695,0.93306124,0.6588689,0.12413166
1012A,0.19977005,0.8517881,0.6064452,0.081967786
1012B,0.13202357,0.85119206,0.5947585,0.08010199
1013A,-0.34600762,0.9925926,0.44015726,0.20370238
1013B,-0.089197226,0.99421966,0.44296423,0.21064077
1014A,0.031170158,0.78281534,0.52308774,0.17378366
1014B,-0.15784454,0.7712177,0.5011311,0.18271033
1015A,-0.2773079,0.933485,0.5820153,0.15371981
1015B,-0.078109935,0.92426366,0.6244122,0.16395943
1016A,-0.5,0.79113644,0.42818713,0.104454644
1016B,-0.48182884,0.77928483,0.44548374,0.10194597
1017A,0.18146043,0.81769866,0.65449655,0.06960165
1017B,0.11451398,0.82055885,0.6492565,0.07406484
1018A,0.018861147,0.9322862,0.53093344,0.16889693
1018B,0.04828216,0.91184676,0.48084977,0.14981265
1019A,0.17251462,0.9980815,0.854584,0.08370052
1019B,0.0065452815,0.9763496,0.72163904,0.12644939
101A,0.3656637,0.8672107,0.78942144,0.031774886
101B,0.29661152,0.85757655,0.7907472,0.03498389
1020A,-0.2239521,0.8367347,0.3621328,0.16478881
1020B,-0.3352313,0.82459915,0.33605948,0.16082594
1021A,-0.072416596,0.85508496,0.5002145,0.13979425
1021B,-0.49019608,0.8445335,0.48821267,0.20857634
1022A,-0.24119948,0.9143179,0.40687552,0.2025786
1022B,-0.30223286,0.8913616,0.48489988,0.15659794
1023A,0.6129626,0.9354721,0.87076193,0.02302468
1023B,0.011049724,0.9389235,0.8635404,0.058115177
1024A,-0.64888126,0.8574163,0.38615724,0.21916473
1024B,-0.25603864,0.90462244,0.3155784,0.16304947
1025A,0.13084456,0.86349696,0.45315692,0.09075693
1025B,0.15040696,0.7256306,0.34373206,0.06144269
1026A,-0.009874918,0.8328147,0.45418796,0.1312046
1026B,0.08750935,0.8215378,0.45405754,0.14022307
1027A,-1.0,0.92255986,0.56948626,0.38249952
1027B,-1.0,0.94489795,0.687354,0.29765072
1028A,0.10670194,0.83972913,0.49858513,0.089011684
1028B,0.06122449,0.8891775,0.5519962,0.09728227
1029A,0.13053715,0.7954071,0.3905455,0.07992731
1029B,0.07808858,0.7441422,0.3818316,0.06641522
102A,-0.59896505,0.8820556,0.40870738,0.107075796
102B,-0.7429467,0.88142294,0.39077854,0.15774247
1030A,-0.37406972,0.85356486,0.40432954,0.15449567
1030B,-0.28632644,0.84890145,0.46334165,0.15725715
1031A,-0.25898907,0.75220734,0.4096872,0.07886872
1031B,-0.12915382,0.77273476,0.4268149,0.068889216
1032A,0.0,0.9016176,0.8358166,0.018698372
1032B,0.6363032,0.8993822,0.83441675,0.017325304
1033A,-0.36531657,0.95045966,0.68652856,0.19660753
1033B,-0.7009544,0.996,0.7296847,0.2303215
1034A,-0.082969435,0.90545106,0.61029994,0.16065978
1034B,0.078784466,0.905096,0.61445904,0.14123902
1035A,0.0066730217,0.8896479,0.27703154,0.15825593
1035B,0.0,0.9016909,0.3172369,0.16775146
1036A,-0.26127914,0.73118037,0.39379662,0.10691835
1036B,-0.26164874,0.75956774,0.38658786,0.11603883
1037A,-0.024420025,0.858063,0.6033069,0.10371407
1037B,-0.24922806,0.80519795,0.5562743,0.12605047
1038A,-0.22057787,0.84595984,0.5170779,0.08134572
1038B,-0.4028213,0.8495109,0.55963016,0.08698526
1039A,-0.42081895,0.940547,0.41989717,0.14456126
1039B,-0.18020917,0.9471937,0.434867,0.17648923
103A,-0.14706966,0.7903158,0.29497162,0.12733161
103B,-0.0975089,0.79926133,0.28913316,0.12823705
1040A,-0.46464646,0.8993174,0.48172647,0.17164163
1040B,-0.31563422,0.88533497,0.55105215,0.15880525
1041A,0.6596154,0.9230769,0.86635494,0.01730651
1041B,0.30388758,0.92257756,0.86225414,0.024596132
1042A,-0.004411423,0.90981966,0.17889425,0.07367658
1042B,0.053928096,0.7639477,0.16982724,0.059440225
1043A,-0.49841937,0.97075844,0.6956991,0.15419872
1043B,-0.45994064,0.96441627,0.77704597,0.14225161
1044A,0.006442706,0.95085204,0.7150108,0.13260081
1044B,-0.23053278,0.95251244,0.65272474,0.17341082
1045A,0.06082474,0.5723696,0.13626176,0.052979615
1045B,0.07464305,0.67017007,0.2998643,0.09960788
1046A,-0.4968017,0.9549211,0.37959027,0.23968266
1046B,-0.5204678,0.95191586,0.49082837,0.26549453
1047A,0.096017286,0.83203506,0.406554,0.14939027
1047B,0.13909855,0.85773724,0.5490053,0.11703051
1048A,-0.17330678,0.80188376,0.5773339,0.0703371
1048B,-0.25561243,0.79683656,0.55312026,0.08461713
1049A,-0.5128383,0.902521,0.5507506,0.37595424
1049B,-0.55074114,0.9042803,0.4803069,0.34620875
104A,-0.5329341,0.909473,0.6642585,0.08903616
104B,-0.4987715,0.9378098,0.6442241,0.20322023
1050A,0.5826873,0.9244697,0.8576598,0.020292863
1050B,0.09074244,0.9328191,0.85899,0.028999403
1051A,-0.4967742,0.87667096,0.37003386,0.19347772
1051B,-0.5652174,0.9746835,0.37751862,0.2070584
1052A,-0.043419268,0.8796151,0.57162553,0.10491609
1052B,0.1868759,0.8833992,0.6293421,0.10787356
1053A,-0.7660626,0.88765556,-0.043001287,0.3317908
1053B,-0.69345796,0.92,0.3581113,0.25870892
1054A,-0.34932533,0.8320988,0.4529025,0.16467746
1054B,-0.3719705,0.85405624,0.43618834,0.16378488
1055A,-0.26930827,0.9027573,0.6362761,0.12162368
1055B,-0.3946504,0.9078679,0.62528473,0.12902696
1056A,-0.2923845,0.89048404,0.65839046,0.14881465
1056B,-0.19108649,0.8911003,0.7057042,0.13324909
1057A,-0.47301587,0.865041,0.57030725,0.16984439
1057B,-0.53393084,0.8567854,0.47181398,0.18732269
1058A,-0.40071556,0.8987466,0.4355252,0.18809555
1058B,-0.556541,0.886703,0.40883267,0.1773372
1059A,-0.5879397,0.9147395,0.5703858,0.19474413
1059B,0.032938756,0.8557676,0.5834024,0.20815219
105A,0.22447014,0.91591096,0.5812372,0.0835953
105B,0.08888889,0.88430476,0.68688035,0.07118024
1060A,0.078056954,0.81848365,0.50503737,0.17252117
1060B,0.077963404,0.8088235,0.53117216,0.16252623
1061A,-0.9921875,0.9479413,0.20404187,0.5770914
1061B,-0.98657715,0.9520181,0.18651265,0.65872675
1062A,0.0635861,0.8206147,0.5134109,0.09095984
1062B,-0.3452381,0.8545504,0.5022706,0.08297569
1063A,0.021540118,0.90334034,0.4174894,0.13323736
1063B,0.059409462,0.91271234,0.4509954,0.14702958
1064A,-0.31981826,0.8541217,0.31928483,0.21016121
1064B,-0.1437096,0.8271346,0.22054602,0.14162213
1065A,-0.08136483,0.89582354,0.4869586,0.09989977
1065B,-0.24770643,0.8856152,0.46262553,0.08256615
1066A,0.19287252,0.81946135,0.6009895,0.079719864
1066B,0.20786998,0.82099164,0.57485706,0.09431603
1067A,0.19254659,0.9083824,0.8097886,0.061046835
1067B,0.1489899,0.9028897,0.8111087,0.054254994
1068A,-0.21823472,0.9160976,0.49189425,0.20878905
1068B,-0.031453364,0.92390406,0.49971396,0.19870093
1069A,-0.06811146,0.9996112,0.23965432,0.19013453
1069B,-0.3836434,0.9997078,0.17907247,0.12401717
106A,-0.2844221,0.82623225,0.33281687,0.12145945
106B,-0.3618677,0.8181818,0.2752145,0.14252244
1070A,-0.531445,0.904658,0.4193989,0.18855953
1070B,-0.37708566,0.9322265,0.56328714,0.20925015
1071A,0.119170986,0.8800105,0.48262557,0.11889215
1071B,0.106992416,0.90122837,0.49454826,0.121404864
1072A,0.14565827,0.87614816,0.70190704,0.07033006
1072B,0.11395647,0.86448467,0.71092886,0.07189636
1073A,0.20276497,0.92499495,0.8850433,0.032665532
1073B,0.12974052,0.9292554,0.8866993,0.03164266
1074A,-0.36813188,0.9226985,0.6443816,0.23196541
1074B,-0.4726841,0.92189556,0.58840144,0.24699038
1075A,-0.58450705,0.9425423,0.43850297,0.20927083
1075B,-0.5272727,0.93499416,0.5082302,0.2028412
1076A,0.032835823,0.8456057,0.7426021,0.04402466
1076B,0.014164306,0.85612917,0.7595024,0.03759695
1077A,-0.47454175,0.83354676,0.40216392,0.06592892
1077B,-0.07168204,0.91138464,0.39723358,0.10535139
1078A,-0.30842912,0.88180643,0.6158397,0.13778226
1078B,0.21087681,0.8883888,0.71653426,0.09453032
1079A,-0.98253274,0.9509677,0.78253603,0.21195714
1079B,-0.98367345,0.9490085,0.7345894,0.24102175
107A,-0.34910485,0.9139531,0.59259385,0.1137253
107B,-0.40387574,0.89907455,0.5738306,0.1283638
1080A,-0.9920949,0.97581494,0.26667237,0.16408174
1080B,-0.99408287,0.9457088,0.4041657,0.23012379
1081A,-0.16210526,0.8367736,0.73442686,0.04196043
1081B,-0.11738089,0.8424625,0.71384346,0.053395767
1082A,0.46304348,0.88620013,0.7938807,0.026565628
1082B,0.49208212,0.8845373,0.798081,0.025349243
1083A,-0.06832298,0.89639676,0.36089933,0.13049208
1083B,-0.10898458,0.905953,0.60619986,0.16512659
1084A,0.027533684,0.9385879,0.70323634,0.128208
1084B,0.07630522,0.9160105,0.6889538,0.11517028
1085A,-0.025396826,0.9287715,0.42009634,0.22775166
1085B,0.03525955,0.972103,0.40061826,0.17558663
1086A,-0.6772009,0.9237137,0.29547417,0.17866607
1086B,-0.48126116,0.8816788,0.25440615,0.112988696
1087A,0.050715934,0.8992113,0.6105193,0.16194849
1087B,-0.25490198,0.90704143,0.66321075,0.14145568
1088A,0.070212424,0.8292086,0.5112598,0.15416601
1088B,-0.11535983,0.8105263,0.37952274,0.13748206
1089A,-0.010632547,0.8327588,0.26097405,0.17906025
1089B,-0.018195052,0.84525055,0.2499491,0.18515965
108A,-0.04953059,0.8888803,0.3163852,0.140855
108B,0.0005189414,0.9245611,0.31593567,0.12426195
1090A,-0.14740108,0.8892679,0.63782966,0.1266744
1090B,-0.3419355,0.9194262,0.555621,0.12204525
1091A,-0.45547944,0.8990066,0.43364906,0.13068588
1091B,-0.40409684,0.91663593,0.4809362,0.14696622
1092A,0.4640237,0.78857446,0.6632753,0.028577039
1092B,0.33030942,0.8491473,0.66743666,0.034483403
1093A,0.14019139,0.8659468,0.4456702,0.1062108
1093B,0.1281184,0.8547056,0.4750933,0.13331701
1094A,0.1525556,0.91283864,0.4419027,0.18038361
1094B,0.06494794,0.8961728,0.34394228,0.14778674
1095A,-0.008450705,0.6203116,0.37993497,0.09501922
1095B,-0.084665485,0.6343115,0.31888223,0.11663271
1096A,-0.32628205,0.9454821,0.6448485,0.15951422
1096B,-0.51572925,0.923974,0.66095173,0.16793184
1097A,-0.34416825,0.83175963,0.5261226,0.13711542
1097B,0.017632242,0.83969945,0.5557834,0.099022955
1098A,-0.034188036,0.8930677,0.33911544,0.12835036
1098B,0.092498176,0.8628454,0.34813738,0.13302557
1099A,-0.09885676,0.8230842,0.18331194,0.11828818
1099B,-0.10864745,0.809876,0.22924075,0.14469677
109A,0.04797048,0.8850797,0.4226465,0.13851164
109B,-0.4646681,0.87250996,0.39553872,0.19731583
10A,-0.7217391,0.9024937,0.5764756,0.2914115
10B,-0.59477127,0.90328276,0.72806513,0.17058788
110A,-0.018703785,0.916763,0.21901178,0.09752809
110B,0.0,0.9020481,0.2425603,0.10515899
111A,0.116479725,0.9284149,0.5106045,0.1514881
111B,0.086519115,0.9296482,0.5124316,0.2002544
112A,-0.14748953,0.8636451,0.58787835,0.13495621
112B,-0.4013378,0.8666667,0.5832181,0.122725755
113A,-0.035364296,0.94187474,0.71277964,0.10960075
113B,-0.072814524,0.94849783,0.7273538,0.12841904
114A,0.32546374,0.8335046,0.6154074,0.07659502
114B,0.26645264,0.6773468,0.46509838,0.046027675
115A,-0.5104428,0.9243818,0.3762312,0.30077443
115B,-0.32627526,0.9240725,0.37509823,0.23193206
116A,0.61617213,0.9131994,0.8434309,0.01946076
116B,0.56789404,0.91832024,0.8490709,0.019315427
117A,-0.16517857,0.9505366,0.54279786,0.19080423
117B,-0.112299465,0.9332929,0.49606305,0.19762482
118A,-0.09867452,0.8688982,0.4453733,0.08261476
118B,0.03002611,0.8694267,0.42922708,0.12033482
119A,0.24543175,0.954912,0.70922536,0.09660785
119B,0.25376344,0.95424974,0.73947465,0.094853535
11A,-0.09126984,0.87754714,0.31317246,0.09993397
11B,-0.455683,0.8744963,0.4069281,0.104798846
120A,-0.378078,0.9753476,0.7178469,0.113922715
120B,-0.39238033,0.98321974,0.73852086,0.13471363
121A,0.16985951,0.8520996,0.66499925,0.072146215
121B,0.14369933,0.84228414,0.65049815,0.08513084
122A,-0.39593908,0.9089283,0.46136165,0.290683
122B,-0.45134574,0.9017544,0.25276536,0.39864036
123A,-0.12119649,0.90963686,0.7992319,0.10444358
123B,-0.30805686,0.9129612,0.804221,0.10944649
124A,-0.33172497,0.8374276,0.49152008,0.18766065
124B,-0.04769737,0.8515417,0.6082821,0.15748775
125A,0.00062578224,0.87014765,0.70799804,0.070274666
125B,0.092869565,0.86925244,0.71228564,0.06734892
126A,-0.91515154,0.893348,0.055953365,0.37614533
126B,-0.90909094,0.9088838,0.55146503,0.2992959
127A,0.05973383,0.7502207,0.30579165,0.07177484
127B,0.14678432,0.72516495,0.34109622,0.058382906
128A,-0.24808185,0.84556407,0.24744096,0.16103297
128B,-0.32146204,0.8735092,0.20873368,0.130178
129A,-0.0011677695,0.8560593,0.4929254,0.10933465
129B,-0.049491968,0.8578826,0.4399983,0.114038855
12A,-0.39144215,0.92102206,0.6101785,0.20160222
12B,-0.28957528,0.9269619,0.5681588,0.20086858
130A,-0.029432878,0.8973913,0.2582877,0.094101705
130B,-0.0053333333,0.77870566,0.2541584,0.07491543
131A,-0.015075377,0.90629184,0.61695087,0.15106268
131B,-0.034285713,0.91178495,0.55505383,0.1269588
132A,-0.5283213,0.9373377,0.5896404,0.20486443
132B,-0.38078293,0.93683606,0.5282464,0.18669875
133A,-0.36507937,0.95933455,0.44333458,0.102319784
133B,-0.00043122037,0.99230766,0.5093595,0.15350561
134A,0.082162164,0.90711546,0.5435175,0.12785205
134B,0.09487331,0.91435766,0.55458987,0.14949408
135A,-0.20385233,0.8795846,0.6455677,0.16670911
135B,-0.22146508,0.8785832,0.63994324,0.18893628
136A,0.071694985,1.0,0.48545772,0.13319047
136B,-0.56565654,0.9929495,0.3264333,0.12154474
137A,-0.8947368,1.0,0.64389074,0.37189677
137B,-0.9548872,1.0,0.667843,0.37231115
138A,-0.4492628,0.824198,0.38106665,0.14088759
138B,-0.6686084,0.8242268,0.29887018,0.3725011
139A,-0.51552796,1.0,0.7726567,0.15211374
139B,-0.057605177,1.0,0.82867837,0.13407432
13A,-0.50736845,-0.02019544,-0.29456496,0.07073437
13B,-0.65294427,-0.13426854,-0.43968743,0.07961986
140A,-0.38350624,0.8225878,0.2785514,0.09086297
140B,0.07876154,0.7422645,0.26312065,0.079636335
141A,-0.3833972,0.30741587,0.03669527,0.040560458
141B,-0.39434567,0.40429837,0.047117226,0.07977377
142A,0.2479452,0.9145631,0.6078663,0.14047244
142B,-0.20617111,0.89823306,0.5615996,0.14549458
143A,-0.0024406912,0.89343566,0.6820799,0.12592654
143B,-0.29168817,0.8971181,0.6835922,0.1513249
144A,-0.143611,0.8430657,0.42296106,0.103319645
144B,-0.20836337,0.8781134,0.4590974,0.121335536
145A,0.64244604,0.919533,0.84954,0.016625578
145B,0.3355372,0.9058849,0.8369081,0.029340422
146A,-0.056657225,0.78264534,0.45654976,0.10865879
146B,-0.06861314,0.7936058,0.45667806,0.1238391
147A,0.08760331,0.84272397,0.36116096,0.10692514
147B,0.10619236,0.849929,0.3366974,0.10016248
148A,-0.11381946,0.83960634,0.520375,0.09581348
148B,0.009621048,0.86864835,0.34661788,0.14063033
149A,-0.59825325,0.9163498,0.040955484,0.18787517
149B,-0.24362452,0.1623752,-0.031773392,0.041246988
14A,-1.0,0.9827122,0.605898,0.343208
14B,-1.0,0.9733084,0.5745306,0.22685616
150A,-0.7743363,0.9449025,0.36195397,0.54099536
150B,-0.79253113,0.9521111,0.36090913,0.525407
151A,-0.13043478,0.89948624,0.7300221,0.21581006
151B,-1.0,0.93474716,0.7488147,0.17981769
152A,-0.040628202,0.88372093,0.42556643,0.124233805
152B,0.062134504,0.8782718,0.4104756,0.13240609
153A,-0.37698784,0.86957043,0.5523405,0.20837656
153B,-0.3895041,0.8944564,0.5256032,0.16930504
154A,0.07181467,0.82808715,0.39262846,0.10899689
154B,0.05682782,0.82151896,0.43217906,0.10516988
155A,-0.36708862,0.920082,0.71899796,0.15242289
155B,-0.20816326,0.92117065,0.7078132,0.14828725
156A,0.084033616,0.6580938,0.23361418,0.06288504
156B,0.07915994,0.7401183,0.34385538,0.0571364
157A,-0.17912553,0.9322459,0.6315477,0.112314075
157B,-0.4233871,0.9249878,0.59418136,0.10332619
158A,0.12643678,0.8334058,0.4575769,0.106193624
158B,0.14151411,0.8537859,0.49447274,0.084187865
159A,-0.08675799,0.92503345,0.5104986,0.20588697
159B,-0.26035503,0.927673,0.5558147,0.19543913
15A,-0.50180507,0.80110687,0.33001608,0.134826
15B,-0.015544041,0.7845473,0.2942434,0.13295108
160A,0.25832456,0.8714924,0.6927264,0.067432255
160B,0.30811843,0.85497177,0.63413596,0.07788828
161A,0.34185302,0.85385615,0.5873265,0.062223703
161B,0.2946309,0.85910076,0.5103973,0.062598675
162A,-0.46177003,0.85660845,-0.25414407,0.30799648
162B,-0.4224138,0.79012346,0.19714959,0.20448308
163A,-0.65217394,0.9528015,0.5611249,0.114776716
163B,-0.67075664,0.9414539,0.52550304,0.12168642
164A,-0.30973452,0.94706994,0.74369735,0.124772675
164B,-0.35042736,0.9489559,0.79999787,0.120539695
165A,-0.0321065,0.8364312,0.36875385,0.12878455
165B,-0.115907274,0.82771,0.43818983,0.14298968
166A,-0.20520833,0.81598216,0.48612982,0.12619928
166B,0.05317324,0.80444443,0.5353182,0.113745585
167A,-0.13110194,0.9257677,0.6047634,0.23659338
167B,-0.05769865,0.92450684,0.7887092,0.17366554
168A,0.15625,0.9079294,0.8413708,0.035365183
168B,-0.32088682,0.90694004,0.78925586,0.12509531
169A,0.0023805907,0.92818606,0.58138394,0.2166966
169B,-0.2599837,0.9343696,0.51430964,0.20126791
16A,0.0,0.9117949,0.7570647,0.10597363
16B,-0.1426392,0.911368,0.79919523,0.09132489
170A,0.22680204,0.91140676,0.73316425,0.06669121
170B,0.3008679,0.9001513,0.73070085,0.07284574
171A,-0.39657444,0.772495,0.35254413,0.06303605
171B,-0.42677826,0.75187343,0.3393073,0.062990196
172A,0.098570354,0.81497794,0.5500642,0.09786888
172B,0.20555878,0.8681081,0.58544064,0.08678888
173A,0.10406438,0.90549237,0.6922338,0.10313963
173B,0.0034259611,0.9204713,0.72653186,0.100388266
174A,-0.6496063,0.92954546,0.8003825,0.24451143
174B,-0.73626375,0.9310345,0.43464127,0.5707842
175A,0.071795516,0.86013573,0.63327444,0.10619465
175B,0.0965966,0.84218603,0.6577316,0.08041648
176A,0.07519242,0.8949516,0.45880312,0.124393284
176B,0.07350216,0.85754985,0.43667996,0.097181365
177A,0.11517077,0.9252887,0.71817964,0.08607275
177B,0.30828115,0.96583235,0.76976395,0.094043225
178A,-0.32009628,0.9005467,0.6289096,0.12364475
178B,-0.12847966,0.89905936,0.6866189,0.11720818
179A,-0.26759607,0.93062437,0.619018,0.17341958
179B,-0.33074433,0.9459742,0.6430904,0.16829224
17A,-0.11464968,0.997449,0.41546744,0.17739156
17B,-0.1711111,0.9950434,0.42275003,0.20739312
180A,0.12247325,0.9121447,0.43705982,0.19354609
180B,0.13432837,0.9167286,0.46205592,0.23112284
181A,0.3384075,0.8633377,0.7060934,0.050901346
181B,0.19361702,0.8991332,0.7109489,0.076570116
182A,-0.43410853,0.8808277,0.57870406,0.17496154
182B,-0.44946492,0.88465005,0.5645918,0.17891397
183A,-0.3158224,0.87234044,0.41329974,0.13640255
183B,-0.50301206,0.8850792,0.37061834,0.14783311
184A,-0.0005970149,0.824649,0.30465502,0.19085161
184B,-0.032747775,0.8322404,0.32890218,0.17894144
185A,-0.34068137,0.90645254,0.4817222,0.17195545
185B,-0.12266112,0.89796287,0.47717452,0.1683839
186A,-0.44051448,0.88135594,0.732524,0.13864304
186B,-0.46798494,0.9057249,0.54661775,0.2617148
187A,-0.5018587,0.9581298,0.508328,0.2006056
187B,-0.482367,0.95768374,0.4803653,0.19624484
188A,-0.044155844,0.92701554,0.81540453,0.116423294
188B,-0.07920792,0.9292697,0.82524735,0.086581334
189A,0.6202707,0.90716493,0.83936226,0.020636788
189B,0.6037835,0.91214955,0.84219444,0.020975234
18A,-0.12511939,0.90620136,0.8364583,0.042831942
18B,0.52412486,0.91281515,0.84334767,0.024198601
190A,0.13556139,0.5224349,0.3136281,0.0418741
190B,-0.13811007,0.56842107,0.2899857,0.048068326
191A,0.060473815,0.7193911,0.34627247,0.10076867
191B,0.08155408,0.7780437,0.35117796,0.10960161
192A,0.00024408103,0.8685606,0.32814613,0.16753657
192B,-0.019776952,0.87315637,0.31945658,0.16862005
193A,0.5705522,0.91652596,0.8385775,0.020182176
193B,0.5638298,0.92181534,0.84321547,0.01899191
194A,-0.51417005,0.9186992,0.61710286,0.24484341
194B,-0.6913767,0.93991417,0.49070033,0.24187243
195A,0.32670403,0.90416604,0.8302372,0.037800953
195B,0.30347595,0.9138052,0.8557141,0.026675543
196A,0.017350592,0.96526974,0.738891,0.20890234
196B,0.11387467,0.96237063,0.6249283,0.19231497
197A,-0.30391547,0.91964185,0.6027186,0.17678662
197B,-0.31707317,0.91315585,0.5731514,0.17759193
198A,-0.2273292,0.9272895,0.5207662,0.16707039
198B,-0.6166884,0.9128341,0.31945956,0.36593136
199A,0.06406449,0.78724045,0.48607746,0.09356524
199B,-0.28456637,0.8244181,0.4753344,0.16703966
19A,0.096609555,0.7869023,0.39220327,0.09040131
19B,-0.44471744,0.9067858,0.45153597,0.11931286
1A,0.31148314,0.917816,0.84793884,0.027210247
1B,0.6125346,0.9177697,0.8431199,0.023139797
200A,0.19330077,0.82132053,0.51186,0.14629802
200B,0.1860735,0.7941176,0.41342384,0.094725065
201A,-0.44104803,0.82815737,0.28825358,0.08291868
201B,-0.31776914,0.8668296,0.28743792,0.087834194
202A,-0.7440038,0.9398985,0.6773385,0.21706355
202B,0.115313314,0.93922526,0.8171927,0.07042387
203A,0.033898305,0.8044693,0.46299297,0.09896364
203B,0.064935066,0.75613225,0.43911508,0.0836552
204A,-0.17513369,0.88463557,0.64943874,0.12576023
204B,-0.17317708,0.8718506,0.6329978,0.14318845
205A,0.22540125,0.88560754,0.7384986,0.04522179
205B,0.35115176,0.90523404,0.75457203,0.051970746
206A,-0.39589444,0.926162,0.6730335,0.10252383
206B,0.002915452,0.9450245,0.76562977,0.08856247
207A,-0.46518105,0.88427407,0.5215592,0.1412714
207B,-0.42727274,0.87422615,0.57363844,0.14117977
208A,-0.27217743,0.8310144,0.3563922,0.10402442
208B,-0.24567474,0.85418266,0.34365016,0.10022071
209A,-0.34459868,0.90288925,0.49700463,0.23581791
209B,-0.026084121,0.9019295,0.49118453,0.23178078
20A,-0.019877676,0.999273,0.46415,0.20783952
20B,-0.08609272,0.9875895,0.4234965,0.16826853
210A,0.45101398,0.8623085,0.7873637,0.033143412
210B,0.41096625,0.8651441,0.70107734,0.07805567
211A,0.08042803,0.7738453,0.3316024,0.07851979
211B,0.12362972,0.80624455,0.3850332,0.08531901
212A,-0.12981904,0.827693,0.3036221,0.08980494
212B,-0.014789534,0.8431785,0.39050624,0.11183747
213A,-0.6376812,0.27272728,-0.17037475,0.08667283
213B,-0.9872612,0.9269537,0.027282055,0.51012266
214A,-0.24424553,0.905244,0.68361974,0.12206072
214B,-0.31656486,0.89135516,0.6569246,0.11568913
215A,0.061250806,0.8917937,0.7789595,0.14823449
215B,0.06952315,0.8992154,0.8188603,0.07538137
216A,0.61214423,0.9134199,0.83391917,0.023294289
216B,0.013389711,0.9133519,0.8401978,0.033820566
217A,-0.39713973,0.9179136,0.49202543,0.21074492
217B,-0.2747253,0.8972251,0.46673974,0.17021577
218A,0.0149700595,0.9149102,0.7581396,0.109173246
218B,0.18599221,0.91942585,0.72145414,0.099114336
219A,0.0,0.86004764,0.7017647,0.07308556
219B,0.11348916,0.8659158,0.64805025,0.0905906
21A,-0.23856749,0.89755213,0.6397376,0.1546381
21B,-0.30982658,0.9181509,0.5744957,0.15834978
220A,-0.38129497,0.8901051,0.5088273,0.1992852
220B,-0.12195122,0.8971259,0.54056895,0.14217786
221A,-0.014950166,0.83672065,0.49682945,0.12504749
221B,0.0746826,0.8298573,0.48093203,0.106965475
222A,-0.07692308,0.82950616,0.4501512,0.12375652
222B,-0.058532562,0.83693844,0.47443336,0.12440316
223A,0.12099411,0.84245175,0.52743423,0.14940697
223B,0.15766455,0.8550962,0.6844927,0.10571449
224A,-0.2522839,0.90736145,0.5566819,0.1627691
224B,-0.40682414,0.9122215,0.5996218,0.16338827
225A,-0.7247924,0.8996335,0.3619928,0.2474948
225B,-0.7647059,0.8959206,0.3465334,0.23770304
226A,-0.4060606,0.96925706,0.7326418,0.1507084
226B,-0.54332316,0.9567474,0.76526266,0.14115831
227A,-0.16934866,0.86080104,0.30898875,0.10815276
227B,-0.4915254,0.9146771,0.345708,0.1314157
228A,-0.09360318,0.97936374,0.5793127,0.24957974
228B,-0.093817204,0.9749764,0.63518983,0.2556208
229A,0.18189582,0.8417068,0.711824,0.0614714
229B,0.036676403,0.88038427,0.73316187,0.07969588
22A,-0.054766733,0.87673956,0.62119174,0.14592882
22B,0.0689223,0.909166,0.6448725,0.14809822
230A,0.50801986,0.9396472,0.87284243,0.030671088
230B,0.58861524,0.9482685,0.8798023,0.027698966
231A,-0.41058657,0.10384069,-0.14614506,0.0468835
231B,-0.36795253,0.1468144,-0.14940226,0.044206146
232A,-0.5719406,0.93100685,0.7460856,0.20447606
232B,-0.26867256,0.9293831,0.80561554,0.115011156
233A,-0.03341289,0.9215311,0.4630529,0.19291624
233B,-0.01759134,0.9227941,0.48721102,0.18661904
234A,0.00693816,0.86589485,0.68508637,0.10392337
234B,-0.104912065,0.8899066,0.60781276,0.11834922
235A,-0.355269,0.91873425,0.58838755,0.18057364
235B,-0.44014084,0.93207073,0.53847873,0.21442255
236A,0.14092286,0.81191415,0.45895848,0.11735432
236B,0.09468517,0.8056755,0.44550115,0.1191339
237A,-0.19121447,0.89141417,0.61177766,0.1788806
237B,-0.047287207,0.89415044,0.5592681,0.18214689
238A,-0.14294276,0.92528135,0.79052746,0.12401265
238B,0.16420145,0.9301423,0.83698255,0.09693926
239A,0.02,0.8915452,0.40350112,0.12536976
239B,0.021421919,0.91915923,0.50660217,0.16861829
23A,-0.37860578,0.91188145,0.4139196,0.13684143
23B,-0.4,0.90763277,0.46884692,0.14741701
240A,0.007148531,0.8223591,0.5587539,0.06869254
240B,0.14830673,0.87564766,0.5351802,0.076529294
241A,0.03559436,0.8827977,0.7090535,0.14081794
241B,0.03621854,0.9008295,0.6246976,0.17341997
242A,-0.2898305,0.70140845,0.14418374,0.12702553
242B,-0.45688075,0.7620936,0.15565355,0.13286105
243A,0.0,0.88266665,0.43697178,0.14973766
243B,0.13126491,0.88794786,0.4798628,0.18045615
244A,-0.20991735,0.9398983,0.68398255,0.12318878
244B,-0.20288289,0.9212816,0.67036396,0.14579567
245A,-0.30666667,0.87916774,0.68505085,0.154888
245B,0.11292962,0.8831427,0.7201824,0.07952865
246A,0.016011644,0.8494946,0.35663164,0.11022576
246B,0.030444965,0.8587285,0.34696567,0.11845975
247A,-0.14070222,0.8293793,0.4905436,0.17468376
247B,0.02586207,0.83657885,0.53898,0.09079667
248A,0.10145827,0.85590065,0.6651853,0.07657338
248B,0.05171412,0.87596136,0.64650595,0.084615044
249A,-0.15084746,0.92410314,0.45742783,0.18027951
249B,-0.2683438,0.888348,0.23094021,0.16704074
24A,-0.52626157,0.99946296,0.86204845,0.10801093
24B,-0.36393443,0.9994599,0.8315351,0.118593335
250A,-0.2846442,0.83980966,0.4566819,0.17856592
250B,-0.04831093,0.84521383,0.49503642,0.15718663
251A,0.32273313,0.9098436,0.8343461,0.020933898
251B,0.5849057,0.9014989,0.8254052,0.020474825
252A,-0.027042413,0.92538136,0.76452124,0.1382581
252B,-0.06411025,0.93071806,0.74337363,0.14203465
253A,-0.39801818,0.857746,0.3262349,0.12675045
253B,-0.14732246,0.8578108,0.3375287,0.10593003
254A,0.011409643,0.85591483,0.4922352,0.14792566
254B,-0.2747253,0.89836425,0.5249268,0.18697487
255A,-0.48317632,0.8803419,0.29417038,0.15768848
255B,-0.43473053,0.8733051,0.31293282,0.23757364
256A,-0.5795216,0.895054,0.51998854,0.14146428
256B,-0.39763778,0.8938286,0.50532776,0.16089824
257A,0.24179104,0.9276656,0.82251954,0.05169789
257B,0.65421855,0.9230352,0.8584806,0.020736346
258A,-0.9918699,0.93939394,-0.055788938,0.18563193
258B,-0.95,0.9183673,-0.058925167,0.09737775
259A,-0.44610283,0.9235648,0.6683001,0.1620072
259B,-0.48649886,0.9257642,0.54490626,0.38313067
25A,-0.6415094,0.89656794,0.32768106,0.27234343
25B,-0.53571427,0.8647821,-0.0019940808,0.3500122
260A,-0.1611411,0.9078893,0.4588281,0.11357414
260B,-0.049792532,0.8817989,0.5090699,0.103652
261A,-0.6489152,0.9158615,0.66933,0.39582786
261B,-0.26572007,0.90554416,0.7604786,0.15304488
262A,0.057045713,0.677196,0.4144252,0.06721841
262B,0.13518274,0.7055937,0.43074286,0.050243802
263A,-0.055125285,0.93492407,0.5306996,0.18356511
263B,-0.08912446,0.9414634,0.51570237,0.17404543
264A,-0.10774711,0.90898275,0.4496181,0.15966234
264B,0.065309584,0.9087296,0.47070792,0.15388131
265A,0.022959184,0.7825863,0.39623278,0.10128725
265B,-0.14285715,0.7675941,0.31561315,0.09502317
266A,-0.1257379,0.86362696,0.37939814,0.15778303
266B,-0.27178824,0.8642777,0.49582005,0.1784207
267A,-0.14473145,0.9199175,0.52525634,0.18820603
267B,-0.06282017,0.9285011,0.62498486,0.16761331
268A,0.46697837,0.8981426,0.7949044,0.033333506
268B,0.37225786,0.89198315,0.7875998,0.042248495
269A,0.08469682,0.83587086,0.3866666,0.082342155
269B,-0.34261408,0.82067484,0.37801465,0.12066452
26A,0.027484143,0.99872774,0.83437634,0.07309991
26B,-0.5555556,0.99888825,0.8095988,0.08112123
270A,-0.054924242,0.88235295,0.8175243,0.028977992
270B,0.5371051,0.8922914,0.8240848,0.020241825
271A,-0.35855857,0.87582517,0.58950186,0.13608398
271B,-0.446273,0.89007795,0.566311,0.17388225
272A,0.10369573,0.75429326,0.5425848,0.054384965
272B,-0.009667025,0.7916421,0.53277874,0.0466347
273A,-0.420026,0.8678066,0.16849037,0.3312903
273B,-0.34692952,0.7549824,-0.05296577,0.18841544
274A,-0.25381047,0.7559247,0.3678401,0.10845641
274B,-0.29119906,0.7972491,0.3820357,0.09540314
275A,-0.22416107,0.837329,0.46269947,0.24243765
275B,-0.33267862,0.8371031,0.3795269,0.23948607
276A,-0.30550918,0.8537252,0.29999334,0.0999589
276B,0.042505592,0.84827584,0.27725524,0.09789845
277A,-0.27002478,0.8873608,0.5207672,0.19627118
277B,-0.38801843,0.8914729,0.45404318,0.1971925
278A,-0.26642066,0.93863857,0.45657808,0.21996376
278B,-0.0952862,0.9190196,0.46038234,0.22433384
279A,0.11189999,0.88393044,0.5825119,0.0939931
279B,0.06329114,0.8758278,0.53099316,0.10264924
27A,0.066974595,0.827792,0.3493161,0.10827708
27B,0.10223368,0.8476777,0.3807819,0.12545899
280A,-0.39685476,0.9676099,0.42254752,0.25166228
280B,-0.52286285,0.93529624,0.38114077,0.25139064
281A,-0.08894498,0.95639163,0.3621112,0.20409778
281B,-0.05918619,0.91346717,0.40306914,0.19608289
282A,-0.2851852,0.78845,-0.13921574,0.040750302
282B,-0.41165048,0.86346453,-0.017368037,0.21024768
283A,-0.2803653,0.8901602,0.5301665,0.09992402
283B,-0.42772862,0.90512013,0.53761846,0.105525665
284A,-0.6851852,0.9000931,0.50717676,0.2427586
284B,-0.55737704,0.90986806,0.47628006,0.24349251
285A,-0.8159806,0.8292904,0.1388683,0.23940516
285B,-0.6734207,0.8390093,0.44410115,0.24207431
286A,0.26399025,0.8753361,0.71632844,0.07600856
286B,0.30723608,0.85901797,0.69361186,0.06693686
287A,-0.23147207,0.8715393,0.5427197,0.17188966
287B,-0.18449198,0.88385385,0.43587887,0.17466386
288A,-0.20671378,0.9101503,0.6456649,0.17273995
288B,-0.4065934,0.9000672,0.63982004,0.18951795
289A,-0.16981132,0.9153776,0.4202553,0.23487003
289B,-0.15675676,0.90017587,0.4520573,0.19097224
28A,0.5629025,0.9095185,0.83598995,0.029625416
28B,0.58815134,0.9038414,0.8333998,0.022027943
290A,-0.151399,0.80296385,0.41560128,0.15716064
290B,-0.062068965,0.84390765,0.44018877,0.1694673
291A,0.039555863,0.902747,0.6069477,0.08177874
291B,-0.020436928,0.90731204,0.61737573,0.096231446
292A,-0.25227964,0.9033207,0.51480484,0.20969479
292B,-0.45315903,0.90510327,0.43807805,0.19559354
293A,-0.18280683,0.7718267,0.38134778,0.0994017
293B,-0.281493,0.7612863,0.38730493,0.113565646
294A,-0.008797654,0.81211257,0.4875758,0.104728125
294B,-0.025,0.79767907,0.4623919,0.11355661
295A,-0.2877438,0.8802661,0.48924732,0.12954882
295B,-0.12782328,0.89115477,0.46829998,0.17596495
296A,0.32618794,0.8542247,0.49703783,0.0730389
296B,0.25691333,0.882407,0.4761747,0.074527875
297A,0.14285715,0.8130734,0.49861577,0.07890324
297B,-0.14263445,0.8423956,0.470658,0.08073386
298A,-0.011655011,0.94968444,0.5756114,0.21725115
298B,-0.22948074,0.9413926,0.5754017,0.21496153
299A,0.07995365,0.94350284,0.49346343,0.18041378
299B,0.018832391,0.94737715,0.5170061,0.21115002
29A,-0.1923077,0.905071,0.6184378,0.23666683
29B,-0.527027,0.9055102,0.6451955,0.23121777
2A,0.5153112,0.9393414,0.8636714,0.023048203
2B,-0.028720627,0.9404998,0.8567171,0.04043845
300A,-0.06935584,0.8969279,0.60385627,0.12157617
300B,0.05303371,0.8873607,0.57947433,0.12893216
301A,0.19900621,0.8579398,0.5883186,0.15307777
301B,0.1773919,0.8571256,0.5863201,0.12400798
302A,-0.15189873,0.8967792,0.63645184,0.09596822
302B,-0.057815846,0.9143247,0.65691125,0.10362503
303A,-0.4520548,0.8924516,0.6103702,0.1269343
303B,0.0019337373,0.89717597,0.620806,0.11319122
304A,-0.9219858,0.91425544,-0.35154137,0.12570633
304B,-0.99636364,0.9992871,-0.15218017,0.37159768
305A,0.09193054,0.9510571,0.5735521,0.25034335
305B,-0.03526735,0.95282716,0.6458885,0.22588132
306A,-0.41324922,0.47126436,0.0026859865,0.07919376
306B,-0.46077034,0.5344262,-0.0024525397,0.090027146
307A,-0.4500211,0.95126355,0.6753944,0.15864667
307B,-0.53521127,0.94505084,0.7106314,0.14737895
308A,0.021110041,0.88994867,0.64757276,0.103801884
308B,-0.0043256,0.8898689,0.6181941,0.1297346
309A,-0.08438061,0.9480752,0.5053814,0.13098575
309B,-0.5041783,0.9266869,0.5242779,0.12581919
30A,-0.13882352,0.8366598,0.4938163,0.15973343
30B,0.023864008,0.8189071,0.42124474,0.14534089
310A,-0.20567375,0.8756355,0.30910456,0.15982619
310B,0.025452109,0.84663534,0.27485573,0.11127875
311A,-0.40552485,0.9001052,0.42994753,0.22155175
311B,-0.36596385,0.8862928,0.37499422,0.18823418
312A,0.09570957,0.73415875,0.414492,0.108180076
312B,0.09189189,0.76571923,0.37737975,0.10782403
313A,-0.1764706,0.034700315,-0.08814711,0.021053743
313B,-0.17385258,0.040236685,-0.09721489,0.018530581
314A,-0.902439,0.99912703,0.5399115,0.26619565
314B,-0.56628704,0.9987196,0.38616672,0.26862764
315A,0.6947735,0.9196132,0.874751,0.015080551
315B,0.6675021,0.9132777,0.85669714,0.018723693
316A,-0.3557126,0.91861147,0.70197976,0.1314179
316B,-0.2145346,0.91047966,0.69789404,0.13613735
317A,0.044252165,0.8538677,0.49231407,0.11268364
317B,-0.06609316,0.79376173,0.41579753,0.13632996
318A,-0.060527883,0.8070974,0.26688161,0.11514892
318B,-0.055733506,0.8474182,0.29335332,0.122196205
319A,0.21245785,0.8253887,0.60481596,0.08090028
319B,0.058220055,0.8272284,0.5452549,0.10187934
31A,-0.19742489,0.83296895,0.25156027,0.06805
31B,0.008352316,0.7975062,0.31022263,0.08030531
320A,0.012295082,0.7619525,0.34046248,0.12492557
320B,-0.010408209,0.792244,0.3374781,0.114667945
321A,0.25716788,0.7156641,0.49701402,0.071877785
321B,0.1576833,0.72063243,0.48042998,0.057554245
322A,0.64160585,0.9351852,0.8644165,0.02318346
322B,0.59312975,0.9372414,0.87263995,0.024556894
323A,-0.23554301,0.75725484,0.22659804,0.09456363
323B,-0.24231058,0.7696145,0.24678397,0.10583426
324A,-0.31707317,0.8320732,-0.034669418,0.18823594
324B,-0.28731343,0.15474643,-0.11238108,0.032997333
325A,-0.79310346,0.999451,0.30545986,0.11960113
325B,-0.984375,0.99961066,0.28971693,0.14210778
326A,0.11425762,0.72646767,0.3434179,0.09840945
326B,0.09472934,0.73461014,0.38186926,0.102972865
327A,-0.2658228,0.9415144,0.7077207,0.2167825
327B,0.12421581,0.95149785,0.80260783,0.15476617
328A,-0.2849162,0.9969789,0.50834846,0.09379208
328B,-0.10526316,0.9967159,0.5422477,0.083854385
329A,-0.52662724,0.94822395,0.4175369,0.21673377
329B,-0.35361215,0.9549122,0.3964911,0.20546879
32A,0.1592775,0.88690937,0.57432914,0.11183863
32B,-0.23569024,0.902521,0.64816475,0.16110303
330A,-0.32941177,0.91152894,0.6549541,0.22405736
330B,-0.39550716,0.923634,0.6956766,0.18996786
331A,0.28594682,0.89184237,0.7221588,0.086342186
331B,-0.1313364,0.88459945,0.5997778,0.14495169
332A,-0.08758568,0.8872618,0.50333077,0.18642743
332B,-0.16346154,0.8820411,0.54987085,0.20881653
333A,0.12315271,0.9990435,0.6867075,0.09906641
333B,0.16272275,0.94020826,0.68437576,0.08663752
334A,-0.3409091,0.8926633,0.4601773,0.2127347
334B,-0.14074074,0.8911454,0.48259962,0.22770709
335A,-0.24966724,0.83235484,0.27539247,0.07478224
335B,0.044640835,0.69947505,0.34223774,0.06374117
336A,-0.07160849,0.8895398,0.3679266,0.18367137
336B,-0.10164487,0.90163934,0.34685567,0.18786827
337A,-0.50854355,0.9217119,0.6694655,0.21361035
337B,-0.54631245,0.9255466,0.6378666,0.24656785
338A,-0.27092198,0.9308108,0.34947667,0.12045517
338B,-0.28803828,0.94030654,0.3640928,0.11423858
339A,-0.25549915,0.8383272,0.38463092,0.12270824
339B,-0.20505992,0.73913044,0.31101078,0.08901186
33A,-0.15308292,0.8333333,0.42526373,0.15080138
33B,-0.030933063,0.85172784,0.41663957,0.15638678
340A,-0.4177215,0.9483675,0.83244014,0.09616007
340B,-0.9672131,0.94011974,0.8269941,0.15602937
341A,0.60177284,0.91165435,0.8436948,0.018377187
341B,0.6270656,0.90031236,0.8412926,0.018167054
342A,-0.39130434,0.89303935,0.5488801,0.11842997
342B,-0.40044412,0.8852691,0.5584089,0.11053077
343A,-0.6507937,0.90980595,0.42310435,0.58830726
343B,-0.65426695,0.9157246,0.47548527,0.6057638
344A,-0.037553232,0.89591676,0.45040563,0.15625498
344B,-0.038297873,0.9293748,0.53967977,0.15750074
345A,-0.16783036,0.9917864,0.67264354,0.09145029
345B,-0.17579505,0.938561,0.6860293,0.09823703
346A,-0.5493421,0.99465036,0.44801405,0.21967942
346B,-0.08356941,1.0,0.44272846,0.21054126
347A,-0.3899204,0.7510159,0.3243262,0.06530362
347B,-0.18165137,0.7664086,0.31639618,0.0730102
348A,-0.20384048,0.8494853,0.23926955,0.10770163
348B,-0.012912482,0.86827934,0.25088128,0.12037782
349A,-0.018162394,0.9990995,0.44964492,0.13286492
349B,-0.13553114,0.99881864,0.5132646,0.13317405
34A,-0.082444675,0.885283,0.31746286,0.16793817
34B,0.009677644,0.90881723,0.3925874,0.1612611
350A,0.060326193,0.95301956,0.4024309,0.1412139
350B,-0.114106886,0.9696657,0.4106491,0.15282403
351A,0.27116704,0.9266187,0.7725103,0.040169176
351B,0.3429395,0.91762596,0.7816498,0.037923556
352A,-0.13846155,0.8441744,0.34496492,0.15194812
352B,-0.1542686,0.87413335,0.3441798,0.12370517
353A,-0.7602041,0.95496565,0.68211925,0.25542
353B,-0.5995976,0.9450159,0.43651295,0.21480879
354A,0.5826593,0.92509705,0.8557286,0.022751685
354B,-0.23504868,0.9231958,0.8470843,0.045931526
355A,0.53791887,0.9231469,0.86978376,0.021937987
355B,0.5651578,0.92242426,0.8737269,0.020958714
356A,0.6142786,0.9157675,0.83931124,0.028257547
356B,-0.44696283,0.9141766,0.8146777,0.19037475
357A,0.6702726,0.8947368,0.8431858,0.016755776
357B,0.5852843,0.90559345,0.84326077,0.016812043
358A,-0.19487578,0.8991184,0.3670433,0.19301768
358B,0.016471712,0.8964327,0.30659774,0.16510174
359A,0.649451,0.9396634,0.88595057,0.015122041
359B,0.6679341,0.94614005,0.88972867,0.015088278
35A,-0.071428575,0.88364667,0.39377716,0.1944655
35B,-0.22202487,0.88597757,0.5170376,0.24892151
360A,-0.33486164,0.93828857,0.5936992,0.26082367
360B,-0.29536825,0.93127346,0.70157886,0.22623684
361A,-0.25026625,0.9284242,0.6749983,0.11596421
361B,-0.13189964,0.938054,0.7161503,0.15735874
362A,0.6095215,0.9235797,0.8708589,0.021540109
362B,0.60862213,0.92774194,0.86656046,0.023387793
363A,-0.20178041,0.9139971,0.36358643,0.110244006
363B,-0.19917865,0.92051697,0.38090688,0.12713812
364A,-0.24129651,0.97185576,0.30306482,0.15978888
364B,-0.25515744,0.93167835,0.2820506,0.15896311
365A,-0.3196347,0.85787076,0.29987222,0.12573029
365B,-0.45645934,0.87190866,0.30948013,0.13598445
366A,0.089770354,0.88090104,0.66335905,0.16053586
366B,0.19237557,0.8865219,0.7257109,0.12012727
367A,-0.105560035,0.8802682,0.5955056,0.12748016
367B,-0.20653883,0.8826099,0.61413217,0.13472942
368A,0.6207378,0.9244674,0.85818344,0.020355154
368B,0.5995872,0.92177397,0.8637735,0.021187723
369A,-0.1752809,0.8666667,0.27529693,0.10510387
369B,-0.30083233,0.83187526,0.2791947,0.1000513
36A,-0.31609675,0.89199615,0.31370002,0.19020623
36B,-0.34917733,0.8913505,0.3194608,0.18112788
370A,0.046655655,0.8521974,0.32470667,0.07453734
370B,-0.53451955,0.89326763,0.4004366,0.27798384
371A,0.07989907,0.8207205,0.34359613,0.122193284
371B,0.07359307,0.8245329,0.36252385,0.13555343
372A,-0.2555102,0.93538916,0.21300754,0.12001966
372B,-0.71428573,0.90675306,0.23079827,0.12445601
373A,0.50544924,0.8759073,0.8092294,0.01766074
373B,0.6076314,0.8738423,0.8017887,0.017957432
374A,-1.0,1.0,0.53589666,0.3197788
374B,-1.0,1.0,0.4881339,0.30234313
375A,0.11413365,0.94206065,0.7225193,0.08139717
375B,0.12767014,0.93786985,0.73272437,0.078539
376A,-0.16697474,0.90041673,0.6521629,0.15949686
376B,-0.38842374,0.9086011,0.589223,0.14971298
377A,0.13420881,0.84647673,0.50709516,0.059469916
377B,0.021557719,0.7534397,0.48203835,0.06048583
378A,-0.373,1.0,0.37536055,0.21558917
378B,-0.22443044,0.944503,0.7420559,0.22606727
379A,0.60173965,0.923884,0.8475225,0.019533701
379B,0.56045425,0.9222435,0.8467844,0.0175672
37A,-0.013752456,0.9167424,0.7286431,0.09922431
37B,0.04154124,0.8989424,0.7346591,0.094231784
380A,-0.668175,0.90163934,0.4650219,0.14237279
380B,-0.48210526,0.73297966,0.43651122,0.07463392
381A,-0.29521587,0.890162,-0.029316664,0.12858236
381B,-0.23131673,0.2,-0.029514091,0.039868135
382A,-0.37967214,0.9126532,0.4358214,0.1821439
382B,-0.46001467,0.92870903,0.4224515,0.23532361
383A,0.056236785,0.93475175,0.7893795,0.110737495
383B,-0.10901287,0.9138354,0.6879569,0.15288588
384A,-0.044994377,0.8870172,0.66445976,0.13204807
384B,0.09456834,0.877712,0.61445403,0.16733745
385A,-0.1357868,0.87564504,0.5235279,0.13510601
385B,-0.22451384,0.88641447,0.49139017,0.14883585
386A,-0.17780383,0.89248747,0.5750421,0.12168064
386B,-0.21034181,0.8753983,0.57591116,0.08435587
387A,0.14048503,0.6606579,0.3012953,0.0485692
387B,0.14098361,0.6661562,0.3603062,0.05913183
388A,0.12636817,0.71896124,0.40692872,0.05193759
388B,0.08691099,0.6943931,0.41947085,0.05064118
389A,-0.028590316,0.8185964,0.25124943,0.069653004
389B,0.0061108684,0.79683375,0.2861597,0.08960556
38A,-0.23320994,0.8873639,0.3869565,0.1968326
38B,-0.30946773,0.89279115,0.43186206,0.16753611
390A,-0.1837037,0.77868855,0.513428,0.121260166
390B,-0.15226337,0.7809868,0.4902666,0.1593491
391A,0.040383298,0.67129093,0.2616265,0.11537006
391B,-0.030718597,0.68183374,0.14026326,0.11597396
392A,0.09141083,0.9340146,0.5987662,0.1839003
392B,-0.101983,0.9368421,0.67906207,0.1908048
393A,-0.09470217,0.87277085,0.6357853,0.16778979
393B,-0.03837472,0.87234044,0.6187074,0.16570255
394A,0.09927898,0.89611125,0.45571807,0.17112844
394B,-0.07167765,0.9270971,0.48436353,0.17276107
395A,-0.30211586,0.8173329,0.45682734,0.1642611
395B,-0.36994755,0.83952093,0.32819653,0.24898395
396A,-0.048101265,0.9246241,0.5889256,0.16474864
396B,-0.1007752,0.9279373,0.5589407,0.17438278
397A,-0.5648086,0.9100935,0.6135968,0.1727854
397B,-0.65178573,0.9380513,0.5956465,0.20118064
398A,-0.5625486,0.8755123,0.54022145,0.4972153
398B,-0.54418606,0.8863774,0.6997076,0.33097628
399A,-0.5752009,-0.06719368,-0.4171087,0.05962565
399B,-0.56914896,-0.009259259,-0.35372943,0.06397446
39A,-0.42610836,0.91641337,0.69953644,0.17743981
39B,-0.30232558,0.925983,0.65577114,0.17583191
3A,0.08960915,0.7987041,0.48230094,0.09491263
3B,0.08263836,0.79236436,0.4445767,0.06481467
400A,-0.036,0.9037381,0.8078337,0.049431797
400B,0.20651466,0.9020595,0.7943228,0.09089294
401A,-0.065514535,0.6620884,0.26572037,0.09271326
401B,0.00040436717,0.76356405,0.2564488,0.09047994
402A,0.03311258,0.7133106,0.57087994,0.059585154
402B,-0.18023787,0.7298736,0.50059867,0.08091214
403A,0.023956195,0.922528,0.69960654,0.14472394
403B,-0.123438284,0.9277318,0.6204967,0.18690392
404A,0.100488484,0.8730953,0.35380897,0.1321137
404B,0.10413774,0.9145558,0.37597674,0.22576205
405A,-0.14139694,0.92535836,0.7441141,0.11616439
405B,-0.47448522,0.92898273,0.70255744,0.17617753
406A,0.041830532,0.7259336,0.3066346,0.08167609
406B,-0.04196134,0.78618544,0.27258497,0.07055357
407A,0.45083487,0.92494136,0.8655702,0.021908078
407B,0.41032815,0.92913693,0.8696071,0.020623857
408A,0.07884465,0.93400824,0.67975324,0.10450518
408B,-0.16937356,0.9401319,0.6642158,0.11571877
409A,0.07047872,0.7204161,0.24946952,0.083968766
409B,-0.0017211704,0.83635473,0.2691064,0.08365158
40A,-0.24007061,0.93583274,0.6900251,0.16458748
40B,-0.21196188,0.94717485,0.7210587,0.17890207
410A,0.13602391,0.907761,0.83293116,0.020954257
410B,0.15148655,0.90686274,0.83137524,0.027887762
411A,0.19268486,0.825,0.5086112,0.06867938
411B,0.16142558,0.8385022,0.5623603,0.070593014
412A,0.03605381,0.7369116,0.35767034,0.08597367
412B,-0.14362416,0.7471704,0.33832896,0.09182907
413A,-0.08730916,0.9996678,0.27503428,0.14485219
413B,0.01754386,0.99952257,0.32515508,0.13560922
414A,-0.48810458,0.941233,0.7116872,0.11616869
414B,0.13253845,0.9327589,0.7265478,0.113727205
415A,0.2082703,0.7069243,0.4879356,0.06197601
415B,0.19326684,0.74343807,0.51064277,0.06442204
416A,-0.487228,0.8710426,0.62083316,0.14964816
416B,-0.3845209,0.88418996,0.7019283,0.1189814
417A,-0.27439532,0.881495,0.631408,0.25123835
417B,-0.2583288,0.88456124,0.58331156,0.2522591
418A,0.12796998,0.91601187,0.78379446,0.11283949
418B,-0.32901135,0.92578614,0.706121,0.13305943
419A,0.04804805,0.78844863,0.41313356,0.07275699
419B,0.14268367,0.7553412,0.46337748,0.061686896
41A,-0.28370222,0.94744974,0.71389055,0.22314444
41B,-0.109619685,0.955109,0.59124464,0.2833945
420A,-0.01706137,0.8776772,0.6629865,0.0943137
420B,0.29647058,0.8672249,0.71202326,0.050961375
421A,0.073191136,0.8809025,0.5502434,0.29257622
421B,-0.31260794,0.8869524,0.55495274,0.28293243
422A,-0.99402094,0.99852014,0.4048931,0.19777225
422B,-0.66368157,0.99393654,0.48838884,0.2141561
423A,-0.056,0.98989433,0.45043516,0.2461966
423B,-1.0,0.9804611,0.40511322,0.23619175
424A,-0.1801141,0.88435614,0.32516283,0.17979252
424B,-0.27617148,0.86703795,0.3221525,0.14204021
425A,-0.23231018,0.99729854,0.7409543,0.15200028
425B,-1.0,1.0,0.69786894,0.23304828
426A,-0.19730185,0.84643734,0.3753994,0.1701873
426B,-0.06417112,0.87303853,0.33622736,0.18167983
427A,-0.42502388,0.9085598,0.59046173,0.18369633
427B,0.046065807,0.9137069,0.563121,0.18796428
428A,0.01843318,1.0,0.51386565,0.1288295
428B,0.08675799,1.0,0.49240202,0.112398595
429A,-0.9986842,0.9991154,-0.02245679,0.22872151
429B,-0.9953917,0.99944997,0.22103114,0.35050783
42A,-0.085893415,0.76092774,0.56885695,0.072402775
42B,0.13594581,0.778664,0.55546546,0.06646474
430A,-0.35893416,0.93773824,0.61489797,0.11500914
430B,-0.1118061,0.8717637,0.6511214,0.07812013
431A,-1.0,1.0,0.5639226,0.2079519
431B,-1.0,1.0,0.596743,0.1901057
432A,-0.60883975,0.87596536,0.37849125,0.22133657
432B,-0.5181195,0.8867661,0.27795216,0.19832641
433A,-0.5086705,0.8756757,0.3091328,0.42002344
433B,-0.31412104,0.8874904,0.60804164,0.13703716
434A,-0.115466855,0.90196645,0.51409113,0.22545843
434B,-0.116100065,0.893256,0.5123641,0.21041282
435A,0.026646556,0.87775385,0.50763345,0.13234939
435B,-0.30643126,0.8908018,0.5421269,0.1593786
436A,-0.9862543,0.9705882,0.7831224,0.13848218
436B,-0.99604744,0.99635035,0.71424544,0.20198354
437A,0.06364429,0.95856875,0.46723914,0.14252363
437B,0.04014273,0.97040904,0.38471293,0.1404555
438A,-0.4571204,0.9129813,0.6890378,0.18198897
438B,-0.9122257,0.9278913,0.64811265,0.30834126
439A,-0.22201139,0.88919526,0.45194328,0.16244532
439B,-0.23859648,0.89101917,0.45159632,0.17757358
43A,-0.29740793,0.8726214,0.49327284,0.14475398
43B,-0.3377157,0.9046853,0.43468827,0.2114406
440A,0.50905067,0.9104478,0.818446,0.034929026
440B,-0.25403568,0.9075186,0.8085135,0.07520248
441A,0.047006432,0.8545455,0.5072658,0.107549265
441B,0.08052588,0.84729797,0.5424571,0.09631805
442A,-0.37014925,0.8878261,0.6253112,0.1758352
442B,-0.0057142857,0.90997875,0.7013916,0.13980001
443A,-0.2166998,0.8593272,0.61713064,0.08569383
443B,0.11392405,0.87975043,0.60518765,0.08407421
444A,-0.16042481,0.86133766,0.18266293,0.10644135
444B,-0.13586956,0.82545286,0.17772889,0.08719959
445A,0.099345624,0.8,0.48639634,0.11174361
445B,0.09675498,0.7649635,0.49225086,0.07777882
446A,-0.3193138,0.8953122,0.7160859,0.097369276
446B,-0.33333334,0.91560054,0.72113836,0.10674593
447A,-0.078431375,0.9039029,0.30767685,0.14082576
447B,-0.02027027,0.8861828,0.3796242,0.13142851
448A,-1.0,1.0,0.35269177,0.18113592
448B,-1.0,1.0,0.33106938,0.2193101
449A,0.03587206,0.7566995,0.29074657,0.12165032
449B,0.08567775,0.8547511,0.3041628,0.11817894
44A,0.021656927,0.8771006,0.4299776,0.11293122
44B,-0.36787564,0.8495667,0.3071077,0.09421525
450A,0.1056876,0.8425752,0.53406477,0.11452713
450B,-0.13777778,0.8354387,0.5178374,0.10767912
451A,-0.028266456,0.9081058,0.62352777,0.21033087
451B,0.05536723,0.88692176,0.7001602,0.20076317
452A,-0.3654267,0.87972724,0.59533995,0.12551476
452B,-0.27212572,0.83830994,0.5822281,0.07620725
453A,0.052950077,0.96346647,0.8383688,0.11615979
453B,0.055505704,0.9663444,0.8706782,0.065467566
454A,0.6664223,0.9234366,0.84890646,0.020192537
454B,0.6229508,0.925192,0.84916985,0.020235233
455A,-0.5633653,0.8421268,0.34948283,0.12482841
455B,-0.38743454,0.8074928,0.45559627,0.12890165
456A,0.113563895,0.7665222,0.44195464,0.113316715
456B,0.11631632,0.7914732,0.50071996,0.1079175
457A,-0.697479,0.89046943,0.3645754,0.2810525
457B,-0.44246355,0.925494,0.4900797,0.16094336
458A,-0.25960785,0.85780466,0.28506327,0.10969681
458B,-0.19432314,0.8545821,0.33912808,0.15344295
459A,-0.60670125,0.88413644,0.12073704,0.3022131
459B,-0.32163742,0.1941032,-0.07043293,0.049327258
45A,-0.5166932,0.8810158,0.35770774,0.1763258
45B,-0.54938954,0.86247706,0.45958567,0.18364385
460A,-0.48657498,0.8416085,0.34388173,0.101803385
460B,-0.31940538,0.88737655,0.30952996,0.117567755
461A,-0.62326014,0.81924576,0.43129766,0.066726595
461B,-0.43484226,0.7633937,0.42344758,0.05357407
462A,-0.45325443,0.75918365,0.25739193,0.13108616
462B,-0.25056434,0.75746924,0.29712287,0.04527827
463A,0.09828508,0.8896079,0.39513066,0.12181871
463B,-0.009880029,0.98924345,0.49846858,0.16877319
464A,-0.26901874,0.9616719,0.47890675,0.15606768
464B,-0.39977688,0.9739296,0.47987795,0.17803979
465A,-0.09247696,0.9042844,0.767576,0.08760166
465B,0.08301114,0.9040658,0.6725178,0.101085655
466A,-0.21621622,0.92522043,0.67830455,0.1579529
466B,-0.22464456,0.9299838,0.6750709,0.14693205
467A,0.03311258,0.8359011,0.593055,0.07725396
467B,-0.25766364,0.8666268,0.43862253,0.13934638
468A,-0.06638756,0.80754286,0.3933925,0.0917036
468B,-0.09391222,0.8969212,0.46895987,0.10995208
469A,-0.003749192,0.916902,0.7792652,0.19553754
469B,-0.06131208,0.9171285,0.8151835,0.1094778
46A,0.018574992,0.91537875,0.6139791,0.12397797
46B,-0.03725684,0.9396843,0.6432759,0.1621703
470A,0.56563896,0.94056886,0.8649131,0.023237439
470B,0.57486135,0.9344348,0.86769944,0.020833662
471A,0.061261263,0.8600933,0.45496896,0.112670206
471B,0.060592785,0.8864825,0.50092006,0.12662801
472A,-0.34140968,0.90504515,0.34251344,0.21369712
472B,-0.34889436,0.8921951,0.32232133,0.19921693
473A,0.55721927,0.92135626,0.8530845,0.019712338
473B,0.6247456,0.91709256,0.85455257,0.020169606
474A,-0.21883656,0.9378422,0.66016436,0.15494013
474B,-0.04765784,0.9341826,0.63917625,0.17252187
475A,-0.3736952,0.8964176,0.4284196,0.13275726
475B,-0.24441688,0.85465837,0.50074387,0.12553735
476A,0.12266302,0.9052504,0.5256426,0.20005457
476B,0.11227816,0.9207921,0.4878942,0.15708181
477A,0.13987672,0.94255877,0.8712945,0.04965343
477B,0.20502092,0.9452114,0.869192,0.045371242
478A,-0.2222536,0.8432836,0.4173578,0.2178975
478B,-0.28121138,0.908155,0.4454511,0.23698612
479A,-0.97037035,-0.084745765,-0.8957748,0.08581853
479B,-0.9672131,-0.07462686,-0.8751793,0.09964055
47A,-0.28154743,0.7684557,0.34660393,0.093039766
47B,-0.16141236,0.7832512,0.3571071,0.090361424
480A,0.23406863,0.9963964,0.68459797,0.11861621
480B,-0.030303031,0.9652778,0.70779014,0.1102363
481A,-0.9444444,0.9270749,0.71432054,0.23314767
481B,-0.61750716,0.92991114,0.67087495,0.29973888
482A,0.13981043,0.88422877,0.4488269,0.0952752
482B,0.14878175,0.8593676,0.48385972,0.09888807
483A,-0.123898394,0.87646407,0.55691063,0.28214005
483B,-0.15441176,0.8818131,0.7152827,0.18699577
484A,0.058767773,0.9056604,0.7396152,0.093258016
484B,-0.027284538,0.90414745,0.7386991,0.13976322
485A,-0.14396887,0.95547533,0.35360843,0.13386896
485B,-0.49345306,0.844227,0.31353927,0.11576482
486A,-0.23997532,0.89478743,0.7129569,0.14898379
486B,-0.18127884,0.86979693,0.6845381,0.10922311
487A,-0.11093627,0.7922078,0.38996154,0.10922517
487B,-0.017011493,0.8013245,0.45825338,0.10508101
488A,-0.2982043,0.95390254,0.7437159,0.11279888
488B,-0.23274353,0.9569971,0.7498045,0.120204665
489A,-0.28164667,0.8644348,0.35947043,0.12096039
489B,-0.43239096,0.9019492,0.3711437,0.101625815
48A,-0.32822478,0.99626863,0.3938598,0.20120895
48B,-0.33674777,0.9979487,0.4277593,0.19359572
490A,-0.033664387,0.90676385,0.2646302,0.1662622
490B,-0.24159664,0.92860043,0.3742651,0.15836738
491A,-0.2319688,0.9400391,0.80383706,0.19716832
491B,-0.21787709,0.9382114,0.8264119,0.15238635
492A,-0.9710145,0.969697,-0.5796696,0.41539088
492B,-0.9746835,0.9259259,-0.7235464,0.33086535
493A,-0.323185,0.92503595,0.79313636,0.16952568
493B,-0.110579796,0.9309259,0.84739,0.075557664
494A,-0.38624337,0.9987469,0.7121492,0.18987478
494B,-0.36727273,0.9979123,0.7116492,0.16514097
495A,-0.1987076,0.9168665,0.7093278,0.13598925
495B,-0.35151514,0.9240721,0.53046143,0.3618834
496A,-0.4318182,0.89764625,0.40884855,0.30380708
496B,-0.5768005,0.89177996,0.35503304,0.3177361
497A,-0.22222222,0.8843501,0.47239664,0.20708014
497B,-0.2902507,0.8551076,0.4140986,0.1387447
498A,0.22049984,0.889714,0.70484394,0.1401843
498B,-0.014736842,0.8845526,0.4638265,0.17190629
499A,-0.2494382,0.956144,0.30915803,0.16873027
499B,-0.19019987,0.95003784,0.52947974,0.24844266
49A,-0.070753366,0.89203995,0.59255195,0.10997374
49B,-0.13295147,0.8798051,0.60166013,0.11577711
4A,0.19157088,0.8701299,0.7029588,0.067458175
4B,0.17199759,0.8634886,0.7125354,0.06367194
500A,0.075916104,0.624695,0.21193223,0.052118592
500B,0.07894171,0.6054362,0.18921986,0.0491365
501A,0.13571703,0.92306304,0.6988786,0.11983377
501B,0.005605381,0.9215327,0.731364,0.101589434
502A,0.07076102,0.8132734,0.4940492,0.12023228
502B,0.034554973,0.80808693,0.47623354,0.116959676
503A,-0.43075246,0.92043895,0.40923658,0.19921768
503B,-0.54369503,0.91729325,0.3856213,0.20267613
504A,0.06274292,0.748499,0.2359525,0.0762613
504B,0.07642972,0.7865236,0.27523965,0.0814105
505A,-0.093389295,0.8735607,0.33150688,0.252813
505B,-0.06437768,0.9406755,0.3680406,0.29765376
506A,0.14872119,0.8405049,0.5080027,0.077786066
506B,0.12976256,0.8615659,0.5065403,0.09352918
507A,-0.454039,0.8815379,0.38696462,0.30278283
507B,-0.34994912,0.8975719,0.5344856,0.17162518
508A,-0.30255163,0.8959707,0.6417557,0.12760285
508B,-0.33109808,0.8905388,0.63982975,0.14534278
509A,-0.58600295,0.93639964,0.6965944,0.20143569
509B,-0.38433293,0.93442625,0.73770773,0.14344537
50A,-0.1347464,0.90726143,0.5304735,0.16426541
50B,-0.8755187,0.93986905,0.38655633,0.19463518
510A,0.020379724,0.6972656,0.34770244,0.057779405
510B,0.014687883,0.75071883,0.36299306,0.05991107
511A,-0.0151944375,0.89564824,0.47191635,0.11981917
511B,0.03635567,0.8981881,0.5045435,0.10699411
512A,0.07881584,0.79299104,0.4278797,0.14776738
512B,0.07679672,0.7889399,0.42071813,0.104318716
513A,-0.3977475,0.91767776,0.6795099,0.113059126
513B,-0.35452795,0.9073978,0.6319744,0.13173895
514A,0.0109163085,0.38433844,0.051115423,0.019584153
514B,-0.015138532,0.30305678,0.05232472,0.012532324
515A,-0.20174165,0.93199253,0.5435924,0.2453244
515B,-0.068167605,0.928511,0.68004686,0.2729582
516A,-0.057819907,0.9948586,0.33972347,0.17507559
516B,-0.98275864,0.9945355,0.39789253,0.15435371
517A,-0.09240924,0.8867925,0.7086933,0.057825003
517B,0.30151337,0.8551618,0.6940529,0.057270475
518A,-0.028481012,0.89696676,0.18808077,0.11026257
518B,-0.39312038,0.88677514,0.16997592,0.08948573
519A,-0.2643851,0.9244509,0.53971994,0.2199744
519B,-0.25244617,0.92357635,0.60546607,0.22522004
51A,0.1920398,0.9985765,0.74905086,0.083680086
51B,0.3654391,0.99875236,0.7830475,0.0578875
520A,-0.27083334,0.93327653,0.7557967,0.12963134
520B,-0.15714286,0.9174744,0.74158305,0.12922339
521A,-0.1830161,0.810603,0.4675868,0.0898166
521B,-0.49265426,0.8733355,0.39539552,0.17449853
522A,-0.04336735,0.9094934,0.565356,0.20455267
522B,-0.30803975,0.9274854,0.6219456,0.19948329
523A,-0.007155635,0.83991104,0.6235715,0.082923606
523B,-0.013209013,0.8144431,0.5535823,0.11106907
524A,0.081397295,0.8624161,0.35616612,0.16621606
524B,0.03914591,0.8797592,0.33308458,0.1733792
525A,-0.40393755,0.92715234,0.6322521,0.41301152
525B,0.2723343,0.93436664,0.871341,0.033411365
526A,0.23305589,0.8099083,0.59212434,0.048725374
526B,0.23859191,0.8346315,0.5436429,0.064891815
527A,-0.32152843,0.8978313,0.44617835,0.16545404
527B,-0.37527114,0.9141914,0.3569973,0.2237356
528A,-0.46086955,0.959743,0.55585873,0.20879725
528B,-0.263285,0.947284,0.6240912,0.18881916
529A,-0.8518519,0.9976932,0.74574924,0.10044042
529B,-0.9949875,0.94753534,0.7160924,0.18698068
52A,-0.21015424,0.9368695,0.62042886,0.1697944
52B,-0.18061674,0.9522241,0.65702295,0.16177902
530A,-0.91939545,0.9067648,0.3677364,0.5164257
530B,-0.7011494,0.8798908,-0.08167664,0.40013543
531A,-0.5140665,0.9429196,0.5577313,0.20887104
531B,-0.7358491,0.9193111,0.6143025,0.21937378
532A,-0.23287672,0.8258695,0.3784067,0.13285121
532B,-0.22321214,0.8316876,0.42199063,0.15005863
533A,0.030057251,0.55385727,0.1919543,0.09009727
533B,-0.038402457,0.6860593,0.19650072,0.112497054
534A,-0.3053435,0.8470613,0.5109118,0.18936835
534B,-0.416122,0.8631331,0.45521283,0.23062885
535A,-0.32140195,0.87619877,0.08088146,0.16427699
535B,-0.16433942,0.19343066,0.0058422843,0.029101672
536A,-0.25650036,0.9344366,0.544052,0.19179422
536B,-0.30041152,0.9391932,0.5724734,0.1932196
537A,0.2855392,0.6572581,0.5205454,0.036823668
537B,0.25236169,0.70379853,0.53427494,0.043814998
538A,-0.556962,1.0,0.7403412,0.20232382
538B,0.10494245,1.0,0.8086847,0.08452806
539A,-0.12241054,0.8393267,0.51869273,0.14456008
539B,-0.06896552,0.8148055,0.53950465,0.12508017
53A,0.04241229,0.9047619,0.1579916,0.053224344
53B,0.07352278,0.34874758,0.16161102,0.023048963
540A,-0.8333333,0.9043894,-0.41648033,0.32014906
540B,-0.7023121,0.09426532,-0.5379003,0.060722403
541A,-1.0,0.37931034,-0.361369,0.14823708
541B,-1.0,0.5714286,-0.34447837,0.15780817
542A,-0.5457159,0.8633209,0.44422656,0.16441669
542B,-0.3605481,0.8733949,0.40859467,0.17513056
543A,0.18226601,0.8962494,0.7856888,0.08946729
543B,0.14181818,0.90048635,0.75731826,0.118137896
544A,0.1545916,0.75800073,0.3505103,0.06293848
544B,0.12613738,0.77010804,0.37713695,0.07072
545A,-0.0013605442,0.95734406,0.50770485,0.278906
545B,-0.40106952,0.9502887,0.34719864,0.26103047
546A,0.28681535,0.7840713,0.6086254,0.043008458
546B,0.36227643,0.7840042,0.62285125,0.0411116
547A,-0.25139666,0.834375,0.3163833,0.13197085
547B,-0.03748126,0.81347674,0.29744995,0.10080427
548A,-0.49348232,0.82575345,0.21682797,0.2695644
548B,-0.3206522,0.87959445,0.48148805,0.18493007
549A,0.016757436,0.91445315,0.4122247,0.28353998
549B,-0.088288285,0.92318475,0.5787877,0.30466482
54A,-0.15794769,0.91789,0.74111545,0.15972243
54B,0.07355865,0.93960017,0.8353174,0.061849847
550A,-0.1891892,0.88539743,0.33871406,0.23174842
550B,-0.13206106,0.8306557,0.25153458,0.15985708
551A,-0.03731343,0.8489384,0.5005717,0.15250851
551B,-0.153434,0.8468215,0.47089452,0.17218293
552A,0.11453397,0.8819346,0.5578879,0.09650246
552B,0.08700652,0.89449185,0.56887734,0.10728604
553A,0.17870408,0.71795654,0.49794757,0.06851021
553B,0.21620469,0.7366593,0.5168007,0.06726436
554A,0.057602864,0.93349856,0.6003333,0.17525618
554B,0.03106567,0.91556835,0.5722991,0.14040804
555A,0.13014273,0.6901961,0.32983533,0.06471004
555B,0.14221725,0.6904512,0.3488215,0.06827487
556A,-0.35750544,0.7912844,0.34273154,0.11983326
556B,0.09209454,0.7276888,0.33841956,0.09768512
557A,0.017439388,0.99941367,0.8521832,0.08306455
557B,0.031896386,0.927851,0.86017966,0.0552183
558A,-0.287373,0.90233463,0.6100293,0.18652742
558B,-0.31046718,0.9007055,0.56730807,0.16975461
559A,0.6013913,0.89608395,0.82301855,0.02026326
559B,0.5732354,0.89361703,0.8252983,0.020205611
55A,0.5890631,0.92771083,0.85207987,0.020986743
55B,0.5668724,0.9253525,0.85057855,0.023371095
560A,0.09090909,0.74127626,0.3312464,0.10952014
560B,0.09578544,0.8090384,0.37727806,0.11650203
561A,-0.059907835,0.8527661,0.2734279,0.1089669
561B,-0.24742268,0.8350589,0.29769266,0.12013111
562A,-0.24593602,0.8998198,0.25813586,0.14748904
562B,-0.21205008,0.8827014,0.30931824,0.15595491
563A,0.014153246,0.69781023,0.34549135,0.09874111
563B,0.026644181,0.74272025,0.3654673,0.10382482
564A,-0.49220103,0.8871795,0.36146307,0.15503839
564B,-0.32693046,0.86994016,0.44166344,0.17413795
565A,0.34615386,0.9058078,0.7731955,0.05406459
565B,0.32664996,0.87974536,0.7129593,0.047878735
566A,0.06949458,0.85530764,0.40043014,0.16854222
566B,-0.022968197,0.8687293,0.62891424,0.13335915
567A,-1.0,0.987269,0.5985972,0.26084024
567B,-1.0,0.95702255,0.66521895,0.21209775
568A,0.020765575,0.8418026,0.41040432,0.14370565
568B,0.018898489,0.85336536,0.42896155,0.12556444
569A,0.11506525,0.9473774,0.5443015,0.14999063
569B,0.03716814,0.95458233,0.5626016,0.17168364
56A,0.16293156,0.93502116,0.8777668,0.018941296
56B,-0.530572,0.9302993,0.8429559,0.20633382
570A,-0.48953974,0.8589788,0.34469166,0.21519113
570B,-0.12510356,0.87937456,0.41047764,0.21639258
571A,0.57371664,0.9213848,0.85598814,0.022172533
571B,0.58434165,0.91734695,0.855819,0.021363685
572A,-0.36574075,0.95767194,0.71428645,0.1586521
572B,-0.20330578,0.95782864,0.73411614,0.16663696
573A,-0.33142036,0.853012,0.3666599,0.19879116
573B,-0.28623453,0.8223991,0.5038994,0.18909158
574A,-0.061594203,0.85498375,0.22686918,0.1042929
574B,-0.024479805,0.76490796,0.20826478,0.08671542
575A,-0.4324778,0.7488759,0.3681857,0.084796146
575B,-0.13766032,0.6781806,0.3349061,0.073405236
576A,-0.0047032475,0.8595884,0.36859113,0.10005905
576B,0.0,0.8688096,0.3678116,0.11270006
577A,0.041752223,0.9200454,0.6933438,0.17389175
577B,0.0643035,0.9270917,0.64770514,0.17989841
578A,-0.49908814,0.9378344,0.45168346,0.19954465
578B,-0.5119787,0.9207378,0.4414515,0.18514138
579A,-0.4730769,0.9246324,0.7124045,0.25938416
579B,-0.32751092,0.92699677,0.74602926,0.212713
57A,-0.52380955,0.907829,0.7529457,0.12251979
57B,-0.5281267,0.94547105,0.6208639,0.25116163
580A,0.13133179,0.9314446,0.6422959,0.13602617
580B,-0.06709451,0.94340384,0.70331746,0.13858195
581A,-0.33486062,0.8345241,0.3458352,0.090688236
581B,-0.19579369,0.8512549,0.30845252,0.08858564
582A,-0.24436319,0.8909757,0.539328,0.11793855
582B,-0.33261222,0.9025341,0.45665637,0.1574245
583A,-0.98058254,0.9130435,0.6374414,0.2321189
583B,-0.97938144,0.8805078,0.63879067,0.15234189
584A,0.07519388,0.82772064,0.39118752,0.13264537
584B,-0.04109589,0.8311657,0.37204912,0.117579415
585A,0.06210269,0.85953826,0.47418255,0.13452862
585B,0.11788079,0.86594856,0.6455086,0.111859456
586A,0.38744172,0.860668,0.7341629,0.027903588
586B,0.021549748,0.85040593,0.7379559,0.054704808
587A,-0.15601023,0.87863046,0.32098603,0.119545095
587B,-0.0371248,0.8365432,0.3218301,0.09962421
588A,-0.050047006,0.95158595,0.46911287,0.19910657
588B,-0.028716216,0.94923526,0.57935,0.19885387
589A,0.052404437,0.8821155,0.4735363,0.17044476
589B,0.04670039,0.8683657,0.43178415,0.16481087
58A,-0.36473164,0.8973064,0.5365552,0.20697911
58B,-0.38249665,0.9103675,0.5922904,0.13608624
590A,-0.11729623,0.9070491,0.57307875,0.12884724
590B,-0.1379845,0.9151776,0.57128906,0.15464635
591A,0.13533057,0.9195795,0.56154835,0.1117933
591B,0.12853236,0.9410058,0.60982895,0.092176326
592A,-0.31905782,0.9135749,0.6851034,0.10672972
592B,-0.513099,0.9117029,0.6895526,0.11823628
593A,0.01594533,0.8516432,0.3170257,0.05914251
593B,-0.12345679,0.8611043,0.30708176,0.07817172
594A,-0.08286404,0.80670786,0.4878985,0.11764706
594B,-0.09872241,0.80054474,0.5033048,0.13069898
595A,0.53183764,0.8715659,0.79320854,0.022452286
595B,0.5437613,0.87048125,0.79296017,0.022482615
596A,-0.31513646,0.9018405,0.6806377,0.10252226
596B,-0.37193763,0.8888889,0.6774188,0.08290967
597A,0.13510324,0.8549639,0.64031434,0.13695835
597B,0.14562745,0.8525554,0.64706635,0.1466143
598A,-0.067073174,0.9630157,0.642792,0.21400726
598B,-0.27289048,0.9547115,0.6160841,0.21208769
599A,-0.38271606,0.9099731,0.451568,0.24321926
599B,-0.34640524,0.9095284,0.46297404,0.2977849
59A,-0.024793388,0.85432535,0.40186492,0.1534147
59B,-0.041931383,0.84596723,0.45445842,0.18066394
5A,-0.4490838,0.80496544,0.44656965,0.1802962
5B,-0.4630617,0.8194987,0.5064511,0.18877892
600A,0.13926658,0.8845289,0.5454487,0.111982875
600B,0.13337508,0.8811218,0.52338535,0.13777767
601A,-0.24426451,0.8738739,0.65573424,0.065038234
601B,0.027536232,0.8418157,0.64542633,0.07708932
602A,-0.52032053,0.92293113,-0.30959427,0.26535583
602B,-0.53823954,-0.25068492,-0.4226903,0.028087577
603A,-0.10483365,0.8027389,0.48785612,0.10970096
603B,0.04154002,0.78910923,0.4719138,0.10410229
604A,0.14319715,1.0,0.7772567,0.07771259
604B,0.026754556,0.9578504,0.74775255,0.07766585
605A,-0.56186986,0.79279417,-0.25004822,0.1589632
605B,-0.5582822,0.7469102,-0.26443407,0.1441014
606A,0.06936291,0.99862635,0.8516767,0.042208593
606B,0.0133010885,0.9979859,0.8684695,0.06417108
607A,-0.24303797,0.9091392,0.564366,0.24112995
607B,-0.41430947,0.9041196,0.45138267,0.220696
608A,0.029073698,0.9981618,0.6416576,0.17275724
608B,0.045598194,0.9980139,0.59921926,0.18789399
609A,-0.29577464,0.91775703,0.70574105,0.16183147
609B,-0.35261402,0.9008621,0.73786104,0.13005246
60A,-0.44651952,0.98846596,0.7430674,0.17162937
60B,-0.40777737,0.9973701,0.7568742,0.16963185
610A,-0.08531631,0.8614913,0.40142828,0.116066664
610B,-0.34476843,0.88159466,0.450727,0.15564021
611A,-0.28874734,0.87855834,0.4317793,0.1981203
611B,-0.3589109,0.88088644,0.38320068,0.19938885
612A,0.23130158,0.9257221,0.8218136,0.111715294
612B,0.16666667,0.9335494,0.8165519,0.11311737
613A,-0.044761904,0.89508873,0.58796334,0.21289173
613B,-0.4032674,0.924149,0.69225025,0.15845445
614A,-0.255745,0.8719714,0.3529588,0.1282736
614B,-0.1912088,0.81029457,0.28644,0.10770813
615A,-1.0,0.999659,0.3419987,0.19575638
615B,-0.5770925,0.88195616,0.3384118,0.08425883
616A,-0.26340327,0.9148311,0.4692585,0.1563398
616B,-0.5212038,0.8640898,0.376007,0.1330639
617A,-0.01810715,0.86551124,0.45477,0.10738938
617B,-0.24792115,0.85609514,0.4596671,0.10003205
618A,-0.1537588,0.9007578,0.6209097,0.16459759
618B,0.05076551,0.89990187,0.65108126,0.12892276
619A,0.11487759,0.9290723,0.88130844,0.05440279
619B,0.2161642,0.9376187,0.88590556,0.0473331
61A,0.3124347,0.8927527,0.78566957,0.05109767
61B,0.43064448,0.9023823,0.80714905,0.046743188
620A,-0.12949976,0.81923205,0.5228903,0.134383
620B,-0.11084434,0.81683534,0.503055,0.11779938
621A,-0.29290617,0.8150931,0.3071406,0.055651687
621B,-0.35076922,0.800185,0.33199915,0.060911298
622A,0.064783245,0.8958854,0.289563,0.12288314
622B,0.05839225,0.9050706,0.27875882,0.10779641
623A,-0.50780314,0.90511113,0.5083471,0.18557878
623B,-0.57857144,0.9174575,0.47332314,0.22145611
624A,0.41662753,0.93886465,0.8698981,0.022758882
624B,0.205298,0.9392733,0.86879563,0.035251725
625A,0.103626944,0.8680397,0.64004666,0.06013901
625B,0.11056653,0.8289612,0.5978156,0.10947515
626A,-0.03607257,0.5538022,0.11789752,0.041842174
626B,-0.4008097,0.8062514,0.12866011,0.049258705
627A,0.039524175,0.8249544,0.37480655,0.119203836
627B,0.052054796,0.81126446,0.3735989,0.1079665
628A,-0.9870968,0.91612566,0.20834137,0.51265544
628B,-0.9895288,0.93009007,0.18777037,0.5278039
629A,-0.17801477,0.8421677,0.25013903,0.20523536
629B,-0.07393526,0.8476692,0.19251359,0.19070017
62A,-0.07769544,0.91778594,0.27024508,0.20148459
62B,-0.38403043,0.91203165,0.23283039,0.20452854
630A,-0.3771017,0.88629067,0.45695412,0.17269446
630B,-0.2541222,0.88335156,0.44602394,0.17957999
631A,-0.16869979,0.7796002,0.4188998,0.09303258
631B,-0.2886076,0.77141535,0.39941245,0.093798086
632A,-0.09082652,0.9801049,0.46655244,0.2879186
632B,-0.020399112,0.97176737,0.48947173,0.24759646
633A,0.14403293,0.83432126,0.4923909,0.06340646
633B,0.14424478,0.84176606,0.49988508,0.07020129
634A,0.110853165,0.8371407,0.6745072,0.09807002
634B,0.0377804,0.82940733,0.62401384,0.14532669
635A,0.0051993066,0.8741866,0.7573133,0.15787445
635B,-0.05168088,0.8778692,0.47849274,0.28218758
636A,-0.3672346,0.8714871,0.524402,0.15052488
636B,-0.31630647,0.87976134,0.58571196,0.18061566
637A,-0.48375767,0.8347353,0.2929356,0.12774989
637B,-0.4143167,0.8144092,0.3548185,0.12836072
638A,-0.06864564,0.881354,0.51463795,0.13439327
638B,0.15457116,0.8849425,0.5119712,0.10836636
639A,-0.4986945,0.9182477,0.783476,0.17107518
639B,-0.33333334,0.9108028,0.58652985,0.27295974
63A,-0.9893617,0.8504155,-0.4040438,0.102125585
63B,-0.993921,0.9498086,0.39476603,0.6410202
640A,0.0557567,0.8262961,0.52362967,0.11426784
640B,0.046224255,0.84033,0.5249585,0.11928126
641A,0.14718889,0.7992868,0.49549374,0.12013147
641B,0.11123853,0.8410531,0.48661572,0.12612224
642A,-0.030428769,0.86261475,0.43785006,0.13240677
642B,0.009079118,0.8833121,0.45725048,0.13174172
643A,0.029235382,0.84299904,0.30894136,0.11554515
643B,0.0023809525,0.7756528,0.28645647,0.09303716
644A,-0.36945072,0.89355016,0.68748283,0.25033197
644B,-0.25644916,0.8882194,0.7719593,0.09553199
645A,-0.0118565215,0.8713019,0.4694004,0.15309879
645B,-0.40607563,0.8551991,0.42109957,0.20133615
646A,-0.38307482,0.9356491,0.57993484,0.16100651
646B,-0.6195509,0.9355475,0.5186962,0.22366925
647A,0.08526234,0.9220089,0.7206988,0.14026703
647B,0.13430059,0.9206694,0.76127857,0.114278175
648A,-0.451507,0.9145712,0.6789018,0.19698507
648B,-0.46544716,0.9210291,0.6868319,0.18391995
649A,0.089930825,0.8277027,0.55804014,0.14245322
649B,0.12307692,0.76664054,0.44186422,0.12724505
64A,0.61756635,0.9156157,0.86306167,0.018745996
64B,0.66483516,0.91501415,0.85947585,0.017838106
650A,-0.37908497,0.8826006,0.44587722,0.18213384
650B,-0.5328024,0.8892308,0.44522506,0.18240604
651A,-0.20955484,0.89045167,0.2661769,0.11025784
651B,-0.44892946,0.96190476,0.26165837,0.108738706
652A,-0.06973366,0.8773896,0.3746149,0.23792955
652B,-0.0608867,0.9004188,0.5185963,0.20365328
653A,0.38597006,0.938255,0.8245623,0.047826324
653B,0.13632366,0.928201,0.86162305,0.024675157
654A,0.18767789,0.9233568,0.8254306,0.05780056
654B,0.59322035,0.9247649,0.8453195,0.022535887
655A,0.054283846,0.8852269,0.5851773,0.1205692
655B,0.029778019,0.8871874,0.49387032,0.13331257
656A,0.15151516,0.66310495,0.3547636,0.057589255
656B,0.08280255,0.7294595,0.3688043,0.08800697
657A,0.025059352,0.9143376,0.45767796,0.1452136
657B,-0.21160541,0.82994264,0.33372653,0.14636557
658A,-0.25791636,0.7831772,0.45761928,0.09078555
658B,-0.3948071,0.8590993,0.45397392,0.104943015
659A,-0.9157895,0.9126328,0.30147713,0.33806628
659B,-0.97894734,0.8907739,0.30330443,0.24809186
65A,-0.10988336,0.83991724,0.4001566,0.093495324
65B,-0.021329988,0.8270704,0.42076913,0.084476
660A,-0.06260297,0.8798414,0.5460854,0.16131961
660B,-0.0025510204,0.9028133,0.6191493,0.10358187
661A,0.09441909,0.7640182,0.41549304,0.15847851
661B,-0.1321314,0.73730683,0.34090745,0.08244487
662A,-0.28978622,0.80743563,0.4337499,0.18991017
662B,-0.4691479,0.81863666,0.36771607,0.19912645
663A,-0.170315,0.8993638,0.67663026,0.062355228
663B,0.07155963,0.827986,0.6383333,0.037132863
664A,0.15722851,0.88496983,0.74129194,0.071173206
664B,0.03466269,0.89141417,0.7293313,0.10346811
665A,-0.030771935,0.9377235,0.41017577,0.15868197
665B,-0.25118056,0.9008609,0.35774752,0.14028314
666A,-0.05898491,0.72211814,0.17343253,0.08856052
666B,-0.1361805,0.7547822,0.21232319,0.10583805
667A,-0.05642994,0.8089224,0.29953086,0.15523192
667B,-0.39033458,0.7561199,0.4009391,0.113683045
668A,-0.30730823,0.7799957,0.30748117,0.14016788
668B,-0.13388917,0.7864157,0.28348783,0.10282327
669A,-0.4277929,0.90798545,0.5274974,0.16482793
669B,-0.41343874,0.90927655,0.5499855,0.17134643
66A,-0.9895288,0.999597,0.29470372,0.2004507
66B,-0.9945504,0.9995496,0.2284625,0.15088668
670A,-0.2818792,0.94952476,0.6341401,0.11661835
670B,-0.57042253,0.94541913,0.6461988,0.12262208
671A,0.24469274,0.814219,0.6999144,0.038161524
671B,0.25956938,0.8234459,0.7082682,0.04261493
672A,-0.3355756,0.87842554,0.5190551,0.1352743
672B,-0.33275825,0.8252046,0.49771821,0.13480781
673A,0.121996306,0.9075754,0.50616425,0.12291344
673B,0.11203752,0.91175187,0.52842516,0.15034834
674A,-0.5430108,0.9427962,0.4662422,0.20414294
674B,-0.2657005,0.9629858,0.50840116,0.20065852
675A,0.15592286,0.9018692,0.5149604,0.18590373
675B,0.14745973,0.9043864,0.53326607,0.1675075
676A,-0.5852885,0.9108189,0.4567875,0.14858922
676B,0.033794165,0.90005565,0.53631103,0.15112267
677A,0.47652528,0.8977421,0.7815805,0.032158896
677B,0.53479856,0.89307535,0.7887997,0.031796675
678A,0.12297466,0.87360936,0.58409834,0.16367802
678B,0.22288783,0.88374484,0.7033702,0.08661059
679A,0.09971145,0.9034483,0.4879939,0.14939715
679B,0.09250034,0.8807512,0.4730466,0.14372163
67A,-0.38862875,0.86211365,0.48772407,0.1638533
67B,-0.38181818,0.8460491,0.5069448,0.13717675
680A,0.125,0.90976673,0.828702,0.026555141
680B,-0.25675675,0.90707964,0.80397487,0.087107964
681A,0.65857416,0.9062748,0.83593166,0.022528334
681B,0.68239355,0.9061608,0.843058,0.018493656
682A,-0.048814505,0.7531788,0.42296156,0.12763543
682B,-0.46314973,0.84922117,0.35887873,0.17168458
683A,-0.23295692,0.8459844,0.65127754,0.16827002
683B,-0.24460115,0.84736544,0.6440524,0.18363464
684A,-0.19874346,0.84511787,0.55037,0.16796726
684B,-0.50978374,0.89934915,0.4776683,0.17463782
685A,0.2642512,0.91865355,0.8381605,0.024633085
685B,0.29081863,0.9220144,0.84201634,0.024997314
686A,-0.15124816,0.83957714,0.23688464,0.25650185
686B,-0.14852607,0.85733515,0.26856428,0.27369106
687A,-0.29707113,0.8570743,0.3114619,0.092071794
687B,-0.015486726,0.86827457,0.29425135,0.116205044
688A,-0.52380955,0.99378884,0.48841885,0.13289107
688B,-0.5586854,0.9907407,0.5115408,0.13988213
689A,-0.4969574,0.8943396,0.60432905,0.100358434
689B,-0.080177076,0.87540376,0.5875441,0.08983122
68A,0.14209524,0.88514453,0.7112207,0.06885712
68B,0.016658954,0.88293284,0.6484095,0.117548995
690A,0.04163418,0.8269732,0.47915816,0.078938276
690B,-0.0048173424,0.89469385,0.471537,0.09049394
691A,-0.09561128,0.8023185,0.42786932,0.07450651
691B,0.06449106,0.76074874,0.44858852,0.060224235
692A,-0.19886094,0.88235295,0.41883188,0.12934518
692B,-0.19635628,0.85607255,0.42241645,0.14466545
693A,-0.078333974,0.9427472,0.36964324,0.17764966
693B,0.1025878,0.90870935,0.5778583,0.15158524
694A,0.053638536,0.9142907,0.46462303,0.17484567
694B,0.0,0.90984434,0.46680096,0.16491382
695A,0.13237715,0.91348815,0.7451017,0.105760925
695B,0.12788104,0.881305,0.6775222,0.11511767
696A,-0.7086093,0.91884583,0.6092081,0.14935899
696B,-0.6780488,0.9345142,0.602396,0.17132486
697A,-0.46296296,0.8968326,0.5983638,0.20838585
697B,-0.37593985,0.89791185,0.5314274,0.2249331
698A,-0.7196262,0.93844366,0.61766136,0.2575485
698B,-0.5080906,0.90241903,0.65736556,0.21846545
699A,-0.14977646,0.9972067,0.5893747,0.20600697
699B,-0.17454389,0.94513273,0.44000763,0.2025905
69A,-0.27967808,0.88497365,0.53560686,0.16286747
69B,-0.33222222,0.86049306,0.5661702,0.14141975
6A,-0.82771534,0.97628456,0.49877286,0.1553193
6B,-0.34054053,0.9416949,0.48034203,0.14600858
700A,0.08549576,0.88940954,0.5151942,0.1471248
700B,0.11420414,0.8121775,0.4565278,0.097375244
701A,0.073754154,0.8543645,0.58530617,0.06452994
701B,0.369863,0.83505154,0.5876316,0.060827736
702A,0.6319416,0.92471594,0.8600238,0.023408223
702B,0.47344705,0.92478555,0.86554706,0.023210365
703A,-0.70698464,0.9596154,0.78609514,0.13077822
703B,-0.2832653,0.9533878,0.8043858,0.076159775
704A,-0.36363637,0.76052386,0.2868299,0.1274357
704B,-0.6326953,0.78511846,0.31869,0.12253294
705A,-0.36952308,0.9130716,0.7815496,0.17478707
705B,-0.036170214,0.8910076,0.80427855,0.036093757
706A,-0.18900344,0.91124713,0.49105608,0.19162235
706B,0.0128283445,0.96166855,0.60899985,0.17905666
707A,0.08163265,0.9220081,0.7832842,0.11910305
707B,-0.005882353,0.90821254,0.7420609,0.12266819
708A,-0.36437717,0.91443664,0.7001523,0.09934116
708B,-0.46599856,0.8962536,0.6844381,0.10761309
709A,0.10700539,0.88025355,0.7874604,0.024691936
709B,0.04698972,0.8721239,0.7765668,0.029250795
70A,-0.61567515,0.9529412,0.62832767,0.29334572
70B,-0.6958525,0.9375,0.58716846,0.28463906
710A,-0.5940594,0.9431438,0.8594974,0.18186797
710B,0.30794546,0.9409352,0.8904849,0.025868027
711A,0.05203136,0.7591455,0.4413812,0.08843035
711B,0.079561695,0.8195199,0.3969205,0.07524973
712A,-0.15098242,0.9553163,0.76544094,0.14356497
712B,-0.04333996,0.93057185,0.62170506,0.19954018
713A,0.30736807,0.9989608,0.8812295,0.04421113
713B,0.19263405,0.999016,0.8697188,0.08248573
714A,-0.14146341,0.9032047,0.3895447,0.23820308
714B,-0.37589434,0.89721364,0.5231886,0.20188376
715A,-0.47759563,0.9210124,0.6773736,0.3758573
715B,-0.54503465,0.9225552,0.71363914,0.3878023
716A,-0.24705882,0.93619365,0.8254905,0.11015324
716B,-0.29353234,0.93605685,0.83199453,0.12137541
717A,-0.62249,0.86704254,0.12683071,0.36844164
717B,-0.67253524,0.899773,0.5414244,0.34812468
718A,0.06662064,0.8917633,0.76264864,0.096492976
718B,0.2962314,0.9302506,0.8103746,0.051506303
719A,0.0404719,0.6664531,0.20460415,0.0693279
719B,0.04145937,0.704372,0.2118892,0.080164336
71A,0.0088495575,0.92917055,0.39581797,0.29579753
71B,-0.02038925,0.9014591,0.522074,0.26855576
720A,-0.48173913,0.92395616,0.24297914,0.27673292
720B,-0.36468774,0.9014385,0.25399947,0.2533016
721A,-0.4036024,0.784743,0.30162215,0.11456858
721B,-0.5121556,0.7620424,0.25983575,0.09686402
722A,0.02680566,0.8366212,0.4534496,0.09135164
722B,0.08414425,0.7964508,0.37627572,0.10149421
723A,-0.016233766,0.8315181,0.45400578,0.14056896
723B,-0.36392406,0.8259833,0.46887892,0.16033547
724A,-0.14347826,0.8998145,0.82191676,0.073961794
724B,-0.086801425,0.8956789,0.8262552,0.044553645
725A,-0.60818714,0.94800484,0.7182293,0.17865537
725B,-0.3114485,0.9989236,0.8103258,0.13431074
726A,-0.33504626,0.8579923,0.32959133,0.09919055
726B,0.03944125,0.90495867,0.2971422,0.09357302
727A,0.13859746,0.88269234,0.38731453,0.1077467
727B,0.21142857,0.85900927,0.39748448,0.077398315
728A,-0.40789473,0.92609185,0.43168145,0.1694319
728B,-0.33434883,0.92380625,0.47432488,0.1426158
729A,-0.3855097,0.88400733,0.63054717,0.15468341
729B,-0.43625405,0.8796396,0.6151096,0.15213811
72A,-0.50563747,0.9169711,0.6002388,0.13922542
72B,-0.4577573,0.90670717,0.6817248,0.10110397
730A,0.15137872,0.87047035,0.53730357,0.12432781
730B,0.1824355,0.7885548,0.48298264,0.1005774
731A,-0.3518776,0.9331162,0.6446068,0.14682059
731B,0.034679335,0.94748914,0.7571337,0.12642694
732A,-0.10420842,0.8408203,0.6186428,0.12492922
732B,-0.022065314,0.8488275,0.57217354,0.14454943
733A,-0.005230623,0.8995816,0.4617152,0.14750104
733B,-0.40846995,0.9560521,0.45356622,0.11377771
734A,-0.07453507,0.87428856,0.24112427,0.12857278
734B,-0.012291052,0.8718577,0.2892351,0.113384396
735A,0.09262623,0.8553443,0.5693945,0.17092314
735B,0.12539987,0.8570925,0.51611006,0.15685074
736A,-0.0024647887,0.9287886,0.3612811,0.1337816
736B,-0.33466667,0.9027836,0.34803027,0.13698846
737A,-0.7,0.8877302,0.5034482,0.12150169
737B,-0.1359852,0.8895402,0.5491257,0.1091184
738A,0.03968566,0.8304967,0.2947284,0.06918473
738B,0.06710311,0.8482558,0.33190793,0.08182565
739A,-0.43625087,0.7078694,0.3868323,0.09471788
739B,-0.39839035,0.79758435,0.3605724,0.1359269
73A,-0.20996135,0.8958687,0.5944044,0.1486443
73B,-0.31501764,0.907223,0.5731059,0.1611282
740A,0.13534316,0.8489526,0.49121502,0.08719325
740B,0.1374178,0.85413104,0.48441973,0.08309618
741A,-0.6506024,0.96542454,0.3648181,0.34799743
741B,-1.0,1.0,0.14224635,0.47454843
742A,-0.2031217,0.7373289,0.3338746,0.11875202
742B,-0.159438,0.7495712,0.47603208,0.15649785
743A,-0.0054054055,0.9209949,0.43356958,0.1600695
743B,-0.2937063,0.9335038,0.41194263,0.13422732
744A,-0.54285717,0.95998,0.52181363,0.29925162
744B,-0.2361516,0.9231678,0.3513686,0.34309196
745A,-0.1635514,0.88737017,0.46487954,0.11495447
745B,0.056086257,0.9939486,0.4772622,0.16232774
746A,0.104347825,0.83597344,0.5115553,0.09258957
746B,0.10687831,0.90666366,0.5654471,0.088624015
747A,-0.5681736,0.8966985,0.53599524,0.22785689
747B,-0.5810861,0.9030941,0.54826105,0.3141805
748A,0.024474023,1.0,0.7959627,0.11086584
748B,-0.24169742,1.0,0.7934214,0.10889967
749A,-0.26166755,0.7935484,0.2789537,0.13236746
749B,-0.116995074,0.78452605,0.27287024,0.12468653
74A,0.01861862,0.9124476,0.85370344,0.04083803
74B,-0.22727273,0.9263439,0.79357386,0.15019491
750A,0.19407009,0.8353595,0.5972053,0.081373975
750B,0.18016046,0.83374256,0.61700135,0.09988306
751A,0.10391645,0.8188034,0.54776573,0.08797294
751B,0.011049724,0.9131086,0.49617517,0.14130798
752A,-0.39808017,0.94198227,0.70061964,0.22300397
752B,-0.15777351,0.94983923,0.7021554,0.20714141
753A,-0.34778512,0.8961284,0.71548736,0.17630234
753B,-0.1277937,0.8826962,0.75300384,0.11415368
754A,-0.962963,0.9977169,0.3633246,0.17925885
754B,-0.31195337,0.99885255,0.46434492,0.17238444
755A,-0.44727892,0.88397926,0.4115697,0.08431738
755B,0.1724138,0.9323551,0.4224863,0.08882299
756A,-0.048118986,0.9170497,0.6042217,0.19226979
756B,-0.18502362,0.9147117,0.69077677,0.17399791
757A,-0.1615509,0.90701914,0.41116038,0.17944488
757B,-0.115384616,0.90674347,0.416923,0.16671097
758A,-0.40880504,0.94732994,0.4335831,0.17612791
758B,-0.4632713,0.91250855,0.49684232,0.16823407
759A,-0.4177832,0.94163644,0.62860084,0.16218847
759B,-0.22373123,0.93483835,0.64783496,0.17226242
75A,0.5887522,0.8857271,0.8058677,0.021865549
75B,0.40937144,0.88934696,0.80732465,0.022252923
760A,-0.014723927,0.80858606,0.42813128,0.11004448
760B,-0.004613019,0.8561814,0.3719321,0.10593175
761A,-0.12226776,0.9619107,0.5833424,0.21130632
761B,-0.96330273,0.95270014,0.48879158,0.29371166
762A,-0.50493544,0.9094488,0.67683595,0.23335269
762B,-0.46067417,0.90074074,0.55774254,0.322912
763A,-0.49881798,0.87119603,0.015453462,0.08739436
763B,-0.2688679,0.20843092,-0.022472676,0.034773756
764A,-0.2501792,0.9167935,0.56487304,0.19492552
764B,-0.31844157,0.92057437,0.57555604,0.19569091
765A,-0.3710175,0.84761155,0.4320437,0.14894341
765B,-0.24240752,0.82373095,0.45526788,0.13690421
766A,0.020685198,0.9342723,0.75374925,0.10630688
766B,-0.484,0.94087285,0.7290619,0.1466889
767A,-0.36559343,0.8562686,0.49312663,0.11377756
767B,0.19180736,0.82095665,0.5361858,0.091128215
768A,0.15878788,0.91676867,0.6594682,0.09286617
768B,0.04324684,0.9709091,0.71393013,0.09224311
769A,-0.0096982755,0.9006574,0.6147641,0.12155443
769B,0.027422303,0.8922479,0.552763,0.13435803
76A,-0.48324326,0.7345062,0.43076763,0.08586339
76B,-0.36144578,0.81602377,0.4268769,0.09507961
770A,-0.1379845,0.8804781,0.51151896,0.17312258
770B,-0.49787235,0.8817734,0.5762279,0.20318714
771A,0.056311984,0.8902552,0.5262729,0.13021076
771B,0.08137496,0.9090164,0.55038106,0.12943576
772A,0.14782867,0.8830645,0.589899,0.106589116
772B,0.11747851,0.89554566,0.62505877,0.1042249
773A,-0.35135135,0.92,0.5366348,0.2314464
773B,-0.21793863,0.91527265,0.5450485,0.22946082
774A,0.013371151,0.8280416,0.5157113,0.12951986
774B,0.18122977,0.83600426,0.7270225,0.038384717
775A,0.42372882,0.9230385,0.854061,0.021069191
775B,0.36555892,0.9286644,0.8473612,0.04959238
776A,0.119434044,0.8542007,0.59127676,0.13774261
776B,0.13028976,0.897747,0.58615035,0.12719202
777A,-0.4381271,0.824431,0.35261264,0.3034941
777B,-0.46377164,0.82533365,0.3099664,0.33419263
778A,-0.040935673,0.9218915,0.8452996,0.09722498
778B,-0.17791411,0.9299335,0.84654003,0.088880256
779A,0.15593562,0.9100615,0.67421913,0.0949701
779B,0.18449084,0.9018868,0.5996311,0.1094211
77A,-0.24324325,0.86573535,0.6360892,0.13479924
77B,0.05451214,0.8605162,0.6062806,0.13975959
780A,-0.995086,0.8675907,0.40070295,0.1761963
780B,-0.9892473,0.9109063,0.42655635,0.21738783
781A,-0.3327601,0.87945265,0.47573945,0.23057209
781B,-0.4252669,0.8873215,0.72507274,0.15882061
782A,0.13065933,0.7652871,0.429897,0.08956507
782B,0.1163233,0.7505295,0.38716036,0.108070515
783A,-0.29411766,0.9040543,0.7605157,0.11760491
783B,-0.2707659,0.90436935,0.7437955,0.118193954
784A,0.30054906,0.84402657,0.74564505,0.024661666
784B,0.37947306,0.8711613,0.76467586,0.034985024
785A,-0.42024964,0.9340278,0.8472774,0.18246076
785B,-0.45709828,0.9295238,0.8302341,0.22212528
786A,0.57261986,0.90903723,0.83984905,0.022838091
786B,0.58166784,0.9136391,0.84016705,0.0221674
787A,-0.30126184,0.7276342,0.41346818,0.090339
787B,-0.20509194,0.73178256,0.44427308,0.090939514
788A,0.091351025,0.8613861,0.57782114,0.106068455
788B,0.06475159,0.85519314,0.53736204,0.103960246
789A,-0.17177345,0.8933816,0.5262372,0.14769286
789B,-0.22423147,0.93735105,0.4776812,0.18166679
78A,-0.097486205,0.9537849,0.7393024,0.12767804
78B,-0.31578946,0.99927455,0.7162194,0.14661047
790A,-0.39988846,0.8549072,0.49437958,0.18056872
790B,-0.22229551,0.87670696,0.47522473,0.15998858
791A,-0.37691003,0.8891486,0.5256194,0.16171329
791B,-0.5145845,0.8713401,0.4063337,0.18345806
792A,0.17210683,0.92453706,0.8524554,0.035222054
792B,0.60573375,0.9272329,0.8476413,0.028821506
793A,0.01171875,0.917692,0.6077069,0.20124961
793B,0.005586592,0.9287113,0.7345545,0.14736839
794A,-0.43309352,0.89433384,0.37888467,0.22615974
794B,-0.4950249,0.76324207,0.22185712,0.10984682
795A,-0.45084745,0.92313606,0.5680388,0.19578362
795B,-0.22651933,0.93041605,0.6378118,0.1548523
796A,-0.30892956,0.9067744,0.5007006,0.15766722
796B,-0.12618949,0.9256678,0.53853524,0.19584359
797A,0.17857143,0.8980199,0.79457974,0.095549405
797B,0.25696173,0.912379,0.7671942,0.12823823
798A,-0.17715533,0.89098996,0.4550227,0.1137582
798B,-0.08111702,0.89073735,0.44401962,0.14342849
799A,-0.07180202,0.8720749,0.329577,0.14865048
799B,-1.0,0.888,0.3205549,0.18385945
79A,0.1526286,0.93542653,0.67490447,0.08637885
79B,0.35419354,0.92515534,0.671854,0.078455605
7A,0.1680798,0.8242089,0.51863825,0.07077007
7B,-0.1615925,0.81212676,0.41855443,0.13129237
800A,-0.5867403,1.0,0.75501287,0.16410956
800B,-1.0,1.0,0.66455865,0.39000183
801A,-0.9705882,0.9994878,0.17464095,0.25436676
801B,-0.99707603,0.9459459,0.036608312,0.4176593
802A,0.59313923,0.91933817,0.85098195,0.019745061
802B,0.5735978,0.9057296,0.84777915,0.019345405
803A,0.07710699,0.86600494,0.5915125,0.09287443
803B,0.09090909,0.8375772,0.57434845,0.0918805
804A,-0.0063211126,0.8835979,0.5521089,0.16588666
804B,-0.01954652,0.8802804,0.54376155,0.15946642
805A,0.055421688,0.9328234,0.73214066,0.19888903
805B,-0.07053942,0.9410101,0.79720736,0.11871402
806A,-0.0015710919,0.8771667,0.80085707,0.02901483
806B,-0.03664224,0.895234,0.79607856,0.029736986
807A,-0.66085386,0.9051431,-0.14699697,0.30512887
807B,-0.77757007,0.89355904,0.14936665,0.36730218
808A,-0.26399097,0.9069876,0.5772567,0.20041534
808B,-0.27476415,0.9206706,0.62332475,0.20834272
809A,0.035415325,0.8710787,0.4436675,0.19883616
809B,0.082029395,0.8741328,0.46134424,0.14815888
80A,0.09291339,0.9024823,0.6970229,0.1782095
80B,0.077988,0.916955,0.72766143,0.17451715
810A,-0.35971898,0.8708083,0.47011954,0.11916239
810B,-0.70127773,0.851586,0.48685804,0.23073082
811A,-0.45402297,0.8689767,0.43295532,0.16771652
811B,-0.27622595,0.871042,0.4996984,0.1475738
812A,0.46153846,0.914429,0.84122884,0.028892472
812B,0.5391517,0.9121249,0.82074773,0.030163938
813A,-0.28146452,0.94836956,0.7973981,0.10940457
813B,-0.4609375,0.94975287,0.80830836,0.10841876
814A,-0.12878254,0.8925278,0.55449176,0.12372337
814B,-0.23514211,0.878607,0.55682874,0.08878447
815A,-0.028093245,0.89851004,0.5103073,0.192905
815B,0.04456641,0.8593272,0.55011123,0.12554595
816A,-0.037649978,0.99733686,0.73231,0.1655406
816B,-0.08001749,0.9453362,0.66361564,0.17680998
817A,0.1435823,0.817714,0.5078466,0.093001105
817B,0.04834308,0.8265833,0.46251154,0.09757663
818A,-0.39723504,0.85980284,0.43697977,0.14667434
818B,-0.4255112,0.883811,0.34515586,0.1540041
819A,0.052009992,0.9144068,0.6583641,0.13644397
819B,0.0072072074,0.9231704,0.6650272,0.14397457
81A,0.12038763,0.91350394,0.54806805,0.17294338
81B,-0.071428575,0.90804595,0.42805022,0.14293483
820A,-0.9512195,0.9285714,-0.16089138,0.2214643
820B,-0.9512195,0.9285714,-0.116917014,0.21457753
821A,-0.5196195,0.95637685,0.70230657,0.13331887
821B,-0.97727275,0.99717116,0.61471736,0.26280478
822A,0.07903571,0.82499385,0.610357,0.098562986
822B,-0.15244596,0.81056255,0.5580714,0.17107433
823A,0.024221454,0.9417239,0.44973984,0.21221629
823B,-0.35829958,0.95519716,0.4112416,0.22559766
824A,0.0056041246,0.90407485,0.656513,0.09438626
824B,-0.10288066,0.9145751,0.6793827,0.110825434
825A,-0.08923743,0.9300828,0.7271713,0.08178836
825B,0.017910447,0.9325578,0.7219496,0.086549304
826A,-0.47458953,0.9377231,0.38572705,0.28030896
826B,-0.650414,0.950175,0.20373559,0.3252345
827A,-0.24596514,0.892967,0.5945153,0.15803109
827B,-0.17086332,0.8968227,0.5378364,0.18101211
828A,-0.41403025,0.92827004,0.67673796,0.1467349
828B,-0.52696455,0.93122274,0.6892596,0.14488743
829A,-0.09495897,0.9182757,0.7371468,0.13446893
829B,-0.2901879,0.9114566,0.7676187,0.103030175
82A,-0.70267934,0.92406034,0.30455285,0.12230469
82B,-0.049546633,0.9433225,0.24707808,0.106329456
830A,0.04851625,0.71681875,0.2750072,0.047700536
830B,0.065929726,0.8321753,0.30931324,0.042095426
831A,-0.48776758,0.8880453,0.4144737,0.13588451
831B,-0.28045174,0.88727486,0.45989567,0.11452899
832A,-0.0071888007,0.8411347,0.39327282,0.16413724
832B,0.07984791,0.887522,0.3532743,0.14802052
833A,0.20390323,0.739187,0.40811408,0.076678224
833B,0.18440954,0.75153136,0.42157987,0.07336987
834A,-0.37751108,0.9133023,0.6696958,0.16428909
834B,-0.35535535,0.90258104,0.5692974,0.16759786
835A,-0.45570776,0.89111346,0.39515647,0.10042266
835B,-0.46517625,0.89469266,0.46037245,0.1291055
836A,-0.24210526,0.8662769,0.66602683,0.1654615
836B,-0.14741641,0.8893054,0.7359976,0.112817876
837A,0.04607721,0.8330059,0.59256804,0.11996697
837B,0.059602648,0.88054883,0.5949477,0.10436952
838A,0.06452609,1.0,0.61623895,0.15564507
838B,0.06488156,0.9166667,0.58304816,0.14233689
839A,0.021138212,0.73953485,0.5454191,0.09838642
839B,0.09379178,0.76713336,0.5486374,0.09760299
83A,-0.14790659,0.9359334,0.61122525,0.16586785
83B,-0.079867505,0.943561,0.5423447,0.19653209
840A,0.030548796,0.894452,0.4578337,0.1333579
840B,0.0031302674,0.8656885,0.4812331,0.12081532
841A,0.10781991,0.7759087,0.5102105,0.08836486
841B,-0.46666667,0.71903217,0.5168308,0.08725741
842A,-0.053159043,0.95823663,0.34468964,0.13006708
842B,-0.053875238,0.9015483,0.3159032,0.14200662
843A,-0.03507271,0.8553978,0.5303607,0.24137017
843B,-0.024507834,0.871737,0.5184734,0.24033813
844A,-0.2715655,0.9546248,0.68280256,0.218111
844B,-0.38043478,0.9626327,0.7668074,0.17953646
845A,0.44723618,0.8959423,0.8153415,0.028034002
845B,0.60948443,0.8947368,0.81692696,0.027267404
846A,-0.46119624,0.808867,0.4305483,0.14961462
846B,-0.5643856,0.86820036,0.42390904,0.16811438
847A,0.08411215,0.9249707,0.66724145,0.16252182
847B,-0.08095781,0.92178774,0.7011956,0.14530307
848A,-0.10276002,0.81553704,0.42302588,0.19470613
848B,-0.10995671,0.7801047,0.26374593,0.1621059
849A,-0.10475568,0.87892723,0.75763714,0.056762524
849B,0.23845428,0.87277514,0.7447817,0.046816405
84A,-0.11042508,0.89360905,0.4546181,0.24170886
84B,-0.0671527,0.89345324,0.57469964,0.18686911
850A,0.05247898,0.9532668,0.77431226,0.10862407
850B,0.01297097,0.9650638,0.7650965,0.104417704
851A,-0.04968153,0.78223497,0.42059308,0.101946026
851B,-0.17032968,0.87775064,0.47115064,0.10475672
852A,-0.2137031,0.93098277,0.5723492,0.21591105
852B,-0.278169,0.9392761,0.50984764,0.21516302
853A,0.09536542,0.8993273,0.41205966,0.13703795
853B,0.089108914,0.85682917,0.45933026,0.14027935
854A,-0.19817768,0.8225146,0.50966823,0.11619819
854B,0.19724771,0.78497326,0.49968073,0.044929687
855A,-0.26679897,0.8864912,0.5423416,0.12442108
855B,0.05722071,0.9145976,0.5893115,0.11463206
856A,0.1230808,0.91621214,0.78075945,0.09820763
856B,-0.15736552,0.92949045,0.84705746,0.1125017
857A,-0.4366454,0.8940237,0.4179418,0.13746062
857B,-0.72,0.89457834,0.44241226,0.17983577
858A,-0.010135135,0.9285714,0.7108435,0.06350678
858B,-0.11801242,0.9055794,0.6814346,0.072609454
859A,-0.4423745,0.92914724,0.5854512,0.22920287
859B,-0.3907875,0.921203,0.58082277,0.23339
85A,0.094942026,0.9392659,0.48909754,0.09315363
85B,0.11608391,0.9549707,0.51465523,0.12855549
860A,0.21020949,0.85973084,0.6578441,0.067683116
860B,0.12576832,0.8514559,0.66048384,0.06519343
861A,-0.5154185,0.89168113,0.41908103,0.18226376
861B,-0.47956133,0.9074136,0.35141528,0.1515993
862A,-0.9858156,0.94167167,0.64901924,0.27387777
862B,-0.96875,0.9492895,0.6610159,0.2440291
863A,-0.32401526,0.9257673,0.39982426,0.16364534
863B,-0.080328904,0.9160207,0.37674353,0.14698069
864A,-0.14453782,0.81255686,0.37152213,0.17244221
864B,-0.24151185,0.8819368,0.42356062,0.19827884
865A,0.27549824,0.8446777,0.68619776,0.061770756
865B,0.2753371,0.8907869,0.6945001,0.06467278
866A,-0.4099379,0.8898078,0.39418975,0.28290522
866B,-0.35015136,0.8913738,0.7240031,0.231224
867A,0.34784135,0.93841463,0.89577925,0.041015115
867B,0.41940188,0.9410092,0.9015417,0.020522602
868A,-0.4921191,0.93036026,0.8230541,0.23152737
868B,0.6282946,0.9273151,0.8669462,0.02071833
869A,-0.21413721,0.8890667,0.3992607,0.19721025
869B,0.08275174,0.88950276,0.49648094,0.20358047
86A,-0.040849272,0.79756534,0.3450054,0.1299807
86B,0.04690743,0.7841349,0.32466537,0.1385287
870A,-0.41158536,0.9440525,0.5311362,0.23440705
870B,-0.4187192,0.9187069,0.5390997,0.2407966
871A,-0.27113703,0.8904301,0.46777773,0.13960908
871B,-0.35694656,0.9151028,0.476967,0.19467418
872A,0.21856365,0.9288402,0.8433393,0.06980345
872B,0.3444414,0.92699295,0.8555265,0.05413723
873A,0.54131967,0.9252861,0.85633683,0.020972267
873B,0.461822,0.92315084,0.85225326,0.023091752
874A,-0.0033994333,0.86728483,0.4731325,0.14710493
874B,0.07872697,0.8744113,0.52269757,0.1429528
875A,0.049749162,0.84158105,0.63410306,0.0987744
875B,-0.68231046,0.8864027,0.5955901,0.13400635
876A,-0.18228719,0.862038,0.47034243,0.14889412
876B,-0.09379968,0.86235756,0.45394924,0.13170816
877A,-0.44802496,0.88466877,0.571675,0.15014118
877B,0.18771186,0.8781184,0.63858384,0.15505233
878A,-0.4127726,0.9163927,0.53739935,0.14389968
878B,-0.27878788,0.922385,0.6257277,0.16172531
879A,-0.41196582,0.8485059,0.50383615,0.11882718
879B,0.023558082,0.88482416,0.58867335,0.082308136
87A,0.19806296,0.8594531,0.5087422,0.081186146
87B,0.22523344,0.84144086,0.51314026,0.06756748
880A,-0.0058577405,0.89827365,0.62081724,0.11501894
880B,-0.5163399,0.9031286,0.63634825,0.1660887
881A,0.09860423,0.7516285,0.6597194,0.031665448
881B,0.47075903,0.76468277,0.6670762,0.030991726
882A,0.053133514,0.9178213,0.65944135,0.11888112
882B,-0.2951945,0.9330855,0.6550349,0.12033793
883A,-0.29495615,0.8906449,0.7143254,0.13327815
883B,-0.19409594,0.89542484,0.7368742,0.13085201
884A,-0.33333334,0.9011108,0.5433804,0.12413303
884B,-0.22692308,0.9107639,0.5862129,0.12589292
885A,-0.32034248,0.91241354,0.48735046,0.14213464
885B,-0.08431044,0.91654134,0.5307157,0.1463544
886A,0.06810204,0.9110111,0.7220715,0.12448691
886B,0.02838838,0.8994458,0.6618706,0.1436539
887A,-0.9459459,0.9681236,0.60447335,0.09944453
887B,-0.69536424,0.9273356,0.54034495,0.10394459
888A,-0.3056093,0.9399015,0.5313848,0.19523856
888B,-0.29917106,0.9993667,0.54344654,0.18269415
889A,0.062432725,0.88916624,0.43683052,0.2014489
889B,0.052328374,0.8809907,0.47737083,0.18519412
88A,0.43146417,0.856833,0.76061594,0.031610787
88B,0.35986453,0.855144,0.74885523,0.03336678
890A,-0.99603176,0.94651014,0.14045723,0.53803104
890B,-0.99298245,0.9497207,0.063634634,0.61434543
891A,-0.7486911,0.89001846,0.51713896,0.11616889
891B,-1.0,0.87648576,0.4609084,0.1897976
892A,-0.113702625,0.8887075,0.4985492,0.1361176
892B,-0.43823528,0.8907529,0.44977713,0.13977073
893A,0.09342704,0.8771457,0.6501338,0.10151295
893B,0.076195136,0.88586533,0.70658815,0.09882779
894A,-0.26386556,0.8920724,0.31999213,0.11735119
894B,-0.28759894,0.87843704,0.37652057,0.13474639
895A,-0.46165264,0.90186536,0.6843463,0.17643943
895B,-0.2657385,0.91241753,0.62328225,0.20737997
896A,-0.0009237022,0.90471625,0.5624713,0.12503217
896B,0.09267793,0.9148372,0.5748316,0.10756859
897A,-0.028945554,0.8990376,0.6672809,0.12012927
897B,-0.18688525,0.89607674,0.7037541,0.16464047
898A,-0.12905551,0.8735927,0.650161,0.14862147
898B,0.10898531,0.87290895,0.74568594,0.08897887
899A,0.27226228,0.91329175,0.81457853,0.062895976
899B,0.1738306,0.9035318,0.7578018,0.109753706
89A,-0.3611594,0.9190184,0.62802374,0.1930933
89B,-0.4751491,0.9102443,0.62108946,0.18826433
8A,-0.38848922,0.95913666,0.49404478,0.23872757
8B,-0.45365053,0.9647168,0.56218934,0.22913283
900A,-0.982906,0.94323325,-0.25778714,0.46442583
900B,-0.7136752,0.9313012,-0.4009037,0.12800194
901A,-0.22962964,0.84175706,0.46526802,0.15658025
901B,-0.25324115,0.85106385,0.47099996,0.18496202
902A,0.016747534,0.91772944,0.40871698,0.14100243
902B,-0.42945418,0.7900897,0.34483063,0.12743792
903A,-0.071428575,0.8977549,0.2567644,0.19627173
903B,-0.14725275,0.8843683,0.4247258,0.17639671
904A,0.21639657,0.9675951,0.57120126,0.09855336
904B,-0.10092744,0.8635927,0.49628055,0.112469055
905A,-0.99019605,0.9390181,0.2501165,0.6332473
905B,-0.98039216,0.9236326,0.40024912,0.45699397
906A,0.13268608,0.79075426,0.42499632,0.10782949
906B,0.09239766,0.8072289,0.42636698,0.123406574
907A,-0.31544256,0.8805827,0.65079355,0.11591716
907B,-0.15587428,0.8930826,0.6746275,0.14335382
908A,0.104739614,0.8555229,0.60956365,0.10818066
908B,0.13275668,0.8761905,0.597253,0.11707495
909A,-0.32021195,0.89400417,0.57731426,0.14754479
909B,-0.4777956,0.90897155,0.53490657,0.18621953
90A,-0.0068667843,0.92700255,0.5832803,0.19751646
90B,0.15067407,0.9240868,0.51832646,0.22022036
910A,-0.0024125453,0.9088803,0.57160264,0.1850815
910B,-0.0043975376,0.90813124,0.466384,0.14577773
911A,-0.6465638,-0.30112922,-0.4457879,0.07171335
911B,-0.6637998,-0.41798943,-0.54464793,0.035935897
912A,-0.30567965,0.8589962,0.7644472,0.07821164
912B,-0.35034674,0.877551,0.7291726,0.10598562
913A,0.14579508,0.8502437,0.46626002,0.12357056
913B,0.19862029,0.8336958,0.44984865,0.125397
914A,-0.30615997,0.8687273,0.3071531,0.19063367
914B,-0.28659877,0.8666828,0.33222154,0.19939531
915A,-0.38604078,0.9136977,0.17655443,0.49116537
915B,-0.414966,0.89160573,0.7304962,0.13528301
916A,0.38146457,0.7894027,0.62843513,0.051214855
916B,0.33127698,0.7859238,0.57298404,0.05158982
917A,0.63103956,0.9054923,0.84928685,0.018947337
917B,0.62474227,0.9050568,0.84691304,0.018992914
918A,-0.40809968,0.9226354,0.540619,0.19754678
918B,-0.31707317,0.9152306,0.083401196,0.3611767
919A,0.09660297,0.9258182,0.49786502,0.22423553
919B,0.12294128,0.8917824,0.5401335,0.21820131
91A,-0.23294593,0.8805913,0.64269227,0.17590198
91B,0.16700345,0.8960094,0.77594256,0.08255516
920A,0.27645525,0.90101767,0.8222128,0.034960844
920B,0.6104495,0.89740205,0.82242143,0.022648213
921A,-0.37994722,0.2591171,-0.029593088,0.070269816
921B,-0.3706607,0.2583784,-0.028501961,0.06856827
922A,0.029658923,0.87096775,0.6210899,0.09579561
922B,-0.037928727,0.87709075,0.62576324,0.08868075
923A,-0.1091703,0.8489526,0.31566975,0.12237813
923B,-0.22161627,0.88143325,0.43282902,0.09977855
924A,-0.36752138,0.84806263,0.3856237,0.14512162
924B,-0.27828056,0.84371006,0.34720603,0.12514444
925A,-0.2664503,0.79520893,0.4130298,0.09471816
925B,-0.30621868,0.77358943,0.36075532,0.11244979
926A,-0.22837706,0.10147992,-0.05305807,0.032852188
926B,-0.22155689,0.11130435,-0.050775476,0.03564104
927A,0.08520179,0.90123975,0.717433,0.09046761
927B,0.120525934,0.89193976,0.7288475,0.09896656
928A,0.012899607,0.91022444,0.32674327,0.12984248
928B,0.038724374,0.89071035,0.37650573,0.12343314
929A,-0.09283019,0.91424906,0.8331307,0.032575335
929B,0.6069519,0.905804,0.8341235,0.021424474
92A,-0.076745525,0.7179689,0.19389859,0.09992134
92B,-0.013051585,0.7227787,0.17379892,0.08150189
930A,-0.5270936,0.91138715,0.55265576,0.24843702
930B,-0.8655617,0.90409356,0.5001774,0.21994066
931A,0.33499688,0.8877964,0.6890209,0.08502386
931B,0.26068112,0.8966165,0.75468194,0.06495616
932A,0.13880445,0.8541374,0.5719923,0.10580968
932B,0.16324063,0.8227463,0.5181144,0.13457935
933A,-0.6267239,0.8088235,0.4745785,0.078377604
933B,-0.60897434,0.8496583,0.51215005,0.072918616
934A,0.14442162,0.8673575,0.58243567,0.11374235
934B,0.12323232,0.9014685,0.52918786,0.10060275
935A,-0.24813008,0.87342995,0.3956364,0.19034718
935B,-0.2900045,0.8900358,0.45348555,0.18608324
936A,0.42622277,0.92420936,0.8378688,0.036425468
936B,0.2403599,0.9190051,0.83346283,0.03680792
937A,-0.49788892,0.8584737,0.59133846,0.22665028
937B,-0.3117371,0.8441282,0.49066082,0.17723623
938A,-0.08672567,0.9135608,0.7364582,0.15105419
938B,-0.052388288,0.9219701,0.76451945,0.09960559
939A,-0.6823821,0.9183381,0.7285094,0.3745495
939B,-0.65482235,0.92416525,0.63584924,0.35672292
93A,-0.24358974,0.82950485,0.35796043,0.13349865
93B,0.076233186,0.77182645,0.28002942,0.08403287
940A,0.04467641,0.9603306,0.65206826,0.2268976
940B,0.128634,0.96878254,0.77084494,0.13826644
941A,0.23728389,0.94348896,0.86208797,0.049535308
941B,0.20408164,0.94417864,0.8611248,0.076621585
942A,0.05238415,0.7303448,0.26862553,0.10518741
942B,-0.2396075,0.76128095,0.29845238,0.111910515
943A,-0.53030765,0.8073951,0.39221796,0.08249289
943B,-0.37567732,0.8517001,0.39071596,0.118059225
944A,0.19565792,0.81433564,0.6588645,0.074245945
944B,0.11090226,0.80397266,0.62024486,0.089678176
945A,-0.22582826,0.8916834,0.69687426,0.17870462
945B,-0.02550091,0.8661782,0.727152,0.15684906
946A,-0.4536983,0.94115883,0.7501879,0.19423503
946B,-0.25581396,0.9730185,0.85778093,0.08092677
947A,-0.050233323,0.9969789,0.41824168,0.16482334
947B,0.12542373,0.9980714,0.54593015,0.1415121
948A,-0.4909091,0.8337512,0.2876847,0.1283572
948B,-0.29850745,0.85710824,0.33927238,0.18235524
949A,-0.5839196,0.8775913,0.060121566,0.23891042
949B,-0.5226481,0.9423876,0.5807737,0.23603873
94A,-0.2850679,0.8553936,0.5960095,0.16643293
94B,-0.39937598,0.84819067,0.5487338,0.21369594
950A,-0.34126985,0.8843323,0.5342835,0.21527913
950B,-0.22912621,0.9125,0.46127114,0.24273708
951A,0.25092623,0.9263834,0.84154695,0.03214798
951B,-0.5087948,0.93461627,0.84074986,0.15327111
952A,0.18002628,0.89980835,0.8017907,0.056493174
952B,0.1676221,0.9052188,0.7689433,0.06142321
953A,-1.0,0.9036011,0.549335,0.19729163
953B,-0.49425286,0.8977368,0.6121527,0.1087745
954A,-0.50627613,0.92196405,0.7100109,0.2274535
954B,-0.67346936,0.92745656,0.6438033,0.31288567
955A,0.124860235,0.8282477,0.5111245,0.141578
955B,0.13884711,0.8410264,0.5376115,0.11613504
956A,-0.49265906,0.94668007,0.6078633,0.22632293
956B,-0.46583852,0.9362798,0.7005446,0.16876534
957A,-0.068767436,0.98630136,0.5373745,0.17478253
957B,-0.06470279,0.9911111,0.596695,0.19488582
958A,-0.021214338,0.9156035,0.81843776,0.08130891
958B,-0.17426273,0.9190969,0.7936515,0.101877265
959A,-0.4169279,0.888977,0.48981673,0.18886147
959B,-0.36574075,0.8905254,0.60181785,0.18961428
95A,0.11821705,0.79023886,0.45029593,0.10925972
95B,0.12328767,0.78761756,0.47411734,0.10240897
960A,-0.5745063,0.96205086,0.571143,0.21455841
960B,-0.044112004,0.95870614,0.57513463,0.18199337
961A,-0.31088084,0.89429617,0.57343173,0.08729873
961B,0.11077216,0.9038536,0.6348169,0.11433086
962A,-0.04447501,0.8876462,0.7105669,0.12049991
962B,-0.23244147,0.8829517,0.6968312,0.11061855
963A,0.10625,0.8965566,0.6707975,0.13356142
963B,0.28673086,0.91194266,0.6493256,0.15218131
964A,-0.012398158,0.9910314,0.5625267,0.17460515
964B,0.020194234,0.9527326,0.5562631,0.16923119
965A,0.01519262,0.743197,0.1501454,0.034516543
965B,0.00747198,0.84764105,0.12240614,0.051928684
966A,-0.21456103,0.8801114,0.60734427,0.18720822
966B,-0.2259887,0.8824001,0.61427706,0.18387346
967A,-0.32644957,0.90880275,0.79852706,0.11786878
967B,-0.30456227,0.9103713,0.80508393,0.10457805
968A,-0.20268457,0.9300139,0.38726902,0.3052033
968B,-0.17013463,0.8535565,0.023444891,0.16334225
969A,-0.604,0.8870432,-0.2523844,0.27257857
969B,-0.49466193,-0.07079646,-0.321626,0.040141996
96A,-0.33490846,0.9712426,0.33701694,0.26863682
96B,-0.38048345,0.9673289,0.2779146,0.23569638
970A,0.12773722,0.87542087,0.43609208,0.14973097
970B,0.15689532,0.849381,0.43225962,0.123916246
971A,-0.1627907,0.9309655,0.77579546,0.13649204
971B,0.10071942,0.92676336,0.8168162,0.08800267
972A,-0.98039216,0.914557,0.55796546,0.281721
972B,-0.35576922,0.9047619,0.4850888,0.3170515
973A,-0.35229903,0.9810147,0.29673627,0.18084775
973B,-0.275817,0.9144737,0.26074883,0.11235072
974A,0.012166627,0.89672947,0.4543543,0.16174448
974B,-0.07934352,0.9054746,0.49518436,0.18431091
975A,-0.449182,0.9304572,0.4391473,0.17738062
975B,-0.4927576,0.9204244,0.41664964,0.17791806
976A,-0.09330144,0.78918624,0.33595178,0.11515969
976B,-0.5039902,0.81964386,0.3196836,0.119172916
977A,-0.058453802,0.98476076,0.7295301,0.1262058
977B,-0.18809777,0.9471002,0.736318,0.12031816
978A,-0.033502538,0.8918387,0.7677082,0.09120189
978B,0.0061652283,0.89493304,0.75718284,0.08346506
979A,0.17129822,0.84103894,0.5770219,0.1280418
979B,0.07602339,0.837441,0.54606164,0.1251301
97A,-0.43606558,0.91901946,0.29845333,0.15466243
97B,-0.40233722,0.8793017,0.32680303,0.1398036
980A,-0.37937558,0.8390476,0.32560575,0.11969247
980B,-0.07765452,0.87580615,0.32510003,0.14270167
981A,-0.21799308,0.8959881,0.72645605,0.2247026
981B,-0.34894612,0.8814277,0.32136208,0.4277978
982A,-0.85393256,-0.34308943,-0.6979995,0.034704372
982B,-0.78479195,-0.5824176,-0.6873775,0.020523543
983A,0.064935066,0.84051955,0.5040016,0.091679834
983B,0.07911715,0.81851095,0.48917863,0.12837422
984A,0.2900201,0.8939581,0.78972995,0.048904434
984B,0.29374337,0.90916735,0.80804086,0.039969534
985A,-0.518283,0.92396456,0.8675989,0.087012164
985B,0.40560594,0.9314542,0.8774378,0.035475552
986A,-0.2319842,0.8613576,0.31980014,0.14124426
986B,-0.22605364,0.85403097,0.4461187,0.17089906
987A,-0.17172775,0.8731322,0.40416157,0.13845031
987B,-0.1589896,0.8662352,0.41514862,0.11905536
988A,-0.31126535,0.8500598,0.5200793,0.19860883
988B,-0.14025915,0.8516335,0.47183084,0.14582898
989A,-0.0037523452,0.9115567,0.3891326,0.17970508
989B,-0.08407382,0.89709765,0.40928668,0.14044826
98A,-0.49359813,0.9638875,0.45819288,0.15474722
98B,-0.39958012,0.9599466,0.4552737,0.13890366
990A,-0.2866016,0.8901358,0.3824422,0.112913944
990B,0.08459384,0.8773869,0.4027431,0.072366476
991A,-0.05928854,0.8955078,0.46941864,0.17968449
991B,-0.20267048,0.90301174,0.51607877,0.23288517
992A,0.21517509,0.92904764,0.71701944,0.07277623
992B,0.19853836,0.9302629,0.721905,0.07671828
993A,-0.65536726,0.93154144,0.52471334,0.15839204
993B,-0.5174377,0.91845864,0.4888805,0.17071356
994A,-0.445215,0.8942226,0.52692616,0.10472714
994B,-0.6063561,0.87323403,0.46412438,0.113723576
995A,0.13857229,0.8464123,0.48976296,0.10694443
995B,0.09115646,0.84338295,0.4345563,0.11996145
996A,-0.020704573,0.9003247,0.80773866,0.083646834
996B,-0.6858345,0.9053666,0.65388024,0.37429422
997A,-0.009719223,0.84374094,0.61141855,0.092395574
997B,-0.060009602,0.89322823,0.60759926,0.093959376
998A,0.07672634,0.9582543,0.811648,0.104885206
998B,0.094076656,0.9289645,0.75693154,0.1368648
999A,-0.39645946,0.9433962,0.5712817,0.1718326
999B,0.012315522,0.9770492,0.5965308,0.14361352
99A,0.13163744,0.9414141,0.65453696,0.13507329
99B,0.10730349,0.9066293,0.5938541,0.15303515
9A,0.07866365,0.9052155,0.3508564,0.10367353
9B,-0.06554798,0.8780638,0.33343863,0.11913248
