Base_ID,Image_ID_A_ID,NDVI_Mean_A,NDVI_Std_A,RGB_Mean_A,RGB_Std_A,VV_Mean_A,VV_Std_A,VH_Mean_A,VH_Std_A,Image_ID_B_ID,NDVI_Mean_B,NDVI_Std_B,RGB_Mean_B,RGB_Std_B,VV_Mean_B,VV_Std_B,VH_Mean_B,VH_Std_B
0,0A,0.4198741,0.18805368,59.35852,29.101707,98.94337,25.149336,36.22052,35.76971,0B,0.44205445,0.20520645,62.659954,27.149958,95.60449,22.078629,29.58519,31.129162
1000,1000A,0.85768247,0.071244895,22.158844,11.020837,135.65569,12.117051,82.304985,10.564413,1000B,0.7610148,0.10865606,34.780136,14.468691,121.11505,14.322373,72.60452,12.334583
1001,1001A,0.3234384,0.120327696,104.26001,33.635567,115.642204,15.816455,62.008648,18.568058,1001B,0.30984193,0.13201906,102.217865,32.433945,122.817604,21.104383,63.9982,19.871744
1002,1002A,0.36140037,0.061198242,75.00314,26.77478,110.18423,11.780373,56.584564,14.461262,1002B,0.3879512,0.050841916,69.204414,21.70002,107.664345,11.338058,50.158504,13.032197
1003,1003A,0.62441546,0.15812801,36.169903,21.973907,97.653564,25.679062,47.10217,25.780767,1003B,0.5426847,0.15556598,39.0576,20.560713,108.53861,36.76318,44.22179,31.111513
1004,1004A,0.35728726,0.21014935,92.879295,49.76272,128.75098,19.02026,68.03924,19.35417,1004B,0.3649909,0.16993868,87.09499,40.75842,135.89417,32.0424,79.47535,27.093605
1005,1005A,0.466249,0.20118448,74.175835,46.75958,118.126,18.06407,61.86664,19.501114,1005B,0.5650636,0.20804179,57.46789,46.084328,114.68579,17.135977,65.51978,19.937794
1006,1006A,0.6547561,0.10555225,48.419086,11.31657,143.53227,14.426009,88.45569,13.346479,1006B,0.67870605,0.1057681,47.54648,11.700925,147.19258,10.296534,93.254395,9.776903
1007,1007A,0.40434417,0.22521265,76.241234,44.715534,94.72878,31.291378,37.506737,36.45187,1007B,0.41172862,0.2288966,76.94353,48.15549,98.32018,29.523685,41.35172,36.464863
1008,1008A,0.2904136,0.24141169,95.94468,47.15745,94.035545,26.086205,38.08371,27.210384,1008B,0.4367514,0.1844843,73.23525,28.380226,101.60435,21.564028,47.310894,26.779415
1009,1009A,0.5470661,0.15347455,59.773727,24.882082,112.74665,14.744185,62.272003,18.010622,1009B,0.5695162,0.15478204,56.702564,23.305838,115.2251,13.797455,65.674126,16.607014
100,100A,0.5158725,0.19771236,66.48044,35.146942,118.030174,28.754948,64.37063,28.514532,100B,0.69646955,0.1354234,44.941788,19.586742,119.605705,33.357803,68.915245,33.110027
1010,1010A,0.28676847,0.124740526,80.32938,37.11512,82.78928,20.969414,23.561897,23.047602,1010B,0.29327613,0.08615867,81.29309,32.000134,86.05198,17.397223,29.53418,19.43292
1011,1011A,0.6587931,0.13834411,41.347782,16.699215,126.85437,11.791436,76.48586,10.823705,1011B,0.6588689,0.12413166,44.837757,17.590477,128.15698,11.465999,78.01237,10.872127
1012,1012A,0.6064452,0.081967786,37.13302,9.822352,130.28972,11.463982,73.8495,11.713058,1012B,0.5947585,0.08010199,38.32915,10.117346,126.21442,12.094407,71.19794,12.049774
1013,1013A,0.44015726,0.20370238,52.376904,34.24652,126.95343,55.93359,55.80185,47.61641,1013B,0.44296423,0.21064077,55.034725,36.956062,141.30016,60.05708,75.43052,53.251087
1014,1014A,0.52308774,0.17378366,80.351234,27.96557,120.54281,12.427579,50.31135,18.354475,1014B,0.5011311,0.18271033,78.93052,25.828325,119.341675,15.580784,49.61664,19.933249
1015,1015A,0.5820153,0.15371981,50.44754,21.992964,112.80239,12.8699465,57.31357,14.875946,1015B,0.6244122,0.16395943,46.01836,18.437729,113.381676,12.828017,56.853756,14.694253
1016,1016A,0.42818713,0.104454644,83.3894,27.954193,104.97201,12.126027,57.094387,14.157478,1016B,0.44548374,0.10194597,79.7524,26.047436,107.83136,13.122544,57.492214,15.120741
1017,1017A,0.65449655,0.06960165,47.649734,12.231348,141.06883,9.4065275,86.435814,9.316291,1017B,0.6492565,0.07406484,47.518127,12.523743,140.748,9.179078,86.80715,9.473092
1018,1018A,0.53093344,0.16889693,75.49621,41.807503,111.89734,16.047115,61.169933,19.187027,1018B,0.48084977,0.14981265,80.93517,44.28018,116.37671,15.275211,67.72149,17.69591
1019,1019A,0.854584,0.08370052,18.405252,10.926537,152.50906,38.219612,92.76823,35.487194,1019B,0.72163904,0.12644939,33.13478,16.226126,151.27306,46.185978,93.01585,39.24511
101,101A,0.78942144,0.031774886,38.964523,12.852629,139.30069,9.646522,84.63398,8.706375,101B,0.7907472,0.03498389,37.958485,12.545132,138.66768,9.527958,83.93603,8.699799
1020,1020A,0.3621328,0.16478881,72.57537,19.854677,111.16952,16.336617,38.82302,19.82615,1020B,0.33605948,0.16082594,72.93838,20.696136,117.04895,19.522001,46.280346,21.16259
1021,1021A,0.5002145,0.13979425,74.05109,28.023584,118.45345,18.790123,70.61683,23.364365,1021B,0.48821267,0.20857634,68.73806,20.54262,119.26453,22.68192,72.28119,22.913738
1022,1022A,0.40687552,0.2025786,86.757996,43.407154,118.25714,20.922813,61.305115,25.89256,1022B,0.48489988,0.15659794,65.11774,21.863499,126.53408,16.992199,70.24317,19.498158
1023,1023A,0.87076193,0.02302468,22.436121,8.83286,147.74356,12.253014,93.99239,12.014111,1023B,0.8635404,0.058115177,23.76644,11.272136,147.29826,13.214513,93.922585,12.711112
1024,1024A,0.38615724,0.21916473,72.74055,38.256313,104.507904,30.297436,49.663807,29.169209,1024B,0.3155784,0.16304947,91.73172,42.642094,101.58614,20.439785,38.986515,25.67281
1025,1025A,0.45315692,0.09075693,61.761494,21.40489,105.94101,10.617876,51.38687,12.810151,1025B,0.34373206,0.06144269,73.740204,21.74489,95.79297,10.41501,38.57017,12.678096
1026,1026A,0.45418796,0.1312046,61.94601,18.783033,144.1002,16.537636,92.451324,17.198448,1026B,0.45405754,0.14022307,62.525288,19.43628,144.24142,18.906124,92.39071,19.788628
1027,1027A,0.56948626,0.38249952,21.669243,14.235533,123.86615,32.65138,81.01269,32.204594,1027B,0.687354,0.29765072,27.146097,14.14341,131.3961,25.0056,87.83024,24.656199
1028,1028A,0.49858513,0.089011684,52.44699,14.952313,129.38884,11.390603,76.12598,12.274742,1028B,0.5519962,0.09728227,49.345203,14.182138,131.5519,10.546995,78.158775,11.3606615
1029,1029A,0.3905455,0.07992731,71.118706,17.903635,117.66361,10.918923,61.780598,12.88299,1029B,0.3818316,0.06641522,70.04044,17.520164,112.567566,9.963871,55.508007,11.443997
102,102A,0.40870738,0.107075796,52.804585,21.360138,106.36084,16.382835,52.028015,18.837364,102B,0.39077854,0.15774247,58.78735,30.89008,104.57676,18.09161,48.47887,18.456656
1030,1030A,0.40432954,0.15449567,74.655174,24.469109,130.32658,16.976578,59.90976,21.947227,1030B,0.46334165,0.15725715,65.221436,21.289822,135.8153,17.332493,71.09829,18.354586
1031,1031A,0.4096872,0.07886872,62.242916,23.845774,93.14691,13.542936,41.980682,16.11757,1031B,0.4268149,0.068889216,58.601562,22.067972,93.4082,13.104171,42.89027,15.90539
1032,1032A,0.8358166,0.018698372,26.365997,7.0708327,141.6422,9.337655,88.17844,9.5829,1032B,0.83441675,0.017325304,26.042242,6.81832,143.10655,9.070931,89.931496,9.198661
1033,1033A,0.68652856,0.19660753,41.903038,26.78869,134.37506,37.11116,80.672554,34.807327,1033B,0.7296847,0.2303215,35.532013,22.770897,133.68683,43.710136,80.44257,40.283543
1034,1034A,0.61029994,0.16065978,49.64911,21.74529,133.25142,13.112392,79.24002,14.370618,1034B,0.61445904,0.14123902,51.602448,18.590145,133.46199,12.116376,79.92798,13.7032585
1035,1035A,0.27703154,0.15825593,105.133156,51.01758,110.07322,15.926904,49.550125,21.336994,1035B,0.3172369,0.16775146,97.31536,47.0026,112.56344,15.465169,52.905094,20.895668
1036,1036A,0.39379662,0.10691835,76.275665,23.810478,131.92609,17.059408,70.8496,18.765345,1036B,0.38658786,0.11603883,76.54367,25.714115,136.80641,13.694686,77.2806,14.831917
1037,1037A,0.6033069,0.10371407,39.565006,13.857851,134.04112,20.688509,78.12876,20.20161,1037B,0.5562743,0.12605047,45.013092,18.721117,130.00546,20.703922,74.03378,21.453707
1038,1038A,0.5170779,0.08134572,59.63486,15.094847,100.44941,13.941493,50.88925,17.141901,1038B,0.55963016,0.08698526,61.317455,16.221352,96.51119,14.8204775,48.850723,17.64538
1039,1039A,0.41989717,0.14456126,53.038555,23.041916,95.84226,20.89188,40.665398,25.497276,1039B,0.434867,0.17648923,51.94691,22.915834,87.330345,19.32203,30.442728,22.37171
103,103A,0.29497162,0.12733161,103.80306,32.52313,111.28912,15.59119,54.546356,21.147295,103B,0.28913316,0.12823705,103.470375,33.415127,117.43046,19.71333,59.617413,19.997038
1040,1040A,0.48172647,0.17164163,46.15947,21.159685,128.1515,20.091602,80.26205,20.109602,1040B,0.55105215,0.15880525,47.205708,23.08811,132.71758,19.205011,83.425934,18.87744
1041,1041A,0.86635494,0.01730651,21.773672,8.287731,144.80298,10.033168,90.36846,9.791486,1041B,0.86225414,0.024596132,22.89183,9.142239,142.91162,11.193438,88.27814,10.96679
1042,1042A,0.17889425,0.07367658,159.13515,44.759045,55.556763,19.741796,4.716629,9.640058,1042B,0.16982724,0.059440225,154.06154,40.609962,48.658325,19.767809,3.6793175,8.711254
1043,1043A,0.6956991,0.15419872,37.90816,16.528532,103.66105,15.480778,48.943714,15.185041,1043B,0.77704597,0.14225161,31.959799,16.443682,105.57367,18.460917,51.209934,17.338943
1044,1044A,0.7150108,0.13260081,46.391388,20.38417,116.92678,21.177523,61.269318,17.815475,1044B,0.65272474,0.17341082,50.501846,25.749386,128.26808,26.492945,72.01117,23.836811
1045,1045A,0.13626176,0.052979615,167.96199,44.154587,93.371864,22.527164,3.229416,7.449308,1045B,0.2998643,0.09960788,127.60388,35.64985,93.256386,16.303205,11.621639,13.408093
1046,1046A,0.37959027,0.23968266,56.16524,25.201965,114.80465,17.908802,49.239655,23.18523,1046B,0.49082837,0.26549453,50.513172,25.129213,116.21024,19.036974,54.351826,24.22392
1047,1047A,0.406554,0.14939027,68.41663,20.849606,114.53556,18.643986,57.97,23.699081,1047B,0.5490053,0.11703051,53.70607,14.229951,128.36491,15.364922,75.50825,17.114824
1048,1048A,0.5773339,0.0703371,45.37817,13.46781,131.12518,6.4991007,85.36285,6.9713745,1048B,0.55312026,0.08461713,48.54479,17.048758,130.4305,7.4514685,84.307755,8.336645
1049,1049A,0.5507506,0.37595424,49.54868,21.6893,128.96698,39.06245,73.858154,32.99544,1049B,0.4803069,0.34620875,56.61878,23.246195,125.14846,39.004017,73.775406,32.00395
104,104A,0.6642585,0.08903616,39.864056,13.303807,130.94354,11.186781,85.46824,10.875979,104B,0.6442241,0.20322023,38.22395,13.685027,130.17767,24.057741,85.321915,19.985695
1050,1050A,0.8576598,0.020292863,20.61045,7.2556095,147.02179,17.175451,91.07844,16.494598,1050B,0.85899,0.028999403,20.624384,7.6842403,149.00497,17.126032,92.839806,16.343136
1051,1051A,0.37003386,0.19347772,79.823784,53.42824,119.092445,18.342743,61.5461,21.663385,1051B,0.37751862,0.2070584,76.49522,52.74801,120.687004,18.678087,62.72523,22.089201
1052,1052A,0.57162553,0.10491609,52.809185,13.515645,129.17354,10.782261,78.883095,11.199945,1052B,0.6293421,0.10787356,48.89592,13.991969,132.39499,12.811749,80.94056,12.683686
1053,1053A,-0.043001287,0.3317908,73.26939,50.688946,94.77184,55.909904,40.541035,38.580967,1053B,0.3581113,0.25870892,72.57925,40.21991,119.33438,26.320751,68.64351,27.505579
1054,1054A,0.4529025,0.16467746,61.88316,20.267218,132.05666,22.112759,77.84359,21.578592,1054B,0.43618834,0.16378488,69.967995,27.24746,129.96599,22.46719,73.71395,23.626345
1055,1055A,0.6362761,0.12162368,58.530064,21.162119,111.255005,16.481384,60.106335,16.874966,1055B,0.62528473,0.12902696,60.309772,21.72454,108.68746,16.52468,57.39723,17.38157
1056,1056A,0.65839046,0.14881465,47.345562,21.63702,129.40468,11.874573,80.48617,12.273221,1056B,0.7057042,0.13324909,42.5472,19.81537,133.02087,10.213395,83.80462,10.337896
1057,1057A,0.57030725,0.16984439,54.136646,16.325523,140.37247,13.762109,81.97361,15.571277,1057B,0.47181398,0.18732269,57.77356,16.20871,140.91191,17.529682,81.81252,19.31402
1058,1058A,0.4355252,0.18809555,65.50805,28.96172,104.04159,22.126862,51.637012,24.779488,1058B,0.40883267,0.1773372,67.856155,29.781635,102.44834,22.829323,48.315018,24.819544
1059,1059A,0.5703858,0.19474413,49.84509,23.558592,126.53442,20.035751,65.46235,20.322153,1059B,0.5834024,0.20815219,54.83196,25.406124,127.765724,17.077248,62.134357,16.81371
105,105A,0.5812372,0.0835953,24.065645,12.590006,144.46484,19.252829,67.44182,13.4451475,105B,0.68688035,0.07118024,38.51988,15.5337925,111.27187,19.4117,44.794174,28.95907
1060,1060A,0.50503737,0.17252117,65.805534,22.13927,117.14099,17.46174,55.049274,24.629498,1060B,0.53117216,0.16252623,61.41572,21.973154,118.37362,17.474443,55.483612,24.808401
1061,1061A,0.20404187,0.5770914,29.543386,15.449013,91.4448,49.143047,42.19853,33.07106,1061B,0.18651265,0.65872675,30.905443,18.67304,92.9964,49.608234,45.573105,34.378468
1062,1062A,0.5134109,0.09095984,41.970657,15.100092,116.60331,18.630215,61.131836,17.982115,1062B,0.5022706,0.08297569,40.98816,14.038353,112.77786,16.315214,57.19289,16.102566
1063,1063A,0.4174894,0.13323736,72.88116,29.828552,114.80538,17.77834,51.472153,15.715843,1063B,0.4509954,0.14702958,70.18894,30.659454,114.45814,18.83448,50.80934,17.172604
1064,1064A,0.31928483,0.21016121,71.14756,41.530544,104.47991,19.27956,40.608685,25.570065,1064B,0.22054602,0.14162213,84.20575,36.551544,102.10087,19.439512,34.13265,22.9894
1065,1065A,0.4869586,0.09989977,51.27809,14.547205,114.4989,22.258923,58.253475,25.841776,1065B,0.46262553,0.08256615,46.357464,14.110794,123.32407,20.333582,67.36489,22.505009
1066,1066A,0.6009895,0.079719864,53.24503,12.829004,115.6449,13.209704,61.09372,14.463613,1066B,0.57485706,0.09431603,51.710255,10.823088,108.49243,16.83355,52.62715,16.99444
1067,1067A,0.8097886,0.061046835,29.658922,9.564404,147.58995,21.90119,92.824554,21.196476,1067B,0.8111087,0.054254994,29.78771,10.0503845,137.65439,25.313406,84.7119,24.214533
1068,1068A,0.49189425,0.20878905,60.511562,30.957554,115.61859,22.684795,59.49268,24.330912,1068B,0.49971396,0.19870093,60.48601,28.79128,115.81549,21.369999,61.04784,22.536598
1069,1069A,0.23965432,0.19013453,136.74236,67.17858,93.42007,23.500196,34.71144,24.854826,1069B,0.17907247,0.12401717,151.31252,58.381172,90.45222,24.813814,26.771387,22.71689
106,106A,0.33281687,0.12145945,56.446995,26.04686,85.39255,18.681675,27.976746,21.046146,106B,0.2752145,0.14252244,62.674774,26.756027,81.46781,21.057573,17.107533,21.895039
1070,1070A,0.4193989,0.18855953,67.362526,33.946423,123.46563,24.415565,69.22864,22.960657,1070B,0.56328714,0.20925015,48.534836,28.362455,122.53272,19.22955,71.769714,19.755644
1071,1071A,0.48262557,0.11889215,42.960873,14.753522,124.702324,19.098783,70.14995,19.211092,1071B,0.49454826,0.121404864,41.59035,12.903696,129.75487,20.60885,76.677246,19.817621
1072,1072A,0.70190704,0.07033006,32.489132,9.968719,134.08101,11.809452,79.50292,11.152,1072B,0.71092886,0.07189636,30.156706,8.601068,134.07701,11.372819,78.63995,10.57985
1073,1073A,0.8850433,0.032665532,27.30105,9.65338,130.96797,25.065815,75.799904,24.471663,1073B,0.8866993,0.03164266,27.58243,9.8676605,133.70943,25.192345,78.42349,24.261257
1074,1074A,0.6443816,0.23196541,48.31603,29.043642,136.69914,16.710587,83.76071,13.925475,1074B,0.58840144,0.24699038,53.44779,31.52447,135.47142,20.019331,80.82812,16.832392
1075,1075A,0.43850297,0.20927083,37.923275,20.489927,118.64384,16.102732,43.294445,21.235762,1075B,0.5082302,0.2028412,40.19132,17.158566,117.77334,18.160553,40.890373,19.998295
1076,1076A,0.7426021,0.04402466,26.532913,7.0381966,145.08147,14.499875,90.9428,14.234337,1076B,0.7595024,0.03759695,25.015228,6.593888,145.46861,14.365639,90.69242,14.089356
1077,1077A,0.40216392,0.06592892,71.27216,25.32407,109.47021,9.859313,49.381012,12.625101,1077B,0.39723358,0.10535139,68.90501,29.623104,113.494446,10.746769,54.15015,15.257487
1078,1078A,0.6158397,0.13778226,54.006863,18.871136,135.38957,15.895414,81.49563,15.0686,1078B,0.71653426,0.09453032,42.63639,14.36933,141.27953,18.787674,87.19088,17.03011
1079,1079A,0.78253603,0.21195714,31.502104,16.467764,128.36409,19.374063,71.92584,16.617943,1079B,0.7345894,0.24102175,33.961338,19.706648,124.44108,17.46891,68.17213,17.161652
107,107A,0.59259385,0.1137253,47.96065,18.461824,110.57311,16.449118,52.50893,16.571995,107B,0.5738306,0.1283638,50.15697,22.003351,110.01184,16.604118,51.290115,17.030123
1080,1080A,0.26667237,0.16408174,94.16836,43.286076,99.53568,19.71727,29.311752,24.549019,1080B,0.4041657,0.23012379,75.50042,39.790398,106.05825,19.184645,42.942623,24.303408
1081,1081A,0.73442686,0.04196043,34.817253,9.834365,137.34007,6.089493,89.89652,6.489609,1081B,0.71384346,0.053395767,36.19339,10.810823,136.90227,6.268625,89.87441,6.770534
1082,1082A,0.7938807,0.026565628,20.77141,9.7265835,146.22212,14.999314,90.95062,14.777291,1082B,0.798081,0.025349243,19.031649,10.123095,147.71964,14.362,92.43982,14.068141
1083,1083A,0.36089933,0.13049208,76.34585,34.708492,122.87983,20.338715,73.440834,23.03554,1083B,0.60619986,0.16512659,44.18034,19.586384,130.56871,14.864345,83.59167,14.687873
1084,1084A,0.70323634,0.128208,42.16863,15.449195,108.56928,13.086003,52.93808,14.106805,1084B,0.6889538,0.11517028,43.58414,14.796415,106.52758,12.609297,50.676376,14.829348
1085,1085A,0.42009634,0.22775166,82.144936,49.148098,103.144646,22.097668,46.40085,25.608938,1085B,0.40061826,0.17558663,75.88702,34.296555,105.18107,14.70891,48.30657,17.68448
1086,1086A,0.29547417,0.17866607,65.255875,27.03949,96.22521,18.736624,30.792603,21.01383,1086B,0.25440615,0.112988696,63.225346,23.922544,86.94509,16.488842,19.600307,18.446894
1087,1087A,0.6105193,0.16194849,56.82202,24.238146,123.03353,18.051998,71.61129,18.438353,1087B,0.66321075,0.14145568,48.58668,20.154215,127.516594,20.77674,76.38819,20.089304
1088,1088A,0.5112598,0.15416601,53.507507,29.5709,121.598,16.09887,72.570404,19.967081,1088B,0.37952274,0.13748206,76.53719,34.936897,106.983315,16.59543,54.478134,21.740337
1089,1089A,0.26097405,0.17906025,127.755165,45.245354,118.59009,25.74908,51.963963,27.550491,1089B,0.2499491,0.18515965,136.87125,50.60282,105.76208,30.923695,42.41322,29.032763
108,108A,0.3163852,0.140855,102.801445,39.02575,104.46865,16.433952,35.822124,19.932867,108B,0.31593567,0.12426195,110.06515,41.99009,103.96145,16.586014,40.016533,20.825905
1090,1090A,0.63782966,0.1266744,43.320896,20.465593,94.308266,13.70707,43.681686,16.173216,1090B,0.555621,0.12204525,52.292805,18.460342,100.57137,15.382442,47.5524,15.335551
1091,1091A,0.43364906,0.13068588,49.36464,23.140524,124.07925,15.960318,76.6398,18.051037,1091B,0.4809362,0.14696622,47.931194,22.8665,124.64569,15.613353,76.362526,18.502356
1092,1092A,0.6632753,0.028577039,51.022053,8.428131,142.29985,7.5235953,96.68928,7.916209,1092B,0.66743666,0.034483403,49.10719,7.8749967,143.42178,7.937973,97.8313,8.217857
1093,1093A,0.4456702,0.1062108,56.624542,16.593557,117.48169,15.903305,61.605946,18.76902,1093B,0.4750933,0.13331701,56.918865,21.709795,110.70512,21.238953,54.085224,25.076319
1094,1094A,0.4419027,0.18038361,56.96187,20.87999,87.682434,12.306356,13.575695,15.093061,1094B,0.34394228,0.14778674,60.085735,20.96015,91.34393,14.43466,12.736477,13.712476
1095,1095A,0.37993497,0.09501922,67.79263,8.12877,134.10077,16.973791,79.847115,16.04649,1095B,0.31888223,0.11663271,69.3493,9.969408,126.70359,17.965878,74.289314,16.279922
1096,1096A,0.6448485,0.15951422,36.01869,18.140467,114.82803,17.053724,59.06523,19.384174,1096B,0.66095173,0.16793184,36.637928,21.788557,114.30189,16.9305,59.5125,17.331648
1097,1097A,0.5261226,0.13711542,47.417576,28.435926,116.738525,17.10892,62.81047,16.311178,1097B,0.5557834,0.099022955,41.300285,17.359892,117.66105,17.352488,63.798473,15.117918
1098,1098A,0.33911544,0.12835036,62.559742,16.825811,116.9576,14.933821,63.788807,18.489826,1098B,0.34813738,0.13302557,64.873955,17.979607,117.6362,16.82906,63.48794,21.408882
1099,1099A,0.18331194,0.11828818,132.30162,48.69891,130.35614,34.824493,61.527462,32.52808,1099B,0.22924075,0.14469677,135.04022,49.215668,115.618835,27.08389,53.30751,28.443813
109,109A,0.4226465,0.13851164,43.08496,11.298146,110.40688,18.315916,54.52185,21.577354,109B,0.39553872,0.19731583,41.084034,11.337282,108.17658,21.382822,51.95465,25.749735
10,10A,0.5764756,0.2914115,43.845234,26.984377,117.47405,24.298124,65.81116,22.682747,10B,0.72806513,0.17058788,34.41431,24.322115,127.778114,23.336874,77.24826,22.443817
110,110A,0.21901178,0.09752809,148.74669,50.184837,81.93735,37.677822,21.612213,24.705896,110B,0.2425603,0.10515899,146.06224,53.645264,91.13332,33.073654,25.419367,24.63113
111,111A,0.5106045,0.1514881,36.030537,11.014024,119.437675,17.931023,64.15122,20.37203,111B,0.5124316,0.2002544,36.614445,13.18822,120.75382,19.62346,66.052605,21.614283
112,112A,0.58787835,0.13495621,62.267975,21.024092,113.30991,11.631899,55.839157,15.863265,112B,0.5832181,0.122725755,63.179565,21.51559,111.00366,12.296128,52.446003,17.29693
113,113A,0.71277964,0.10960075,45.118885,17.778229,92.91195,13.372116,39.21758,14.695479,113B,0.7273538,0.12841904,45.699635,20.568089,92.84482,16.918396,40.78448,18.895151
114,114A,0.6154074,0.07659502,41.246784,9.367746,123.5306,17.108757,75.90886,10.08131,114B,0.46509838,0.046027675,35.72669,9.381289,158.75471,16.873434,80.806984,10.684043
115,115A,0.3762312,0.30077443,87.588905,50.21832,114.25144,30.960169,55.18089,41.51449,115B,0.37509823,0.23193206,90.387,46.627426,121.97431,18.62722,58.264435,24.178604
116,116A,0.8434309,0.01946076,25.944223,7.1284804,145.60803,10.249839,92.49497,10.211585,116B,0.8490709,0.019315427,25.33483,7.127741,145.86827,9.77336,92.7123,9.782437
117,117A,0.54279786,0.19080423,50.0014,31.597233,111.39112,17.346264,55.550312,21.669842,117B,0.49606305,0.19762482,51.992706,28.753048,110.32837,17.850803,51.909008,21.22156
118,118A,0.4453733,0.08261476,44.159107,8.339309,95.19785,17.781422,37.29733,21.237425,118B,0.42922708,0.12033482,47.250805,10.28393,104.912964,18.966455,46.060955,24.824738
119,119A,0.70922536,0.09660785,45.251526,17.248478,111.5947,15.264274,56.15343,17.745533,119B,0.73947465,0.094853535,42.99704,20.27302,112.11661,17.643053,54.176235,21.869165
11,11A,0.31317246,0.09993397,89.434364,33.554657,97.98862,14.803543,41.1467,16.93382,11B,0.4069281,0.104798846,71.64577,27.065432,105.69758,14.400875,51.75649,17.199024
120,120A,0.7178469,0.113922715,35.791172,13.385965,92.13513,17.940783,36.344486,18.681696,120B,0.73852086,0.13471363,37.039574,17.110638,95.525085,23.222115,36.67146,20.007057
121,121A,0.66499925,0.072146215,31.261465,8.804816,140.35326,10.294043,87.68221,10.152259,121B,0.65049815,0.08513084,32.24852,9.514735,139.8333,10.601066,87.69662,10.706642
122,122A,0.46136165,0.290683,68.25489,29.892685,117.59778,35.98832,58.555267,28.252176,122B,0.25276536,0.39864036,59.203236,32.54718,91.0978,53.173378,41.284187,36.905727
123,123A,0.7992319,0.10444358,37.286316,15.5964775,144.80463,12.226021,90.13546,11.792896,123B,0.804221,0.10944649,35.679295,16.399227,147.99309,15.44928,89.78867,16.35817
124,124A,0.49152008,0.18766065,80.72486,33.27886,126.680115,18.275118,67.57189,20.577942,124B,0.6082821,0.15748775,60.546978,26.42871,137.59193,20.390059,81.6846,21.33219
125,125A,0.70799804,0.070274666,36.20991,10.212262,129.85863,30.07231,78.098045,27.359837,125B,0.71228564,0.06734892,36.52712,10.337446,138.39717,30.153288,86.67216,26.818392
126,126A,0.055953365,0.37614533,39.003407,32.2511,46.014584,43.80135,17.92117,28.1514,126B,0.55146503,0.2992959,49.092075,36.03887,103.754295,39.394768,58.779064,29.640354
127,127A,0.30579165,0.07177484,121.60207,34.144554,94.20011,10.695416,19.939903,15.082818,127B,0.34109622,0.058382906,105.086876,25.82155,90.496315,12.02198,23.481012,14.2370825
128,128A,0.24744096,0.16103297,78.78798,37.803047,154.02681,41.120663,87.882935,35.598335,128B,0.20873368,0.130178,80.29913,32.75675,161.6129,39.623,92.753334,35.03644
129,129A,0.4929254,0.10933465,48.95935,18.752821,115.534386,16.607475,59.875484,18.21009,129B,0.4399983,0.114038855,54.502487,20.385885,116.540344,20.635727,59.505016,21.808493
12,12A,0.6101785,0.20160222,48.85906,35.91962,102.201454,23.79915,44.77547,24.21475,12B,0.5681588,0.20086858,47.341305,27.115421,108.47483,19.758656,51.92334,19.486214
130,130A,0.2582877,0.094101705,60.56506,23.16745,129.29602,27.237362,67.92062,23.28705,130B,0.2541584,0.07491543,63.72955,23.763481,123.46873,24.429594,63.999058,20.25046
131,131A,0.61695087,0.15106268,43.070477,19.033646,133.46425,14.053513,83.17869,14.282718,131B,0.55505383,0.1269588,54.480865,20.871359,125.908806,11.986346,73.354416,13.753646
132,132A,0.5896404,0.20486443,51.849903,27.592064,120.92655,23.399677,68.903465,24.848505,132B,0.5282464,0.18669875,56.823868,27.234577,115.82534,19.716904,63.212055,21.605764
133,133A,0.44333458,0.102319784,50.315746,23.138084,80.40529,44.274376,20.446812,31.586245,133B,0.5093595,0.15350561,41.748672,21.689669,109.79467,52.320328,50.605896,48.903015
134,134A,0.5435175,0.12785205,60.668316,21.385925,96.50903,16.525942,43.23601,21.250877,134B,0.55458987,0.14949408,57.61566,24.158916,97.82259,17.607798,44.852863,21.755201
135,135A,0.6455677,0.16670911,52.951324,25.36518,130.81187,28.286224,71.822784,24.22351,135B,0.63994324,0.18893628,53.01637,24.572956,122.891014,34.5841,66.34341,26.2345
136,136A,0.48545772,0.13319047,65.428154,25.885117,141.25468,33.755566,89.83514,31.342329,136B,0.3264333,0.12154474,109.45217,48.45185,117.17739,16.903166,62.6615,19.998728
137,137A,0.64389074,0.37189677,27.064306,15.081661,122.92377,45.126778,74.1298,36.62932,137B,0.667843,0.37231115,26.804955,13.628387,126.25714,44.97115,78.32135,36.0825
138,138A,0.38106665,0.14088759,70.16472,25.93808,111.97912,17.427732,43.565247,24.181684,138B,0.29887018,0.3725011,62.29164,19.267746,103.39484,34.116135,39.880363,25.39306
139,139A,0.7726567,0.15211374,20.85255,19.114632,129.2199,21.866943,78.81772,22.66601,139B,0.82867837,0.13407432,16.356768,15.614854,124.47831,23.708723,74.5085,23.806417
13,13A,-0.29456496,0.07073437,56.52144,23.670883,51.57594,8.186248,0.0,0.0,13B,-0.43968743,0.07961986,79.35738,35.56788,53.955856,10.9627495,0.0,0.0
140,140A,0.2785514,0.09086297,101.76513,32.804573,92.5307,12.843937,24.232002,17.683731,140B,0.26312065,0.079636335,100.29718,28.140993,92.64417,11.227971,10.877029,11.423385
141,141A,0.03669527,0.040560458,163.38344,44.57962,70.681496,28.20402,0.8320732,2.4554121,141B,0.047117226,0.07977377,133.33812,38.327335,28.222006,30.16458,0.74962234,3.9405766
142,142A,0.6078663,0.14047244,37.877098,13.0407505,132.66498,18.352581,79.67158,17.877876,142B,0.5615996,0.14549458,41.06496,14.283126,124.684975,18.953382,69.62963,19.771658
143,143A,0.6820799,0.12592654,51.332966,19.060688,131.46971,28.438469,72.88024,25.194408,143B,0.6835922,0.1513249,49.19697,22.185404,133.8825,27.274523,75.80398,23.792692
144,144A,0.42296106,0.103319645,79.4172,30.50166,116.79914,10.229579,66.36317,12.47591,144B,0.4590974,0.121335536,78.41618,32.275467,115.01248,10.374287,63.812454,12.21948
145,145A,0.84954,0.016625578,26.589586,7.234069,144.38196,9.695755,91.182945,9.856391,145B,0.8369081,0.029340422,28.159296,8.118745,145.09471,10.109607,92.21415,9.902717
146,146A,0.45654976,0.10865879,74.87855,24.432827,120.28229,13.909541,64.56968,17.173363,146B,0.45667806,0.1238391,72.50771,26.818518,120.991455,16.284664,65.73789,18.731918
147,147A,0.36116096,0.10692514,68.60269,18.034739,100.882744,17.704315,43.495102,21.684864,147B,0.3366974,0.10016248,68.52154,17.845724,100.03412,18.793852,39.183865,21.048504
148,148A,0.520375,0.09581348,50.74104,12.128305,133.12291,30.939829,74.6956,27.504148,148B,0.34661788,0.14063033,62.320007,19.051182,121.733406,17.776644,51.57786,22.830513
149,149A,0.040955484,0.18787517,97.43095,24.134274,88.79556,42.158504,21.168945,40.1339,149B,-0.031773392,0.041246988,97.83567,10.996938,66.41996,10.353936,0.0022277832,0.11356207
14,14A,0.605898,0.343208,31.143698,21.689968,114.523094,31.67689,71.75323,27.017391,14B,0.5745306,0.22685616,34.43014,19.98279,131.06969,25.085384,80.922874,21.961372
150,150A,0.36195397,0.54099536,32.47502,13.02519,98.98113,39.2886,41.441936,34.713432,150B,0.36090913,0.525407,29.899015,14.116645,96.82477,41.396797,41.07391,35.543804
151,151A,0.7300221,0.21581006,33.01599,12.293355,134.13591,35.769714,86.68656,28.421196,151B,0.7488147,0.17981769,32.553673,10.62754,137.32191,29.19972,89.18618,25.045292
152,152A,0.42556643,0.124233805,61.45041,25.227472,119.937744,21.156143,67.098305,21.81501,152B,0.4104756,0.13240609,65.17783,26.652124,120.55714,27.598425,65.247284,25.825766
153,153A,0.5523405,0.20837656,50.43887,18.339746,117.83722,25.084393,60.14503,22.678904,153B,0.5256032,0.16930504,48.91679,18.170975,123.96403,20.99972,66.453156,21.729218
154,154A,0.39262846,0.10899689,64.2392,33.259598,119.28891,20.253473,68.488655,19.505203,154B,0.43217906,0.10516988,53.128292,27.977646,125.70364,10.799416,75.32337,12.512895
155,155A,0.71899796,0.15242289,35.491993,20.113098,119.40814,24.225582,70.454994,23.203714,155B,0.7078132,0.14828725,38.27858,22.575275,117.76644,22.643585,69.12945,22.34876
156,156A,0.23361418,0.06288504,101.99259,29.933146,92.76823,12.133811,14.143322,14.72055,156B,0.34385538,0.0571364,87.92877,23.670286,102.94687,10.480823,26.63,18.007153
157,157A,0.6315477,0.112314075,46.738476,17.379387,123.79481,15.136422,73.886406,14.732165,157B,0.59418136,0.10332619,49.69995,16.539068,115.5418,16.447142,65.46553,16.18654
158,158A,0.4575769,0.106193624,53.066345,15.838363,120.19714,13.705757,62.847126,16.228796,158B,0.49447274,0.084187865,48.913395,12.478786,123.44521,13.384355,65.96077,14.952173
159,159A,0.5104986,0.20588697,66.75376,39.405426,121.79105,22.462564,64.07224,22.511522,159B,0.5558147,0.19543913,58.033844,28.285679,110.83081,12.623028,51.01711,15.213405
15,15A,0.33001608,0.134826,79.15476,33.60517,85.73425,23.702217,25.461441,24.544432,15B,0.2942434,0.13295108,86.2075,33.460762,85.10382,27.02144,24.164911,25.842264
160,160A,0.6927264,0.067432255,39.905346,11.438048,136.82658,11.20291,78.61181,13.170249,160B,0.63413596,0.07788828,42.744045,11.305138,135.22922,10.747797,75.219154,13.54778
161,161A,0.5873265,0.062223703,41.545486,7.9389195,141.93224,12.469085,97.27839,12.958969,161B,0.5103973,0.062598675,45.52847,8.4887705,141.50569,14.44483,97.042816,14.993327
162,162A,-0.25414407,0.30799648,84.17501,26.324783,67.222046,27.45944,8.625153,19.671402,162B,0.19714959,0.20448308,124.734535,44.91684,79.10925,28.496576,15.9024315,24.855215
163,163A,0.5611249,0.114776716,32.30808,12.132025,125.6843,13.402924,78.92053,14.16781,163B,0.52550304,0.12168642,41.000977,20.062784,127.789734,13.972442,81.903145,13.339941
164,164A,0.74369735,0.124772675,34.243706,15.235158,138.02661,25.368862,88.06553,22.19516,164B,0.79999787,0.120539695,29.25737,13.670508,145.11363,23.047565,91.163086,21.644543
165,165A,0.36875385,0.12878455,50.470158,20.992758,128.97278,34.39344,75.601585,32.305614,165B,0.43818983,0.14298968,44.76491,18.761492,131.56282,31.810143,78.323975,30.566376
166,166A,0.48612982,0.12619928,58.148468,25.789707,124.17767,14.164261,76.507256,18.471493,166B,0.5353182,0.113745585,46.433945,18.174665,129.68208,10.934273,84.76285,12.56195
167,167A,0.6047634,0.23659338,58.8625,31.573889,131.49254,21.89236,73.04777,20.821287,167B,0.7887092,0.17366554,35.718563,25.018679,129.44069,18.723942,76.51193,18.488375
168,168A,0.8413708,0.035365183,36.245712,12.817431,142.2923,41.382656,91.17741,41.384014,168B,0.78925586,0.12509531,43.096264,22.702324,131.05067,58.66549,83.48303,45.615738
169,169A,0.58138394,0.2166966,47.88283,30.502125,113.55725,30.326693,61.67456,28.863104,169B,0.51430964,0.20126791,60.784786,38.286472,115.92788,29.3072,64.330696,28.594202
16,16A,0.7570647,0.10597363,34.30121,13.866019,149.03479,22.303217,94.73966,21.087202,16B,0.79919523,0.09132489,29.850174,11.160905,151.55524,26.587309,94.91447,25.577333
170,170A,0.73316425,0.06669121,25.536348,7.8524566,125.190895,20.078028,71.73458,19.323776,170B,0.73070085,0.07284574,26.263763,8.06459,124.12812,25.502073,69.67918,24.55425
171,171A,0.35254413,0.06303605,62.140575,15.975115,93.9562,11.767911,41.121246,15.118055,171B,0.3393073,0.062990196,62.4705,16.604479,89.716576,13.956614,33.221897,18.309975
172,172A,0.5500642,0.09786888,42.796406,16.539587,129.20486,12.025242,82.31834,12.816425,172B,0.58544064,0.08678888,38.229008,13.463642,130.5212,10.258442,84.4003,10.8220415
173,173A,0.6922338,0.10313963,46.70404,15.515865,125.75036,16.31984,72.96751,14.2449465,173B,0.72653186,0.100388266,45.97646,17.142578,126.1886,30.24227,73.32234,27.275396
174,174A,0.8003825,0.24451143,25.952936,11.8033085,140.07524,27.526678,88.51172,21.968538,174B,0.43464127,0.5707842,31.946207,31.146852,100.89254,58.73011,57.503506,45.27106
175,175A,0.63327444,0.10619465,42.93686,17.695204,131.36552,14.662118,78.92622,15.2955885,175B,0.6577316,0.08041648,39.106117,11.4971695,130.7512,13.050056,78.10874,13.622633
176,176A,0.45880312,0.124393284,59.413456,27.077288,109.323364,14.880452,55.872284,19.660126,176B,0.43667996,0.097181365,59.856277,24.468212,111.13688,12.684589,58.894318,16.62315
177,177A,0.71817964,0.08607275,39.1022,13.803775,121.35342,10.685895,73.68815,11.102155,177B,0.76976395,0.094043225,34.173923,15.318287,126.81341,10.416943,78.21195,10.102505
178,178A,0.6289096,0.12364475,37.654697,14.977341,127.452354,15.64671,74.9297,15.541319,178B,0.6866189,0.11720818,33.854202,14.2691345,130.19048,15.958401,77.56475,15.867351
179,179A,0.619018,0.17341958,44.469875,22.59299,113.90031,20.251665,53.43429,24.062017,179B,0.6430904,0.16829224,39.104366,21.12894,119.26821,19.3665,61.65674,21.900208
17,17A,0.41546744,0.17739156,80.05137,49.362206,113.39158,24.73967,48.514286,21.28735,17B,0.42275003,0.20739312,70.54034,49.70712,115.105,22.281067,50.776646,20.12053
180,180A,0.43705982,0.19354609,70.07355,24.812391,97.46933,12.937283,30.64062,15.18501,180B,0.46205592,0.23112284,69.65467,28.663439,89.93719,14.765175,23.584534,19.027714
181,181A,0.7060934,0.050901346,32.07059,8.894651,127.66389,16.620628,79.397736,11.874744,181B,0.7109489,0.076570116,31.986475,9.578389,133.53896,16.188063,82.40679,11.82907
182,182A,0.57870406,0.17496154,44.871586,26.130447,131.10048,22.209652,75.10982,23.139854,182B,0.5645918,0.17891397,45.6577,25.195187,128.35332,22.637459,73.46787,24.00875
183,183A,0.41329974,0.13640255,63.333202,23.525888,127.04139,14.121231,80.687416,16.312248,183B,0.37061834,0.14783311,67.6213,26.087343,125.88898,13.683464,78.255,16.023481
184,184A,0.30465502,0.19085161,106.135475,40.747684,118.68922,18.103264,55.91562,23.441572,184B,0.32890218,0.17894144,105.03748,38.982143,117.75704,17.728731,53.778667,21.015524
185,185A,0.4817222,0.17195545,49.5235,22.570866,98.73425,21.557652,43.964413,24.35182,185B,0.47717452,0.1683839,50.483967,24.168194,99.3904,21.049528,44.948414,23.854305
186,186A,0.732524,0.13864304,30.85932,19.596724,142.38556,13.97876,90.32754,14.265247,186B,0.54661775,0.2617148,49.10362,34.700256,129.83356,23.36685,80.68493,25.816238
187,187A,0.508328,0.2006056,57.782757,37.726456,132.09148,42.516674,71.18905,39.74047,187B,0.4803653,0.19624484,64.27145,36.0533,126.52163,43.281075,62.57251,39.441864
188,188A,0.81540453,0.116423294,24.79172,12.654412,121.73826,19.946571,73.48978,16.99585,188B,0.82524735,0.086581334,25.794165,12.627251,122.99338,18.721457,73.42989,16.872536
189,189A,0.83936226,0.020636788,25.375204,7.3403096,146.411,10.60811,91.97645,10.497667,189B,0.84219444,0.020975234,24.540487,7.364106,147.0142,11.331833,92.61564,11.072794
18,18A,0.8364583,0.042831942,29.852343,7.9910707,143.55777,12.863399,90.699585,12.836455,18B,0.84334767,0.024198601,28.943441,7.7677693,143.80663,12.2124605,90.91416,12.185112
190,190A,0.3136281,0.0418741,98.40244,20.721169,117.566124,10.941507,77.31415,12.241682,190B,0.2899857,0.048068326,109.50985,23.102358,117.99628,11.193846,77.53388,12.724856
191,191A,0.34627247,0.10076867,60.973175,19.266424,111.047485,16.307142,54.063038,18.671412,191B,0.35117796,0.10960161,63.60329,19.79451,111.796326,19.015867,53.711884,22.486454
192,192A,0.32814613,0.16753657,90.52888,28.46836,118.99017,14.381566,51.957825,19.267725,192B,0.31945658,0.16862005,89.18418,27.474926,118.64437,17.22196,50.724915,19.425472
193,193A,0.8385775,0.020182176,26.86889,7.7244067,144.06187,12.109323,89.61289,11.59804,193B,0.84321547,0.01899191,26.575676,7.832039,144.94106,12.357105,89.99311,11.88689
194,194A,0.61710286,0.24484341,44.67822,32.395687,122.364136,16.259249,67.82458,18.540285,194B,0.49070033,0.24187243,54.49405,31.291647,120.87597,19.717545,58.307926,21.07383
195,195A,0.8302372,0.037800953,29.186203,10.348677,140.34413,12.569604,89.04275,12.756358,195B,0.8557141,0.026675543,25.894913,9.018787,137.61826,15.275842,85.04634,15.208502
196,196A,0.738891,0.20890234,26.202192,16.028856,131.49593,11.785072,78.61375,11.768713,196B,0.6249283,0.19231497,33.69895,17.059238,128.25566,13.259673,74.16036,13.744317
197,197A,0.6027186,0.17678662,39.709515,15.025678,146.23836,13.924066,96.18667,13.334766,197B,0.5731514,0.17759193,40.56442,14.688716,142.40413,13.816187,92.98356,13.336395
198,198A,0.5207662,0.16707039,57.62946,23.795292,110.13203,17.54377,56.59071,21.149048,198B,0.31945956,0.36593136,58.855907,32.22632,90.1567,41.598827,44.179382,31.617489
199,199A,0.48607746,0.09356524,58.66498,15.889991,146.22417,18.09001,94.757324,17.593588,199B,0.4753344,0.16703966,77.62813,27.89853,127.1287,14.111243,71.56333,17.071972
19,19A,0.39220327,0.09040131,22.841223,6.2720046,138.27837,7.945249,90.86096,8.579585,19B,0.45153597,0.11931286,23.743269,5.9373984,138.42833,7.9008327,91.73349,8.562409
1,1A,0.84793884,0.027210247,22.972391,7.246454,149.34418,10.463076,91.689064,10.06612,1B,0.8431199,0.023139797,23.352736,7.2432165,145.83116,9.612871,89.50125,9.281853
200,200A,0.51186,0.14629802,50.33283,21.62057,113.44547,11.490061,61.19632,14.263469,200B,0.41342384,0.094725065,67.1374,24.208742,107.15298,10.651478,52.424896,12.855331
201,201A,0.28825358,0.08291868,73.47052,25.698418,63.70752,22.261528,5.615322,14.2237215,201B,0.28743792,0.087834194,75.610985,24.832619,59.189056,22.033234,4.189598,12.3361435
202,202A,0.6773385,0.21706355,44.65746,30.984137,134.34195,33.369682,80.871796,31.755703,202B,0.8171927,0.07042387,29.41436,13.138783,141.18102,35.71249,89.09943,33.894463
203,203A,0.46299297,0.09896364,48.85313,16.537836,113.54678,13.45862,58.285095,15.358098,203B,0.43911508,0.0836552,49.20296,15.031498,110.05343,13.929815,53.91638,16.170132
204,204A,0.64943874,0.12576023,37.731792,16.075523,143.71925,34.46305,90.626976,31.401104,204B,0.6329978,0.14318845,39.096638,15.249051,142.60225,36.184464,87.779884,32.46324
205,205A,0.7384986,0.04522179,39.27129,11.611267,146.72754,14.708134,93.051674,13.883135,205B,0.75457203,0.051970746,36.038265,11.330624,146.49701,13.550472,92.567696,12.450621
206,206A,0.6730335,0.10252383,42.76735,15.7415285,115.06649,16.488548,66.44161,15.725485,206B,0.76562977,0.08856247,33.970688,14.517845,129.6985,29.68395,78.48057,27.723753
207,207A,0.5215592,0.1412714,46.66168,21.322298,122.88507,14.063636,66.97947,16.06615,207B,0.57363844,0.14117977,41.4556,18.714325,125.6651,14.426225,70.54455,16.204527
208,208A,0.3563922,0.10402442,66.958,21.967983,108.36433,21.911432,55.282333,23.723082,208B,0.34365016,0.10022071,68.45394,22.45428,104.024284,22.745543,49.92732,24.167006
209,209A,0.49700463,0.23581791,77.20236,35.11039,120.45871,19.155214,59.28247,15.569994,209B,0.49118453,0.23178078,79.361855,35.093834,118.66385,16.55081,60.14851,14.187532
20,20A,0.46415,0.20783952,69.18603,33.494358,93.57839,25.580885,27.872826,25.993273,20B,0.4234965,0.16826853,76.04358,29.417332,96.24634,28.392633,32.120064,26.132864
210,210A,0.7873637,0.033143412,46.364735,19.210054,128.9792,12.7776985,81.95217,13.853397,210B,0.70107734,0.07805567,44.54181,16.085869,134.0179,13.126606,85.24634,13.942531
211,211A,0.3316024,0.07851979,50.29536,11.183659,114.29629,13.266771,59.35245,18.53074,211B,0.3850332,0.08531901,51.011845,11.953416,118.70139,12.429567,63.82007,17.494522
212,212A,0.3036221,0.08980494,78.277115,29.307215,123.34863,18.63716,69.272514,19.009476,212B,0.39050624,0.11183747,61.680237,23.17226,124.25815,22.203453,70.4449,22.151186
213,213A,-0.17037475,0.08667283,12.107159,6.229872,81.87972,8.209197,0.50263596,1.4683164,213B,0.027282055,0.51012266,38.442524,34.581142,90.11556,35.128506,27.357857,32.418655
214,214A,0.68361974,0.12206072,44.480267,17.87059,143.18585,15.7633505,82.75859,15.737218,214B,0.6569246,0.11568913,50.6384,16.795597,140.24823,14.427539,81.50754,14.459246
215,215A,0.7789595,0.14823449,34.27136,12.256504,138.00015,11.425246,83.5577,12.050075,215B,0.8188603,0.07538137,31.353739,11.041797,140.44417,11.043789,85.62207,11.101449
216,216A,0.83391917,0.023294289,25.799917,7.1514473,146.67969,12.047363,92.0212,11.508962,216B,0.8401978,0.033820566,25.663645,7.31325,147.6839,12.408436,93.05776,11.914175
217,217A,0.49202543,0.21074492,59.22758,28.050425,118.24924,20.133612,62.918873,22.214066,217B,0.46673974,0.17021577,64.25851,27.100456,118.619965,17.65079,64.364006,19.53401
218,218A,0.7581396,0.109173246,27.900978,16.092419,129.96397,27.412783,80.368965,26.149805,218B,0.72145414,0.099114336,28.46904,11.248961,127.50781,24.48445,78.30027,23.096416
219,219A,0.7017647,0.07308556,29.698126,9.856439,135.2699,10.438982,81.805016,10.333614,219B,0.64805025,0.0905906,33.436714,11.778568,134.05672,10.681193,81.53956,10.540395
21,21A,0.6397376,0.1546381,41.623745,23.89035,127.799995,15.572835,73.63003,16.041096,21B,0.5744957,0.15834978,50.16133,25.919529,117.96722,17.764612,64.24099,19.45731
220,220A,0.5088273,0.1992852,59.651478,20.857763,124.3148,29.014467,70.55597,22.3855,220B,0.54056895,0.14217786,63.94269,21.596186,127.748085,16.073019,71.97826,15.991756
221,221A,0.49682945,0.12504749,55.365223,25.563517,129.63326,19.032564,82.17737,19.326225,221B,0.48093203,0.106965475,56.2831,22.5889,124.471535,10.993773,76.925385,12.349407
222,222A,0.4501512,0.12375652,109.452484,41.382675,153.55731,23.199528,105.1889,21.89612,222B,0.47443336,0.12440316,101.24413,39.6414,143.57477,27.467787,95.09379,26.221857
223,223A,0.52743423,0.14940697,56.77132,15.973594,135.6697,15.165998,88.8374,14.254424,223B,0.6844927,0.10571449,44.3762,11.463654,139.32759,15.345152,88.4035,14.534459
224,224A,0.5566819,0.1627691,62.848927,25.116148,112.72082,21.899426,55.41336,24.247532,224B,0.5996218,0.16338827,58.464535,24.985737,114.838326,22.177322,57.1602,23.821142
225,225A,0.3619928,0.2474948,87.98029,48.040897,119.002846,24.387466,58.55904,23.02866,225B,0.3465334,0.23770304,85.11092,49.302647,113.45823,23.375391,53.97589,24.661371
226,226A,0.7326418,0.1507084,39.49972,22.202196,138.72125,27.320606,87.676414,25.27544,226B,0.76526266,0.14115831,35.20125,20.062838,136.68925,27.0246,84.88044,25.255297
227,227A,0.30898875,0.10815276,79.041985,39.532993,116.43546,23.471039,60.75648,26.541672,227B,0.345708,0.1314157,69.30188,33.64065,105.78915,20.592577,52.59851,25.106226
228,228A,0.5793127,0.24957974,64.72178,43.944775,126.28915,24.631983,75.778824,21.87911,228B,0.63518983,0.2556208,60.934826,45.296337,125.8685,22.715181,75.091255,21.288422
229,229A,0.711824,0.0614714,32.156124,11.950869,126.51501,10.39374,80.18581,10.1244955,229B,0.73316187,0.07969588,36.62489,12.565828,120.07009,10.307464,74.35337,10.526592
22,22A,0.62119174,0.14592882,43.060345,19.539658,134.18611,11.577186,84.444336,12.333152,22B,0.6448725,0.14809822,42.597786,24.904634,134.85455,10.463009,86.25051,11.683654
230,230A,0.87284243,0.030671088,19.554777,9.151029,145.97374,11.754343,90.18726,11.8407545,230B,0.8798023,0.027698966,18.962904,9.30075,145.48335,11.734115,89.89553,11.761826
231,231A,-0.14614506,0.0468835,30.47643,10.03344,31.074509,7.030166,0.0,0.0,231B,-0.14940226,0.044206146,30.285772,12.233545,26.817713,7.2178345,0.0,0.0
232,232A,0.7460856,0.20447606,35.58511,19.993877,136.06651,16.98584,85.58573,15.432706,232B,0.80561554,0.115011156,32.34785,18.314571,139.37984,12.621595,88.493675,11.569826
233,233A,0.4630529,0.19291624,71.35775,36.42463,107.46726,17.625326,50.887646,19.10526,233B,0.48721102,0.18661904,67.2431,36.796036,107.590675,23.75359,53.470387,22.668064
234,234A,0.68508637,0.10392337,46.075397,16.091162,149.24753,25.384714,94.04773,24.107637,234B,0.60781276,0.11834922,53.47072,18.172688,140.13359,23.605358,86.34791,21.655548
235,235A,0.58838755,0.18057364,61.81418,28.655024,121.253296,18.486849,64.74703,24.158144,235B,0.53847873,0.21442255,66.31976,31.457926,113.984535,22.705181,51.319523,28.71885
236,236A,0.45895848,0.11735432,64.25848,26.826218,120.8655,13.767024,77.0932,14.798437,236B,0.44550115,0.1191339,66.041885,29.408007,123.53202,12.465383,79.66489,13.276099
237,237A,0.61177766,0.1788806,50.905575,27.765211,132.87715,23.510551,80.70228,25.073427,237B,0.5592681,0.18214689,58.189526,28.877363,136.38689,28.086761,81.28577,25.795156
238,238A,0.79052746,0.12401265,31.384094,15.6353035,143.85568,17.660885,87.40265,16.79588,238B,0.83698255,0.09693926,25.928728,13.636476,146.96437,19.352272,89.99241,18.459713
239,239A,0.40350112,0.12536976,58.424557,21.622282,132.53142,29.005615,85.7088,28.692766,239B,0.50660217,0.16861829,45.0614,17.78879,138.77022,32.121002,89.280334,31.98194
23,23A,0.4139196,0.13684143,54.97525,25.778002,110.37445,23.212992,48.752777,22.09888,23B,0.46884692,0.14741701,53.11015,25.093803,102.425354,18.609434,43.20752,20.787437
240,240A,0.5587539,0.06869254,55.411,12.921079,121.80018,11.855424,67.09592,13.197752,240B,0.5351802,0.076529294,56.62614,13.214597,121.18762,11.778337,66.029884,13.865872
241,241A,0.7090535,0.14081794,40.829548,23.080832,128.20354,28.832304,75.72674,26.132559,241B,0.6246976,0.17341997,58.603504,39.43094,122.18347,32.253025,70.923,30.864466
242,242A,0.14418374,0.12702553,118.30298,31.44082,104.851746,31.557755,41.971645,25.89758,242B,0.15565355,0.13286105,120.75852,34.959938,108.512184,33.956985,41.37277,27.582232
243,243A,0.43697178,0.14973766,61.665634,22.415392,114.71186,15.181633,61.9426,19.743704,243B,0.4798628,0.18045615,58.003544,25.110971,111.53091,17.867874,58.019684,24.189648
244,244A,0.68398255,0.12318878,39.55495,16.132553,120.77122,13.892536,68.48005,13.350431,244B,0.67036396,0.14579567,42.621994,20.769924,126.25094,15.491044,70.10526,14.090478
245,245A,0.68505085,0.154888,40.184288,14.903105,136.21477,17.457407,84.28454,16.345503,245B,0.7201824,0.07952865,37.02431,10.577264,141.45494,10.931991,88.30247,10.951356
246,246A,0.35663164,0.11022576,51.39664,17.557848,119.40723,18.545208,64.65284,23.611414,246B,0.34696567,0.11845975,50.783722,16.428093,123.54932,18.12818,68.09102,21.677525
247,247A,0.4905436,0.17468376,46.858715,27.297098,101.0154,23.357023,46.875927,29.982397,247B,0.53898,0.09079667,41.364853,13.833477,113.481895,17.238674,55.02483,16.940195
248,248A,0.6651853,0.07657338,38.701717,10.852244,128.652,10.296803,76.73332,10.796524,248B,0.64650595,0.084615044,40.42616,11.501132,125.51841,10.30268,72.95791,10.808779
249,249A,0.45742783,0.18027951,64.30248,22.633419,114.17438,41.62616,44.38855,32.8928,249B,0.23094021,0.16704074,111.39014,65.947914,122.35193,40.90579,40.135162,30.4988
24,24A,0.86204845,0.10801093,17.569237,17.639294,138.4821,27.718735,84.37377,25.44109,24B,0.8315351,0.118593335,23.261175,19.612932,133.14534,25.080034,81.59969,22.610554
250,250A,0.4566819,0.17856592,59.01134,24.63214,148.68285,20.253355,89.93992,20.6045,250B,0.49503642,0.15718663,59.398457,24.455122,151.2442,19.060825,92.956276,19.052885
251,251A,0.8343461,0.020933898,31.288391,7.8215227,145.00728,12.668684,90.547295,12.575631,251B,0.8254052,0.020474825,32.89538,7.9392195,146.10707,12.751912,91.70819,12.707443
252,252A,0.76452124,0.1382581,30.090172,18.369593,126.293785,30.579123,81.6148,28.144299,252B,0.74337363,0.14203465,31.11094,18.943207,113.62362,30.750582,70.23741,28.071497
253,253A,0.3262349,0.12675045,64.65649,29.71096,108.333275,24.700928,42.232365,25.29788,253B,0.3375287,0.10593003,71.95054,31.921312,98.0454,29.330229,32.888573,25.134998
254,254A,0.4922352,0.14792566,53.176006,28.048758,121.33219,14.09533,72.326645,16.012936,254B,0.5249268,0.18697487,55.76296,37.116127,122.534935,16.16664,72.62493,18.323505
255,255A,0.29417038,0.15768848,71.144615,20.901379,113.577965,14.974677,40.58651,18.306864,255B,0.31293282,0.23757364,64.31601,21.480885,110.22025,22.978788,39.421318,19.882917
256,256A,0.51998854,0.14146428,58.457806,24.607992,133.20305,12.370416,83.77729,12.868753,256B,0.50532776,0.16089824,60.899475,27.554085,130.8498,14.272215,82.77,14.852023
257,257A,0.82251954,0.05169789,23.711853,7.7469406,145.45436,12.832072,89.05241,12.152369,257B,0.8584806,0.020736346,21.037569,6.402984,146.09654,12.391759,89.28265,11.736677
258,258A,-0.055788938,0.18563193,29.845194,45.57366,55.50415,45.1365,10.531097,29.949177,258B,-0.058925167,0.09737775,15.670174,13.683916,35.821236,13.432932,0.6615639,7.3450994
259,259A,0.6683001,0.1620072,39.44072,18.691572,108.57491,21.227634,57.187458,21.596754,259B,0.54490626,0.38313067,39.414894,16.345707,100.1569,26.660028,44.94086,26.832903
25,25A,0.32768106,0.27234343,69.67928,38.37657,101.55068,32.116444,45.285786,32.33402,25B,-0.0019940808,0.3500122,42.7787,31.982763,56.0567,51.518723,23.41839,33.854626
260,260A,0.4588281,0.11357414,52.273823,18.977972,97.609344,17.023727,44.900623,17.965239,260B,0.5090699,0.103652,46.837322,15.121968,101.41128,18.795832,49.44405,19.828426
261,261A,0.66933,0.39582786,36.528034,9.494096,127.50275,39.05818,77.933784,30.844961,261B,0.7604786,0.15304488,37.324352,10.641997,132.32362,21.757507,75.52215,27.04038
262,262A,0.4144252,0.06721841,53.8378,18.312616,93.199524,14.686843,40.783974,17.70877,262B,0.43074286,0.050243802,51.650555,15.560164,95.82977,14.313707,44.557247,16.568773
263,263A,0.5306996,0.18356511,58.31777,29.952084,108.72375,17.20222,53.78044,20.774525,263B,0.51570237,0.17404543,56.768696,28.260948,107.588234,16.971624,53.942577,21.965982
264,264A,0.4496181,0.15966234,51.10573,22.63853,86.81713,13.228712,17.129578,14.755294,264B,0.47070792,0.15388131,51.437565,20.475447,87.83988,13.102294,16.579151,14.296314
265,265A,0.39623278,0.10128725,71.819954,20.726305,105.383,15.199226,49.63568,18.08255,265B,0.31561315,0.09502317,78.42664,23.73767,94.689735,16.625591,36.417248,20.75435
266,266A,0.37939814,0.15778303,81.006325,24.49299,126.71313,12.554416,75.36796,13.195999,266B,0.49582005,0.1784207,72.214386,25.218712,131.18001,13.693055,79.01894,12.953339
267,267A,0.52525634,0.18820603,78.544716,35.08693,130.72249,15.989954,70.37798,16.142067,267B,0.62498486,0.16761331,68.28896,31.785004,137.68365,13.22694,75.4355,13.373558
268,268A,0.7949044,0.033333506,36.170364,8.674995,147.39761,13.030136,93.10854,12.465907,268B,0.7875998,0.042248495,36.053844,8.733847,147.1295,12.007644,93.29053,11.560531
269,269A,0.3866666,0.082342155,58.03886,18.935764,128.3973,23.16392,71.67519,25.378012,269B,0.37801465,0.12066452,60.069157,18.473366,142.51128,29.551647,87.402916,28.552109
26,26A,0.83437634,0.07309991,16.4781,8.051996,153.65393,36.437008,99.61911,33.07692,26B,0.8095988,0.08112123,19.78171,9.445918,138.79335,30.386415,88.44983,28.425217
270,270A,0.8175243,0.028977992,33.965992,9.070651,140.96881,8.4868,89.516,8.653369,270B,0.8240848,0.020241825,33.382065,8.69506,140.6921,8.0322695,88.88944,8.23588
271,271A,0.58950186,0.13608398,56.078613,22.036303,117.66567,19.634886,62.86266,17.739626,271B,0.566311,0.17388225,55.658264,22.914635,119.468956,23.307003,64.38661,18.974365
272,272A,0.5425848,0.054384965,30.51156,10.083482,119.94979,7.828561,71.490204,8.349334,272B,0.53277874,0.0466347,30.185928,8.66981,121.40574,7.192663,73.39301,7.7008963
273,273A,0.16849037,0.3312903,100.677635,34.494545,82.0718,48.79424,38.57134,38.486904,273B,-0.05296577,0.18841544,118.08071,24.67331,41.129944,32.5499,8.095581,23.657068
274,274A,0.3678401,0.10845641,69.26919,27.124956,103.753456,14.278438,49.452442,19.004448,274B,0.3820357,0.09540314,64.664764,22.835684,104.58427,13.571857,52.24831,17.331287
275,275A,0.46269947,0.24243765,78.60482,40.42712,134.56575,13.699381,51.393307,26.168568,275B,0.3795269,0.23948607,70.69659,25.739676,132.333,15.441491,50.710064,27.818201
276,276A,0.29999334,0.0999589,62.261364,25.177015,109.23234,17.463255,43.79709,18.918743,276B,0.27725524,0.09789845,68.71024,26.591,110.32834,18.06139,40.478935,18.384214
277,277A,0.5207672,0.19627118,61.3351,27.888226,123.00882,20.597326,70.7929,23.228815,277B,0.45404318,0.1971925,69.83295,29.506617,114.28353,20.328548,60.37324,22.4711
278,278A,0.45657808,0.21996376,53.24513,25.335964,117.700264,15.667454,42.87349,27.47835,278B,0.46038234,0.22433384,55.387066,26.42573,111.6636,15.356273,37.46526,24.937418
279,279A,0.5825119,0.0939931,66.83693,23.117643,118.30764,10.445234,65.08652,11.419282,279B,0.53099316,0.10264924,74.96212,26.083754,112.943245,11.6929655,58.803272,13.219104
27,27A,0.3493161,0.10827708,74.07436,21.841677,128.05156,21.077663,69.81484,25.327381,27B,0.3807819,0.12545899,70.80772,22.57759,130.97896,23.091448,73.43576,26.374567
280,280A,0.42254752,0.25166228,66.01581,30.423203,103.88932,19.221659,33.79164,26.23472,280B,0.38114077,0.25139064,54.243816,27.39442,96.39502,25.115053,32.896084,24.32975
281,281A,0.3621112,0.20409778,93.92144,50.511284,117.32129,21.125828,56.918743,23.23237,281B,0.40306914,0.19608289,81.72011,45.271046,108.385765,19.05256,50.839462,20.906162
282,282A,-0.13921574,0.040750302,51.22234,10.177057,61.02714,9.55709,0.2817459,4.052385,282B,-0.017368037,0.21024768,67.373856,32.276814,74.78974,28.16558,16.260105,27.43913
283,283A,0.5301665,0.09992402,46.817,14.964855,126.54535,19.552563,71.94761,18.586367,283B,0.53761846,0.105525665,45.66559,14.604918,126.7284,22.18719,73.09095,21.601294
284,284A,0.50717676,0.2427586,38.068863,13.485241,99.24023,25.01477,31.159782,28.5427,284B,0.47628006,0.24349251,46.08794,15.569517,93.02268,24.0919,27.619558,20.999151
285,285A,0.1388683,0.23940516,90.08758,24.546299,123.25879,26.238567,50.462597,26.872179,285B,0.44410115,0.24207431,69.309944,23.32427,132.90656,20.019712,74.85384,18.83021
286,286A,0.71632844,0.07600856,39.622746,9.757367,144.35078,10.681718,90.584724,10.172213,286B,0.69361186,0.06693686,41.137615,9.078309,143.30528,9.959196,89.92273,9.717074
287,287A,0.5427197,0.17188966,55.615204,18.107635,138.9351,16.39736,72.99914,15.107886,287B,0.43587887,0.17466386,65.22492,21.3527,130.36295,17.27221,68.28408,18.034294
288,288A,0.6456649,0.17273995,50.697174,19.242352,138.1784,23.157267,82.065346,20.492613,288B,0.63982004,0.18951795,51.03972,21.395388,139.81763,22.01899,83.80691,19.996916
289,289A,0.4202553,0.23487003,35.534103,12.377405,108.516075,25.73403,51.038685,31.10429,289B,0.4520573,0.19097224,39.06547,14.866252,114.36442,22.325706,59.229492,26.451466
28,28A,0.83598995,0.029625416,28.158188,8.57178,150.93163,11.010161,94.11615,10.452617,28B,0.8333998,0.022027943,27.06811,7.571934,149.36542,10.05375,93.064026,9.910012
290,290A,0.41560128,0.15716064,85.76502,32.099438,133.05367,15.571427,80.45907,18.457476,290B,0.44018877,0.1694673,84.85441,33.95061,132.47464,16.821291,79.33415,19.285622
291,291A,0.6069477,0.08177874,55.184402,14.590587,107.07351,15.138111,57.083557,16.36898,291B,0.61737573,0.096231446,50.422028,15.334221,122.49424,12.368753,73.03193,13.69224
292,292A,0.51480484,0.20969479,68.29863,33.593647,116.51284,16.730793,51.244736,18.672968,292B,0.43807805,0.19559354,77.81025,33.993652,115.408264,15.750312,49.19757,19.357529
293,293A,0.38134778,0.0994017,69.0043,19.51414,121.50413,19.260342,60.06719,19.474829,293B,0.38730493,0.113565646,69.953865,22.988298,118.244774,21.083954,55.904392,22.934628
294,294A,0.4875758,0.104728125,60.418472,15.032481,140.89226,12.4496765,86.01438,12.95442,294B,0.4623919,0.11355661,61.648396,15.077166,136.3869,14.15566,82.372795,14.2945795
295,295A,0.48924732,0.12954882,54.13931,26.542097,121.36294,17.058088,68.474815,19.534119,295B,0.46829998,0.17596495,59.427288,32.015537,114.417595,21.335136,59.707226,24.96956
296,296A,0.49703783,0.0730389,54.361557,11.675367,87.23406,20.75753,27.57837,17.701374,296B,0.4761747,0.074527875,52.750202,11.031739,86.93534,22.733833,24.030447,19.636347
297,297A,0.49861577,0.07890324,47.99074,16.305513,101.20773,9.206887,49.758575,10.758858,297B,0.470658,0.08073386,44.755096,16.271547,102.21586,11.052753,47.77367,13.528507
298,298A,0.5756114,0.21725115,61.678333,32.99737,123.82151,15.509268,65.920265,14.997686,298B,0.5754017,0.21496153,58.30133,29.00862,120.837395,17.853199,62.48665,16.87287
299,299A,0.49346343,0.18041378,49.447052,20.129175,113.905235,10.778297,52.87895,13.507234,299B,0.5170061,0.21115002,50.35999,22.78822,115.24239,12.402583,54.44524,13.918177
29,29A,0.6184378,0.23666683,61.898296,38.566925,117.5698,12.161215,56.437542,14.384702,29B,0.6451955,0.23121777,56.993793,36.34072,120.98023,16.071722,58.712494,16.110445
2,2A,0.8636714,0.023048203,25.099585,9.942988,145.0605,11.205522,91.321045,11.314027,2B,0.8567171,0.04043845,25.917284,10.263858,144.46089,11.392288,90.5944,11.547525
300,300A,0.60385627,0.12157617,47.649414,14.216932,142.84404,8.874116,85.91062,9.501589,300B,0.57947433,0.12893216,48.460125,14.585902,141.24237,9.04627,82.11753,10.267959
301,301A,0.5883186,0.15307777,44.750057,12.030334,129.89008,15.789858,75.5201,15.893542,301B,0.5863201,0.12400798,47.34083,11.921022,129.15295,14.993982,76.42096,14.014356
302,302A,0.63645184,0.09596822,48.155,13.836006,98.553246,15.881938,42.393475,18.9516,302B,0.65691125,0.10362503,45.56894,15.470615,99.77155,15.729242,47.207577,17.613085
303,303A,0.6103702,0.1269343,35.033257,18.995771,112.04508,23.354233,61.56416,24.437296,303B,0.620806,0.11319122,34.343388,17.855341,113.908875,19.407028,63.11684,19.651745
304,304A,-0.35154137,0.12570633,70.155174,30.915007,36.619427,12.60689,0.9131584,7.5195374,304B,-0.15218017,0.37159768,72.83686,33.262592,52.381878,35.91945,14.132992,26.008247
305,305A,0.5735521,0.25034335,62.945282,29.601744,106.92823,13.905092,47.96082,16.91925,305B,0.6458885,0.22588132,56.39989,29.106173,102.60363,14.223173,45.432507,16.68223
306,306A,0.0026859865,0.07919376,30.196661,7.404956,59.011402,6.189272,0.0,0.0,306B,-0.0024525397,0.090027146,32.603252,8.017151,59.82577,6.1715417,0.0,0.0
307,307A,0.6753944,0.15864667,42.080036,19.58212,124.61376,15.485099,71.02415,14.434901,307B,0.7106314,0.14737895,38.43083,19.085798,127.43577,15.077319,73.62589,14.491455
308,308A,0.64757276,0.103801884,50.106213,18.420689,128.06847,19.468372,74.037,17.75995,308B,0.6181941,0.1297346,48.78947,18.024467,140.99382,25.039587,84.34031,21.89472
309,309A,0.5053814,0.13098575,50.04727,23.29922,107.05363,29.573475,46.6655,24.95295,309B,0.5242779,0.12581919,47.607677,21.461967,106.342224,23.31385,50.983967,21.948782
30,30A,0.4938163,0.15973343,71.872,25.601898,144.94604,26.725023,85.945244,25.901373,30B,0.42124474,0.14534089,78.61743,27.460035,143.44211,15.727915,81.37668,16.298096
310,310A,0.30910456,0.15982619,70.1625,33.69095,118.24756,32.249584,59.76369,30.697573,310B,0.27485573,0.11127875,86.40728,35.115353,119.668724,26.51151,56.976757,29.081465
311,311A,0.42994753,0.22155175,98.36273,51.228245,132.98799,12.567579,75.613396,12.224609,311B,0.37499422,0.18823418,102.27026,45.84864,131.03804,13.7836275,69.28824,12.894474
312,312A,0.414492,0.108180076,51.75881,16.430414,123.42544,12.920578,69.245125,15.099419,312B,0.37737975,0.10782403,48.484665,15.15135,128.03209,14.952664,77.64855,16.009676
313,313A,-0.08814711,0.021053743,41.080864,4.702058,18.425331,15.001627,0.0019187927,0.20237273,313B,-0.09721489,0.018530581,40.97621,4.752775,7.1196938,8.346286,0.0,0.0
314,314A,0.5399115,0.26619565,33.78201,29.607359,120.45908,41.855972,57.396587,37.093117,314B,0.38616672,0.26862764,42.697132,30.40578,152.83235,59.22387,84.40806,55.122643
315,315A,0.874751,0.015080551,22.462332,7.6705966,144.88463,18.337488,91.29203,17.900383,315B,0.85669714,0.018723693,22.659485,7.1563344,143.74614,14.940099,90.55962,14.493108
316,316A,0.70197976,0.1314179,43.041645,17.985664,133.85158,12.956918,83.588936,12.960952,316B,0.69789404,0.13613735,42.900265,17.899628,132.01556,13.134551,81.7356,12.318845
317,317A,0.49231407,0.11268364,47.02133,17.583714,122.69405,49.81188,70.86982,43.41517,317B,0.41579753,0.13632996,64.3958,38.906403,124.05213,43.875504,66.82652,39.50405
318,318A,0.26688161,0.11514892,89.85272,37.432358,115.07424,30.91205,52.962955,26.215925,318B,0.29335332,0.122196205,83.039246,34.662537,124.56192,29.5511,58.946133,24.683044
319,319A,0.60481596,0.08090028,41.844715,11.227535,139.18678,8.918743,93.3897,9.473693,319B,0.5452549,0.10187934,43.47368,12.594878,132.55685,11.470988,85.14382,12.7657
31,31A,0.25156027,0.06805,85.43928,30.069431,90.27549,20.3284,17.683823,20.835682,31B,0.31022263,0.08030531,78.46784,26.373682,107.16571,20.438625,42.95413,23.104137
320,320A,0.34046248,0.12492557,110.06616,30.012526,125.98429,18.99164,72.351135,23.751572,320B,0.3374781,0.114667945,109.766014,27.732422,129.59734,18.092115,70.65268,21.316711
321,321A,0.49701402,0.071877785,52.90286,11.234174,98.400665,10.791206,54.42416,12.646998,321B,0.48042998,0.057554245,55.99509,12.252174,100.402245,11.045227,51.099995,15.661871
322,322A,0.8644165,0.02318346,19.658094,7.6901217,149.82573,14.95582,95.61011,14.391441,322B,0.87263995,0.024556894,19.146599,7.7431316,150.0494,15.610415,95.76849,15.028793
323,323A,0.22659804,0.09456363,97.88169,27.850142,103.59139,22.362263,34.225037,24.788631,323B,0.24678397,0.10583426,99.95929,28.647093,103.07412,22.491621,31.663208,28.328968
324,324A,-0.034669418,0.18823594,39.497738,13.424804,56.152515,37.808086,10.107941,29.414371,324B,-0.11238108,0.032997333,37.98865,7.711362,38.070404,13.012586,0.003578186,0.15139733
325,325A,0.30545986,0.11960113,81.2601,39.54233,105.0904,16.518377,48.71185,15.311796,325B,0.28971693,0.14210778,104.62082,48.824333,98.40809,17.289326,39.54091,16.02667
326,326A,0.3434179,0.09840945,82.26902,32.157745,115.66269,17.299578,58.898914,24.447622,326B,0.38186926,0.102972865,75.66091,28.775211,117.8762,13.771381,63.084045,19.960867
327,327A,0.7077207,0.2167825,40.47352,26.332073,130.86317,17.739592,77.88754,18.409588,327B,0.80260783,0.15476617,25.061714,17.101734,136.74086,14.6431465,85.081024,13.480358
328,328A,0.50834846,0.09379208,35.98115,14.198891,110.56393,53.00293,29.040962,33.383873,328B,0.5422477,0.083854385,32.834152,14.624452,122.36344,55.78911,38.37872,36.95172
329,329A,0.4175369,0.21673377,56.377728,25.14888,117.57507,16.6356,46.482635,21.18125,329B,0.3964911,0.20546879,58.106617,25.762827,119.35366,17.564476,47.140156,21.718767
32,32A,0.57432914,0.11183863,46.856705,17.544739,127.97308,10.448769,75.42039,11.592246,32B,0.64816475,0.16110303,50.28648,21.348484,127.13467,11.79883,71.617,13.132454
330,330A,0.6549541,0.22405736,42.344334,35.880905,137.31476,30.611675,83.2844,29.130697,330B,0.6956766,0.18996786,34.465836,19.07173,137.0463,29.28233,83.2096,27.639769
331,331A,0.7221588,0.086342186,25.485754,14.553325,125.9036,19.252676,75.1341,19.804634,331B,0.5997778,0.14495169,47.274933,30.44909,110.823265,21.853588,55.954773,26.621542
332,332A,0.50333077,0.18642743,80.48507,41.76798,119.87842,18.956484,64.74697,22.213959,332B,0.54987085,0.20881653,69.28035,40.349358,123.67285,23.720686,71.44541,25.682098
333,333A,0.6867075,0.09906641,33.832535,15.49909,134.85835,9.828336,84.2203,8.896217,333B,0.68437576,0.08663752,32.79362,13.623223,133.26106,8.91531,82.1906,8.571929
334,334A,0.4601773,0.2127347,76.386055,31.595833,121.44877,19.429443,65.97075,23.373898,334B,0.48259962,0.22770709,76.106285,34.636524,122.071495,19.9752,65.81746,23.507458
335,335A,0.27539247,0.07478224,98.51638,30.768698,114.6816,16.716597,66.94172,21.430664,335B,0.34223774,0.06374117,85.37345,22.007431,125.854004,11.0157585,82.20133,13.060648
336,336A,0.3679266,0.18367137,94.74784,42.18227,119.78223,64.540184,64.22778,34.6128,336B,0.34685567,0.18786827,98.52067,41.770264,137.18092,40.40317,75.607994,23.548851
337,337A,0.6694655,0.21361035,43.166813,21.229391,117.15936,16.89109,64.714165,18.908773,337B,0.6378666,0.24656785,44.352787,21.179823,123.846985,18.669083,70.04074,19.396
338,338A,0.34947667,0.12045517,51.846874,26.769861,93.21557,30.00786,26.386536,26.259727,338B,0.3640928,0.11423858,47.756847,23.666126,91.18011,29.495113,24.316916,25.234865
339,339A,0.38463092,0.12270824,59.30348,12.226817,122.11914,16.212729,67.51548,19.757946,339B,0.31101078,0.08901186,59.86014,15.273315,122.00891,19.50465,67.53348,22.122854
33,33A,0.42526373,0.15080138,73.301796,32.079914,133.32463,23.420532,75.73994,28.014101,33B,0.41663957,0.15638678,74.98937,32.871353,132.12761,22.597544,74.62844,25.159893
340,340A,0.83244014,0.09616007,19.413118,11.355354,145.356,29.652246,88.72459,27.315565,340B,0.8269941,0.15602937,18.579996,9.289931,147.12326,35.335506,90.3641,31.191175
341,341A,0.8436948,0.018377187,28.238997,7.673108,144.27385,10.107914,89.36102,10.137536,341B,0.8412926,0.018167054,28.39498,7.704038,144.91002,9.343637,89.617065,9.409956
342,342A,0.5488801,0.11842997,61.194897,22.884848,134.95316,16.822859,87.77936,18.15259,342B,0.5584089,0.11053077,58.803776,20.308321,138.53935,20.426453,89.40155,20.690582
343,343A,0.42310435,0.58830726,63.230373,54.583626,117.87881,49.2595,67.24656,42.36063,343B,0.47548527,0.6057638,58.619473,55.286533,121.14779,51.578987,70.111084,43.337597
344,344A,0.45040563,0.15625498,63.985615,29.291094,138.23775,32.58021,85.31645,30.217861,344B,0.53967977,0.15750074,53.709538,26.303059,133.66397,27.243433,80.334145,25.163618
345,345A,0.67264354,0.09145029,33.904633,16.837517,114.72231,24.097359,65.37655,23.808636,345B,0.6860293,0.09823703,32.41063,18.117468,113.19514,18.951864,65.44219,19.537622
346,346A,0.44801405,0.21967942,83.669395,46.403168,131.65898,21.930326,66.4668,19.416542,346B,0.44272846,0.21054126,82.15809,45.631912,141.45738,23.566444,68.65832,16.7804
347,347A,0.3243262,0.06530362,64.501785,20.355963,100.16733,14.099626,49.35565,18.899538,347B,0.31639618,0.0730102,69.50126,23.017756,94.923615,19.839485,40.982235,24.241608
348,348A,0.23926955,0.10770163,114.0809,31.982288,106.96295,21.76695,32.266853,18.732422,348B,0.25088128,0.12037782,106.75541,30.613955,110.27628,37.40038,39.414566,32.44726
349,349A,0.44964492,0.13286492,65.851906,26.348745,133.68086,57.302666,73.10027,43.62289,349B,0.5132646,0.13317405,61.552082,25.742224,139.44627,58.723736,79.477425,46.941277
34,34A,0.31746286,0.16793817,84.82428,44.89727,118.168884,17.768631,47.10443,15.3444395,34B,0.3925874,0.1612611,63.856262,32.670177,114.557625,17.517656,49.75398,15.289627
350,350A,0.4024309,0.1412139,63.606007,28.983309,127.90591,31.799938,56.771107,22.805618,350B,0.4106491,0.15282403,67.10007,30.333122,108.97767,24.938036,45.20485,20.507183
351,351A,0.7725103,0.040169176,32.511227,9.993549,136.74022,14.600859,85.19233,13.731576,351B,0.7816498,0.037923556,30.92562,9.812322,139.58594,15.68247,87.72912,14.623745
352,352A,0.34496492,0.15194812,76.64398,34.539036,134.9759,22.18741,80.782326,25.004028,352B,0.3441798,0.12370517,76.82127,32.04502,135.43384,15.4837,87.69636,16.758791
353,353A,0.68211925,0.25542,59.689594,43.28723,115.57739,16.858086,64.62849,15.88992,353B,0.43651295,0.21480879,90.83923,48.14097,113.57563,24.375904,57.207214,24.90848
354,354A,0.8557286,0.022751685,25.949396,7.9957104,146.52347,17.316189,94.32241,18.396288,354B,0.8470843,0.045931526,26.61532,8.284373,146.47253,17.927832,95.048805,18.858982
355,355A,0.86978376,0.021937987,25.207565,8.570246,147.91173,13.479439,92.919044,13.129448,355B,0.8737269,0.020958714,24.521643,8.303693,148.37396,13.245536,92.95348,12.9178505
356,356A,0.83931124,0.028257547,25.393663,8.259064,146.69432,15.945435,92.952065,16.114225,356B,0.8146777,0.19037475,23.46601,8.060182,144.74854,25.160608,91.453255,22.81493
357,357A,0.8431858,0.016755776,26.49605,7.708662,141.34135,8.560783,88.575966,8.6755705,357B,0.84326077,0.016812043,26.084047,7.381185,140.99284,9.073884,88.40092,9.182979
358,358A,0.3670433,0.19301768,87.32613,34.83471,82.27209,20.271212,24.612328,22.742104,358B,0.30659774,0.16510174,96.30542,32.890602,79.49078,17.03901,16.94241,19.51166
359,359A,0.88595057,0.015122041,20.047396,7.1159344,149.76245,13.436562,90.72309,12.8022175,359B,0.88972867,0.015088278,20.09972,7.21176,149.80592,13.086159,91.24935,12.540249
35,35A,0.39377716,0.1944655,67.61483,36.627018,98.46088,27.216085,35.83839,32.564598,35B,0.5170376,0.24892151,54.572205,37.375515,116.30978,23.91443,59.34909,31.100765
360,360A,0.5936992,0.26082367,53.70967,35.078293,125.78888,25.269602,72.26119,27.276733,360B,0.70157886,0.22623684,41.952,29.900557,134.1812,21.528683,81.158714,22.692812
361,361A,0.6749983,0.11596421,39.46504,15.035961,129.40166,13.809044,78.00996,13.653693,361B,0.7161503,0.15735874,35.170383,19.995155,128.85452,18.236692,77.48577,19.471748
362,362A,0.8708589,0.021540109,22.066805,7.2473,145.56918,16.409554,91.309784,15.733981,362B,0.86656046,0.023387793,22.081873,7.411708,142.7962,16.798494,88.69749,16.104147
363,363A,0.36358643,0.110244006,61.494873,28.304014,84.46207,21.034729,22.001608,20.838625,363B,0.38090688,0.12713812,61.51012,26.675451,74.83035,17.111647,13.320976,17.146128
364,364A,0.30306482,0.15978888,99.885506,38.00523,131.26709,23.956472,68.7174,20.967974,364B,0.2820506,0.15896311,113.493065,42.44827,141.57526,38.223656,74.26548,28.94608
365,365A,0.29987222,0.12573029,68.670044,30.818472,113.326454,46.897987,37.373688,30.624825,365B,0.30948013,0.13598445,68.13281,30.434753,111.44111,42.74999,38.198547,30.862822
366,366A,0.66335905,0.16053586,37.762848,11.854108,141.64297,13.449003,88.08883,13.043161,366B,0.7257109,0.12012727,34.821472,10.400531,140.02687,14.625136,88.660805,12.539786
367,367A,0.5955056,0.12748016,46.706944,20.247873,123.09153,14.824509,74.44848,16.223518,367B,0.61413217,0.13472942,46.102097,22.503414,126.87836,12.444779,78.18996,14.66991
368,368A,0.85818344,0.020355154,21.373312,7.157868,144.14085,10.5570135,91.30548,10.539855,368B,0.8637735,0.021187723,21.032713,7.2727804,144.77846,11.361965,91.95004,11.293689
369,369A,0.27529693,0.10510387,117.03735,39.225002,113.39359,33.47245,40.106842,24.185028,369B,0.2791947,0.1000513,112.149086,37.730316,116.795555,39.862,40.423565,25.591755
36,36A,0.31370002,0.19020623,87.27252,47.370792,98.34988,26.752062,38.45505,33.045544,36B,0.3194608,0.18112788,93.33471,53.98656,102.437004,25.590397,46.460846,28.948267
370,370A,0.32470667,0.07453734,68.92724,24.634422,101.56512,12.159594,39.558147,16.201263,370B,0.4004366,0.27798384,68.08218,35.99974,112.606865,32.26606,61.316956,27.879566
371,371A,0.34359613,0.122193284,98.89591,45.711723,112.77186,15.289681,61.20302,20.148132,371B,0.36252385,0.13555343,93.57632,47.029995,113.48629,15.037543,60.220684,20.176235
372,372A,0.21300754,0.12001966,133.54771,59.29677,107.945625,30.259474,41.60964,18.715456,372B,0.23079827,0.12445601,133.65407,58.375526,107.8503,22.524523,41.22004,16.787804
373,373A,0.8092294,0.01766074,35.435844,8.677989,144.50497,9.580143,91.78991,9.556044,373B,0.8017887,0.017957432,35.22762,8.229257,144.45671,9.042956,92.10987,9.132688
374,374A,0.53589666,0.3197788,40.299213,47.63821,125.50564,28.474066,67.41331,25.05057,374B,0.4881339,0.30234313,49.299633,52.087894,125.6275,20.335115,63.76318,22.814198
375,375A,0.7225193,0.08139717,33.65552,11.1937,137.91954,23.283997,83.55339,21.237587,375B,0.73272437,0.078539,33.1161,11.735413,138.1491,23.684639,84.25067,21.37929
376,376A,0.6521629,0.15949686,38.68603,18.487034,137.23628,22.366575,80.20374,22.121593,376B,0.589223,0.14971298,43.953083,19.731907,128.07954,17.072992,70.73812,17.690735
377,377A,0.50709516,0.059469916,39.73996,12.687734,104.33657,14.008446,47.413364,14.680258,377B,0.48203835,0.06048583,40.567333,13.262387,98.08018,12.801498,42.776062,14.661549
378,378A,0.37536055,0.21558917,83.57191,44.525238,134.7271,25.70024,81.090385,24.59378,378B,0.7420559,0.22606727,36.893513,36.45605,126.158905,23.886106,73.83338,23.10706
379,379A,0.8475225,0.019533701,30.22403,10.238497,147.2046,12.252739,93.630714,12.160256,379B,0.8467844,0.0175672,30.036774,10.341046,146.8297,9.803823,93.422935,10.074662
37,37A,0.7286431,0.09922431,43.663525,18.336899,113.844086,33.344856,54.040558,29.800816,37B,0.7346591,0.094231784,44.41817,17.639595,112.63877,39.11955,47.960506,34.860867
380,380A,0.4650219,0.14237279,53.27988,22.616571,104.39307,17.481144,50.913086,17.097872,380B,0.43651122,0.07463392,52.890774,18.0595,103.61875,14.528093,49.98401,13.918263
381,381A,-0.029316664,0.12858236,97.996155,29.182827,50.947723,25.079798,4.5452576,17.279322,381B,-0.029514091,0.039868135,84.36927,12.368883,41.261234,9.401554,3.8146973e-06,0.0019531212
382,382A,0.4358214,0.1821439,66.307625,25.608376,140.48763,25.035383,82.62728,22.100834,382B,0.4224515,0.23532361,63.136566,28.188019,133.05644,32.20483,76.12376,28.227741
383,383A,0.7893795,0.110737495,27.11583,15.217702,143.48553,36.059586,87.96096,32.731956,383B,0.6879569,0.15288588,35.155483,20.120802,139.00331,24.721436,84.35468,22.3104
384,384A,0.66445976,0.13204807,32.86555,19.967384,132.52644,13.726594,78.403046,13.822459,384B,0.61445403,0.16733745,39.99777,28.245285,130.72472,13.622542,74.52978,16.132967
385,385A,0.5235279,0.13510601,58.867615,23.095942,116.14508,17.088757,62.105774,18.70914,385B,0.49139017,0.14883585,63.904083,26.339281,116.23303,18.662535,61.89494,20.893322
386,386A,0.5750421,0.12168064,48.670315,17.935604,101.57601,19.448679,49.29124,16.311703,386B,0.57591116,0.08435587,47.256496,16.51024,106.74767,13.391952,50.923206,14.473613
387,387A,0.3012953,0.0485692,64.40278,18.768122,101.44168,8.389832,25.919378,14.042068,387B,0.3603062,0.05913183,61.567978,15.95691,96.47955,9.75402,21.730204,14.714258
388,388A,0.40692872,0.05193759,63.851807,19.989363,102.89728,10.633711,54.70851,12.771219,388B,0.41947085,0.05064118,61.41942,17.00352,100.78473,12.1523285,54.36791,14.617916
389,389A,0.25124943,0.069653004,77.364044,18.90983,114.08826,21.073126,61.557602,26.111958,389B,0.2861597,0.08960556,77.69312,20.113363,116.679375,18.335922,66.67278,21.30054
38,38A,0.3869565,0.1968326,73.86468,38.406174,106.06222,27.066343,48.275192,33.746204,38B,0.43186206,0.16753611,68.662224,36.81817,113.76725,24.52379,58.117992,29.757423
390,390A,0.513428,0.121260166,69.74212,16.79087,125.08014,16.52932,68.26235,18.944387,390B,0.4902666,0.1593491,70.24914,23.3305,133.52776,21.53462,76.68948,24.926971
391,391A,0.2616265,0.11537006,117.83445,34.651386,50.3985,19.097345,1.248558,5.846209,391B,0.14026326,0.11597396,140.50706,32.00615,80.47666,27.837666,17.936085,24.226242
392,392A,0.5987662,0.1839003,40.371204,17.764395,128.30174,15.15787,73.740746,17.081974,392B,0.67906207,0.1908048,36.55985,18.696535,134.09622,16.112406,81.10672,16.524685
393,393A,0.6357853,0.16778979,45.824707,17.189598,133.83037,29.731503,82.94395,29.639212,393B,0.6187074,0.16570255,46.804913,18.113932,137.44527,32.585136,85.10978,31.955849
394,394A,0.45571807,0.17112844,72.3254,40.535435,126.54446,16.689613,74.44253,18.404663,394B,0.48436353,0.17276107,64.95626,31.36488,128.72916,16.134697,77.05364,18.266413
395,395A,0.45682734,0.1642611,64.47393,18.961477,138.22664,25.017565,77.57779,21.286207,395B,0.32819653,0.24898395,75.53915,21.855831,139.21906,44.154915,70.67056,29.722507
396,396A,0.5889256,0.16474864,50.043224,28.2984,125.889824,29.468903,81.38282,26.513006,396B,0.5589407,0.17438278,54.619415,32.0374,136.77649,30.708288,89.26516,26.985043
397,397A,0.6135968,0.1727854,46.81483,28.566795,107.0787,16.319248,53.028614,19.14044,397B,0.5956465,0.20118064,46.463696,30.933937,113.79252,23.929134,54.322113,21.348776
398,398A,0.54022145,0.4972153,46.667145,33.806976,120.57852,52.89425,74.057594,40.316437,398B,0.6997076,0.33097628,38.134647,13.737556,138.05551,34.32869,86.78414,28.311604
399,399A,-0.4171087,0.05962565,80.80259,23.637165,65.9804,10.331724,0.6031914,2.071308,399B,-0.35372943,0.06397446,73.79684,23.635132,66.13138,10.401501,0.5921478,2.0688214
39,39A,0.69953644,0.17743981,42.670776,21.35037,138.47087,15.284675,84.112976,15.613281,39B,0.65577114,0.17583191,53.763836,25.898933,135.12848,12.406405,81.310234,13.163534
3,3A,0.48230094,0.09491263,62.532063,23.960321,102.63096,11.4362335,54.574657,13.4667425,3B,0.4445767,0.06481467,66.03675,23.783821,95.913124,10.302581,47.29131,12.281598
400,400A,0.8078337,0.049431797,25.152964,6.470307,146.90944,13.922419,90.639565,13.291698,400B,0.7943228,0.09089294,26.498007,9.491628,143.5605,16.238756,87.227806,14.898163
401,401A,0.26572037,0.09271326,118.40804,53.66693,112.83633,21.409771,57.670624,25.361923,401B,0.2564488,0.09047994,135.19037,56.889782,114.93984,24.156057,57.022594,24.736408
402,402A,0.57087994,0.059585154,52.452663,10.733516,132.92345,10.186178,84.92248,13.334272,402B,0.50059867,0.08091214,60.249176,18.011187,123.999245,12.2163105,71.38349,16.788855
403,403A,0.69960654,0.14472394,53.022125,23.13328,120.06378,15.164705,63.838436,19.962257,403B,0.6204967,0.18690392,58.431305,25.10699,117.717834,16.810358,62.166027,20.226978
404,404A,0.35380897,0.1321137,73.200325,26.579145,90.63104,14.131156,23.221365,18.631577,404B,0.37597674,0.22576205,70.78446,27.0719,90.84228,15.297966,13.2474785,15.280061
405,405A,0.7441141,0.11616439,37.152264,16.678656,123.09567,16.70445,71.55725,16.103567,405B,0.70255744,0.17617753,37.769844,18.38968,126.83628,15.208528,74.22083,14.737252
406,406A,0.3066346,0.08167609,82.34635,32.839836,117.031006,24.087982,62.70462,27.840685,406B,0.27258497,0.07055357,86.46076,27.932,106.986275,19.531944,51.279743,24.133644
407,407A,0.8655702,0.021908078,21.943481,8.561242,146.73732,9.810986,92.855385,9.828134,407B,0.8696071,0.020623857,21.22113,8.273232,147.01515,12.014025,93.41273,11.855303
408,408A,0.67975324,0.10450518,33.805496,17.382505,101.205605,23.792946,50.664295,27.229202,408B,0.6642158,0.11571877,40.483273,19.29749,99.985756,20.338268,47.945667,22.39675
409,409A,0.24946952,0.083968766,91.26312,29.793032,117.883026,18.391575,63.468616,21.60483,409B,0.2691064,0.08365158,94.77755,32.763786,116.90307,18.587765,62.898666,23.03438
40,40A,0.6900251,0.16458748,48.666645,22.99584,94.62006,21.018446,34.07864,24.831469,40B,0.7210587,0.17890207,43.636387,25.704954,91.74331,19.491098,33.828606,21.685991
410,410A,0.83293116,0.020954257,26.131628,7.3144155,142.7812,9.912642,89.05957,9.964882,410B,0.83137524,0.027887762,26.181467,7.458539,143.56908,10.050951,89.275475,10.103257
411,411A,0.5086112,0.06867938,50.936573,13.619157,122.47506,8.249051,75.67306,8.756384,411B,0.5623603,0.070593014,47.530445,12.607533,123.34262,8.39041,75.972176,9.182333
412,412A,0.35767034,0.08597367,55.547848,19.206007,112.36823,14.716811,57.547283,12.766144,412B,0.33832896,0.09182907,63.082363,25.689577,113.185486,14.727653,56.98112,13.513806
413,413A,0.27503428,0.14485219,138.64418,47.750275,93.69513,14.529131,12.021107,11.5904,413B,0.32515508,0.13560922,115.04947,37.970802,96.65072,11.33573,14.73835,10.639146
414,414A,0.7116872,0.11616869,33.782215,15.701372,124.2503,14.883626,72.419525,14.557713,414B,0.7265478,0.113727205,30.465536,14.103053,121.54006,16.810238,70.71342,15.917543
415,415A,0.4879356,0.06197601,44.778946,9.033021,117.064766,11.283917,63.187267,13.253249,415B,0.51064277,0.06442204,44.879536,9.494117,117.15908,10.39931,62.67066,11.909688
416,416A,0.62083316,0.14964816,38.99898,15.27945,133.2714,14.676875,80.8325,15.070412,416B,0.7019283,0.1189814,32.051502,12.324562,136.19649,13.070129,83.45642,12.804109
417,417A,0.631408,0.25123835,58.694614,25.506384,117.60668,27.30637,50.734253,24.164692,417B,0.58331156,0.2522591,63.914234,28.28388,119.087685,28.695547,55.999706,24.657612
418,418A,0.78379446,0.11283949,32.869633,16.460321,144.16034,9.3595,92.504395,9.1604595,418B,0.706121,0.13305943,43.444286,19.619871,139.79381,10.063301,88.71104,10.577887
419,419A,0.41313356,0.07275699,50.610546,16.54913,130.19649,9.645681,85.908485,11.317908,419B,0.46337748,0.061686896,47.821888,15.231797,132.9875,7.6328583,87.89384,8.08814
41,41A,0.71389055,0.22314444,40.326466,29.136244,105.323,17.333006,46.618423,18.098276,41B,0.59124464,0.2833945,53.777157,37.34296,115.38745,22.621773,57.507275,23.012575
420,420A,0.6629865,0.0943137,37.797993,12.230548,139.50188,12.110276,87.763855,11.123252,420B,0.71202326,0.050961375,32.585636,8.585307,144.75627,10.102517,89.17456,9.914104
421,421A,0.5502434,0.29257622,60.993946,39.19076,115.54568,28.229027,59.411648,36.51564,421B,0.55495274,0.28293243,54.362534,32.934193,117.11441,28.81128,61.98962,34.175667
422,422A,0.4048931,0.19777225,57.934994,39.08012,117.86971,25.32084,64.30077,23.971104,422B,0.48838884,0.2141561,53.927235,35.989838,121.46851,20.083237,67.28852,19.812187
423,423A,0.45043516,0.2461966,88.95743,48.075817,93.1244,19.656908,35.860508,22.990862,423B,0.40511322,0.23619175,92.63882,46.98408,93.74674,18.91852,32.51131,22.362692
424,424A,0.32516283,0.17979252,91.68571,43.02599,120.72869,17.361025,56.291718,23.06728,424B,0.3221525,0.14204021,98.72692,42.655773,117.70294,25.474823,54.810055,27.583488
425,425A,0.7409543,0.15200028,29.687098,19.999838,129.6273,25.318394,75.66813,23.554379,425B,0.69786894,0.23304828,30.311035,21.35226,124.75266,26.831432,70.12873,23.563826
426,426A,0.3753994,0.1701873,70.22428,30.898203,100.370544,18.723242,34.048786,30.104034,426B,0.33622736,0.18167983,78.80718,35.286716,103.51548,12.163468,24.832718,24.122286
427,427A,0.59046173,0.18369633,43.96675,25.43612,123.27534,35.060474,70.24937,30.500643,427B,0.563121,0.18796428,49.035614,28.540735,116.990234,35.050533,62.06544,31.386026
428,428A,0.51386565,0.1288295,46.593075,24.34929,104.86209,17.993526,37.052937,17.528137,428B,0.49240202,0.112398595,50.661564,24.110224,98.55247,17.039143,32.756367,18.279959
429,429A,-0.02245679,0.22872151,38.64122,52.383858,51.522034,10.948182,0.92661667,6.7332034,429B,0.22103114,0.35050783,44.35964,51.24706,76.34601,32.65247,24.956367,30.996853
42,42A,0.56885695,0.072402775,28.533974,9.945298,100.16839,9.47025,52.52594,10.224357,42B,0.55546546,0.06646474,29.584284,9.359217,99.1092,9.760814,50.814457,10.5377655
430,430A,0.61489797,0.11500914,42.611797,19.220026,128.03616,11.973199,82.03532,11.654901,430B,0.6511214,0.07812013,32.59375,11.167409,130.19572,9.907606,83.184975,9.288589
431,431A,0.5639226,0.2079519,41.138073,27.08832,116.72726,29.867067,52.69911,27.151323,431B,0.596743,0.1901057,39.09574,22.20683,111.16509,34.01646,50.69372,28.78812
432,432A,0.37849125,0.22133657,82.50183,35.942726,93.96714,22.337366,11.76907,22.560722,432B,0.27795216,0.19832641,95.39568,40.44968,109.25177,31.728157,21.838425,30.48487
433,433A,0.3091328,0.42002344,50.58456,25.259928,98.410675,47.313107,53.00618,36.662624,433B,0.60804164,0.13703716,52.293636,19.443933,131.21812,16.072643,79.74624,15.920931
434,434A,0.51409113,0.22545843,71.36419,35.262276,134.70331,24.317902,69.635216,17.802029,434B,0.5123641,0.21041282,68.06876,31.933983,132.72255,22.77191,66.068825,20.74689
435,435A,0.50763345,0.13234939,61.763775,20.1239,124.894615,17.50149,75.85642,18.071795,435B,0.5421269,0.1593786,56.37852,21.050034,128.02055,18.430248,78.582375,19.112118
436,436A,0.7831224,0.13848218,25.905716,15.552027,145.19643,31.858574,89.456535,29.629368,436B,0.71424544,0.20198354,31.524176,21.035376,150.07088,27.443901,93.43449,26.90317
437,437A,0.46723914,0.14252363,53.131725,24.751476,138.0005,24.451147,87.91391,24.805317,437B,0.38471293,0.1404555,59.675037,27.460476,131.83183,23.04435,80.05913,23.556007
438,438A,0.6890378,0.18198897,51.610462,23.281286,117.03314,17.28873,55.05238,17.810823,438B,0.64811265,0.30834126,49.791203,22.29838,112.198006,27.145573,52.2836,21.365099
439,439A,0.45194328,0.16244532,66.17962,31.96684,128.78676,27.164211,73.67698,30.089685,439B,0.45159632,0.17757358,66.81349,35.479576,123.95164,23.324,68.866234,26.576513
43,43A,0.49327284,0.14475398,70.60668,26.169973,88.833885,20.81281,29.992823,25.64786,43B,0.43468827,0.2114406,79.239586,30.68551,83.324425,17.808056,16.103733,20.424074
440,440A,0.818446,0.034929026,27.568113,6.9686704,144.45885,13.086741,90.97381,12.688369,440B,0.8085135,0.07520248,29.144018,10.419766,144.31502,14.272779,91.04421,13.9122305
441,441A,0.5072658,0.107549265,65.16442,23.066347,111.89026,14.253606,57.628178,13.847237,441B,0.5424571,0.09631805,58.48276,19.50436,117.34815,20.143112,62.979237,17.975185
442,442A,0.6253112,0.1758352,49.58537,17.964663,138.36932,25.874748,79.17092,22.215492,442B,0.7013916,0.13980001,43.849216,16.13571,144.01045,16.343914,84.46056,15.175136
443,443A,0.61713064,0.08569383,50.918213,13.05191,101.83295,12.893812,31.715261,16.003952,443B,0.60518765,0.08407421,51.465668,13.034797,103.6185,13.950406,32.469578,16.229893
444,444A,0.18266293,0.10644135,119.34851,45.91617,107.861534,19.906706,35.519314,22.398561,444B,0.17772889,0.08719959,120.57673,45.899582,109.429504,19.854782,36.43313,22.315931
445,445A,0.48639634,0.11174361,84.06207,24.965511,81.16928,20.960363,10.044235,13.279541,445B,0.49225086,0.07777882,86.476715,22.093489,87.03363,17.602213,15.346241,15.266575
446,446A,0.7160859,0.097369276,39.966583,14.972148,135.50679,13.896518,85.114296,12.091673,446B,0.72113836,0.10674593,40.697186,15.801802,138.06252,12.9720955,87.896904,12.42039
447,447A,0.30767685,0.14082576,110.47565,43.021053,85.94858,25.866493,22.633627,24.356617,447B,0.3796242,0.13142851,95.66079,39.4143,95.60732,20.664698,37.484104,24.603243
448,448A,0.35269177,0.18113592,59.125187,20.007233,125.782166,30.26497,34.758213,24.1042,448B,0.33106938,0.2193101,54.60257,20.70496,117.15496,28.196367,24.939743,21.289703
449,449A,0.29074657,0.12165032,72.09095,20.744911,106.33579,16.272757,42.332775,22.350775,449B,0.3041628,0.11817894,73.58115,21.378805,106.46317,14.747936,44.50923,21.188255
44,44A,0.4299776,0.11293122,65.29055,22.031261,119.49798,23.201902,65.278046,21.369953,44B,0.3071077,0.09421525,79.93399,28.305033,105.20695,23.510653,42.54391,23.418365
450,450A,0.53406477,0.11452713,49.05365,21.05198,122.931526,11.387043,71.88779,11.558076,450B,0.5178374,0.10767912,47.949757,20.022604,122.05665,11.776188,71.39391,11.643595
451,451A,0.62352777,0.21033087,47.595745,28.207876,122.21169,22.964191,69.53937,26.386278,451B,0.7001602,0.20076317,38.589046,24.74938,128.98369,21.415867,77.13851,25.569813
452,452A,0.59533995,0.12551476,47.090275,16.359556,97.95919,18.3084,27.382607,25.661325,452B,0.5822281,0.07620725,49.829224,13.447094,93.46902,13.019906,19.292248,13.753064
453,453A,0.8383688,0.11615979,20.918076,13.171379,135.1161,23.259243,80.82578,22.71252,453B,0.8706782,0.065467566,18.452662,9.761044,135.12459,24.611055,81.22884,24.005749
454,454A,0.84890646,0.020192537,23.77316,7.6167736,148.4553,10.38601,94.77026,10.460202,454B,0.84916985,0.020235233,23.17156,7.4738812,148.33754,11.002062,94.44239,11.019831
455,455A,0.34948283,0.12482841,70.67035,25.268276,126.618614,23.679705,62.5578,22.391258,455B,0.45559627,0.12890165,61.16869,21.54873,130.8844,20.392878,72.67121,22.020947
456,456A,0.44195464,0.113316715,67.58915,18.65782,125.63904,11.67853,68.66897,13.988971,456B,0.50071996,0.1079175,65.84107,18.950964,127.2576,10.942586,70.01302,12.456522
457,457A,0.3645754,0.2810525,61.25061,36.03812,101.97164,25.639526,44.720592,26.151651,457B,0.4900797,0.16094336,60.235584,26.665411,107.09847,17.687872,49.436184,20.870256
458,458A,0.28506327,0.10969681,100.560875,39.908257,120.890076,21.029993,68.69234,24.543026,458B,0.33912808,0.15344295,95.470764,40.326077,123.6152,19.632494,71.12211,22.382282
459,459A,0.12073704,0.3022131,32.575092,23.39814,64.93061,42.027782,21.80204,37.99456,459B,-0.07043293,0.049327258,20.080986,6.333851,34.62373,10.227823,0.0,0.0
45,45A,0.35770774,0.1763258,70.2861,19.675867,124.374794,11.0673065,53.55922,15.682487,45B,0.45958567,0.18364385,59.563126,20.659233,124.60504,13.436907,60.42751,16.270048
460,460A,0.34388173,0.101803385,73.73843,30.28393,87.96444,13.969747,28.11457,17.623392,460B,0.30952996,0.117567755,88.71216,39.040337,88.40835,15.139558,25.007965,18.327671
461,461A,0.43129766,0.066726595,57.8049,21.590923,98.744026,11.049321,50.378235,12.644733,461B,0.42344758,0.05357407,56.227398,20.876196,99.19936,10.798394,50.716675,12.076992
462,462A,0.25739193,0.13108616,69.0292,34.210487,93.94818,26.044449,27.499466,23.08622,462B,0.29712287,0.04527827,65.340004,17.249777,70.023926,17.111298,8.9316025,14.964978
463,463A,0.39513066,0.12181871,60.148945,21.431393,108.22103,13.910876,40.306877,17.693731,463B,0.49846858,0.16877319,52.500244,20.686325,108.83175,12.988239,44.90157,15.127687
464,464A,0.47890675,0.15606768,66.371544,25.059103,112.64151,19.672562,47.5148,20.360067,464B,0.47987795,0.17803979,68.939354,31.349066,112.250114,18.057129,53.109913,18.229193
465,465A,0.767576,0.08760166,39.627747,15.078147,123.82339,30.63243,72.54929,28.31811,465B,0.6725178,0.101085655,44.236744,14.12648,131.85756,32.384308,76.08321,27.99056
466,466A,0.67830455,0.1579529,40.81911,19.631166,126.4549,17.876434,75.22034,17.587362,466B,0.6750709,0.14693205,44.07381,21.24766,126.51585,19.58495,75.714714,18.924637
467,467A,0.593055,0.07725396,33.973423,11.025972,133.13957,8.23919,83.6333,8.808213,467B,0.43862253,0.13934638,51.88827,30.387117,121.91587,17.7247,71.68861,19.861204
468,468A,0.3933925,0.0917036,76.91895,26.52537,113.79535,18.877157,54.129,17.127737,468B,0.46895987,0.10995208,67.19011,24.458826,116.71453,24.956114,59.2997,22.008163
469,469A,0.7792652,0.19553754,37.859653,28.19887,144.19733,17.924559,88.00922,20.575743,469B,0.8151835,0.1094778,32.65326,16.264135,144.12646,16.007257,89.47631,15.706309
46,46A,0.6139791,0.12397797,57.536804,25.528727,142.564,49.58283,84.74328,41.288174,46B,0.6432759,0.1621703,57.213367,30.851028,129.39172,34.018917,73.15266,28.735773
470,470A,0.8649131,0.023237439,20.019712,7.0081377,148.54356,11.361588,92.38925,11.469309,470B,0.86769944,0.020833662,19.350698,6.6797514,148.51048,13.329089,91.89416,13.087715
471,471A,0.45496896,0.112670206,76.77999,26.516388,56.601715,19.449339,3.0506134,9.027598,471B,0.50092006,0.12662801,71.02859,26.266731,49.188885,17.578632,1.8807716,5.628953
472,472A,0.34251344,0.21369712,95.11887,49.327854,106.81342,20.946232,50.179733,25.256508,472B,0.32232133,0.19921693,98.33822,52.99962,106.88562,22.474047,50.71712,28.153992
473,473A,0.8530845,0.019712338,22.695618,7.7444468,143.47353,10.180335,90.50318,10.009562,473B,0.85455257,0.020169606,21.983511,7.4005995,142.88843,12.91904,89.51464,12.377336
474,474A,0.66016436,0.15494013,40.059452,20.462593,124.635826,20.328629,68.33883,20.908936,474B,0.63917625,0.17252187,37.142902,20.839256,124.43328,24.749584,68.48436,24.830904
475,475A,0.4284196,0.13275726,62.99532,26.839357,109.49707,26.300589,55.909016,31.758762,475B,0.50074387,0.12553735,54.546253,21.64822,120.799034,21.263237,69.62803,24.692503
476,476A,0.5256426,0.20005457,56.653423,25.729736,116.138275,24.97644,59.592304,25.803024,476B,0.4878942,0.15708181,57.400433,26.040148,115.428734,23.195179,60.042683,23.960001
477,477A,0.8712945,0.04965343,23.892076,8.882077,150.02574,14.410981,94.645836,14.048991,477B,0.869192,0.045371242,24.054588,8.936319,152.04669,14.008528,96.18607,13.619104
478,478A,0.4173578,0.2178975,87.50669,44.407063,117.54169,24.317745,35.723232,27.050165,478B,0.4454511,0.23698612,82.504395,43.46756,110.91978,17.215654,30.08587,22.49389
479,479A,-0.8957748,0.08581853,18.114153,11.075138,26.865486,9.443774,0.0,0.0,479B,-0.8751793,0.09964055,15.164748,9.397434,27.954636,9.582392,0.0,0.0
47,47A,0.34660393,0.093039766,103.04534,32.558918,115.00419,18.793991,56.55422,18.429577,47B,0.3571071,0.090361424,97.67272,32.040955,117.93442,14.9638405,59.21802,15.391511
480,480A,0.68459797,0.11861621,22.155182,10.031981,121.4596,25.517973,65.525826,23.515026,480B,0.70779014,0.1102363,25.046274,11.697502,110.31836,19.068016,52.555126,19.095654
481,481A,0.71432054,0.23314767,38.4969,14.220952,129.38203,19.470253,73.412315,16.197342,481B,0.67087495,0.29973888,38.480434,14.648708,124.83036,25.921667,72.33477,19.453648
482,482A,0.4488269,0.0952752,54.09055,17.526936,102.889915,11.374239,44.844055,12.579263,482B,0.48385972,0.09888807,53.809387,19.00152,111.314415,18.017689,54.318096,17.572605
483,483A,0.55691063,0.28214005,63.951218,44.87098,126.53006,24.06882,67.67033,31.050766,483B,0.7152827,0.18699577,43.348904,30.033873,136.94115,19.1941,82.573395,23.291685
484,484A,0.7396152,0.093258016,38.830353,12.718957,124.14304,33.22082,73.851974,31.826174,484B,0.7386991,0.13976322,37.92832,16.78438,152.47847,27.929499,97.528786,26.513636
485,485A,0.35360843,0.13386896,88.35291,39.163357,95.33309,35.062206,28.603523,27.641441,485B,0.31353927,0.11576482,102.66745,53.70266,99.27744,31.547985,32.61465,28.649132
486,486A,0.7129569,0.14898379,39.09636,13.978838,138.34465,16.93207,80.96555,18.079185,486B,0.6845381,0.10922311,43.97138,13.954668,136.72252,14.078011,79.105316,15.695096
487,487A,0.38996154,0.10922517,58.5677,30.68182,95.96598,10.429231,44.403103,13.053939,487B,0.45825338,0.10508101,44.667843,23.328846,107.0951,12.013386,55.141567,10.850902
488,488A,0.7437159,0.11279888,37.310116,18.19524,138.53508,16.690508,86.79949,14.287668,488B,0.7498045,0.120204665,38.13371,19.400408,141.69633,17.68178,88.95492,14.911112
489,489A,0.35947043,0.12096039,64.479454,26.409357,121.24236,22.491245,67.13406,25.416397,489B,0.3711437,0.101625815,56.61908,20.713974,118.38502,18.968445,65.37872,21.660048
48,48A,0.3938598,0.20120895,49.66385,28.116076,143.96342,59.22838,71.75344,48.787727,48B,0.4277593,0.19359572,49.090897,30.26911,129.41397,61.742798,61.299637,48.633743
490,490A,0.2646302,0.1662622,106.761665,39.410954,99.20312,17.40076,37.94233,20.446505,490B,0.3742651,0.15836738,84.360756,37.477314,109.3036,20.343294,56.43811,21.289455
491,491A,0.80383706,0.19716832,33.02578,21.156328,149.31366,21.648293,93.22134,20.437263,491B,0.8264119,0.15238635,30.656393,16.400629,148.79062,17.117796,92.572,16.324814
492,492A,-0.5796696,0.41539088,11.335406,13.010107,75.87937,14.725052,1.9784546,11.153154,492B,-0.7235464,0.33086535,11.184852,16.170904,81.57502,12.970158,1.6138573,10.246753
493,493A,0.79313636,0.16952568,34.05451,14.544851,139.67879,24.175255,87.7573,20.114353,493B,0.84739,0.075557664,30.343374,14.634692,145.64119,15.9174795,89.94126,15.584588
494,494A,0.7121492,0.18987478,31.331732,21.583769,128.06145,23.760832,74.090935,23.21887,494B,0.7116492,0.16514097,33.397312,19.244587,122.039345,22.93261,68.23953,22.494644
495,495A,0.7093278,0.13598925,48.863983,22.825222,146.52638,12.309094,87.51356,13.134597,495B,0.53046143,0.3618834,60.125095,35.38165,124.50073,45.956287,66.83512,35.94874
496,496A,0.40884855,0.30380708,59.35735,19.099157,118.45214,40.415874,55.697254,35.683495,496B,0.35503304,0.3177361,61.55107,21.242878,115.909546,41.39809,52.62293,36.949028
497,497A,0.47239664,0.20708014,57.21092,27.351377,117.40188,25.83125,67.70916,28.213196,497B,0.4140986,0.1387447,63.75944,25.179937,105.5748,19.637903,53.3721,24.254852
498,498A,0.70484394,0.1401843,28.945877,10.502488,129.84352,18.213383,81.88148,17.072803,498B,0.4638265,0.17190629,51.140545,25.595837,107.34275,18.427675,61.3419,18.93167
499,499A,0.30915803,0.16873027,105.588356,45.455257,111.643196,22.095427,45.39395,25.107748,499B,0.52947974,0.24844266,73.43895,43.277832,110.91428,18.862219,45.66553,21.9619
49,49A,0.59255195,0.10997374,47.720608,15.961705,129.40576,16.983778,74.949425,15.504854,49B,0.60166013,0.11577711,46.694946,15.245148,125.35908,14.902058,70.89026,15.186558
4,4A,0.7029588,0.067458175,38.133167,11.779903,130.89577,11.118627,78.28408,11.567455,4B,0.7125354,0.06367194,37.872173,11.569141,131.0258,10.875727,77.86372,11.274268
500,500A,0.21193223,0.052118592,172.45819,51.14087,129.5837,28.384523,55.747463,29.593552,500B,0.18921986,0.0491365,179.82613,52.73575,124.044014,27.642225,47.755535,31.775967
501,501A,0.6988786,0.11983377,34.117477,13.701559,130.86658,12.342785,77.64987,12.043046,501B,0.731364,0.101589434,30.986473,11.777128,133.37523,11.434854,79.93491,10.968891
502,502A,0.4940492,0.12023228,44.429058,10.009772,122.02241,20.484444,69.06693,23.949686,502B,0.47623354,0.116959676,45.37517,10.7221775,123.49786,16.920166,70.61227,19.592548
503,503A,0.40923658,0.19921768,79.39998,42.11211,106.866455,21.177309,53.00912,25.831814,503B,0.3856213,0.20267613,79.71235,41.872326,104.10691,22.850677,47.548874,28.16722
504,504A,0.2359525,0.0762613,70.93876,18.631645,98.169106,19.97937,38.76686,25.79674,504B,0.27523965,0.0814105,67.598625,17.177765,104.89136,18.697992,51.118988,25.238684
505,505A,0.33150688,0.252813,104.62975,45.940746,96.426,32.000553,31.23533,35.15045,505B,0.3680406,0.29765376,111.47485,58.518116,113.45679,22.729626,41.36644,31.183746
506,506A,0.5080027,0.077786066,40.325535,12.158446,111.588745,13.366356,56.918896,16.05441,506B,0.5065403,0.09352918,41.489204,13.806151,111.62891,16.122768,53.914288,17.878592
507,507A,0.38696462,0.30278283,77.89323,40.729942,116.05491,33.433445,59.42929,34.08257,507B,0.5344856,0.17162518,61.623474,24.693775,131.99872,16.305944,76.03155,17.43354
508,508A,0.6417557,0.12760285,44.14435,18.047672,118.484406,16.226282,68.75387,17.793392,508B,0.63982975,0.14534278,47.172077,21.085981,119.27297,16.72177,65.911514,19.08011
509,509A,0.6965944,0.20143569,33.682987,18.037867,122.98981,23.455076,69.60943,22.49824,509B,0.73770773,0.14344537,31.91655,17.497166,122.447205,24.72125,69.512115,24.03995
50,50A,0.5304735,0.16426541,63.502075,27.736094,114.42068,28.22484,52.438976,23.116987,50B,0.38655633,0.19463518,83.680695,38.550888,114.921104,35.754856,43.217865,28.935999
510,510A,0.34770244,0.057779405,71.31757,28.707949,129.865,15.779808,83.54089,18.380705,510B,0.36299306,0.05991107,68.64532,24.822992,129.34059,13.596781,82.03245,15.314837
511,511A,0.47191635,0.11981917,67.6626,25.42734,126.93453,16.485226,74.821655,18.483576,511B,0.5045435,0.10699411,62.069412,19.015068,132.63023,17.135643,80.55133,17.06438
512,512A,0.4278797,0.14776738,73.170815,25.625538,115.8431,17.104221,60.047565,26.106155,512B,0.42071813,0.104318716,71.01788,19.382559,114.858635,13.734044,60.56377,17.451479
513,513A,0.6795099,0.113059126,45.048824,16.381681,130.27547,13.388659,78.16027,12.723081,513B,0.6319744,0.13173895,48.80958,18.205173,129.33392,12.48391,76.94376,12.005347
514,514A,0.051115423,0.019584153,192.88573,46.3267,76.29141,24.848259,11.068962,18.037209,514B,0.05232472,0.012532324,196.73405,44.58546,77.264786,23.574652,12.973724,19.310297
515,515A,0.5435924,0.2453244,64.00825,36.05409,123.834145,18.334414,65.1745,24.333698,515B,0.68004686,0.2729582,48.616726,37.156677,131.34212,23.542477,76.108765,25.816135
516,516A,0.33972347,0.17507559,78.59334,41.96114,92.82833,40.887794,18.509735,26.25014,516B,0.39789253,0.15435371,61.58739,27.1173,93.29071,36.685467,20.210514,27.500782
517,517A,0.7086933,0.057825003,40.61546,11.08915,134.3178,10.866343,83.0224,11.02759,517B,0.6940529,0.057270475,39.824745,9.946853,139.33324,16.277573,87.94629,14.728664
518,518A,0.18808077,0.11026257,86.37186,29.320507,108.311646,35.839737,23.410896,28.447489,518B,0.16997592,0.08948573,97.58042,39.533108,104.01877,40.192875,22.100403,29.986965
519,519A,0.53971994,0.2199744,54.257996,28.64831,122.41077,17.562323,68.46877,23.903805,519B,0.60546607,0.22522004,45.924194,27.482283,124.286896,21.252352,69.72785,24.931034
51,51A,0.74905086,0.083680086,15.795152,8.638109,123.794106,20.642534,70.892235,20.651104,51B,0.7830475,0.0578875,14.434307,7.8322277,124.85409,18.25313,71.8659,18.81487
520,520A,0.7557967,0.12963134,36.047977,16.51996,153.63014,21.111635,94.03412,19.214672,520B,0.74158305,0.12922339,39.063778,17.100842,150.21074,19.094687,91.12246,17.37202
521,521A,0.4675868,0.0898166,55.39693,20.159185,105.10514,11.544464,56.024403,13.497936,521B,0.39539552,0.17449853,67.0811,32.19606,99.40338,16.009897,44.799732,20.455914
522,522A,0.565356,0.20455267,50.34193,25.49544,126.1575,28.188843,74.77634,27.266306,522B,0.6219456,0.19948329,45.23778,24.234339,127.65061,25.303034,76.86492,24.561855
523,523A,0.6235715,0.082923606,46.307953,12.68111,135.91705,36.018734,84.770325,34.231613,523B,0.5535823,0.11106907,50.890594,16.809614,124.24115,28.683474,73.0084,27.892502
524,524A,0.35616612,0.16621606,118.11859,45.893764,102.613495,18.69087,43.661926,22.06339,524B,0.33308458,0.1733792,126.383,49.623703,100.385925,20.045002,38.764133,23.195501
525,525A,0.6322521,0.41301152,32.869656,20.233646,120.858925,53.538593,69.78548,42.571365,525B,0.871341,0.033411365,21.908068,7.9396844,155.87569,31.317469,97.3833,29.039778
526,526A,0.59212434,0.048725374,35.193546,8.808097,114.18607,9.198152,64.825424,10.283367,526B,0.5436429,0.064891815,39.93866,10.546867,111.04614,10.211643,61.654297,11.689766
527,527A,0.44617835,0.16545404,69.1966,32.091763,131.0059,14.401073,75.9045,17.061644,527B,0.3569973,0.2237356,102.35169,63.70976,119.68328,17.536106,58.41389,26.551155
528,528A,0.55585873,0.20879725,56.5702,27.850344,86.82309,20.060555,24.669058,15.50341,528B,0.6240912,0.18881916,44.256317,23.216608,93.03046,15.258915,34.356037,16.021622
529,529A,0.74574924,0.10044042,31.253029,18.279703,143.39949,12.675932,91.84875,12.839034,529B,0.7160924,0.18698068,30.228033,18.126854,143.36916,14.098965,90.434654,14.162933
52,52A,0.62042886,0.1697944,50.679096,25.946142,100.957115,17.291456,27.57813,20.692421,52B,0.65702295,0.16177902,49.208893,30.605247,101.06088,18.519983,33.531757,24.063585
530,530A,0.3677364,0.5164257,41.31268,15.610359,96.71265,37.250957,44.82256,31.556854,530B,-0.08167664,0.40013543,35.365387,17.43168,58.71996,36.382816,17.91753,27.579138
531,531A,0.5577313,0.20887104,51.35138,23.202242,106.03304,18.014229,50.190144,19.651085,531B,0.6143025,0.21937378,49.88605,23.684755,112.33603,18.361908,56.10736,19.271029
532,532A,0.3784067,0.13285121,76.91266,27.237637,122.76025,13.172638,60.204098,17.40991,532B,0.42199063,0.15005863,77.2177,31.344213,123.67635,14.756159,63.188007,18.751793
533,533A,0.1919543,0.09009727,128.7945,49.02842,76.6908,24.667915,14.584572,22.488167,533B,0.19650072,0.112497054,136.5703,55.04422,80.58334,29.476751,19.641056,27.811329
534,534A,0.5109118,0.18936835,77.35152,34.760612,119.625305,23.851212,59.798676,25.228357,534B,0.45521283,0.23062885,77.23064,33.85727,116.84293,26.24418,57.227787,27.972448
535,535A,0.08088146,0.16427699,61.558197,25.865265,54.26076,37.150978,14.122009,27.36364,535B,0.0058422843,0.029101672,51.015778,5.2858024,38.976456,8.637843,0.0,0.0
536,536A,0.544052,0.19179422,63.371857,37.228336,109.84949,20.742815,60.886463,18.718388,536B,0.5724734,0.1932196,60.234207,37.70131,112.5788,19.571085,63.038708,17.61363
537,537A,0.5205454,0.036823668,38.25119,5.6724434,135.8981,7.4364557,91.43551,7.7929816,537B,0.53427494,0.043814998,37.98479,5.7496395,136.48955,7.185484,92.09322,7.575965
538,538A,0.7403412,0.20232382,38.85489,17.866041,118.00138,20.571056,69.39405,18.601994,538B,0.8086847,0.08452806,33.728664,18.97132,116.88723,25.340345,66.46955,23.942698
539,539A,0.51869273,0.14456008,55.124302,17.653553,140.64,24.191416,80.23623,23.882975,539B,0.53950465,0.12508017,52.648712,14.561707,143.47423,21.385504,81.94689,21.505272
53,53A,0.1579916,0.053224344,148.10023,49.94456,119.13794,22.13959,54.931362,34.040237,53B,0.16161102,0.023048963,158.18369,49.146767,144.10661,34.781628,84.56845,33.14236
540,540A,-0.41648033,0.32014906,65.59799,13.637629,57.142017,28.831055,8.571339,25.650444,540B,-0.5379003,0.060722403,62.177334,10.004929,54.55942,12.3391485,0.024467468,0.41745308
541,541A,-0.361369,0.14823708,10.205541,6.742519,56.595844,9.214943,0.00062179565,0.046911553,541B,-0.34447837,0.15780817,8.802117,5.702385,48.498486,10.443528,0.0019226074,0.078491114
542,542A,0.44422656,0.16441669,46.512253,26.77719,92.34464,16.42956,35.403458,20.864796,542B,0.40859467,0.17513056,46.828594,30.183481,94.2933,19.076525,35.71993,23.975666
543,543A,0.7856888,0.08946729,34.993534,10.017567,140.60527,12.03326,89.620125,12.335436,543B,0.75731826,0.118137896,37.69838,12.174589,140.6566,13.127596,88.50913,13.717907
544,544A,0.3505103,0.06293848,80.38375,23.370483,104.46058,11.129928,51.227646,13.506293,544B,0.37713695,0.07072,71.81906,20.487057,104.11967,11.798887,51.337757,14.306593
545,545A,0.50770485,0.278906,71.34572,37.873737,102.85388,17.877317,37.885223,20.466576,545B,0.34719864,0.26103047,80.733765,34.28512,106.94019,20.07631,32.402218,20.671839
546,546A,0.6086254,0.043008458,46.581646,6.325735,140.86928,7.7420387,92.033485,8.046058,546B,0.62285125,0.0411116,46.69849,6.5676184,140.64952,7.1115026,92.577545,7.334344
547,547A,0.3163833,0.13197085,89.29334,33.57264,132.38629,23.068995,66.57044,21.604523,547B,0.29744995,0.10080427,91.66101,32.27659,129.68962,22.827803,59.382763,20.228184
548,548A,0.21682797,0.2695644,84.408485,57.723137,82.063896,44.64408,36.189247,33.055145,548B,0.48148805,0.18493007,54.82192,28.951101,112.14496,21.481337,60.029404,22.240477
549,549A,0.4122247,0.28353998,81.89932,47.122074,111.26016,22.233528,49.82741,31.003538,549B,0.5787877,0.30466482,57.050247,44.066128,120.41906,23.926497,62.272293,31.968187
54,54A,0.74111545,0.15972243,39.769573,20.789911,129.76054,43.290173,77.40205,40.848724,54B,0.8353174,0.061849847,30.348883,15.103153,118.77215,49.02126,69.266685,43.739212
550,550A,0.33871406,0.23174842,98.050476,44.447464,86.196205,18.28419,12.65411,14.547629,550B,0.25153458,0.15985708,102.78174,36.83135,84.16892,13.323194,10.402878,13.223066
551,551A,0.5005717,0.15250851,58.41054,16.724865,150.10254,25.732761,85.941795,20.053942,551B,0.47089452,0.17218293,60.54244,21.629875,144.59811,27.62393,80.48843,22.642387
552,552A,0.5578879,0.09650246,38.87103,12.10347,116.88638,14.054524,61.568924,12.506654,552B,0.56887734,0.10728604,38.81519,12.952961,118.182434,11.809179,60.571423,12.570592
553,553A,0.49794757,0.06851021,53.562027,16.900274,114.189445,9.139962,65.517334,10.045237,553B,0.5168007,0.06726436,50.506847,15.864698,114.442505,8.920395,65.91082,9.681278
554,554A,0.6003333,0.17525618,50.63534,24.306076,131.78336,41.023228,80.40037,39.327023,554B,0.5722991,0.14040804,52.320827,24.20738,145.85492,41.944252,91.70929,38.78136
555,555A,0.32983533,0.06471004,90.34802,18.15003,107.87976,13.165775,49.557354,16.780252,555B,0.3488215,0.06827487,90.02943,18.608934,109.385216,13.474032,49.906994,16.920658
556,556A,0.34273154,0.11983326,63.133343,15.549396,120.03605,14.558767,66.34197,17.636757,556B,0.33841956,0.09768512,65.12592,15.525725,119.1381,13.352785,63.330868,16.646044
557,557A,0.8521832,0.08306455,31.977621,16.745815,145.6754,42.98596,88.725624,37.861168,557B,0.86017966,0.0552183,30.517752,14.219799,155.06042,47.157845,96.382996,42.151375
558,558A,0.6100293,0.18652742,55.063828,30.75075,130.98961,13.995719,74.78628,14.80782,558B,0.56730807,0.16975461,58.338726,29.007778,130.75539,14.266126,74.83584,14.10299
559,559A,0.82301855,0.02026326,27.682678,7.307557,144.20827,10.167946,90.31834,9.849042,559B,0.8252983,0.020205611,27.481989,7.285727,144.69499,10.987022,90.589134,10.582188
55,55A,0.85207987,0.020986743,24.1803,8.6998625,143.24406,13.242319,90.95556,13.107452,55B,0.85057855,0.023371095,23.871027,8.542575,142.31178,13.1102085,89.735985,12.925929
560,560A,0.3312464,0.10952014,103.7579,32.748737,109.46906,21.41112,48.031082,26.801128,560B,0.37727806,0.11650203,99.99182,31.187733,111.15395,18.657835,53.505573,23.453316
561,561A,0.2734279,0.1089669,119.43512,35.18732,116.944275,23.45043,56.738556,24.051037,561B,0.29769266,0.12013111,119.70626,39.275856,119.804504,19.947075,61.51471,21.181074
562,562A,0.25813586,0.14748904,83.053795,28.657913,126.24105,16.363607,66.31744,16.279665,562B,0.30931824,0.15595491,89.93986,36.228264,135.60002,15.22328,73.94964,13.438802
563,563A,0.34549135,0.09874111,58.570328,20.979748,100.21759,15.72615,40.561848,18.32234,563B,0.3654673,0.10382482,56.07521,20.666025,101.24691,16.22412,42.560894,18.960438
564,564A,0.36146307,0.15503839,84.44364,26.160997,123.31241,14.696818,50.736237,19.440327,564B,0.44166344,0.17413795,75.33606,28.615643,128.02065,15.35105,56.783886,18.022312
565,565A,0.7731955,0.05406459,33.960026,7.0488153,140.49307,9.435071,87.22131,9.321219,565B,0.7129593,0.047878735,36.664124,6.1229496,139.16629,9.280427,85.24283,9.1846285
566,566A,0.40043014,0.16854222,56.396076,20.834305,116.34335,11.696432,58.8196,21.88036,566B,0.62891424,0.13335915,45.231518,15.236763,129.66205,11.678899,87.211555,11.894052
567,567A,0.5985972,0.26084024,51.29566,38.847916,136.94939,16.777887,74.56742,17.375532,567B,0.66521895,0.21209775,46.24347,26.2305,136.66681,14.624247,78.25401,16.588333
568,568A,0.41040432,0.14370565,94.44476,43.51035,123.23463,30.699844,53.698334,24.230362,568B,0.42896155,0.12556444,82.195625,34.584625,125.55606,38.483047,52.52698,29.243946
569,569A,0.5443015,0.14999063,56.803272,21.775307,93.88143,27.798815,37.1999,20.242025,569B,0.5626016,0.17168364,57.349213,26.470634,95.366,20.971827,39.461815,19.706247
56,56A,0.8777668,0.018941296,22.70642,8.366817,147.63515,13.439802,91.814735,12.89836,56B,0.8429559,0.20633382,25.473532,13.919892,143.9759,24.977316,86.99418,19.744642
570,570A,0.34469166,0.21519113,103.80625,40.997105,127.550964,22.750631,69.24044,23.299648,570B,0.41047764,0.21639258,94.60122,37.71941,125.72448,17.121603,65.51458,19.970829
571,571A,0.85598814,0.022172533,23.904444,7.939262,147.54726,13.189864,91.93621,12.8630905,571B,0.855819,0.021363685,23.920843,7.96402,147.61714,13.380335,91.60349,12.992875
572,572A,0.71428645,0.1586521,40.08556,20.492195,122.61329,16.452957,69.98184,16.142225,572B,0.73411614,0.16663696,37.45673,21.976357,124.5202,16.211468,73.07078,16.58994
573,573A,0.3666599,0.19879116,56.172672,14.27257,127.48998,19.073181,61.515316,18.450779,573B,0.5038994,0.18909158,51.305252,15.211105,129.8821,14.7126465,67.25388,14.962158
574,574A,0.22686918,0.1042929,83.641365,27.862684,89.33661,26.386454,21.048935,30.130875,574B,0.20826478,0.08671542,77.388916,25.207722,86.03036,23.164925,16.731548,26.095976
575,575A,0.3681857,0.084796146,69.409706,28.436853,94.86493,10.879032,45.58196,13.108559,575B,0.3349061,0.073405236,78.01211,29.115604,92.50193,11.109273,42.38122,13.430511
576,576A,0.36859113,0.10005905,76.44211,22.50108,139.61017,31.73365,87.93716,28.921108,576B,0.3678116,0.11270006,76.11118,22.733652,120.687645,22.525423,72.63809,23.582739
577,577A,0.6933438,0.17389175,36.033337,18.504362,131.18626,28.699093,78.44724,27.83159,577B,0.64770514,0.17989841,38.062046,16.68833,137.29161,28.691385,84.06162,28.081453
578,578A,0.45168346,0.19954465,60.098736,31.133236,116.68267,16.488958,63.18483,18.337318,578B,0.4414515,0.18514138,58.108414,29.607647,119.307495,17.957157,64.71017,19.748106
579,579A,0.7124045,0.25938416,41.029736,35.121883,137.5891,32.948265,78.02308,32.892582,579B,0.74602926,0.212713,36.6304,31.62393,141.36711,23.381363,80.10442,24.982452
57,57A,0.7529457,0.12251979,31.971598,12.293037,139.8572,12.6057415,90.58639,12.713754,57B,0.6208639,0.25116163,43.886402,21.340582,130.7742,24.347624,80.80777,21.047773
580,580A,0.6422959,0.13602617,50.340588,19.306421,114.292854,16.657192,54.30072,16.851482,580B,0.70331746,0.13858195,44.91328,22.387163,118.88464,13.881328,60.634674,13.872121
581,581A,0.3458352,0.090688236,70.993164,29.744904,132.43542,16.923601,83.53928,19.057085,581B,0.30845252,0.08858564,74.79066,26.487595,139.7833,23.181707,86.41934,22.392506
582,582A,0.539328,0.11793855,64.58787,19.177979,100.84388,17.04336,43.777935,21.385412,582B,0.45665637,0.1574245,75.09002,30.458618,104.0253,15.15359,45.878925,17.442705
583,583A,0.6374414,0.2321189,34.417904,31.365774,115.50167,22.636683,67.52758,21.84384,583B,0.63879067,0.15234189,30.039072,17.867634,112.56608,20.1317,62.85408,20.750017
584,584A,0.39118752,0.13264537,66.33207,19.00621,114.599754,15.553795,53.74194,20.109705,584B,0.37204912,0.117579415,61.576183,14.284314,109.69211,16.46362,47.41276,20.576084
585,585A,0.47418255,0.13452862,49.009495,15.374128,120.27505,18.56764,64.72929,19.158314,585B,0.6455086,0.111859456,35.350666,12.63182,135.86763,22.601862,77.62368,21.116943
586,586A,0.7341629,0.027903588,31.134298,7.2577605,132.40851,7.06082,84.90088,7.473927,586B,0.7379559,0.054704808,32.17337,12.018517,135.44539,7.42917,89.19799,7.9041305
587,587A,0.32098603,0.119545095,80.81074,30.947454,111.651886,20.046543,51.382187,21.35658,587B,0.3218301,0.09962421,80.817696,28.787947,100.96226,21.880764,43.871876,21.77518
588,588A,0.46911287,0.19910657,81.3638,44.324043,126.77948,41.06711,66.27879,38.333008,588B,0.57935,0.19885387,61.939137,29.644447,114.31138,26.96117,53.139606,23.458752
589,589A,0.4735363,0.17044476,59.19325,26.705254,113.01429,23.969149,57.69548,24.6476,589B,0.43178415,0.16481087,64.64917,30.781132,113.67025,22.957634,55.82954,24.667103
58,58A,0.5365552,0.20697911,49.30249,33.313538,126.45431,19.051708,70.60153,23.065138,58B,0.5922904,0.13608624,39.747646,17.117338,127.90229,16.353693,74.08282,16.72162
590,590A,0.57307875,0.12884724,60.05586,19.766682,89.91189,13.902954,33.04471,16.904194,590B,0.57128906,0.15464635,56.78308,20.687801,98.29712,18.955702,43.438293,23.088068
591,591A,0.56154835,0.1117933,38.668015,13.426145,113.01969,26.060047,57.24835,25.328926,591B,0.60982895,0.092176326,36.25507,13.196392,121.68319,29.402117,66.16821,25.113237
592,592A,0.6851034,0.10672972,48.198914,17.224852,127.12378,13.899248,77.03556,13.585293,592B,0.6895526,0.11823628,46.415493,17.850967,128.10728,15.698731,79.105064,14.606066
593,593A,0.3170257,0.05914251,64.25972,23.341072,146.16066,37.127155,96.846436,35.339165,593B,0.30708176,0.07817172,71.8919,32.13525,158.14967,44.314598,107.105835,41.592243
594,594A,0.4878985,0.11764706,67.84262,16.679277,127.638435,11.805403,74.62559,11.420685,594B,0.5033048,0.13069898,64.748985,17.153105,128.21358,14.202959,73.98473,13.429157
595,595A,0.79320854,0.022452286,32.605637,7.275145,147.00734,13.672984,93.79252,13.471904,595B,0.79296017,0.022482615,32.19084,6.9060183,146.53987,13.888638,93.056755,13.638338
596,596A,0.6806377,0.10252226,35.161366,12.840053,133.58504,15.366767,81.115036,14.784027,596B,0.6774188,0.08290967,34.475872,11.478769,130.01744,9.561198,77.54882,10.020622
597,597A,0.64031434,0.13695835,41.751884,9.5911455,132.00853,15.77002,77.91248,15.505098,597B,0.64706635,0.1466143,41.425976,11.397102,133.51955,17.744053,79.79412,17.933208
598,598A,0.642792,0.21400726,50.309906,28.836248,115.58014,19.682163,58.789642,20.697214,598B,0.6160841,0.21208769,51.44614,27.71089,118.24967,15.748078,61.055996,17.913471
599,599A,0.451568,0.24321926,68.97031,39.788227,103.19602,29.691223,51.45525,27.23568,599B,0.46297404,0.2977849,67.15931,43.26281,98.80668,33.929756,46.555378,27.328377
59,59A,0.40186492,0.1534147,65.32548,24.111427,116.34061,15.620974,62.22296,21.700073,59B,0.45445842,0.18066394,59.993748,26.407578,119.76914,16.921564,66.339935,23.204876
5,5A,0.44656965,0.1802962,64.30408,26.393202,119.95117,21.646997,61.35307,24.123873,5B,0.5064511,0.18877892,57.368317,26.728344,128.39873,20.945726,68.6825,24.916195
600,600A,0.5454487,0.111982875,51.887196,18.85065,132.0873,11.398869,81.52325,11.698079,600B,0.52338535,0.13777767,55.98047,23.367783,129.01689,14.961542,77.951996,15.440756
601,601A,0.65573424,0.065038234,42.486988,10.825077,113.325874,19.221624,61.98579,21.612574,601B,0.64542633,0.07708932,42.76395,13.612457,118.998314,17.67897,68.6155,20.741194
602,602A,-0.30959427,0.26535583,127.00879,28.427935,90.052055,14.970479,4.8516693,19.72529,602B,-0.4226903,0.028087577,119.29559,17.344814,90.07721,7.769048,0.0017929077,0.1032233
603,603A,0.48785612,0.10970096,53.413044,18.790714,129.3928,11.639268,79.37276,12.648567,603B,0.4719138,0.10410229,53.30786,18.107624,130.69534,11.50172,82.30248,12.185254
604,604A,0.7772567,0.07771259,25.47348,10.314628,138.11922,27.762264,80.69936,25.42963,604B,0.74775255,0.07766585,28.934143,11.093674,126.720985,18.599789,72.09375,17.629232
605,605A,-0.25004822,0.1589632,95.1697,49.19315,52.870148,13.84319,1.5593605,8.05131,605B,-0.26443407,0.1441014,91.975525,47.052834,50.353893,14.494236,1.629303,8.504287
606,606A,0.8516767,0.042208593,16.939274,8.602678,141.31227,31.424482,88.97632,28.692785,606B,0.8684695,0.06417108,16.572102,9.906247,146.16292,17.824623,90.73507,17.00314
607,607A,0.564366,0.24112995,53.70807,40.575237,137.16272,29.226645,82.19959,25.222012,607B,0.45138267,0.220696,73.928856,43.400127,131.20811,23.611181,76.0478,21.49647
608,608A,0.6416576,0.17275724,28.415894,16.401024,123.28886,20.165829,71.98238,21.815304,608B,0.59921926,0.18789399,29.883326,17.370308,122.9222,19.618242,71.92136,21.833036
609,609A,0.70574105,0.16183147,44.927906,22.008408,135.42427,19.457365,68.817184,19.1077,609B,0.73786104,0.13005246,40.140587,19.216196,137.2511,15.406664,70.18983,17.403755
60,60A,0.7430674,0.17162937,32.52479,21.397064,127.53623,22.770607,74.701355,21.39765,60B,0.7568742,0.16963185,29.94396,20.592089,129.81633,21.792551,76.64306,20.619402
610,610A,0.40142828,0.116066664,70.25074,32.273796,142.12401,11.006831,86.46116,13.549556,610B,0.450727,0.15564021,67.7653,32.29754,143.5627,10.845029,87.51859,13.695482
611,611A,0.4317793,0.1981203,56.560375,30.131248,114.32815,25.620792,57.104584,30.735832,611B,0.38320068,0.19938885,61.789185,34.27065,111.693665,25.168333,51.43999,31.331417
612,612A,0.8218136,0.111715294,28.42034,10.964898,137.46172,9.180676,85.58737,8.755048,612B,0.8165519,0.11311737,28.217606,11.164246,138.03886,10.250668,86.2329,9.96581
613,613A,0.58796334,0.21289173,59.381897,36.856007,120.130554,23.898216,72.27191,24.155636,613B,0.69225025,0.15845445,41.5135,22.64768,127.93226,30.10004,82.43429,28.30687
614,614A,0.3529588,0.1282736,69.75278,28.187014,124.03717,21.056206,71.523636,28.267517,614B,0.28644,0.10770813,83.377716,34.30777,106.22684,22.161888,46.140186,31.244745
615,615A,0.3419987,0.19575638,77.38324,33.95278,115.37566,16.144268,65.05193,16.053774,615B,0.3384118,0.08425883,83.69265,29.404005,116.27325,11.054374,63.959595,12.097676
616,616A,0.4692585,0.1563398,72.491264,32.77548,95.320526,19.331738,48.60204,22.590355,616B,0.376007,0.1330639,83.43211,37.890244,100.96879,25.243277,57.059185,27.215578
617,617A,0.45477,0.10738938,59.314068,27.488,103.96731,13.897757,51.848103,18.07938,617B,0.4596671,0.10003205,59.399937,23.606745,106.64594,15.180584,54.99284,18.982176
618,618A,0.6209097,0.16459759,43.242085,23.581018,127.24625,15.758686,74.42657,17.181175,618B,0.65108126,0.12892276,38.900467,17.92258,133.05904,11.308029,80.25406,11.426047
619,619A,0.88130844,0.05440279,29.58966,11.056502,148.00513,37.241642,91.04977,34.91476,619B,0.88590556,0.0473331,29.881403,16.559732,151.20213,41.193283,93.19761,37.762627
61,61A,0.78566957,0.05109767,24.923681,7.724452,143.67152,9.701375,90.12905,9.648493,61B,0.80714905,0.046743188,23.91154,7.7453218,145.71626,9.9311905,90.85354,9.755921
620,620A,0.5228903,0.134383,42.817448,16.87192,119.95481,15.958127,65.71409,17.757969,620B,0.503055,0.11779938,43.89685,14.614945,118.486916,16.102137,64.38576,17.894735
621,621A,0.3071406,0.055651687,114.79501,25.806686,124.189735,14.995465,62.51999,15.435643,621B,0.33199915,0.060911298,110.73349,27.70691,129.2921,18.511543,68.7566,17.439896
622,622A,0.289563,0.12288314,123.34198,43.823376,98.8114,14.769546,50.317097,16.199911,622B,0.27875882,0.10779641,125.53895,43.884487,97.16982,16.7485,47.41467,17.642572
623,623A,0.5083471,0.18557878,74.28576,40.76479,117.034676,19.9419,60.36433,19.728886,623B,0.47332314,0.22145611,81.54551,47.253937,123.84678,28.370947,64.64283,25.272722
624,624A,0.8698981,0.022758882,22.20202,7.9789023,149.02553,11.52495,96.0559,11.238987,624B,0.86879563,0.035251725,21.486237,7.6940665,149.21338,12.455889,96.6215,12.256244
625,625A,0.64004666,0.06013901,21.628632,8.93974,104.90582,11.728317,60.08148,13.986476,625B,0.5978156,0.10947515,27.068848,12.712213,102.384705,14.929984,53.948437,19.809725
626,626A,0.11789752,0.041842174,191.45927,42.517334,167.80519,49.271553,112.88029,44.80139,626B,0.12866011,0.049258705,190.1646,45.3172,170.97974,54.161255,116.72662,47.64923
627,627A,0.37480655,0.119203836,63.706238,25.236536,112.4871,13.571255,54.81782,15.983916,627B,0.3735989,0.1079665,61.689728,23.4817,111.58155,14.091437,53.77028,16.238735
628,628A,0.20834137,0.51265544,71.45103,40.581516,95.404015,42.075497,42.215714,25.55853,628B,0.18777037,0.5278039,64.94912,38.256466,94.249504,38.37514,38.669968,25.249249
629,629A,0.25013903,0.20523536,134.47571,52.01828,96.53617,18.530783,24.611328,20.294157,629B,0.19251359,0.19070017,155.20111,54.846756,90.56075,21.849932,16.998146,18.475166
62,62A,0.27024508,0.20148459,79.504326,33.234825,103.35897,17.933075,26.67576,27.29998,62B,0.23283039,0.20452854,83.97237,35.578243,102.69464,18.757639,26.479515,27.57325
630,630A,0.45695412,0.17269446,65.44772,30.611814,118.21841,18.739061,65.55508,21.405247,630B,0.44602394,0.17957999,61.485012,26.787703,119.14859,21.026043,64.00836,24.966705
631,631A,0.4188998,0.09303258,70.23226,19.869822,115.400566,20.50985,51.865723,25.092695,631B,0.39941245,0.093798086,70.281,19.755083,114.40545,19.66366,51.129253,24.185072
632,632A,0.46655244,0.2879186,110.47622,66.59571,90.62083,23.25872,23.523888,22.073149,632B,0.48947173,0.24759646,108.40331,58.768764,82.22378,15.265281,14.954754,13.467318
633,633A,0.4923909,0.06340646,66.244865,19.427088,82.055145,10.85344,26.113226,13.316106,633B,0.49988508,0.07020129,65.67901,19.696766,81.13095,11.120868,25.119133,13.517744
634,634A,0.6745072,0.09807002,42.891983,11.692174,145.48724,14.998209,90.34902,14.430278,634B,0.62401384,0.14532669,46.713947,13.434875,141.25517,15.611527,86.493095,15.461863
635,635A,0.7573133,0.15787445,41.412533,22.469658,135.95789,17.76602,84.06205,18.946154,635B,0.47849274,0.28218758,72.60002,39.30852,123.436745,25.893148,63.874928,32.612614
636,636A,0.524402,0.15052488,55.9033,28.939684,119.85547,17.352385,68.27603,18.37412,636B,0.58571196,0.18061566,49.2683,30.109186,119.78076,18.903587,68.48437,20.293867
637,637A,0.2929356,0.12774989,84.596115,31.43879,92.46988,13.362319,29.146948,16.99001,637B,0.3548185,0.12836072,79.61315,30.471895,89.35195,12.25163,32.202545,15.994597
638,638A,0.51463795,0.13439327,54.64287,15.24346,119.277504,10.14411,48.348145,19.761436,638B,0.5119712,0.10836636,52.55157,14.510679,124.8248,14.0404415,62.08134,29.01476
639,639A,0.783476,0.17107518,47.333736,29.463163,138.87209,29.791859,82.16053,27.535769,639B,0.58652985,0.27295974,70.109406,43.576153,138.5877,29.271017,78.29199,28.05918
63,63A,-0.4040438,0.102125585,23.632013,7.46066,26.076996,12.772364,0.004508972,0.503083,63B,0.39476603,0.6410202,32.55221,19.799671,110.48023,55.840576,66.187614,42.88488
640,640A,0.52362967,0.11426784,49.71088,18.434574,113.58427,12.785007,59.564148,13.921118,640B,0.5249585,0.11928126,50.479584,18.440538,117.9212,13.333241,65.05319,14.574421
641,641A,0.49549374,0.12013147,65.88113,19.56839,134.62526,11.109103,74.33344,12.891051,641B,0.48661572,0.12612224,64.61367,19.786488,132.1642,12.388401,72.188255,14.4046755
642,642A,0.43785006,0.13240677,53.621613,20.33498,116.24795,14.0458555,59.637157,14.699355,642B,0.45725048,0.13174172,52.642467,20.709492,118.59356,12.484127,62.648605,13.540382
643,643A,0.30894136,0.11554515,60.618824,23.1679,103.02103,18.537298,40.33724,20.391813,643B,0.28645647,0.09303716,62.417576,22.55701,102.930626,18.150486,38.814667,19.020084
644,644A,0.68748283,0.25033197,34.587124,11.289615,137.82883,26.854956,85.28162,25.348064,644B,0.7719593,0.09553199,31.090767,7.270895,144.60156,15.5853,91.607475,14.634214
645,645A,0.4694004,0.15309879,64.37609,19.535976,113.6585,14.783206,58.201324,13.336771,645B,0.42109957,0.20133615,63.998196,19.123764,111.90729,18.991432,57.633503,15.861505
646,646A,0.57993484,0.16100651,50.382565,17.554264,109.73203,12.320353,37.501987,16.184,646B,0.5186962,0.22366925,47.06989,18.711918,102.58477,15.557736,40.644962,22.70949
647,647A,0.7206988,0.14026703,32.509388,16.853386,121.0118,17.261354,67.81983,17.011957,647B,0.76127857,0.114278175,29.05105,13.809256,125.610504,19.23354,71.00211,18.242247
648,648A,0.6789018,0.19698507,35.391666,21.160906,126.86261,24.781677,73.6036,22.499607,648B,0.6868319,0.18391995,34.256557,17.908014,121.33492,21.980618,68.30926,21.533775
649,649A,0.55804014,0.14245322,55.114025,12.106133,118.87653,12.746038,67.42715,18.022984,649B,0.44186422,0.12724505,56.9735,9.961323,110.23818,9.613377,48.235474,16.868711
64,64A,0.86306167,0.018745996,24.770996,7.909578,138.4399,17.402103,85.76693,18.873194,64B,0.85947585,0.017838106,24.600828,7.888847,139.4975,16.874916,88.29067,18.118057
650,650A,0.44587722,0.18213384,59.522594,24.926035,127.69141,22.923252,76.01981,23.50974,650B,0.44522506,0.18240604,59.97575,24.44226,123.87234,24.936846,72.57186,24.722717
651,651A,0.2661769,0.11025784,130.55858,56.016644,106.03396,15.3684025,34.467285,16.876032,651B,0.26165837,0.108738706,136.02235,53.353798,105.94772,12.366371,33.753952,14.429194
652,652A,0.3746149,0.23792955,75.05846,45.33166,115.326164,19.491112,49.52657,27.883656,652B,0.5185963,0.20365328,54.814575,34.5132,117.76892,25.650719,59.919285,24.427826
653,653A,0.8245623,0.047826324,21.249273,9.61751,157.48369,31.948088,102.002686,30.83876,653B,0.86162305,0.024675157,17.88979,7.5100145,155.7436,24.637344,96.98704,23.011547
654,654A,0.8254306,0.05780056,23.482965,9.24202,141.94098,10.840128,90.13709,10.740274,654B,0.8453195,0.022535887,20.792456,6.287002,140.90016,10.400132,88.720665,10.480819
655,655A,0.5851773,0.1205692,53.7757,22.731817,134.96173,11.319314,89.663216,13.067884,655B,0.49387032,0.13331257,58.92911,21.46102,135.05226,13.382852,89.960304,15.080852
656,656A,0.3547636,0.057589255,64.557434,13.069277,122.89382,10.6729765,75.069786,12.467489,656B,0.3688043,0.08800697,63.413116,12.959904,121.39044,13.9290695,72.2118,17.150501
657,657A,0.45767796,0.1452136,63.229,30.631472,108.78375,37.57897,52.73588,35.5412,657B,0.33372653,0.14636557,80.029976,35.82793,151.45428,57.25637,95.87292,54.178318
658,658A,0.45761928,0.09078555,71.69329,23.377243,85.091576,11.596853,33.756798,14.326576,658B,0.45397392,0.104943015,70.75712,25.021027,94.88645,11.908647,44.515198,14.380281
659,659A,0.30147713,0.33806628,62.182476,44.09656,96.28839,36.112766,40.857403,35.3368,659B,0.30330443,0.24809186,64.32168,35.23202,91.44492,25.748634,26.290749,28.759552
65,65A,0.4001566,0.093495324,56.298306,23.265984,97.298164,15.596556,43.630768,19.243141,65B,0.42076913,0.084476,52.573215,19.458897,100.77594,13.420354,48.733673,16.798386
660,660A,0.5460854,0.16131961,45.925003,24.482576,122.83445,17.753624,67.84635,19.326536,660B,0.6191493,0.10358187,37.942074,16.161259,130.37453,10.659577,76.448555,11.222388
661,661A,0.41549304,0.15847851,45.418255,18.219982,112.12537,20.729496,58.81087,25.582743,661B,0.34090745,0.08244487,61.78511,19.138224,98.28121,14.532929,39.74273,15.629339
662,662A,0.4337499,0.18991017,80.55665,50.15205,102.66317,26.380707,16.267094,19.69858,662B,0.36771607,0.19912645,93.09928,53.212658,115.341866,38.359715,29.068398,33.44568
663,663A,0.67663026,0.062355228,39.55795,10.906734,106.572876,10.452676,56.278717,10.589583,663B,0.6383333,0.037132863,36.994846,8.898072,108.286476,9.304223,60.85022,9.223378
664,664A,0.74129194,0.071173206,32.231316,11.725871,137.9484,6.592012,86.546104,6.0928373,664B,0.7293313,0.10346811,36.267284,17.92295,138.23851,8.220736,86.0028,7.2018824
665,665A,0.41017577,0.15868197,77.36197,28.715437,102.648415,28.449743,24.977453,20.913534,665B,0.35774752,0.14028314,79.63082,25.599815,101.45752,30.205128,26.556717,24.408424
666,666A,0.17343253,0.08856052,140.20961,46.782303,104.17966,16.989918,24.110092,18.956278,666B,0.21232319,0.10583805,126.19236,42.173134,116.419495,19.690397,38.195095,22.672598
667,667A,0.29953086,0.15523192,93.55854,34.041134,95.531364,15.859533,26.485924,20.379444,667B,0.4009391,0.113683045,78.80206,21.279787,101.86765,11.521949,37.978268,17.369484
668,668A,0.30748117,0.14016788,88.71519,23.8845,114.64392,21.729044,50.960052,22.576067,668B,0.28348783,0.10282327,94.24032,25.588675,109.87969,17.968363,42.840557,22.118063
669,669A,0.5274974,0.16482793,69.47654,34.11075,124.178894,22.299706,68.82477,20.190054,669B,0.5499855,0.17134643,64.5015,30.25226,106.90421,19.694313,56.558033,18.879694
66,66A,0.29470372,0.2004507,94.58123,54.31662,119.50083,18.008223,61.252197,20.411766,66B,0.2284625,0.15088668,114.11813,58.662045,111.402,16.619745,50.210358,19.28673
670,670A,0.6341401,0.11661835,40.972145,14.370677,104.60552,15.020773,49.296955,19.62702,670B,0.6461988,0.12262208,40.606846,13.56706,104.987976,16.164759,48.24597,19.80834
671,671A,0.6999144,0.038161524,35.172775,8.960755,124.81008,7.981241,79.5303,8.360602,671B,0.7082682,0.04261493,35.44435,8.991083,125.128456,8.107452,79.82325,8.537302
672,672A,0.5190551,0.1352743,66.28494,24.116837,133.83815,16.939857,77.57215,15.866127,672B,0.49771821,0.13480781,69.36205,25.04743,130.52711,16.692404,76.037544,17.124168
673,673A,0.50616425,0.12291344,58.87389,17.350183,93.784706,14.5650625,28.25117,15.962619,673B,0.52842516,0.15034834,54.640545,19.005703,90.547485,12.014908,26.381723,15.230799
674,674A,0.4662422,0.20414294,48.180634,27.53759,122.26215,24.33703,62.112335,24.827988,674B,0.50840116,0.20065852,44.841,27.416775,125.35885,24.957493,67.32469,23.889948
675,675A,0.5149604,0.18590373,44.39477,12.012717,115.855316,19.418795,58.427982,23.213697,675B,0.53326607,0.1675075,44.68152,12.295098,118.345276,19.413687,62.61673,22.18
676,676A,0.4567875,0.14858922,60.944294,29.603685,124.82569,17.645319,73.87262,18.707966,676B,0.53631103,0.15112267,55.47093,24.990099,136.612,23.801367,86.88688,23.3632
677,677A,0.7815805,0.032158896,32.33279,7.557436,141.59528,15.471064,89.6882,14.937965,677B,0.7887997,0.031796675,31.262629,7.5218716,141.75055,16.512781,89.14276,15.980814
678,678A,0.58409834,0.16367802,44.330524,11.914308,132.02385,14.802599,72.055855,20.48331,678B,0.7033702,0.08661059,41.09174,10.762656,138.8362,11.246096,83.24909,11.508469
679,679A,0.4879939,0.14939715,63.821774,24.423525,112.33131,16.797441,60.722534,20.054031,679B,0.4730466,0.14372163,72.29398,30.342737,114.56354,14.145759,62.99823,16.716188
67,67A,0.48772407,0.1638533,54.32832,28.15713,122.5473,19.37384,65.62646,21.560968,67B,0.5069448,0.13717675,51.6093,21.65026,124.924225,18.564365,67.16713,19.623713
680,680A,0.828702,0.026555141,25.210365,8.2602825,152.71962,14.0044565,94.143555,13.274053,680B,0.80397487,0.087107964,30.870935,13.967807,149.10158,16.719225,93.15521,15.060316
681,681A,0.83593166,0.022528334,29.667341,8.863194,141.16844,7.9818163,89.76009,8.0336275,681B,0.843058,0.018493656,29.339148,8.808675,141.83809,8.166791,89.713745,8.136335
682,682A,0.42296156,0.12763543,64.99095,28.578209,116.48364,12.279012,64.393745,15.788877,682B,0.35887873,0.17168458,76.803505,37.60995,120.11173,13.351399,64.96991,18.456133
683,683A,0.65127754,0.16827002,58.171875,17.362783,145.34523,17.15334,85.96789,18.033642,683B,0.6440524,0.18363464,57.820423,18.225784,143.65527,19.412752,83.38369,19.646698
684,684A,0.55037,0.16796726,35.037804,17.964832,102.92417,14.286684,47.92349,16.247967,684B,0.4776683,0.17463782,41.097103,21.24144,98.7447,18.791162,38.358273,20.566145
685,685A,0.8381605,0.024633085,24.31897,7.4955153,143.05235,8.834116,88.134094,8.753155,685B,0.84201634,0.024997314,23.799889,7.510507,142.69054,9.348717,87.83132,9.328868
686,686A,0.23688464,0.25650185,94.66516,53.08776,101.06728,47.712627,27.24282,26.45345,686B,0.26856428,0.27369106,98.73373,63.06299,103.22122,48.936493,29.285604,27.775942
687,687A,0.3114619,0.092071794,78.94701,26.606153,86.508575,18.506985,6.533638,12.503622,687B,0.29425135,0.116205044,87.09348,32.602295,68.49404,42.784817,5.445236,11.9501095
688,688A,0.48841885,0.13289107,39.007675,18.59864,114.9463,16.59517,63.515606,16.688725,688B,0.5115408,0.13988213,38.16957,18.448938,115.75061,17.997066,64.157906,18.859509
689,689A,0.60432905,0.100358434,37.32988,13.93023,143.32701,16.995955,64.41765,19.572079,689B,0.5875441,0.08983122,34.442364,15.606926,151.09447,18.615755,57.955395,23.32482
68,68A,0.7112207,0.06885712,39.029037,9.537327,142.4991,33.47766,92.24102,31.3694,68B,0.6484095,0.117548995,43.995342,14.035135,144.09077,20.384718,94.54376,20.020042
690,690A,0.47915816,0.078938276,63.58899,22.852188,91.32159,19.406347,35.117588,21.512796,690B,0.471537,0.09049394,64.92369,25.376976,86.55363,21.458439,31.160238,22.772633
691,691A,0.42786932,0.07450651,66.10444,20.007355,97.8014,12.083391,41.760933,14.773628,691B,0.44858852,0.060224235,60.596924,15.594922,98.87656,11.531147,45.979996,13.342536
692,692A,0.41883188,0.12934518,60.37514,28.950148,90.149025,22.88732,31.0279,24.733646,692B,0.42241645,0.14466545,53.527466,26.71139,88.754005,21.787617,33.28034,24.035303
693,693A,0.36964324,0.17764966,82.70428,41.65544,124.14352,25.652946,73.70601,24.492535,693B,0.5778583,0.15158524,51.38966,21.38481,110.13373,42.388035,62.247208,35.72869
694,694A,0.46462303,0.17484567,68.31376,25.565714,88.36688,16.378138,26.463501,21.063074,694B,0.46680096,0.16491382,63.66083,23.909012,92.90985,18.714375,34.31199,24.921701
695,695A,0.7451017,0.105760925,43.771603,15.429321,163.75624,39.39927,104.752174,30.5607,695B,0.6775222,0.11511767,47.481094,16.526112,147.23015,31.905025,93.22744,26.225878
696,696A,0.6092081,0.14935899,42.176422,21.07581,105.665855,22.163998,52.573822,26.241371,696B,0.602396,0.17132486,45.03272,21.71047,103.91912,21.869978,47.986557,25.766735
697,697A,0.5983638,0.20838585,52.832916,19.55845,124.91528,24.753922,72.14222,23.81765,697B,0.5314274,0.2249331,57.18339,24.950758,120.54244,23.332542,65.4897,23.871483
698,698A,0.61766136,0.2575485,39.00905,15.886609,122.299965,20.048958,62.468052,20.573591,698B,0.65736556,0.21846545,38.203766,13.691863,123.186035,17.439842,66.36876,19.480417
699,699A,0.5893747,0.20600697,29.443956,26.166512,113.38793,42.683548,53.591984,39.35048,699B,0.44000763,0.2025905,44.889454,33.656044,105.71185,34.57823,38.005524,31.936604
69,69A,0.53560686,0.16286747,51.184452,23.975735,121.51052,22.828447,66.25733,24.89271,69B,0.5661702,0.14141975,47.489727,16.81188,122.79453,25.332062,68.46665,25.945965
6,6A,0.49877286,0.1553193,50.217335,23.273045,123.754814,14.431032,70.832115,14.312857,6B,0.48034203,0.14600858,53.79681,24.425568,118.88629,16.665163,65.22703,16.11713
700,700A,0.5151942,0.1471248,49.216717,25.398043,113.516624,17.549417,59.03705,20.992447,700B,0.4565278,0.097375244,55.012424,22.349382,104.12789,14.893529,48.654835,18.72864
701,701A,0.58530617,0.06452994,46.22343,9.22152,103.78812,9.916208,48.69166,10.359575,701B,0.5876316,0.060827736,44.45283,9.1849375,110.09491,9.648756,53.468372,10.743064
702,702A,0.8600238,0.023408223,22.04013,7.661147,145.37468,13.898497,90.27438,13.352535,702B,0.86554706,0.023210365,21.723597,7.766075,145.58824,14.9879,90.112495,14.309838
703,703A,0.78609514,0.13077822,33.72298,16.617249,144.32013,31.440893,90.07835,28.487152,703B,0.8043858,0.076159775,29.814117,14.126779,143.70305,25.078873,89.7756,23.058292
704,704A,0.2868299,0.1274357,94.03522,58.681458,85.48264,22.68574,25.316528,18.51843,704B,0.31869,0.12253294,79.0773,41.910915,89.46845,14.748339,27.097832,15.865121
705,705A,0.7815496,0.17478707,31.020792,11.114398,143.27205,20.953583,89.70056,19.524645,705B,0.80427855,0.036093757,30.99401,8.050774,147.95686,11.337827,93.003456,10.852063
706,706A,0.49105608,0.19162235,56.421646,38.649593,118.825775,31.001808,61.007496,28.825026,706B,0.60899985,0.17905666,37.866894,24.202524,123.96298,34.326626,68.57731,32.47445
707,707A,0.7832842,0.11910305,24.635178,7.256271,135.9815,14.988154,84.84479,13.30899,707B,0.7420609,0.12266819,26.371847,7.601793,131.36707,16.750076,81.946846,14.414658
708,708A,0.7001523,0.09934116,41.679996,16.241467,115.83777,23.069624,62.82901,25.739332,708B,0.6844381,0.10761309,43.153564,16.998846,112.721535,24.528385,59.261932,26.874622
709,709A,0.7874604,0.024691936,34.97925,7.0336895,144.39865,20.100508,87.62781,19.138205,709B,0.7765668,0.029250795,33.989864,6.7195983,144.4984,22.760387,87.05575,21.906464
70,70A,0.62832767,0.29334572,41.13197,31.176615,146.78165,26.429543,85.159996,25.476784,70B,0.58716846,0.28463906,45.0434,29.675068,141.97786,24.230375,79.6748,25.704231
710,710A,0.8594974,0.18186797,22.497522,11.12778,149.33543,18.263546,92.829216,17.01701,710B,0.8904849,0.025868027,20.607126,8.064798,152.08,13.1879,94.13792,13.232977
711,711A,0.4413812,0.08843035,67.98338,22.218637,94.401245,25.363308,24.57731,23.021679,711B,0.3969205,0.07524973,79.4318,25.866142,86.70929,18.335962,12.04697,16.130621
712,712A,0.76544094,0.14356497,43.3822,24.780935,135.38765,28.913523,81.05088,27.88919,712B,0.62170506,0.19954018,52.46816,27.984324,155.00337,30.577366,99.63755,31.372013
713,713A,0.8812295,0.04421113,14.598008,9.547958,131.22667,34.875088,75.47027,33.639153,713B,0.8697188,0.08248573,15.988765,14.217584,120.74851,30.265781,70.760124,26.831663
714,714A,0.3895447,0.23820308,85.22166,32.35995,120.35731,29.170855,64.7338,24.685307,714B,0.5231886,0.20188376,63.81316,24.87301,129.92657,12.3915415,78.12737,16.99302
715,715A,0.6773736,0.3758573,31.641146,13.332805,138.958,39.344627,85.46427,29.73605,715B,0.71363914,0.3878023,25.80967,8.925259,140.62453,43.572357,85.33551,30.787062
716,716A,0.8254905,0.11015324,28.427675,11.95894,141.05923,23.607233,88.427,21.722828,716B,0.83199453,0.12137541,32.00777,13.484416,138.60606,25.26453,84.98087,23.990273
717,717A,0.12683071,0.36844164,26.449594,19.733776,60.22006,51.53366,26.182547,39.22272,717B,0.5414244,0.34812468,34.766216,17.981123,109.88094,41.91392,64.4552,34.038876
718,718A,0.76264864,0.096492976,28.033651,12.99781,134.7411,13.606434,79.40258,13.200608,718B,0.8103746,0.051506303,23.459183,7.75387,138.46092,13.595314,82.913185,13.108351
719,719A,0.20460415,0.0693279,139.77606,39.702255,99.28855,10.913383,40.675835,11.044461,719B,0.2118892,0.080164336,140.87767,41.347687,98.54166,11.903594,40.90453,11.682569
71,71A,0.39581797,0.29579753,107.84147,67.35131,102.185036,15.82442,22.292786,21.918718,71B,0.522074,0.26855576,80.19218,49.90568,101.3478,10.592389,24.625488,15.662424
720,720A,0.24297914,0.27673292,67.06241,21.768536,92.472404,40.621876,33.422977,29.476944,720B,0.25399947,0.2533016,69.07592,21.710735,95.815895,41.404953,36.3849,31.943548
721,721A,0.30162215,0.11456858,88.04413,40.440548,136.73683,14.1916895,83.2743,15.781768,721B,0.25983575,0.09686402,91.91068,41.07187,134.07213,14.710797,82.8042,15.679147
722,722A,0.4534496,0.09135164,58.82588,22.811129,128.74402,14.067026,79.73971,15.186037,722B,0.37627572,0.10149421,71.86983,29.100445,117.95593,20.479874,68.424164,22.873905
723,723A,0.45400578,0.14056896,74.3605,24.253105,136.74622,17.214106,75.94518,13.931813,723B,0.46887892,0.16033547,69.819664,24.00186,133.03918,21.129381,74.916214,17.566132
724,724A,0.82191676,0.073961794,30.520487,8.344223,145.18665,17.57133,91.06445,17.208302,724B,0.8262552,0.044553645,30.522194,7.7925754,145.74132,16.049704,91.406,15.774793
725,725A,0.7182293,0.17865537,48.971325,29.631187,134.53377,23.546806,83.52953,22.5292,725B,0.8103258,0.13431074,33.791927,23.232386,134.39073,24.643833,84.246635,23.812748
726,726A,0.32959133,0.09919055,65.283356,30.55228,109.25193,18.062693,52.00737,19.004677,726B,0.2971422,0.09357302,67.735306,30.889275,109.82102,18.259274,50.986095,19.852549
727,727A,0.38731453,0.1077467,54.84666,12.67265,87.24729,16.057734,23.266195,20.614065,727B,0.39748448,0.077398315,54.035816,11.804489,88.73767,14.166519,27.355904,18.510992
728,728A,0.43168145,0.1694319,72.954056,35.744995,89.88815,26.372381,23.763237,18.59752,728B,0.47432488,0.1426158,65.109276,29.869312,86.085266,20.893793,23.63885,19.515347
729,729A,0.63054717,0.15468341,51.562927,25.389769,137.37572,19.098995,77.109215,19.375801,729B,0.6151096,0.15213811,50.831493,23.240944,136.15837,16.191296,75.21136,15.944242
72,72A,0.6002388,0.13922542,46.58295,21.602043,126.956825,15.52401,80.181885,13.4923525,72B,0.6817248,0.10110397,36.774494,14.734687,138.10503,12.826428,87.80688,11.321558
730,730A,0.53730357,0.12432781,52.714874,11.578556,110.44202,18.141256,47.635845,30.716574,730B,0.48298264,0.1005774,54.205017,10.229777,113.86185,17.024315,50.95992,30.688951
731,731A,0.6446068,0.14682059,52.5236,24.799814,127.66221,12.15295,78.1464,12.893711,731B,0.7571337,0.12642694,40.88785,20.850395,132.43993,17.112423,82.83063,16.853212
732,732A,0.6186428,0.12492922,54.164387,18.040895,135.52394,17.555674,73.675026,16.381199,732B,0.57217354,0.14454943,62.99828,21.339493,139.1954,21.097757,72.401405,17.721016
733,733A,0.4617152,0.14750104,62.14931,43.79177,81.671974,12.544677,22.535498,15.260033,733B,0.45356622,0.11377771,55.810543,33.97884,75.68998,12.234807,15.522434,14.323376
734,734A,0.24112427,0.12857278,95.20691,33.983345,91.77044,31.198282,29.379644,27.478708,734B,0.2892351,0.113384396,89.22579,32.4347,77.81271,24.880487,19.59385,22.030123
735,735A,0.5693945,0.17092314,41.110687,12.132368,138.13707,14.784201,83.86319,16.22011,735B,0.51611006,0.15685074,42.28409,10.655968,139.34593,12.573352,85.90261,13.518815
736,736A,0.3612811,0.1337816,80.62766,38.51698,110.95406,18.026873,41.367836,18.879192,736B,0.34803027,0.13698846,83.09888,40.070847,106.03286,17.782013,36.29143,19.251131
737,737A,0.5034482,0.12150169,47.372128,20.993551,97.47782,16.979418,43.83133,18.501669,737B,0.5491257,0.1091184,44.27949,20.675468,106.38738,19.202295,57.073883,19.242537
738,738A,0.2947284,0.06918473,65.43795,23.7596,101.9799,11.285893,43.154633,13.770963,738B,0.33190793,0.08182565,62.264286,21.612501,101.82306,11.761684,47.47174,13.924487
739,739A,0.3868323,0.09471788,49.536472,17.210857,94.98885,16.38046,40.889736,19.18228,739B,0.3605724,0.1359269,55.288162,22.333714,86.54183,20.45418,34.45706,23.337183
73,73A,0.5944044,0.1486443,58.67084,27.453543,123.46937,11.492783,77.08569,11.70493,73B,0.5731059,0.1611282,61.13138,28.84542,122.18815,12.12899,75.34289,12.774332
740,740A,0.49121502,0.08719325,58.208996,17.143574,132.8753,11.115892,76.53681,12.942026,740B,0.48441973,0.08309618,57.792294,16.93891,133.71788,10.866767,77.242065,12.595905
741,741A,0.3648181,0.34799743,73.575485,38.016117,102.68345,22.360882,34.663868,19.15415,741B,0.14224635,0.47454843,92.63906,56.930126,92.115685,33.641994,31.18342,22.516842
742,742A,0.3338746,0.11875202,77.70731,27.521618,106.64224,17.508778,44.621143,25.688538,742B,0.47603208,0.15649785,56.8681,23.983051,119.480385,17.01102,65.88871,25.150877
743,743A,0.43356958,0.1600695,59.710114,27.882166,84.976616,28.774263,22.359781,19.16192,743B,0.41194263,0.13422732,62.593037,30.990126,100.64254,23.057646,33.592686,19.754623
744,744A,0.52181363,0.29925162,37.761906,19.609095,108.36201,35.080048,60.369892,32.8918,744B,0.3513686,0.34309196,39.58169,19.915855,91.63788,42.528122,44.567677,37.57813
745,745A,0.46487954,0.11495447,42.080364,23.893745,121.98947,17.379936,72.82429,19.555027,745B,0.4772622,0.16232774,48.3217,31.77218,95.21457,31.997335,38.704525,34.863407
746,746A,0.5115553,0.09258957,68.327995,17.55624,135.4976,10.225836,74.41788,10.581346,746B,0.5654471,0.088624015,62.755524,18.178057,135.6731,9.582881,80.52926,10.141177
747,747A,0.53599524,0.22785689,61.826538,33.077393,114.37914,25.846872,65.850235,23.455362,747B,0.54826105,0.3141805,58.39638,42.25757,114.12972,32.911846,66.94074,28.278454
748,748A,0.7959627,0.11086584,27.449738,17.545633,137.24141,25.761484,85.11674,23.667429,748B,0.7934214,0.10889967,29.572,17.60044,146.04642,24.231375,94.34063,21.98469
749,749A,0.2789537,0.13236746,112.361595,36.172985,115.139854,17.594774,47.638966,21.100151,749B,0.27287024,0.12468653,116.009315,36.153835,117.30282,16.60067,52.13611,19.978285
74,74A,0.85370344,0.04083803,33.976917,14.538213,132.29222,35.05027,84.33867,34.188667,74B,0.79357386,0.15019491,39.487175,23.035921,139.12872,31.583374,86.47937,30.386051
750,750A,0.5972053,0.081373975,36.743824,10.217839,119.04116,11.631616,68.17823,13.035502,750B,0.61700135,0.09988306,37.353146,11.869746,118.091225,12.701804,65.71832,13.809903
751,751A,0.54776573,0.08797294,49.176067,14.892691,85.47468,14.289757,31.546242,17.424458,751B,0.49617517,0.14130798,48.72348,14.951345,79.05057,27.297241,28.725807,20.71624
752,752A,0.70061964,0.22300397,47.45708,35.144737,104.92572,18.614592,42.69035,22.964226,752B,0.7021554,0.20714141,46.73123,32.60264,106.58662,18.16322,46.83603,23.945303
753,753A,0.71548736,0.17630234,31.370535,22.987082,136.48286,53.43465,83.9268,46.66836,753B,0.75300384,0.11415368,27.204077,16.337337,135.70992,56.282654,84.23508,48.500706
754,754A,0.3633246,0.17925885,71.51976,33.67326,91.40316,13.426607,19.527355,18.814732,754B,0.46434492,0.17238444,60.5725,30.24653,89.578224,16.564636,22.695078,17.15025
755,755A,0.4115697,0.08431738,65.267044,21.448195,102.77167,15.240882,41.32835,18.373253,755B,0.4224863,0.08882299,63.457684,22.065422,106.099396,14.670501,46.00346,17.597095
756,756A,0.6042217,0.19226979,59.852047,28.42829,113.53589,12.793681,41.357197,18.062515,756B,0.69077677,0.17399791,49.110382,23.968796,109.148254,14.2649355,40.716972,19.033987
757,757A,0.41116038,0.17944488,64.926094,29.315163,100.7161,21.651922,45.443253,25.83851,757B,0.416923,0.16671097,63.412846,27.56159,105.48178,21.630213,52.591656,24.865381
758,758A,0.4335831,0.17612791,60.167667,26.371672,104.24005,22.85077,30.205124,21.18964,758B,0.49684232,0.16823407,53.98998,23.868843,103.68957,19.174688,31.096518,17.15295
759,759A,0.62860084,0.16218847,41.8646,21.894804,126.99355,22.673826,74.031975,21.990532,759B,0.64783496,0.17226242,39.555023,21.764095,123.49976,22.096323,69.80048,22.18397
75,75A,0.8058677,0.021865549,33.908634,8.154594,144.65495,10.955168,90.08081,10.883888,75B,0.80732465,0.022252923,32.99951,7.994464,144.57713,10.379396,90.3157,10.355102
760,760A,0.42813128,0.11004448,57.778828,23.736094,131.66823,27.539894,72.94424,24.540262,760B,0.3719321,0.10593175,72.402214,28.823565,120.31333,21.673285,55.904053,20.377205
761,761A,0.5833424,0.21130632,49.705715,34.80831,138.32787,23.57318,88.10284,23.959892,761B,0.48879158,0.29371166,55.211308,40.457237,123.08569,36.92286,71.070656,32.61732
762,762A,0.67683595,0.23335269,37.38055,28.519598,136.71465,29.79329,78.91286,27.32115,762B,0.55774254,0.322912,45.334988,33.959843,135.43855,38.529114,76.0455,34.301613
763,763A,0.015453462,0.08739436,38.29248,20.665869,41.247692,17.343498,1.6119499,9.864591,763B,-0.022472676,0.034773756,29.358612,7.121589,33.730495,9.217176,0.0,0.0
764,764A,0.56487304,0.19492552,47.805298,25.501387,125.61444,16.269854,69.44082,20.453577,764B,0.57555604,0.19569091,52.92914,28.101913,123.72559,15.236347,68.584526,18.13054
765,765A,0.4320437,0.14894341,80.85375,33.634464,115.71462,18.99986,64.64944,24.88071,765B,0.45526788,0.13690421,73.181885,31.763351,117.8129,17.997366,69.00801,23.0596
766,766A,0.75374925,0.10630688,33.683426,16.466106,136.58315,12.5278015,87.10168,13.4594,766B,0.7290619,0.1466889,37.823547,15.662834,134.92503,15.37552,84.13251,16.000679
767,767A,0.49312663,0.11377756,46.253193,20.989418,123.83294,12.7199335,71.37538,13.549896,767B,0.5361858,0.091128215,42.585445,14.947298,129.05186,10.596764,77.559326,10.786297
768,768A,0.6594682,0.09286617,43.039932,15.365229,110.27885,16.423365,46.507275,21.588245,768B,0.71393013,0.09224311,37.533142,14.956853,109.8439,16.304537,51.073273,21.252016
769,769A,0.6147641,0.12155443,41.061146,14.170413,121.87433,10.933019,74.298615,12.732934,769B,0.552763,0.13435803,40.284588,13.346315,121.856895,11.4184475,74.095375,12.150273
76,76A,0.43076763,0.08586339,51.765034,17.638388,105.66621,13.699963,52.043854,14.090302,76B,0.4268769,0.09507961,51.607,19.489927,107.76434,14.26154,53.686268,14.629314
770,770A,0.51151896,0.17312258,52.36662,28.507944,124.00317,19.424097,68.96632,20.149078,770B,0.5762279,0.20318714,41.148167,22.785381,128.57442,20.70696,72.97088,20.336657
771,771A,0.5262729,0.13021076,51.556046,21.57541,130.73509,27.883944,79.13606,26.094513,771B,0.55038106,0.12943576,48.189804,21.707565,137.44633,24.642767,85.28263,22.230413
772,772A,0.589899,0.106589116,60.305283,20.86519,109.39032,10.378645,56.46033,12.652579,772B,0.62505877,0.1042249,54.308544,18.766144,109.12142,12.645187,58.514313,13.886018
773,773A,0.5366348,0.2314464,57.42439,26.973045,105.44718,18.683887,51.66313,19.368132,773B,0.5450485,0.22946082,57.369476,27.084764,105.45831,17.2189,50.389477,19.380257
774,774A,0.5157113,0.12951986,75.427025,25.008875,116.82931,13.346397,66.08557,16.748201,774B,0.7270225,0.038384717,43.31993,11.975984,138.68498,4.692326,92.65711,5.021363
775,775A,0.854061,0.021069191,22.774338,6.9501567,143.98608,7.9122095,89.06445,7.8542023,775B,0.8473612,0.04959238,22.53789,7.392519,140.53703,9.138103,86.7748,8.99149
776,776A,0.59127676,0.13774261,43.02945,15.927812,134.46144,15.71786,80.353096,15.845239,776B,0.58615035,0.12719202,46.398987,16.56774,137.73608,23.934683,82.73496,21.15676
777,777A,0.35261264,0.3034941,72.88526,27.131413,112.20165,39.832153,61.349472,31.805923,777B,0.3099664,0.33419263,71.059204,28.10915,106.81431,45.05342,57.24342,33.94735
778,778A,0.8452996,0.09722498,29.409575,13.859301,128.78476,10.639257,72.249855,10.984333,778B,0.84654003,0.088880256,29.3883,12.548835,128.18692,10.322653,71.83713,11.319158
779,779A,0.67421913,0.0949701,38.513226,12.603891,133.42067,25.499315,79.208,23.950748,779B,0.5996311,0.1094211,43.807327,14.186491,128.11949,17.797018,74.128525,17.458876
77,77A,0.6360892,0.13479924,47.26887,17.973623,129.40436,16.233427,75.07996,18.801544,77B,0.6062806,0.13975959,50.07716,18.500435,126.32953,17.398203,73.15779,20.138504
780,780A,0.40070295,0.1761963,88.058815,33.126183,108.11359,18.280142,43.856552,18.00921,780B,0.42655635,0.21738783,81.10613,33.70855,113.605064,31.754152,52.615154,26.86071
781,781A,0.47573945,0.23057209,50.011932,14.061829,109.162605,27.894127,48.475647,33.7465,781B,0.72507274,0.15882061,37.09729,9.237223,138.45099,17.357317,85.10241,18.692917
782,782A,0.429897,0.08956507,86.08077,20.62851,116.5744,11.342755,61.522945,14.823761,782B,0.38716036,0.108070515,94.5698,26.681114,103.9469,14.223464,43.986984,20.85357
783,783A,0.7605157,0.11760491,26.117317,14.399347,128.00328,19.804731,80.43762,17.787432,783B,0.7437955,0.118193954,29.532013,16.438112,124.68839,21.2121,77.14295,19.422112
784,784A,0.74564505,0.024661666,28.162542,9.286809,151.2374,8.622552,87.022316,8.888758,784B,0.76467586,0.034985024,26.831625,10.255237,150.54913,8.689895,87.974205,9.14134
785,785A,0.8472774,0.18246076,20.769442,11.064543,147.7519,21.204397,91.99078,18.08657,785B,0.8302341,0.22212528,21.176836,12.03933,146.93529,24.078773,90.810646,20.246386
786,786A,0.83984905,0.022838091,27.360184,8.235474,146.61278,13.064962,90.32816,12.590386,786B,0.84016705,0.0221674,27.411707,8.104157,147.08025,12.780705,90.69013,12.315419
787,787A,0.41346818,0.090339,73.22738,21.45984,89.802925,11.586916,26.057953,16.41712,787B,0.44427308,0.090939514,67.92618,18.688057,93.77524,11.429453,34.609303,15.757007
788,788A,0.57782114,0.106068455,34.291225,15.220058,125.923546,25.163511,76.7778,22.895086,788B,0.53736204,0.103960246,39.07378,16.00582,130.58388,20.99026,78.98323,19.222437
789,789A,0.5262372,0.14769286,72.6364,35.83776,123.46305,20.960567,69.14406,21.111526,789B,0.4776812,0.18166679,82.57495,40.872997,122.20086,20.591427,65.506294,20.02869
78,78A,0.7393024,0.12767804,36.650253,18.976166,138.56966,16.403421,84.199326,14.644217,78B,0.7162194,0.14661047,38.86084,22.044598,136.46121,18.150671,81.92021,16.621742
790,790A,0.49437958,0.18056872,63.91281,26.878183,135.54997,23.391878,77.73429,21.77562,790B,0.47522473,0.15998858,62.76956,24.11667,136.59206,25.57248,77.899086,22.745747
791,791A,0.5256194,0.16171329,57.191467,19.885279,116.8926,17.564024,58.52704,17.755226,791B,0.4063337,0.18345806,63.713623,26.410593,114.101524,22.711355,52.891693,21.886942
792,792A,0.8524554,0.035222054,24.003653,7.8328953,145.17085,9.324987,88.06659,9.131833,792B,0.8476413,0.028821506,24.054132,7.4502316,146.30598,7.979288,89.02328,8.183049
793,793A,0.6077069,0.20124961,52.801464,23.447794,130.99667,12.227943,81.21021,14.293447,793B,0.7345545,0.14736839,45.439297,20.290035,134.50148,10.806955,84.71801,12.628953
794,794A,0.37888467,0.22615974,66.869286,38.101906,140.65071,32.10871,77.555504,32.04501,794B,0.22185712,0.10984682,78.690414,30.71478,131.59892,43.968113,61.500473,38.2771
795,795A,0.5680388,0.19578362,53.323414,17.678564,98.69523,24.030123,44.86851,21.710545,795B,0.6378118,0.1548523,50.804066,19.380728,109.27421,20.231455,52.5844,19.868013
796,796A,0.5007006,0.15766722,49.24895,16.576233,120.95928,17.121986,60.688507,18.436306,796B,0.53853524,0.19584359,50.789516,18.002384,114.09241,16.200783,52.854412,16.946571
797,797A,0.79457974,0.095549405,28.409384,10.826352,139.47282,12.041702,82.8508,10.976681,797B,0.7671942,0.12823823,29.227076,11.627963,137.08693,12.145285,82.746025,10.392319
798,798A,0.4550227,0.1137582,72.03894,23.819092,117.17777,13.993337,67.56432,14.891119,798B,0.44401962,0.14342849,75.3241,27.077917,115.649635,16.589087,65.14634,18.274641
799,799A,0.329577,0.14865048,71.77163,25.027212,86.98521,13.857267,10.906837,15.756832,799B,0.3205549,0.18385945,66.57361,26.186186,90.401146,15.759526,18.198093,21.200188
79,79A,0.67490447,0.08637885,37.069183,14.221649,110.758545,13.481473,59.613323,14.55483,79B,0.671854,0.078455605,35.21932,12.052836,105.51272,13.246364,56.924175,12.92479
7,7A,0.51863825,0.07077007,62.894917,10.178642,136.52087,8.662366,86.219826,9.529058,7B,0.41855443,0.13129237,74.65998,22.43654,124.80181,20.512646,73.45957,22.600294
800,800A,0.75501287,0.16410956,17.882929,14.681296,120.04546,27.345697,69.369064,25.116188,800B,0.66455865,0.39000183,18.961351,17.792606,114.28235,37.520424,65.75491,31.98614
801,801A,0.17464095,0.25436676,128.61427,97.637886,117.07659,46.025852,66.32075,41.556545,801B,0.036608312,0.4176593,32.98748,40.658596,46.467346,42.724068,14.7300415,31.461142
802,802A,0.85098195,0.019745061,27.224436,7.9509177,143.64247,13.879347,89.41754,13.646879,802B,0.84777915,0.019345405,27.398443,7.9465327,143.93909,14.866455,89.89048,14.575117
803,803A,0.5915125,0.09287443,37.643646,13.62758,128.16841,11.524765,75.8497,11.327356,803B,0.57434845,0.0918805,38.88023,12.709047,129.39244,13.235485,77.49035,13.294745
804,804A,0.5521089,0.16588666,53.619015,15.286907,142.70781,15.533229,76.25503,13.626075,804B,0.54376155,0.15946642,52.243607,13.362337,137.86209,13.165007,74.72453,12.5836935
805,805A,0.73214066,0.19888903,26.218704,19.178152,114.69022,20.110071,67.21737,19.094036,805B,0.79720736,0.11871402,21.289894,11.545725,116.050896,21.129356,70.21285,18.51786
806,806A,0.80085707,0.02901483,38.3644,8.713458,139.13548,13.054993,87.0102,12.786903,806B,0.79607856,0.029736986,37.87167,8.364534,140.48212,12.64063,88.66937,12.408745
807,807A,-0.14699697,0.30512887,59.988007,28.00383,56.091053,33.06111,12.995541,28.028854,807B,0.14936665,0.36730218,59.605587,31.392628,102.13285,47.921112,52.107376,46.93873
808,808A,0.5772567,0.20041534,63.05592,31.19584,109.00791,17.262218,55.323364,20.576542,808B,0.62332475,0.20834272,54.63502,28.729689,108.51862,18.438929,54.585865,21.088158
809,809A,0.4436675,0.19883616,44.27829,9.857971,95.042076,16.711523,42.58011,17.336948,809B,0.46134424,0.14815888,44.274387,9.146441,95.055626,17.159075,42.51721,17.875292
80,80A,0.6970229,0.1782095,50.29802,22.871435,138.7162,16.399141,84.52152,15.061485,80B,0.72766143,0.17451715,42.468807,17.913172,140.17586,16.242643,85.015144,14.668036
810,810A,0.47011954,0.11916239,61.99645,32.121513,82.0326,21.545177,28.486578,24.713795,810B,0.48685804,0.23073082,68.95243,33.36757,70.89899,23.112883,14.44289,19.255882
811,811A,0.43295532,0.16771652,50.544415,24.059141,126.73227,19.88414,75.7574,19.182848,811B,0.4996984,0.1475738,48.286816,19.082987,133.39452,14.094954,83.62557,15.25248
812,812A,0.84122884,0.028892472,24.656195,7.929878,142.08815,9.550267,87.73429,9.5489645,812B,0.82074773,0.030163938,26.983109,8.093055,141.91588,9.211956,87.864044,9.340654
813,813A,0.7973981,0.10940457,30.43434,17.15953,142.91743,27.67827,89.43818,24.073816,813B,0.80830836,0.10841876,28.262774,15.453775,143.15532,28.598845,89.55198,25.862442
814,814A,0.55449176,0.12372337,44.697803,16.182665,119.32571,15.366667,69.80915,15.96419,814B,0.55682874,0.08878447,41.03261,10.950774,116.64335,13.030896,65.50083,13.465312
815,815A,0.5103073,0.192905,56.93044,25.029099,123.29199,22.329653,66.58274,21.698633,815B,0.55011123,0.12554595,49.01451,17.560247,123.38471,13.989917,66.75602,15.016079
816,816A,0.73231,0.1655406,32.630737,18.84007,142.57158,38.285484,88.33689,35.595444,816B,0.66361564,0.17680998,36.42819,18.040169,146.74469,19.171358,93.12386,18.815243
817,817A,0.5078466,0.093001105,53.43276,19.640026,128.63855,13.818377,80.13743,17.648098,817B,0.46251154,0.09757663,60.939636,22.637293,122.648186,14.903314,72.50704,18.99834
818,818A,0.43697977,0.14667434,63.65832,33.877617,119.062195,21.028486,71.092636,24.740116,818B,0.34515586,0.1540041,82.462074,41.61473,106.463196,22.807482,55.13426,27.261362
819,819A,0.6583641,0.13644397,36.046246,18.355503,126.54311,24.521381,71.93116,23.106337,819B,0.6650272,0.14397457,33.483265,16.533466,125.52456,25.669523,69.71393,23.198763
81,81A,0.54806805,0.17294338,51.95647,26.785772,132.78017,29.01033,82.799385,27.442595,81B,0.42805022,0.14293483,66.28971,28.709967,131.1183,22.924187,80.189514,22.601254
820,820A,-0.16089138,0.2214643,9.014464,7.164063,59.694077,12.294483,0.0011138916,0.050316177,820B,-0.116917014,0.21457753,8.866237,7.037331,60.687973,12.413951,0.0018806458,0.06810984
821,821A,0.70230657,0.13331887,35.94669,17.381058,107.9183,18.903826,54.15183,20.704712,821B,0.61471736,0.26280478,33.927013,25.286623,107.66315,31.350569,57.194653,25.894203
822,822A,0.610357,0.098562986,52.903576,20.471512,129.83255,10.431926,85.13289,11.717325,822B,0.5580714,0.17107433,66.09274,37.473526,118.14929,24.222525,70.33506,29.603582
823,823A,0.44973984,0.21221629,82.15501,33.68403,96.461975,21.58756,30.22837,20.754988,823B,0.4112416,0.22559766,88.249535,37.803444,101.70139,25.633501,33.71924,21.526072
824,824A,0.656513,0.09438626,39.43836,15.091067,119.07848,23.928953,66.53501,24.106836,824B,0.6793827,0.110825434,30.7939,14.576011,127.94555,21.688976,77.7681,21.757263
825,825A,0.7271713,0.08178836,33.912403,16.82189,112.3948,16.14343,65.07718,16.905273,825B,0.7219496,0.086549304,33.955128,16.49768,111.07804,16.54902,64.987885,16.499931
826,826A,0.38572705,0.28030896,71.31066,26.278938,114.025246,40.86225,55.829967,32.33342,826B,0.20373559,0.3252345,68.355705,28.247147,90.6215,48.183804,33.237686,36.46213
827,827A,0.5945153,0.15803109,52.649693,17.566133,134.688,21.134563,78.100235,19.001835,827B,0.5378364,0.18101211,57.626633,21.37364,133.13663,22.793514,73.33699,18.077177
828,828A,0.67673796,0.1467349,38.990417,19.832651,123.72605,14.691615,73.10257,14.1142435,828B,0.6892596,0.14488743,37.68632,18.94262,126.673065,15.054423,74.24179,14.917586
829,829A,0.7371468,0.13446893,43.109303,19.24507,145.47424,27.3329,89.69937,24.71345,829B,0.7676187,0.103030175,39.502193,16.716108,135.6827,36.046097,85.04128,33.8297
82,82A,0.30455285,0.12230469,106.138466,34.914165,110.89452,19.114054,42.08789,19.450699,82B,0.24707808,0.106329456,117.21881,37.56159,123.69271,25.115145,57.63081,23.96339
830,830A,0.2750072,0.047700536,82.35492,29.190937,126.935,14.754259,78.460686,16.539942,830B,0.30931324,0.042095426,66.1298,22.26528,132.50916,11.515349,84.96096,13.064745
831,831A,0.4144737,0.13588451,61.213123,31.643557,121.31602,17.478865,72.54984,22.649654,831B,0.45989567,0.11452899,49.636383,20.227264,130.47523,15.11428,83.765686,16.700956
832,832A,0.39327282,0.16413724,67.36439,29.78435,83.64762,21.74765,20.511086,24.57998,832B,0.3532743,0.14802052,66.99304,30.682562,84.19323,22.494553,21.4797,26.136497
833,833A,0.40811408,0.076678224,66.36443,27.294558,109.66105,11.610502,61.70651,13.882976,833B,0.42157987,0.07336987,63.98828,25.584414,109.8592,11.801243,61.41776,14.132834
834,834A,0.6696958,0.16428909,42.09444,20.879332,133.26004,15.212655,78.81749,15.567147,834B,0.5692974,0.16759786,48.690887,21.854435,129.7654,14.557628,77.33166,14.814167
835,835A,0.39515647,0.10042266,68.826775,31.089027,92.99737,13.361805,41.579403,17.716312,835B,0.46037245,0.1291055,72.60044,28.5062,90.17387,12.286398,34.26198,16.37865
836,836A,0.66602683,0.1654615,55.59747,17.214087,146.4637,22.00588,81.09998,18.101284,836B,0.7359976,0.112817876,49.907337,13.453257,149.2516,15.388947,84.34134,13.438479
837,837A,0.59256804,0.11996697,40.150116,15.560361,121.96075,13.93667,68.58064,13.2047415,837B,0.5949477,0.10436952,37.99082,13.383511,122.98069,15.056657,68.54001,13.416634
838,838A,0.61623895,0.15564507,39.111595,23.32882,124.51786,34.514397,70.19553,30.254997,838B,0.58304816,0.14233689,38.34071,22.662672,127.71493,29.89936,74.47981,26.056269
839,839A,0.5454191,0.09838642,30.752441,16.860455,99.765175,9.754738,43.291183,12.274206,839B,0.5486374,0.09760299,29.960245,16.343513,99.475464,10.07065,42.62463,12.955907
83,83A,0.61122525,0.16586785,44.52808,17.731873,106.89019,14.510268,42.585045,15.390625,83B,0.5423447,0.19653209,46.058258,21.904142,108.18014,13.919858,42.31794,17.191387
840,840A,0.4578337,0.1333579,79.463264,35.715668,132.23195,11.197871,79.70991,12.335551,840B,0.4812331,0.12081532,71.79508,28.79888,132.93883,10.515438,80.830505,11.125198
841,841A,0.5102105,0.08836486,48.103565,13.759979,108.28483,9.672304,59.544476,12.64345,841B,0.5168308,0.08725741,49.644424,14.699566,109.61678,10.611563,57.257725,15.410742
842,842A,0.34468964,0.13006708,107.95762,43.928608,115.08591,20.98025,57.136158,21.022295,842B,0.3159032,0.14200662,114.80048,45.029846,118.247444,24.257778,58.116486,23.77258
843,843A,0.5303607,0.24137017,49.953297,13.71345,126.442566,21.206438,73.27218,21.629396,843B,0.5184734,0.24033813,50.984745,15.629838,128.62811,20.902355,75.58017,21.944403
844,844A,0.68280256,0.218111,42.27503,24.344845,116.27442,18.335386,54.56252,17.597118,844B,0.7668074,0.17953646,33.65156,19.981953,111.579506,18.85892,56.787674,20.554317
845,845A,0.8153415,0.028034002,30.251902,7.215093,145.30788,18.62603,90.42306,17.948788,845B,0.81692696,0.027267404,30.316538,7.30922,145.58296,18.384075,90.79275,17.78217
846,846A,0.4305483,0.14961462,97.17819,39.618755,114.454124,9.625074,65.33651,12.014767,846B,0.42390904,0.16811438,96.52512,43.748753,110.58408,14.08752,60.63872,16.893293
847,847A,0.66724145,0.16252182,46.399628,22.506586,125.03893,15.817591,65.22083,18.564278,847B,0.7011956,0.14530307,40.76587,17.561031,130.76826,13.414279,68.25339,14.698277
848,848A,0.42302588,0.19470613,80.09644,30.802242,115.943565,16.892973,54.14642,19.128279,848B,0.26374593,0.1621059,108.14819,42.403275,100.05731,24.53567,36.16905,23.693121
849,849A,0.75763714,0.056762524,31.886215,10.03008,132.40857,17.837051,78.48123,17.320774,849B,0.7447817,0.046816405,32.524647,9.165545,134.15385,16.692291,79.79291,16.424025
84,84A,0.4546181,0.24170886,82.3496,47.03014,145.81023,28.394358,86.8422,25.683405,84B,0.57469964,0.18686911,66.188484,36.23493,133.38817,17.381466,73.95016,16.521103
850,850A,0.77431226,0.10862407,30.789576,16.524702,135.05736,11.898522,85.563995,12.088579,850B,0.7650965,0.104417704,33.345356,15.720274,133.7768,11.382427,85.41227,11.449953
851,851A,0.42059308,0.101946026,51.603657,24.360916,111.66022,28.132776,52.53534,28.483782,851B,0.47115064,0.10475672,46.470947,22.535576,117.130135,29.265265,60.05248,29.762064
852,852A,0.5723492,0.21591105,48.22301,28.149363,126.94663,27.943817,70.32181,28.314194,852B,0.50984764,0.21516302,58.953457,31.741014,117.40333,28.890009,60.323685,30.203714
853,853A,0.41205966,0.13703795,86.77844,31.090055,123.15691,29.125742,68.17402,29.582458,853B,0.45933026,0.14027935,80.04151,29.845266,124.892944,26.867136,71.00956,26.446276
854,854A,0.50966823,0.11619819,49.11104,10.771348,117.940285,18.038988,62.75923,19.280054,854B,0.49968073,0.044929687,48.00412,5.529439,119.6583,10.448326,64.354645,11.088147
855,855A,0.5423416,0.12442108,52.468494,19.228949,126.50574,12.902876,76.123985,12.738895,855B,0.5893115,0.11463206,48.62796,17.597324,125.92334,12.825833,77.32601,12.281018
856,856A,0.78075945,0.09820763,47.7753,19.615673,141.62996,41.167442,91.17747,38.219414,856B,0.84705746,0.1125017,36.091064,17.672962,138.7975,35.849667,90.30387,34.682945
857,857A,0.4179418,0.13746062,66.90217,19.738377,125.33057,13.656255,59.061222,15.032637,857B,0.44241226,0.17983577,63.783245,20.77208,126.33918,18.17666,60.825565,16.869862
858,858A,0.7108435,0.06350678,40.82034,11.728718,104.673035,12.450861,53.916565,15.065344,858B,0.6814346,0.072609454,43.39207,12.860628,100.8796,15.359423,47.71107,18.880257
859,859A,0.5854512,0.22920287,44.126965,25.974236,120.65607,16.877035,64.54348,18.325598,859B,0.58082277,0.23339,43.24864,25.698757,120.077354,16.71514,62.646442,19.146008
85,85A,0.48909754,0.09315363,49.412296,20.078783,97.07369,13.298461,24.925913,15.240146,85B,0.51465523,0.12855549,45.703465,18.7754,99.226555,13.811578,26.594383,14.531878
860,860A,0.6578441,0.067683116,35.17419,9.765592,136.7119,14.000713,84.69532,13.916852,860B,0.66048384,0.06519343,36.496677,9.775974,138.07777,14.468966,85.241356,13.822796
861,861A,0.41908103,0.18226376,42.896618,22.110601,98.104675,19.497002,42.941326,21.494259,861B,0.35141528,0.1515993,51.59978,24.72726,89.55426,16.109411,33.50537,19.344625
862,862A,0.64901924,0.27387777,32.197735,16.71575,96.50391,27.755741,43.462627,25.116219,862B,0.6610159,0.2440291,37.911217,29.708849,108.21734,24.373894,59.78969,21.696005
863,863A,0.39982426,0.16364534,70.26394,23.303242,128.99669,17.751987,63.65433,19.556587,863B,0.37674353,0.14698069,70.86408,23.235554,122.45646,18.135336,58.780575,20.940336
864,864A,0.37152213,0.17244221,74.41818,32.479996,127.74703,26.706898,68.358505,27.75086,864B,0.42356062,0.19827884,69.03719,33.55472,125.83433,27.465702,67.81324,26.664083
865,865A,0.68619776,0.061770756,38.294277,9.354528,140.91179,11.323088,87.811165,10.03604,865B,0.6945001,0.06467278,37.945545,10.227442,138.36826,11.303487,87.1146,10.501921
866,866A,0.39418975,0.28290522,91.53205,60.124855,104.71261,26.221502,37.81246,36.422966,866B,0.7240031,0.231224,38.394863,34.423634,129.03792,26.158567,73.563576,30.431566
867,867A,0.89577925,0.041015115,20.478893,8.917667,151.07991,17.186373,97.28039,16.297949,867B,0.9015417,0.020522602,20.66836,9.063464,153.63385,14.820964,99.33063,14.214894
868,868A,0.8230541,0.23152737,21.94726,8.583083,139.18153,23.637768,86.86875,21.664152,868B,0.8669462,0.02071833,21.764244,7.799272,143.43167,10.95773,91.08276,10.872119
869,869A,0.3992607,0.19721025,67.168396,32.699997,105.763466,21.200432,49.935825,24.02882,869B,0.49648094,0.20358047,54.208576,28.305145,113.77002,18.370989,60.40335,19.243975
86,86A,0.3450054,0.1299807,78.035484,25.343279,106.82239,19.759268,50.30879,27.202124,86B,0.32466537,0.1385287,77.9696,26.779694,111.74676,26.774065,57.043385,30.410612
870,870A,0.5311362,0.23440705,57.127716,36.32138,115.57795,19.83131,61.254833,24.499298,870B,0.5390997,0.2407966,54.84544,35.05831,117.59344,19.312885,63.33673,23.758863
871,871A,0.46777773,0.13960908,64.45142,23.536242,111.53241,18.48573,59.566833,22.65865,871B,0.476967,0.19467418,66.780334,30.422356,109.06555,21.796988,53.4606,24.145788
872,872A,0.8433393,0.06980345,23.554626,11.019849,144.01097,10.570265,85.37283,10.688958,872B,0.8555265,0.05413723,21.817194,9.878527,144.24611,10.212883,86.06976,10.4599085
873,873A,0.85633683,0.020972267,21.838959,6.261209,147.43541,14.689959,91.890686,14.047733,873B,0.85225326,0.023091752,22.21626,6.433441,146.1159,14.856847,91.78943,14.366357
874,874A,0.4731325,0.14710493,51.18559,21.758604,120.38837,24.2342,67.04706,24.522556,874B,0.52269757,0.1429528,44.26063,19.672504,123.09079,23.596025,71.49337,23.992607
875,875A,0.63410306,0.0987744,38.08339,13.884159,117.45166,11.325272,64.22927,12.154091,875B,0.5955901,0.13400635,40.516163,18.94596,116.00674,11.403811,62.791794,14.005781
876,876A,0.47034243,0.14889412,65.524925,22.338287,129.49644,18.157604,73.06947,19.861788,876B,0.45394924,0.13170816,70.78143,21.852015,130.03407,14.806578,74.19632,16.630796
877,877A,0.571675,0.15014118,50.569855,16.4929,134.3522,12.866594,82.52488,14.481185,877B,0.63858384,0.15505233,42.229538,14.220428,138.66148,10.697771,88.972145,11.553662
878,878A,0.53739935,0.14389968,52.116455,22.74952,128.05258,14.4634285,76.7859,14.779928,878B,0.6257277,0.16172531,42.77345,20.584394,130.07875,15.879198,80.40811,15.107826
879,879A,0.50383615,0.11882718,42.316196,19.327768,100.358826,19.815449,47.544674,20.537836,879B,0.58867335,0.082308136,32.855675,12.822582,109.933266,18.412308,57.194958,19.542637
87,87A,0.5087422,0.081186146,49.96823,17.304092,104.4551,10.062693,51.66797,13.261602,87B,0.51314026,0.06756748,48.21362,14.910329,109.63973,10.496933,57.914783,12.900323
880,880A,0.62081724,0.11501894,39.695354,13.134967,123.70221,13.394331,73.18747,13.19781,880B,0.63634825,0.1660887,38.126682,12.119859,122.71127,18.429758,72.140755,17.405664
881,881A,0.6597194,0.031665448,33.050755,5.7903323,138.99333,7.506667,94.04657,7.9625483,881B,0.6670762,0.030991726,31.997187,5.818658,139.38605,7.6349444,94.35372,7.9344916
882,882A,0.65944135,0.11888112,48.89406,16.31298,104.505424,16.669968,48.655384,14.57123,882B,0.6550349,0.12033793,48.936657,16.759014,104.94818,17.39905,48.26337,15.756213
883,883A,0.7143254,0.13327815,41.81846,18.438948,125.156166,16.200396,70.12568,16.689434,883B,0.7368742,0.13085201,37.972706,16.868412,129.26976,14.258219,73.945526,14.84382
884,884A,0.5433804,0.12413303,39.415924,11.105176,111.59251,16.651577,54.12747,20.250633,884B,0.5862129,0.12589292,37.928875,12.089666,115.08685,17.604527,60.124054,20.097689
885,885A,0.48735046,0.14213464,67.307915,30.003912,102.73159,18.772512,50.73969,20.594309,885B,0.5307157,0.1463544,62.71576,25.614424,111.6958,16.94401,60.103256,19.835089
886,886A,0.7220715,0.12448691,36.83897,16.854637,138.95157,13.534746,83.376366,13.197093,886B,0.6618706,0.1436539,40.224354,18.052664,134.46028,13.981505,78.8963,14.872878
887,887A,0.60447335,0.09944453,22.393026,12.830231,159.0191,13.3990345,80.38815,12.053646,887B,0.54034495,0.10394459,22.491379,13.123124,159.2336,15.547147,74.348274,14.213849
888,888A,0.5313848,0.19523856,58.065258,21.330973,122.6274,15.604414,63.752758,15.885984,888B,0.54344654,0.18269415,58.234173,19.176567,121.90647,13.758846,62.717968,15.111169
889,889A,0.43683052,0.2014489,40.087387,17.15932,139.0143,28.71791,84.199425,26.760134,889B,0.47737083,0.18519412,41.325123,18.053648,128.37404,31.168772,74.68163,28.41318
88,88A,0.76061594,0.031610787,33.34834,5.8212013,149.06673,13.286706,93.36692,13.087259,88B,0.74885523,0.03336678,34.35145,5.7339983,148.96283,12.945128,94.1149,12.82292
890,890A,0.14045723,0.53803104,54.788452,46.463036,95.42376,42.75486,46.73102,35.3091,890B,0.063634634,0.61434543,52.530804,44.933765,89.54148,50.616165,45.3968,36.0508
891,891A,0.51713896,0.11616889,56.33144,20.878593,104.18348,19.659826,45.321304,18.336102,891B,0.4609084,0.1897976,59.493225,24.23528,98.3959,26.21136,41.08719,20.890938
892,892A,0.4985492,0.1361176,51.28749,22.163965,126.464455,20.076494,73.18491,21.115356,892B,0.44977713,0.13977073,55.239323,22.51512,120.091034,18.69725,66.19999,21.633503
893,893A,0.6501338,0.10151295,37.65226,14.26572,139.49509,22.094889,90.566315,22.024683,893B,0.70658815,0.09882779,33.766235,13.687318,137.46486,18.60728,85.97698,17.947828
894,894A,0.31999213,0.11735119,67.15247,29.148096,132.49727,27.63902,80.119896,29.274078,894B,0.37652057,0.13474639,60.08629,27.94804,132.1863,28.04119,79.51932,31.570953
895,895A,0.6843463,0.17643943,41.650936,26.319424,134.68846,22.315077,79.57961,21.920742,895B,0.62328225,0.20737997,50.544384,29.17881,127.21698,19.645266,70.42478,23.415293
896,896A,0.5624713,0.12503217,52.12969,22.604538,122.91715,14.396629,73.39979,14.758997,896B,0.5748316,0.10756859,46.401917,17.496948,124.31387,13.565491,75.03556,13.595701
897,897A,0.6672809,0.12012927,45.64304,15.042677,138.11206,17.455631,83.18593,14.953141,897B,0.7037541,0.16464047,44.06297,19.75793,144.11476,18.452911,87.60425,16.690798
898,898A,0.650161,0.14862147,46.667194,14.852076,134.5611,13.065815,83.35649,11.983516,898B,0.74568594,0.08897887,40.960438,13.215397,140.1024,11.772581,86.57314,11.211806
899,899A,0.81457853,0.062895976,28.411392,10.337445,141.93323,11.588509,88.248375,11.3358,899B,0.7578018,0.109753706,33.74004,13.567922,137.76993,12.766481,85.365845,12.455717
89,89A,0.62802374,0.1930933,57.218567,28.38122,122.17562,17.215607,67.02456,16.246424,89B,0.62108946,0.18826433,56.605328,26.447115,122.39846,17.20276,67.310196,16.192337
8,8A,0.49404478,0.23872757,67.506195,39.33278,109.90832,16.478735,43.914734,22.851582,8B,0.56218934,0.22913283,60.123383,37.68095,116.480446,17.677097,54.09309,22.49963
900,900A,-0.25778714,0.46442583,17.00672,6.4014745,47.209362,37.88618,11.765469,29.682457,900B,-0.4009037,0.12800194,15.383354,4.1509194,37.588856,13.037308,0.80942917,8.040845
901,901A,0.46526802,0.15658025,67.45276,30.779161,110.72357,14.760533,52.75877,18.484041,901B,0.47099996,0.18496202,67.17022,34.08487,114.24741,14.042116,58.65288,20.20373
902,902A,0.40871698,0.14100243,55.57948,19.461363,97.44103,15.505707,35.204018,21.720625,902B,0.34483063,0.12743792,59.608593,20.380283,93.998344,16.320723,24.290442,17.442482
903,903A,0.2567644,0.19627173,40.845097,10.543221,110.712494,15.660097,62.745655,19.121626,903B,0.4247258,0.17639671,43.181458,11.9893875,115.49655,17.77225,61.7388,20.561316
904,904A,0.57120126,0.09855336,50.652588,16.47503,82.427574,12.483662,29.722305,14.7926855,904B,0.49628055,0.112469055,57.34996,20.274622,84.7088,16.73761,31.377495,19.521116
905,905A,0.2501165,0.6332473,17.878767,13.918651,93.90638,53.43399,49.7057,44.6477,905B,0.40024912,0.45699397,19.293558,12.03373,111.91613,46.675224,60.075306,38.923767
906,906A,0.42499632,0.10782949,66.57249,17.999779,123.883385,13.227987,72.626816,14.644318,906B,0.42636698,0.123406574,62.210022,15.915976,118.64657,14.29588,63.637585,17.010567
907,907A,0.65079355,0.11591716,45.3891,19.07239,128.32384,13.855314,72.97256,14.061657,907B,0.6746275,0.14335382,45.141193,22.33559,128.18262,18.820349,74.981094,18.57069
908,908A,0.60956365,0.10818066,40.091587,16.071325,124.707085,12.217138,71.45919,12.434617,908B,0.597253,0.11707495,40.616978,14.144235,128.4543,12.901328,75.42457,12.682476
909,909A,0.57731426,0.14754479,55.20589,18.704737,116.34107,25.748766,49.791565,25.949823,909B,0.53490657,0.18621953,57.885147,21.027752,117.21289,27.050766,52.251728,26.26166
90,90A,0.5832803,0.19751646,62.342213,26.525644,111.30106,13.665697,49.90332,16.877396,90B,0.51832646,0.22022036,64.01918,26.547941,113.68668,15.791202,53.94569,14.62456
910,910A,0.57160264,0.1850815,54.919926,22.14238,104.06295,13.20429,42.00037,18.605215,910B,0.466384,0.14577773,60.089283,21.272345,99.659645,12.5903015,39.92532,17.778767
911,911A,-0.4457879,0.07171335,116.07965,43.65888,46.714844,9.640648,0.0,0.0,911B,-0.54464793,0.035935897,82.20437,24.739674,53.34969,9.012556,0.0,0.0
912,912A,0.7644472,0.07821164,34.610847,10.651367,143.02623,14.170656,83.00403,13.534139,912B,0.7291726,0.10598562,37.43664,13.088997,140.93831,13.768195,82.77755,12.80932
913,913A,0.46626002,0.12357056,49.81714,15.170337,108.348854,15.122976,54.680622,19.661324,913B,0.44984865,0.125397,48.80766,14.352389,112.3337,14.608187,56.63057,18.750992
914,914A,0.3071531,0.19063367,81.92202,39.072968,159.94876,32.66154,84.93274,25.632902,914B,0.33222154,0.19939531,78.607086,37.377953,159.86488,34.424534,82.1547,25.254698
915,915A,0.17655443,0.49116537,78.59156,39.729362,100.708275,42.30039,44.442547,48.98959,915B,0.7304962,0.13528301,35.10957,16.370493,147.83577,12.726421,100.30753,13.382065
916,916A,0.62843513,0.051214855,56.534,11.554504,117.42761,10.1538315,63.168503,11.594317,916B,0.57298404,0.05158982,59.850048,11.405774,115.22327,9.862427,59.320557,11.372245
917,917A,0.84928685,0.018947337,24.407043,7.7726383,146.76225,15.6586485,92.84912,15.10703,917B,0.84691304,0.018992914,24.301046,7.7823734,146.92308,18.395643,92.91428,17.688364
918,918A,0.540619,0.19754678,60.421703,29.791586,104.869225,22.68059,51.777348,22.706787,918B,0.083401196,0.3611767,69.32658,23.062859,63.63971,34.323433,19.176907,30.215187
919,919A,0.49786502,0.22423553,57.486217,38.400417,103.7225,26.676775,48.00533,31.134043,919B,0.5401335,0.21820131,49.13232,33.546227,106.36422,28.347229,52.06168,33.142025
91,91A,0.64269227,0.17590198,51.963867,21.40092,132.7237,28.61211,74.503204,26.782131,91B,0.77594256,0.08255516,36.722523,13.782883,145.005,36.413727,88.58045,34.33022
920,920A,0.8222128,0.034960844,28.635979,7.6491766,152.81763,11.586651,97.01681,11.268107,920B,0.82242143,0.022648213,28.772621,7.41452,152.93826,11.139758,97.350464,10.941664
921,921A,-0.029593088,0.070269816,50.10388,10.405931,35.131252,7.39511,0.0,0.0,921B,-0.028501961,0.06856827,50.77284,10.186827,34.914146,7.169008,0.0,0.0
922,922A,0.6210899,0.09579561,44.81714,25.530714,130.74455,15.701011,78.63555,13.427887,922B,0.62576324,0.08868075,42.878937,12.530852,131.87724,11.141407,80.22835,9.92436
923,923A,0.31566975,0.12237813,66.07488,22.63016,107.31727,11.954222,49.137543,20.906641,923B,0.43282902,0.09977855,67.48716,21.60233,101.34081,12.194625,44.292446,20.786972
924,924A,0.3856237,0.14512162,67.12593,26.516556,116.34734,17.611912,56.456024,20.464924,924B,0.34720603,0.12514444,68.149376,25.064388,115.048096,17.222618,58.01179,19.401798
925,925A,0.4130298,0.09471816,63.865322,13.961125,114.9645,16.616879,64.73917,21.19496,925B,0.36075532,0.11244979,71.97921,14.16163,107.847374,17.185862,53.88742,23.618353
926,926A,-0.05305807,0.032852188,29.581175,9.343023,37.69087,5.903375,0.0,0.0,926B,-0.050775476,0.03564104,27.776247,6.4483194,42.21127,5.8377585,0.0,0.0
927,927A,0.717433,0.09046761,48.57245,17.417135,125.66077,13.001973,72.48287,15.578585,927B,0.7288475,0.09896656,46.37506,17.822132,126.72953,12.698148,73.87978,14.735475
928,928A,0.32674327,0.12984248,61.244946,27.355442,118.63638,34.817066,52.102814,27.041355,928B,0.37650573,0.12343314,52.035236,23.698202,126.39697,44.151527,60.277523,36.110073
929,929A,0.8331307,0.032575335,25.384651,7.0278788,145.22282,15.109371,89.91522,14.51873,929B,0.8341235,0.021424474,25.38851,7.156303,144.38454,17.328123,89.14151,16.55696
92,92A,0.19389859,0.09992134,163.45705,43.346848,82.716255,22.59101,16.610733,20.865398,92B,0.17379892,0.08150189,168.46703,42.024803,79.36739,21.04882,11.85738,16.78454
930,930A,0.55265576,0.24843702,60.91152,26.08663,104.659584,17.233408,44.433044,20.507763,930B,0.5001774,0.21994066,72.92867,30.543129,107.51096,17.875528,46.343273,19.6041
931,931A,0.6890209,0.08502386,35.14327,9.885289,123.36764,18.041224,73.77236,15.554752,931B,0.75468194,0.06495616,30.680176,8.7239685,130.09642,15.816119,80.21627,13.330755
932,932A,0.5719923,0.10580968,38.24228,10.949048,125.18023,15.926972,69.30746,17.599052,932B,0.5181144,0.13457935,40.283188,11.109628,118.07101,19.318607,60.20726,24.148304
933,933A,0.4745785,0.078377604,74.88433,26.42936,73.37626,14.326528,6.163578,12.723251,933B,0.51215005,0.072918616,72.34379,25.282284,68.88626,13.113564,1.8474426,6.202852
934,934A,0.58243567,0.11374235,38.336334,9.190573,143.63426,10.084466,89.005035,10.118603,934B,0.52918786,0.10060275,42.21532,10.097149,145.07027,10.522463,92.96372,10.767783
935,935A,0.3956364,0.19034718,76.853645,38.7218,104.40411,28.886822,47.97334,32.31871,935B,0.45348555,0.18608324,65.16306,33.25518,109.123924,25.791939,53.41367,30.140516
936,936A,0.8378688,0.036425468,26.104721,10.456533,136.22017,17.90848,79.564735,19.709217,936B,0.83346283,0.03680792,27.427256,10.659461,135.79,17.884554,79.529945,19.717756
937,937A,0.59133846,0.22665028,58.858105,27.795092,128.08931,24.610907,66.30484,22.87423,937B,0.49066082,0.17723623,69.30235,24.424196,124.07419,15.838836,66.34012,18.024752
938,938A,0.7364582,0.15105419,35.431458,18.008263,130.8639,12.491569,73.748344,15.307782,938B,0.76451945,0.09960559,30.539038,12.738369,131.5896,9.798632,75.38889,10.992305
939,939A,0.7285094,0.3745495,24.434336,9.108443,132.96002,38.526608,83.72174,28.680712,939B,0.63584924,0.35672292,29.770905,13.663301,135.8914,36.260452,87.24347,28.175554
93,93A,0.35796043,0.13349865,84.93411,38.131542,87.934784,20.096575,32.971775,21.84563,93B,0.28002942,0.08403287,85.20617,30.6307,108.77045,20.767668,55.379704,21.417747
940,940A,0.65206826,0.2268976,48.12924,29.71896,138.1523,11.987436,91.14217,12.184161,940B,0.77084494,0.13826644,32.17249,14.800901,141.51985,13.201366,96.41425,11.0243
941,941A,0.86208797,0.049535308,22.108332,8.5536995,145.43813,11.315461,88.55176,10.602299,941B,0.8611248,0.076621585,21.739594,9.87774,144.32884,12.860243,88.31952,11.211453
942,942A,0.26862553,0.10518741,97.93335,32.543396,106.66565,17.182514,51.68538,21.338972,942B,0.29845238,0.111910515,73.31442,23.119911,123.038216,18.5811,54.5937,21.410639
943,943A,0.39221796,0.08249289,71.95653,26.65443,109.47837,12.696544,49.231827,14.418203,943B,0.39071596,0.118059225,77.13129,33.15967,106.276924,14.152921,45.254505,15.8487
944,944A,0.6588645,0.074245945,36.330856,9.566881,123.669044,9.869676,70.74566,10.825966,944B,0.62024486,0.089678176,37.822628,10.473109,118.1077,12.1028805,63.548176,12.296971
945,945A,0.69687426,0.17870462,50.64207,25.286173,116.65765,19.087666,54.04234,19.198147,945B,0.727152,0.15684906,46.967304,22.316965,116.08581,19.417814,51.624355,17.880562
946,946A,0.7501879,0.19423503,31.084677,21.448586,144.69527,31.631927,89.54462,29.311625,946B,0.85778093,0.08092677,23.648277,12.418926,144.79163,34.915977,89.13922,32.319283
947,947A,0.41824168,0.16482334,58.207417,32.028027,126.84021,37.323536,67.19066,33.56232,947B,0.54593015,0.1415121,39.317368,20.885628,123.150024,33.15092,66.56501,28.246426
948,948A,0.2876847,0.1283572,92.26615,33.415115,108.17971,19.794695,27.379639,28.128345,948B,0.33927238,0.18235524,95.34961,44.427788,111.173096,18.751562,36.815166,29.795675
949,949A,0.060121566,0.23891042,36.581573,24.792168,105.401184,23.01209,84.324936,23.831194,949B,0.5807737,0.23603873,62.982914,34.43125,129.46916,19.36563,101.16581,21.310648
94,94A,0.5960095,0.16643293,57.92546,18.999634,129.93988,20.470024,72.6886,18.984617,94B,0.5487338,0.21369594,61.38728,20.610731,128.08917,27.36037,71.35027,23.100872
950,950A,0.5342835,0.21527913,70.44338,43.340565,116.20826,19.15356,57.059082,22.737549,950B,0.46127114,0.24273708,81.68649,44.996746,123.91862,21.561087,63.045467,25.4874
951,951A,0.84154695,0.03214798,24.367937,7.867945,152.3733,12.477847,96.53982,12.1925335,951B,0.84074986,0.15327111,25.712671,20.701332,151.67871,14.483636,94.27414,15.301544
952,952A,0.8017907,0.056493174,29.87857,10.940362,141.1709,9.531419,90.331726,9.415346,952B,0.7689433,0.06142321,32.536076,11.179779,139.13472,9.569992,89.9334,9.238116
953,953A,0.549335,0.19729163,49.638348,25.422495,98.975914,20.998323,9.943008,15.456174,953B,0.6121527,0.1087745,43.887054,19.188692,102.39095,20.813705,10.232868,13.666204
954,954A,0.7100109,0.2274535,37.847775,34.80006,129.99629,23.928505,79.08791,21.489336,954B,0.6438033,0.31288567,38.728703,24.240911,124.81814,32.384346,75.29404,24.667782
955,955A,0.5111245,0.141578,42.533775,12.119763,131.41386,13.241039,77.21439,13.051729,955B,0.5376115,0.11613504,41.90945,11.620547,133.0373,13.195816,78.29409,13.184959
956,956A,0.6078633,0.22632293,53.075226,35.43405,115.02102,17.00253,56.709606,19.092386,956B,0.7005446,0.16876534,39.120102,22.523237,124.64896,17.456028,67.59058,17.34824
957,957A,0.5373745,0.17478253,32.785267,20.1329,124.90702,50.197956,67.358025,45.431324,957B,0.596695,0.19488582,33.60146,23.315052,150.2713,53.21367,92.43726,49.498356
958,958A,0.81843776,0.08130891,24.912918,12.932616,138.49138,10.3664055,86.4078,10.009586,958B,0.7936515,0.101877265,26.171331,13.913365,140.46967,10.944097,87.64697,10.929865
959,959A,0.48981673,0.18886147,78.59455,39.865326,110.636314,19.699398,61.770954,19.669035,959B,0.60181785,0.18961428,59.176197,35.983368,121.970436,17.258759,72.60097,17.360786
95,95A,0.45029593,0.10925972,45.620747,13.663009,125.35532,11.828739,72.81918,12.232387,95B,0.47411734,0.10240897,45.419952,14.197333,127.16427,12.217599,75.2562,12.419909
960,960A,0.571143,0.21455841,61.368267,33.49366,107.28546,20.40892,45.99535,19.15631,960B,0.57513463,0.18199337,62.74245,35.957912,116.045654,25.840517,55.844193,23.141354
961,961A,0.57343173,0.08729873,62.966644,20.182133,95.88034,15.663626,36.613937,20.305557,961B,0.6348169,0.11433086,54.092663,22.01108,107.95644,18.176397,52.6158,23.622736
962,962A,0.7105669,0.12049991,44.941242,16.307714,141.54726,12.93532,86.96436,12.856852,962B,0.6968312,0.11061855,46.54131,16.07005,139.7201,14.682011,85.40542,14.067462
963,963A,0.6707975,0.13356142,35.463787,9.695044,136.95111,11.528913,84.089355,12.1126795,963B,0.6493256,0.15218131,35.373276,10.263317,135.05486,12.479407,81.88648,13.724735
964,964A,0.5625267,0.17460515,48.271454,34.088684,118.77749,21.674414,75.262566,22.790346,964B,0.5562631,0.16923119,54.347027,43.03194,124.25649,23.54158,78.42428,22.812963
965,965A,0.1501454,0.034516543,129.57086,37.25041,106.137695,23.576468,26.326319,23.376469,965B,0.12240614,0.051928684,140.37248,40.81429,104.2606,22.8551,19.936924,22.31882
966,966A,0.60734427,0.18720822,48.827057,26.876923,131.73721,16.511671,74.417915,14.931012,966B,0.61427706,0.18387346,46.76189,24.872116,131.98798,17.491047,74.670135,15.930234
967,967A,0.79852706,0.11786878,33.32236,13.297553,150.46684,34.199467,93.15212,32.136677,967B,0.80508393,0.10457805,34.067303,12.029606,144.80579,28.924103,87.23199,26.70269
968,968A,0.38726902,0.3052033,46.62666,26.837845,84.29811,41.00383,33.18992,25.482727,968B,0.023444891,0.16334225,21.461557,9.648354,26.057123,25.34414,2.9579887,12.116369
969,969A,-0.2523844,0.27257857,30.447893,13.539773,35.385704,31.363329,6.829174,22.26675,969B,-0.321626,0.040141996,25.038015,7.923981,26.546991,10.464368,0.0,0.0
96,96A,0.33701694,0.26863682,129.08188,63.651722,85.263016,21.989477,23.335457,23.194149,96B,0.2779146,0.23569638,134.75975,59.156548,99.184814,31.193521,34.886555,30.398825
970,970A,0.43609208,0.14973097,56.058216,20.938965,109.82014,16.127735,49.19106,18.940367,970B,0.43225962,0.123916246,52.574978,17.15205,111.80662,15.331525,52.196896,18.365705
971,971A,0.77579546,0.13649204,38.82033,17.987728,126.9671,15.329575,76.93278,15.336293,971B,0.8168162,0.08800267,34.73858,15.844965,130.70284,14.951233,80.67594,14.487804
972,972A,0.55796546,0.281721,21.693003,9.387313,116.53098,50.987118,69.165504,37.017986,972B,0.4850888,0.3170515,22.047628,11.583399,105.80355,53.422867,60.4516,39.337086
973,973A,0.29673627,0.18084775,129.54729,52.78822,101.20953,23.327206,25.351105,23.275164,973B,0.26074883,0.11235072,131.2998,50.487946,94.55088,16.08951,14.035999,15.193859
974,974A,0.4543543,0.16174448,67.940865,31.827549,127.23181,39.043823,69.079094,34.848354,974B,0.49518436,0.18431091,61.78014,35.363373,125.1688,35.49306,70.52178,32.57677
975,975A,0.4391473,0.17738062,64.1251,36.211704,133.98509,30.584187,80.77331,26.949566,975B,0.41664964,0.17791806,67.59088,38.103348,142.42621,29.174784,88.19824,25.709858
976,976A,0.33595178,0.11515969,62.315334,20.614965,91.82792,18.209309,22.034262,18.498245,976B,0.3196836,0.119172916,69.572845,24.572775,82.51021,20.052494,19.128807,21.930422
977,977A,0.7295301,0.1262058,38.132153,19.15023,129.66302,16.686144,76.621895,15.828401,977B,0.736318,0.12031816,35.847168,17.4706,132.88191,16.767548,79.3118,14.783414
978,978A,0.7677082,0.09120189,38.244274,11.145331,143.8878,11.591827,87.1298,11.926542,978B,0.75718284,0.08346506,38.4927,10.302272,143.58434,11.748975,87.82554,11.758405
979,979A,0.5770219,0.1280418,38.577835,17.905022,114.58358,21.47263,64.39692,25.930311,979B,0.54606164,0.1251301,40.435047,16.961588,109.50327,22.27445,57.77713,27.96538
97,97A,0.29845333,0.15466243,66.99833,27.952631,87.60873,16.475346,11.605328,16.988708,97B,0.32680303,0.1398036,63.47156,24.809566,91.2406,17.68943,16.029934,21.106977
980,980A,0.32560575,0.11969247,74.37817,24.004448,118.6669,16.493343,66.35528,19.626682,980B,0.32510003,0.14270167,78.27157,29.640612,120.46885,15.001377,64.43434,18.721136
981,981A,0.72645605,0.2247026,27.288452,8.408885,125.91981,36.654007,79.99888,28.23715,981B,0.32136208,0.4277978,42.613445,20.611673,79.2476,54.54427,40.547523,44.5715
982,982A,-0.6979995,0.034704372,83.8807,27.927437,70.57946,8.32616,0.13420486,0.7677285,982B,-0.6873775,0.020523543,96.26264,22.399391,73.28875,8.373019,0.14255524,0.72176015
983,983A,0.5040016,0.091679834,44.471355,14.254997,119.835915,13.669823,62.593006,15.607638,983B,0.48917863,0.12837422,46.48946,14.529956,126.143585,17.520018,69.04018,17.49616
984,984A,0.78972995,0.048904434,29.380491,9.517306,147.78072,19.129503,92.05076,18.462074,984B,0.80804086,0.039969534,24.849174,6.558391,145.92421,18.203835,90.522156,17.581575
985,985A,0.8675989,0.087012164,24.40593,9.6199255,140.75041,14.800218,86.74033,12.9015045,985B,0.8774378,0.035475552,23.143213,9.018449,141.77908,12.892136,87.62561,12.511127
986,986A,0.31980014,0.14124426,85.685974,27.335262,94.15127,24.014496,36.587566,29.405582,986B,0.4461187,0.17089906,69.54702,23.282452,113.401886,21.850798,61.02753,25.51613
987,987A,0.40416157,0.13845031,57.766262,22.602781,111.47488,29.15984,61.388683,33.99632,987B,0.41514862,0.11905536,55.643482,19.183928,110.60746,22.24871,59.272106,26.075287
988,988A,0.5200793,0.19860883,58.551605,37.888958,135.89513,16.84362,81.17825,19.948711,988B,0.47183084,0.14582898,64.053314,29.494558,127.94738,19.338448,72.321014,21.401354
989,989A,0.3891326,0.17970508,49.97617,17.187197,104.07494,21.651342,40.35235,24.984344,989B,0.40928668,0.14044826,51.920124,17.568924,106.52297,20.946075,41.76511,24.323599
98,98A,0.45819288,0.15474722,60.656433,26.782473,75.30141,21.468561,14.535728,20.606434,98B,0.4552737,0.13890366,57.792633,27.909334,90.754456,18.131721,27.75135,24.232594
990,990A,0.3824422,0.112913944,58.546124,24.219051,128.82942,22.230751,76.981705,21.299349,990B,0.4027431,0.072366476,49.578785,17.55941,132.92793,16.588488,82.62586,16.431955
991,991A,0.46941864,0.17968449,64.66134,26.216318,115.586815,15.106087,63.116566,19.283854,991B,0.51607877,0.23288517,59.313496,30.8979,117.535255,17.866415,63.752544,21.013008
992,992A,0.71701944,0.07277623,31.42446,11.575545,123.819984,11.917931,75.45083,11.376916,992B,0.721905,0.07671828,29.699823,11.3059635,125.76517,11.896175,75.9141,11.579309
993,993A,0.52471334,0.15839204,65.560936,35.50648,87.108215,16.732773,33.24799,19.55622,993B,0.4888805,0.17071356,67.57766,31.99466,87.30509,16.258253,35.676678,19.162731
994,994A,0.52692616,0.10472714,38.299454,14.590417,103.121544,21.19139,47.609528,21.44743,994B,0.46412438,0.113723576,42.834095,21.153854,93.256386,21.25449,36.4553,23.251362
995,995A,0.48976296,0.10694443,52.865616,10.119183,134.51208,13.288143,82.89973,13.984824,995B,0.4345563,0.11996145,52.061176,10.137126,131.277,16.577791,78.43948,17.762503
996,996A,0.80773866,0.083646834,26.28871,12.7522135,129.49959,21.195395,83.49453,19.441296,996B,0.65388024,0.37429422,23.364386,10.686905,114.205444,36.265137,65.894646,34.177
997,997A,0.61141855,0.092395574,39.69183,13.96387,121.299164,8.868704,72.969696,11.200133,997B,0.60759926,0.093959376,39.544613,14.085161,124.05686,10.053544,75.11192,11.646987
998,998A,0.811648,0.104885206,25.149923,14.063982,131.37097,32.052906,83.24769,30.810616,998B,0.75693154,0.1368648,29.44874,16.918884,124.316,24.167772,76.36633,23.147009
999,999A,0.5712817,0.1718326,51.506744,26.338463,125.42578,44.22656,67.07598,38.192913,999B,0.5965308,0.14361352,45.15335,25.710344,126.37131,49.01689,72.82606,43.557335
99,99A,0.65453696,0.13507329,36.916325,18.529066,118.27302,23.237713,63.814014,21.282846,99B,0.5938541,0.15303515,42.143833,20.50446,116.75396,25.66694,61.51297,22.55465
9,9A,0.3508564,0.10367353,81.50036,29.270233,113.5839,15.08384,59.212524,17.172192,9B,0.33343863,0.11913248,79.44258,29.656324,112.70327,18.87942,58.301727,21.52921
