Image_ID,NDVI_Min,NDVI_Max,NDVI_Mean,NDVI_Std,RGB_Min,RGB_Max,RGB_Mean,RGB_Std,VV_Min,VV_Max,VV_Mean,VV_Std,VH_Min,VH_Max,VH_Mean,VH_Std
0A,0.011147541,0.87761307,0.4198741,0.18805368,11.0,221.0,59.35852,29.101707,11.0,216.0,98.94337,25.149336,0.0,117.0,36.22052,35.76971
0B,0.088562675,0.901355,0.44205445,0.20520645,8.0,240.0,62.659954,27.149958,16.0,196.0,95.60449,22.078629,0.0,134.0,29.58519,31.129162
1000A,0.06066066,0.93186927,0.85768247,0.071244895,5.0,176.0,22.158844,11.020837,78.0,176.0,135.65569,12.117051,25.0,120.0,82.304985,10.564413
1000B,0.05536627,0.93110514,0.7610148,0.10865606,6.0,222.0,34.780136,14.468691,45.0,174.0,121.11505,14.322373,0.0,121.0,72.60452,12.334583
1001A,-0.18076411,0.7790307,0.3234384,0.120327696,31.0,255.0,104.26001,33.635567,25.0,255.0,115.642204,15.816455,0.0,147.0,62.008648,18.568058
1001B,-0.23659517,0.78812826,0.30984193,0.13201906,31.0,255.0,102.217865,32.433945,9.0,255.0,122.817604,21.104383,0.0,255.0,63.9982,19.871744
1002A,-0.3026052,0.7219526,0.36140037,0.061198242,10.0,255.0,75.00314,26.77478,16.0,170.0,110.18423,11.780373,0.0,112.0,56.584564,14.461262
1002B,-0.10303687,0.79350543,0.3879512,0.050841916,6.0,255.0,69.204414,21.70002,41.0,176.0,107.664345,11.338058,0.0,112.0,50.158504,13.032197
1003A,-0.13794585,0.997191,0.62441546,0.15812801,0.0,255.0,36.169903,21.973907,0.0,255.0,97.653564,25.679062,0.0,180.0,47.10217,25.780767
1003B,0.043744776,0.99622643,0.5426847,0.15556598,0.0,255.0,39.0576,20.560713,0.0,255.0,108.53861,36.76318,0.0,183.0,44.22179,31.111513
1004A,-0.6732892,0.940877,0.35728726,0.21014935,0.0,255.0,92.879295,49.76272,15.0,255.0,128.75098,19.02026,0.0,147.0,68.03924,19.35417
1004B,-0.5148267,0.8988554,0.3649909,0.16993868,0.0,255.0,87.09499,40.75842,0.0,255.0,135.89417,32.0424,0.0,182.0,79.47535,27.093605
1005A,0.0053408733,0.97078085,0.466249,0.20118448,2.0,255.0,74.175835,46.75958,51.0,255.0,118.126,18.06407,0.0,236.0,61.86664,19.501114
1005B,0.04483431,0.8922454,0.5650636,0.20804179,10.0,255.0,57.46789,46.084328,41.0,206.0,114.68579,17.135977,0.0,143.0,65.51978,19.937794
1006A,0.116588615,0.83309543,0.6547561,0.10555225,25.0,248.0,48.419086,11.31657,12.0,255.0,143.53227,14.426009,0.0,211.0,88.45569,13.346479
1006B,0.19887386,0.85247886,0.67870605,0.1057681,26.0,218.0,47.54648,11.700925,18.0,218.0,147.19258,10.296534,0.0,196.0,93.254395,9.776903
1007A,-0.2519894,0.87966573,0.40434417,0.22521265,11.0,255.0,76.241234,44.715534,14.0,178.0,94.72878,31.291378,0.0,127.0,37.506737,36.45187
1007B,-0.27596438,0.8847981,0.41172862,0.2288966,9.0,255.0,76.94353,48.15549,10.0,178.0,98.32018,29.523685,0.0,129.0,41.35172,36.464863
1008A,-0.56586915,0.8268098,0.2904136,0.24141169,0.0,255.0,95.94468,47.15745,0.0,255.0,94.035545,26.086205,0.0,205.0,38.08371,27.210384
1008B,-0.5294118,0.8232519,0.4367514,0.1844843,17.0,255.0,73.23525,28.380226,0.0,230.0,101.60435,21.564028,0.0,255.0,47.310894,26.779415
1009A,-0.4293629,0.8449742,0.5470661,0.15347455,17.0,255.0,59.773727,24.882082,0.0,188.0,112.74665,14.744185,0.0,113.0,62.272003,18.010622
1009B,-0.33333334,0.8521381,0.5695162,0.15478204,19.0,255.0,56.702564,23.305838,0.0,171.0,115.2251,13.797455,0.0,116.0,65.674126,16.607014
100A,-0.17743097,0.87643605,0.5158725,0.19771236,18.0,255.0,66.48044,35.146942,6.0,255.0,118.030174,28.754948,0.0,203.0,64.37063,28.514532
100B,0.04957582,0.895309,0.69646955,0.1354234,14.0,255.0,44.941788,19.586742,0.0,255.0,119.605705,33.357803,0.0,190.0,68.915245,33.110027
1010A,-0.06382979,0.89855075,0.28676847,0.124740526,8.0,255.0,80.32938,37.11512,15.0,255.0,82.78928,20.969414,0.0,157.0,23.561897,23.047602
1010B,0.07043344,0.6539263,0.29327613,0.08615867,16.0,245.0,81.29309,32.000134,16.0,153.0,86.05198,17.397223,0.0,119.0,29.53418,19.43292
1011A,-0.39313766,0.9250893,0.6587931,0.13834411,9.0,255.0,41.347782,16.699215,47.0,255.0,126.85437,11.791436,0.0,128.0,76.48586,10.823705
1011B,-0.32396695,0.93306124,0.6588689,0.12413166,5.0,255.0,44.837757,17.590477,41.0,236.0,128.15698,11.465999,0.0,137.0,78.01237,10.872127
1012A,0.19977005,0.8517881,0.6064452,0.081967786,12.0,129.0,37.13302,9.822352,62.0,183.0,130.28972,11.463982,0.0,139.0,73.8495,11.713058
1012B,0.13202357,0.85119206,0.5947585,0.08010199,14.0,203.0,38.32915,10.117346,58.0,180.0,126.21442,12.094407,0.0,128.0,71.19794,12.049774
1013A,-0.34600762,0.9925926,0.44015726,0.20370238,0.0,255.0,52.376904,34.24652,0.0,255.0,126.95343,55.93359,0.0,212.0,55.80185,47.61641
1013B,-0.089197226,0.99421966,0.44296423,0.21064077,0.0,255.0,55.034725,36.956062,0.0,255.0,141.30016,60.05708,0.0,242.0,75.43052,53.251087
1014A,0.031170158,0.78281534,0.52308774,0.17378366,42.0,255.0,80.351234,27.96557,29.0,255.0,120.54281,12.427579,0.0,175.0,50.31135,18.354475
1014B,-0.15784454,0.7712177,0.5011311,0.18271033,41.0,250.0,78.93052,25.828325,0.0,235.0,119.341675,15.580784,0.0,140.0,49.61664,19.933249
1015A,-0.2773079,0.933485,0.5820153,0.15371981,2.0,255.0,50.44754,21.992964,3.0,255.0,112.80239,12.8699465,0.0,214.0,57.31357,14.875946
1015B,-0.078109935,0.92426366,0.6244122,0.16395943,3.0,255.0,46.01836,18.437729,34.0,238.0,113.381676,12.828017,0.0,189.0,56.853756,14.694253
1016A,-0.5,0.79113644,0.42818713,0.104454644,16.0,255.0,83.3894,27.954193,0.0,183.0,104.97201,12.126027,0.0,115.0,57.094387,14.157478
1016B,-0.48182884,0.77928483,0.44548374,0.10194597,17.0,255.0,79.7524,26.047436,0.0,246.0,107.83136,13.122544,0.0,107.0,57.492214,15.120741
1017A,0.18146043,0.81769866,0.65449655,0.06960165,22.0,160.0,47.649734,12.231348,81.0,195.0,141.06883,9.4065275,30.0,131.0,86.435814,9.316291
1017B,0.11451398,0.82055885,0.6492565,0.07406484,20.0,154.0,47.518127,12.523743,74.0,207.0,140.748,9.179078,15.0,138.0,86.80715,9.473092
1018A,0.018861147,0.9322862,0.53093344,0.16889693,7.0,255.0,75.49621,41.807503,25.0,191.0,111.89734,16.047115,0.0,139.0,61.169933,19.187027
1018B,0.04828216,0.91184676,0.48084977,0.14981265,0.0,255.0,80.93517,44.28018,39.0,182.0,116.37671,15.275211,0.0,135.0,67.72149,17.69591
1019A,0.17251462,0.9980815,0.854584,0.08370052,0.0,155.0,18.405252,10.926537,36.0,255.0,152.50906,38.219612,0.0,223.0,92.76823,35.487194
1019B,0.0065452815,0.9763496,0.72163904,0.12644939,1.0,181.0,33.13478,16.226126,3.0,255.0,151.27306,46.185978,0.0,216.0,93.01585,39.24511
101A,0.3656637,0.8672107,0.78942144,0.031774886,20.0,90.0,38.964523,12.852629,73.0,176.0,139.30069,9.646522,38.0,123.0,84.63398,8.706375
101B,0.29661152,0.85757655,0.7907472,0.03498389,21.0,93.0,37.958485,12.545132,71.0,197.0,138.66768,9.527958,0.0,122.0,83.93603,8.699799
1020A,-0.2239521,0.8367347,0.3621328,0.16478881,28.0,242.0,72.57537,19.854677,0.0,255.0,111.16952,16.336617,0.0,170.0,38.82302,19.82615
1020B,-0.3352313,0.82459915,0.33605948,0.16082594,28.0,237.0,72.93838,20.696136,0.0,239.0,117.04895,19.522001,0.0,183.0,46.280346,21.16259
1021A,-0.072416596,0.85508496,0.5002145,0.13979425,22.0,255.0,74.05109,28.023584,0.0,198.0,118.45345,18.790123,0.0,129.0,70.61683,23.364365
1021B,-0.49019608,0.8445335,0.48821267,0.20857634,26.0,252.0,68.73806,20.54262,0.0,201.0,119.26453,22.68192,0.0,126.0,72.28119,22.913738
1022A,-0.24119948,0.9143179,0.40687552,0.2025786,16.0,255.0,86.757996,43.407154,4.0,255.0,118.25714,20.922813,0.0,141.0,61.305115,25.89256
1022B,-0.30223286,0.8913616,0.48489988,0.15659794,19.0,255.0,65.11774,21.863499,25.0,218.0,126.53408,16.992199,0.0,144.0,70.24317,19.498158
1023A,0.6129626,0.9354721,0.87076193,0.02302468,5.0,81.0,22.436121,8.83286,67.0,196.0,147.74356,12.253014,9.0,141.0,93.99239,12.014111
1023B,0.011049724,0.9389235,0.8635404,0.058115177,6.0,152.0,23.76644,11.272136,31.0,200.0,147.29826,13.214513,0.0,143.0,93.922585,12.711112
1024A,-0.64888126,0.8574163,0.38615724,0.21916473,13.0,255.0,72.74055,38.256313,0.0,255.0,104.507904,30.297436,0.0,188.0,49.663807,29.169209
1024B,-0.25603864,0.90462244,0.3155784,0.16304947,10.0,255.0,91.73172,42.642094,0.0,185.0,101.58614,20.439785,0.0,162.0,38.986515,25.67281
1025A,0.13084456,0.86349696,0.45315692,0.09075693,15.0,255.0,61.761494,21.40489,52.0,165.0,105.94101,10.617876,0.0,109.0,51.38687,12.810151
1025B,0.15040696,0.7256306,0.34373206,0.06144269,21.0,187.0,73.740204,21.74489,38.0,147.0,95.79297,10.41501,0.0,91.0,38.57017,12.678096
1026A,-0.009874918,0.8328147,0.45418796,0.1312046,25.0,255.0,61.94601,18.783033,17.0,238.0,144.1002,16.537636,0.0,170.0,92.451324,17.198448
1026B,0.08750935,0.8215378,0.45405754,0.14022307,23.0,235.0,62.525288,19.43628,11.0,245.0,144.24142,18.906124,0.0,182.0,92.39071,19.788628
1027A,-1.0,0.92255986,0.56948626,0.38249952,0.0,110.0,21.669243,14.235533,6.0,172.0,123.86615,32.65138,0.0,133.0,81.01269,32.204594
1027B,-1.0,0.94489795,0.687354,0.29765072,0.0,172.0,27.146097,14.14341,0.0,178.0,131.3961,25.0056,0.0,132.0,87.83024,24.656199
1028A,0.10670194,0.83972913,0.49858513,0.089011684,18.0,194.0,52.44699,14.952313,70.0,182.0,129.38884,11.390603,2.0,130.0,76.12598,12.274742
1028B,0.06122449,0.8891775,0.5519962,0.09728227,18.0,208.0,49.345203,14.182138,71.0,180.0,131.5519,10.546995,12.0,124.0,78.158775,11.3606615
1029A,0.13053715,0.7954071,0.3905455,0.07992731,25.0,173.0,71.118706,17.903635,64.0,175.0,117.66361,10.918923,0.0,130.0,61.780598,12.88299
1029B,0.07808858,0.7441422,0.3818316,0.06641522,25.0,164.0,70.04044,17.520164,46.0,161.0,112.567566,9.963871,0.0,116.0,55.508007,11.443997
102A,-0.59896505,0.8820556,0.40870738,0.107075796,5.0,255.0,52.804585,21.360138,7.0,179.0,106.36084,16.382835,0.0,121.0,52.028015,18.837364
102B,-0.7429467,0.88142294,0.39077854,0.15774247,2.0,255.0,58.78735,30.89008,0.0,201.0,104.57676,18.09161,0.0,117.0,48.47887,18.456656
1030A,-0.37406972,0.85356486,0.40432954,0.15449567,25.0,217.0,74.655174,24.469109,11.0,255.0,130.32658,16.976578,0.0,203.0,59.90976,21.947227
1030B,-0.28632644,0.84890145,0.46334165,0.15725715,25.0,255.0,65.221436,21.289822,5.0,255.0,135.8153,17.332493,0.0,203.0,71.09829,18.354586
1031A,-0.25898907,0.75220734,0.4096872,0.07886872,18.0,255.0,62.242916,23.845774,13.0,142.0,93.14691,13.542936,0.0,98.0,41.980682,16.11757
1031B,-0.12915382,0.77273476,0.4268149,0.068889216,14.0,255.0,58.601562,22.067972,18.0,141.0,93.4082,13.104171,0.0,100.0,42.89027,15.90539
1032A,0.0,0.9016176,0.8358166,0.018698372,0.0,58.0,26.365997,7.0708327,0.0,184.0,141.6422,9.337655,0.0,129.0,88.17844,9.5829
1032B,0.6363032,0.8993822,0.83441675,0.017325304,12.0,57.0,26.042242,6.81832,90.0,182.0,143.10655,9.070931,37.0,130.0,89.931496,9.198661
1033A,-0.36531657,0.95045966,0.68652856,0.19660753,2.0,255.0,41.903038,26.78869,16.0,252.0,134.37506,37.11116,0.0,204.0,80.672554,34.807327
1033B,-0.7009544,0.996,0.7296847,0.2303215,0.0,255.0,35.532013,22.770897,6.0,255.0,133.68683,43.710136,0.0,207.0,80.44257,40.283543
1034A,-0.082969435,0.90545106,0.61029994,0.16065978,17.0,255.0,49.64911,21.74529,58.0,186.0,133.25142,13.112392,0.0,139.0,79.24002,14.370618
1034B,0.078784466,0.905096,0.61445904,0.14123902,16.0,255.0,51.602448,18.590145,44.0,194.0,133.46199,12.116376,0.0,132.0,79.92798,13.7032585
1035A,0.0066730217,0.8896479,0.27703154,0.15825593,9.0,255.0,105.133156,51.01758,44.0,181.0,110.07322,15.926904,0.0,131.0,49.550125,21.336994
1035B,0.0,0.9016909,0.3172369,0.16775146,11.0,255.0,97.31536,47.0026,36.0,194.0,112.56344,15.465169,0.0,127.0,52.905094,20.895668
1036A,-0.26127914,0.73118037,0.39379662,0.10691835,36.0,255.0,76.275665,23.810478,6.0,216.0,131.92609,17.059408,0.0,146.0,70.8496,18.765345
1036B,-0.26164874,0.75956774,0.38658786,0.11603883,36.0,251.0,76.54367,25.714115,14.0,210.0,136.80641,13.694686,0.0,142.0,77.2806,14.831917
1037A,-0.024420025,0.858063,0.6033069,0.10371407,13.0,198.0,39.565006,13.857851,21.0,250.0,134.04112,20.688509,0.0,170.0,78.12876,20.20161
1037B,-0.24922806,0.80519795,0.5562743,0.12605047,13.0,205.0,45.013092,18.721117,11.0,255.0,130.00546,20.703922,0.0,166.0,74.03378,21.453707
1038A,-0.22057787,0.84595984,0.5170779,0.08134572,9.0,255.0,59.63486,15.094847,10.0,201.0,100.44941,13.941493,0.0,124.0,50.88925,17.141901
1038B,-0.4028213,0.8495109,0.55963016,0.08698526,14.0,255.0,61.317455,16.221352,0.0,200.0,96.51119,14.8204775,0.0,112.0,48.850723,17.64538
1039A,-0.42081895,0.940547,0.41989717,0.14456126,0.0,255.0,53.038555,23.041916,16.0,218.0,95.84226,20.89188,0.0,195.0,40.665398,25.497276
1039B,-0.18020917,0.9471937,0.434867,0.17648923,0.0,255.0,51.94691,22.915834,2.0,255.0,87.330345,19.32203,0.0,255.0,30.442728,22.37171
103A,-0.14706966,0.7903158,0.29497162,0.12733161,31.0,255.0,103.80306,32.52313,25.0,255.0,111.28912,15.59119,0.0,144.0,54.546356,21.147295
103B,-0.0975089,0.79926133,0.28913316,0.12823705,30.0,255.0,103.470375,33.415127,1.0,255.0,117.43046,19.71333,0.0,255.0,59.617413,19.997038
1040A,-0.46464646,0.8993174,0.48172647,0.17164163,5.0,255.0,46.15947,21.159685,0.0,211.0,128.1515,20.091602,0.0,153.0,80.26205,20.109602
1040B,-0.31563422,0.88533497,0.55105215,0.15880525,3.0,255.0,47.205708,23.08811,12.0,255.0,132.71758,19.205011,0.0,176.0,83.425934,18.87744
1041A,0.6596154,0.9230769,0.86635494,0.01730651,7.0,55.0,21.773672,8.287731,82.0,196.0,144.80298,10.033168,29.0,138.0,90.36846,9.791486
1041B,0.30388758,0.92257756,0.86225414,0.024596132,7.0,92.0,22.89183,9.142239,63.0,206.0,142.91162,11.193438,7.0,144.0,88.27814,10.96679
1042A,-0.004411423,0.90981966,0.17889425,0.07367658,19.0,255.0,159.13515,44.759045,0.0,255.0,55.556763,19.741796,0.0,96.0,4.716629,9.640058
1042B,0.053928096,0.7639477,0.16982724,0.059440225,32.0,255.0,154.06154,40.609962,0.0,130.0,48.658325,19.767809,0.0,73.0,3.6793175,8.711254
1043A,-0.49841937,0.97075844,0.6956991,0.15419872,3.0,255.0,37.90816,16.528532,8.0,255.0,103.66105,15.480778,0.0,167.0,48.943714,15.185041
1043B,-0.45994064,0.96441627,0.77704597,0.14225161,4.0,255.0,31.959799,16.443682,32.0,198.0,105.57367,18.460917,0.0,110.0,51.209934,17.338943
1044A,0.006442706,0.95085204,0.7150108,0.13260081,5.0,255.0,46.391388,20.38417,42.0,242.0,116.92678,21.177523,0.0,211.0,61.269318,17.815475
1044B,-0.23053278,0.95251244,0.65272474,0.17341082,0.0,255.0,50.501846,25.749386,26.0,255.0,128.26808,26.492945,0.0,255.0,72.01117,23.836811
1045A,0.06082474,0.5723696,0.13626176,0.052979615,62.0,255.0,167.96199,44.154587,5.0,208.0,93.371864,22.527164,0.0,72.0,3.229416,7.449308
1045B,0.07464305,0.67017007,0.2998643,0.09960788,52.0,255.0,127.60388,35.64985,12.0,215.0,93.256386,16.303205,0.0,84.0,11.621639,13.408093
1046A,-0.4968017,0.9549211,0.37959027,0.23968266,3.0,255.0,56.16524,25.201965,0.0,255.0,114.80465,17.908802,0.0,170.0,49.239655,23.18523
1046B,-0.5204678,0.95191586,0.49082837,0.26549453,4.0,255.0,50.513172,25.129213,20.0,255.0,116.21024,19.036974,0.0,132.0,54.351826,24.22392
1047A,0.096017286,0.83203506,0.406554,0.14939027,25.0,188.0,68.41663,20.849606,44.0,220.0,114.53556,18.643986,0.0,124.0,57.97,23.699081
1047B,0.13909855,0.85773724,0.5490053,0.11703051,21.0,170.0,53.70607,14.229951,35.0,225.0,128.36491,15.364922,0.0,152.0,75.50825,17.114824
1048A,-0.17330678,0.80188376,0.5773339,0.0703371,20.0,232.0,45.37817,13.46781,46.0,157.0,131.12518,6.4991007,8.0,113.0,85.36285,6.9713745
1048B,-0.25561243,0.79683656,0.55312026,0.08461713,20.0,255.0,48.54479,17.048758,7.0,159.0,130.4305,7.4514685,0.0,112.0,84.307755,8.336645
1049A,-0.5128383,0.902521,0.5507506,0.37595424,13.0,255.0,49.54868,21.6893,0.0,255.0,128.96698,39.06245,0.0,255.0,73.858154,32.99544
1049B,-0.55074114,0.9042803,0.4803069,0.34620875,12.0,255.0,56.61878,23.246195,0.0,255.0,125.14846,39.004017,0.0,255.0,73.775406,32.00395
104A,-0.5329341,0.909473,0.6642585,0.08903616,6.0,144.0,39.864056,13.303807,0.0,177.0,130.94354,11.186781,0.0,128.0,85.46824,10.875979
104B,-0.4987715,0.9378098,0.6442241,0.20322023,6.0,233.0,38.22395,13.685027,0.0,175.0,130.17767,24.057741,0.0,128.0,85.321915,19.985695
1050A,0.5826873,0.9244697,0.8576598,0.020292863,4.0,68.0,20.61045,7.2556095,64.0,210.0,147.02179,17.175451,2.0,152.0,91.07844,16.494598
1050B,0.09074244,0.9328191,0.85899,0.028999403,5.0,132.0,20.624384,7.6842403,59.0,210.0,149.00497,17.126032,3.0,150.0,92.839806,16.343136
1051A,-0.4967742,0.87667096,0.37003386,0.19347772,0.0,255.0,79.823784,53.42824,9.0,255.0,119.092445,18.342743,0.0,255.0,61.5461,21.663385
1051B,-0.5652174,0.9746835,0.37751862,0.2070584,0.0,255.0,76.49522,52.74801,7.0,255.0,120.687004,18.678087,0.0,167.0,62.72523,22.089201
1052A,-0.043419268,0.8796151,0.57162553,0.10491609,20.0,231.0,52.809185,13.515645,29.0,255.0,129.17354,10.782261,0.0,198.0,78.883095,11.199945
1052B,0.1868759,0.8833992,0.6293421,0.10787356,11.0,166.0,48.89592,13.991969,65.0,252.0,132.39499,12.811749,12.0,166.0,80.94056,12.683686
1053A,-0.7660626,0.88765556,-0.043001287,0.3317908,3.0,255.0,73.26939,50.688946,0.0,255.0,94.77184,55.909904,0.0,255.0,40.541035,38.580967
1053B,-0.69345796,0.92,0.3581113,0.25870892,4.0,255.0,72.57925,40.21991,1.0,255.0,119.33438,26.320751,0.0,255.0,68.64351,27.505579
1054A,-0.34932533,0.8320988,0.4529025,0.16467746,30.0,255.0,61.88316,20.267218,0.0,255.0,132.05666,22.112759,0.0,255.0,77.84359,21.578592
1054B,-0.3719705,0.85405624,0.43618834,0.16378488,29.0,255.0,69.967995,27.24746,0.0,255.0,129.96599,22.46719,0.0,255.0,73.71395,23.626345
1055A,-0.26930827,0.9027573,0.6362761,0.12162368,12.0,255.0,58.530064,21.162119,4.0,255.0,111.255005,16.481384,0.0,187.0,60.106335,16.874966
1055B,-0.3946504,0.9078679,0.62528473,0.12902696,14.0,255.0,60.309772,21.72454,3.0,255.0,108.68746,16.52468,0.0,184.0,57.39723,17.38157
1056A,-0.2923845,0.89048404,0.65839046,0.14881465,0.0,255.0,47.345562,21.63702,0.0,178.0,129.40468,11.874573,0.0,126.0,80.48617,12.273221
1056B,-0.19108649,0.8911003,0.7057042,0.13324909,17.0,255.0,42.5472,19.81537,70.0,176.0,133.02087,10.213395,17.0,131.0,83.80462,10.337896
1057A,-0.47301587,0.865041,0.57030725,0.16984439,22.0,255.0,54.136646,16.325523,0.0,255.0,140.37247,13.762109,0.0,196.0,81.97361,15.571277
1057B,-0.53393084,0.8567854,0.47181398,0.18732269,21.0,247.0,57.77356,16.20871,0.0,255.0,140.91191,17.529682,0.0,148.0,81.81252,19.31402
1058A,-0.40071556,0.8987466,0.4355252,0.18809555,10.0,255.0,65.50805,28.96172,2.0,185.0,104.04159,22.126862,0.0,132.0,51.637012,24.779488
1058B,-0.556541,0.886703,0.40883267,0.1773372,10.0,255.0,67.856155,29.781635,0.0,201.0,102.44834,22.829323,0.0,140.0,48.315018,24.819544
1059A,-0.5879397,0.9147395,0.5703858,0.19474413,9.0,255.0,49.84509,23.558592,7.0,255.0,126.53442,20.035751,0.0,186.0,65.46235,20.322153
1059B,0.032938756,0.8557676,0.5834024,0.20815219,11.0,255.0,54.83196,25.406124,57.0,223.0,127.765724,17.077248,0.0,154.0,62.134357,16.81371
105A,0.22447014,0.91591096,0.5812372,0.0835953,0.0,152.0,24.065645,12.590006,51.0,196.0,144.46484,19.252829,0.0,113.0,67.44182,13.4451475
105B,0.08888889,0.88430476,0.68688035,0.07118024,0.0,174.0,38.51988,15.5337925,42.0,198.0,111.27187,19.4117,0.0,117.0,44.794174,28.95907
1060A,0.078056954,0.81848365,0.50503737,0.17252117,20.0,234.0,65.805534,22.13927,41.0,171.0,117.14099,17.46174,0.0,123.0,55.049274,24.629498
1060B,0.077963404,0.8088235,0.53117216,0.16252623,19.0,197.0,61.41572,21.973154,28.0,190.0,118.37362,17.474443,0.0,114.0,55.483612,24.808401
1061A,-0.9921875,0.9479413,0.20404187,0.5770914,3.0,223.0,29.543386,15.449013,0.0,182.0,91.4448,49.143047,0.0,116.0,42.19853,33.07106
1061B,-0.98657715,0.9520181,0.18651265,0.65872675,0.0,255.0,30.905443,18.67304,0.0,254.0,92.9964,49.608234,0.0,167.0,45.573105,34.378468
1062A,0.0635861,0.8206147,0.5134109,0.09095984,6.0,251.0,41.970657,15.100092,53.0,236.0,116.60331,18.630215,0.0,151.0,61.131836,17.982115
1062B,-0.3452381,0.8545504,0.5022706,0.08297569,3.0,255.0,40.98816,14.038353,9.0,249.0,112.77786,16.315214,0.0,153.0,57.19289,16.102566
1063A,0.021540118,0.90334034,0.4174894,0.13323736,3.0,255.0,72.88116,29.828552,9.0,255.0,114.80538,17.77834,0.0,124.0,51.472153,15.715843
1063B,0.059409462,0.91271234,0.4509954,0.14702958,2.0,255.0,70.18894,30.659454,7.0,232.0,114.45814,18.83448,0.0,130.0,50.80934,17.172604
1064A,-0.31981826,0.8541217,0.31928483,0.21016121,1.0,255.0,71.14756,41.530544,2.0,255.0,104.47991,19.27956,0.0,156.0,40.608685,25.570065
1064B,-0.1437096,0.8271346,0.22054602,0.14162213,3.0,255.0,84.20575,36.551544,0.0,255.0,102.10087,19.439512,0.0,207.0,34.13265,22.9894
1065A,-0.08136483,0.89582354,0.4869586,0.09989977,0.0,174.0,51.27809,14.547205,0.0,169.0,114.4989,22.258923,0.0,118.0,58.253475,25.841776
1065B,-0.24770643,0.8856152,0.46262553,0.08256615,7.0,137.0,46.357464,14.110794,20.0,176.0,123.32407,20.333582,0.0,119.0,67.36489,22.505009
1066A,0.19287252,0.81946135,0.6009895,0.079719864,22.0,125.0,53.24503,12.829004,56.0,188.0,115.6449,13.209704,0.0,134.0,61.09372,14.463613
1066B,0.20786998,0.82099164,0.57485706,0.09431603,25.0,101.0,51.710255,10.823088,49.0,182.0,108.49243,16.83355,0.0,129.0,52.62715,16.99444
1067A,0.19254659,0.9083824,0.8097886,0.061046835,11.0,119.0,29.658922,9.564404,25.0,237.0,147.58995,21.90119,0.0,172.0,92.824554,21.196476
1067B,0.1489899,0.9028897,0.8111087,0.054254994,9.0,174.0,29.78771,10.0503845,20.0,255.0,137.65439,25.313406,0.0,204.0,84.7119,24.214533
1068A,-0.21823472,0.9160976,0.49189425,0.20878905,12.0,255.0,60.511562,30.957554,28.0,244.0,115.61859,22.684795,0.0,145.0,59.49268,24.330912
1068B,-0.031453364,0.92390406,0.49971396,0.19870093,10.0,255.0,60.48601,28.79128,6.0,255.0,115.81549,21.369999,0.0,164.0,61.04784,22.536598
1069A,-0.06811146,0.9996112,0.23965432,0.19013453,0.0,255.0,136.74236,67.17858,15.0,215.0,93.42007,23.500196,0.0,159.0,34.71144,24.854826
1069B,-0.3836434,0.9997078,0.17907247,0.12401717,0.0,255.0,151.31252,58.381172,0.0,237.0,90.45222,24.813814,0.0,144.0,26.771387,22.71689
106A,-0.2844221,0.82623225,0.33281687,0.12145945,5.0,216.0,56.446995,26.04686,5.0,166.0,85.39255,18.681675,0.0,94.0,27.976746,21.046146
106B,-0.3618677,0.8181818,0.2752145,0.14252244,5.0,235.0,62.674774,26.756027,0.0,203.0,81.46781,21.057573,0.0,134.0,17.107533,21.895039
1070A,-0.531445,0.904658,0.4193989,0.18855953,8.0,255.0,67.362526,33.946423,16.0,255.0,123.46563,24.415565,0.0,248.0,69.22864,22.960657
1070B,-0.37708566,0.9322265,0.56328714,0.20925015,4.0,255.0,48.534836,28.362455,28.0,255.0,122.53272,19.22955,0.0,215.0,71.769714,19.755644
1071A,0.119170986,0.8800105,0.48262557,0.11889215,11.0,127.0,42.960873,14.753522,22.0,221.0,124.702324,19.098783,0.0,155.0,70.14995,19.211092
1071B,0.106992416,0.90122837,0.49454826,0.121404864,10.0,124.0,41.59035,12.903696,22.0,231.0,129.75487,20.60885,0.0,164.0,76.677246,19.817621
1072A,0.14565827,0.87614816,0.70190704,0.07033006,14.0,111.0,32.489132,9.968719,67.0,184.0,134.08101,11.809452,14.0,132.0,79.50292,11.152
1072B,0.11395647,0.86448467,0.71092886,0.07189636,13.0,95.0,30.156706,8.601068,67.0,187.0,134.07701,11.372819,16.0,131.0,78.63995,10.57985
1073A,0.20276497,0.92499495,0.8850433,0.032665532,12.0,118.0,27.30105,9.65338,0.0,244.0,130.96797,25.065815,0.0,169.0,75.799904,24.471663
1073B,0.12974052,0.9292554,0.8866993,0.03164266,11.0,185.0,27.58243,9.8676605,0.0,239.0,133.70943,25.192345,0.0,180.0,78.42349,24.261257
1074A,-0.36813188,0.9226985,0.6443816,0.23196541,7.0,255.0,48.31603,29.043642,22.0,255.0,136.69914,16.710587,0.0,236.0,83.76071,13.925475
1074B,-0.4726841,0.92189556,0.58840144,0.24699038,6.0,255.0,53.44779,31.52447,19.0,255.0,135.47142,20.019331,0.0,255.0,80.82812,16.832392
1075A,-0.58450705,0.9425423,0.43850297,0.20927083,0.0,255.0,37.923275,20.489927,9.0,255.0,118.64384,16.102732,0.0,143.0,43.294445,21.235762
1075B,-0.5272727,0.93499416,0.5082302,0.2028412,0.0,255.0,40.19132,17.158566,5.0,255.0,117.77334,18.160553,0.0,192.0,40.890373,19.998295
1076A,0.032835823,0.8456057,0.7426021,0.04402466,7.0,54.0,26.532913,7.0381966,43.0,204.0,145.08147,14.499875,0.0,154.0,90.9428,14.234337
1076B,0.014164306,0.85612917,0.7595024,0.03759695,4.0,61.0,25.015228,6.593888,24.0,204.0,145.46861,14.365639,0.0,158.0,90.69242,14.089356
1077A,-0.47454175,0.83354676,0.40216392,0.06592892,1.0,191.0,71.27216,25.32407,0.0,187.0,109.47021,9.859313,0.0,121.0,49.381012,12.625101
1077B,-0.07168204,0.91138464,0.39723358,0.10535139,0.0,195.0,68.90501,29.623104,62.0,169.0,113.494446,10.746769,0.0,123.0,54.15015,15.257487
1078A,-0.30842912,0.88180643,0.6158397,0.13778226,15.0,255.0,54.006863,18.871136,20.0,255.0,135.38957,15.895414,0.0,255.0,81.49563,15.0686
1078B,0.21087681,0.8883888,0.71653426,0.09453032,14.0,139.0,42.63639,14.36933,60.0,229.0,141.27953,18.787674,5.0,161.0,87.19088,17.03011
1079A,-0.98253274,0.9509677,0.78253603,0.21195714,0.0,255.0,31.502104,16.467764,0.0,166.0,128.36409,19.374063,0.0,115.0,71.92584,16.617943
1079B,-0.98367345,0.9490085,0.7345894,0.24102175,0.0,255.0,33.961338,19.706648,3.0,190.0,124.44108,17.46891,0.0,119.0,68.17213,17.161652
107A,-0.34910485,0.9139531,0.59259385,0.1137253,7.0,255.0,47.96065,18.461824,21.0,244.0,110.57311,16.449118,0.0,137.0,52.50893,16.571995
107B,-0.40387574,0.89907455,0.5738306,0.1283638,9.0,255.0,50.15697,22.003351,16.0,255.0,110.01184,16.604118,0.0,211.0,51.290115,17.030123
1080A,-0.9920949,0.97581494,0.26667237,0.16408174,0.0,255.0,94.16836,43.286076,17.0,255.0,99.53568,19.71727,0.0,174.0,29.311752,24.549019
1080B,-0.99408287,0.9457088,0.4041657,0.23012379,0.0,255.0,75.50042,39.790398,0.0,255.0,106.05825,19.184645,0.0,198.0,42.942623,24.303408
1081A,-0.16210526,0.8367736,0.73442686,0.04196043,18.0,210.0,34.817253,9.834365,61.0,163.0,137.34007,6.089493,5.0,118.0,89.89652,6.489609
1081B,-0.11738089,0.8424625,0.71384346,0.053395767,14.0,228.0,36.19339,10.810823,48.0,185.0,136.90227,6.268625,3.0,116.0,89.87441,6.770534
1082A,0.46304348,0.88620013,0.7938807,0.026565628,0.0,51.0,20.77141,9.7265835,57.0,212.0,146.22212,14.999314,4.0,154.0,90.95062,14.777291
1082B,0.49208212,0.8845373,0.798081,0.025349243,0.0,46.0,19.031649,10.123095,55.0,207.0,147.71964,14.362,0.0,156.0,92.43982,14.068141
1083A,-0.06832298,0.89639676,0.36089933,0.13049208,0.0,255.0,76.34585,34.708492,0.0,220.0,122.87983,20.338715,0.0,183.0,73.440834,23.03554
1083B,-0.10898458,0.905953,0.60619986,0.16512659,13.0,255.0,44.18034,19.586384,3.0,222.0,130.56871,14.864345,0.0,166.0,83.59167,14.687873
1084A,0.027533684,0.9385879,0.70323634,0.128208,0.0,217.0,42.16863,15.449195,42.0,210.0,108.56928,13.086003,0.0,151.0,52.93808,14.106805
1084B,0.07630522,0.9160105,0.6889538,0.11517028,0.0,255.0,43.58414,14.796415,37.0,193.0,106.52758,12.609297,0.0,143.0,50.676376,14.829348
1085A,-0.025396826,0.9287715,0.42009634,0.22775166,4.0,255.0,82.144936,49.148098,21.0,195.0,103.144646,22.097668,0.0,132.0,46.40085,25.608938
1085B,0.03525955,0.972103,0.40061826,0.17558663,4.0,255.0,75.88702,34.296555,30.0,195.0,105.18107,14.70891,0.0,109.0,48.30657,17.68448
1086A,-0.6772009,0.9237137,0.29547417,0.17866607,4.0,255.0,65.255875,27.03949,0.0,255.0,96.22521,18.736624,0.0,183.0,30.792603,21.01383
1086B,-0.48126116,0.8816788,0.25440615,0.112988696,4.0,231.0,63.225346,23.922544,11.0,192.0,86.94509,16.488842,0.0,106.0,19.600307,18.446894
1087A,0.050715934,0.8992113,0.6105193,0.16194849,17.0,255.0,56.82202,24.238146,30.0,208.0,123.03353,18.051998,0.0,151.0,71.61129,18.438353
1087B,-0.25490198,0.90704143,0.66321075,0.14145568,14.0,255.0,48.58668,20.154215,0.0,241.0,127.516594,20.77674,0.0,160.0,76.38819,20.089304
1088A,0.070212424,0.8292086,0.5112598,0.15416601,17.0,255.0,53.507507,29.5709,40.0,159.0,121.598,16.09887,0.0,115.0,72.570404,19.967081
1088B,-0.11535983,0.8105263,0.37952274,0.13748206,18.0,255.0,76.53719,34.936897,12.0,161.0,106.983315,16.59543,0.0,116.0,54.478134,21.740337
1089A,-0.010632547,0.8327588,0.26097405,0.17906025,22.0,255.0,127.755165,45.245354,8.0,217.0,118.59009,25.74908,0.0,122.0,51.963963,27.550491
1089B,-0.018195052,0.84525055,0.2499491,0.18515965,20.0,255.0,136.87125,50.60282,0.0,255.0,105.76208,30.923695,0.0,127.0,42.41322,29.032763
108A,-0.04953059,0.8888803,0.3163852,0.140855,18.0,255.0,102.801445,39.02575,36.0,208.0,104.46865,16.433952,0.0,152.0,35.822124,19.932867
108B,0.0005189414,0.9245611,0.31593567,0.12426195,18.0,255.0,110.06515,41.99009,33.0,255.0,103.96145,16.586014,0.0,213.0,40.016533,20.825905
1090A,-0.14740108,0.8892679,0.63782966,0.1266744,9.0,187.0,43.320896,20.465593,5.0,198.0,94.308266,13.70707,0.0,118.0,43.681686,16.173216
1090B,-0.3419355,0.9194262,0.555621,0.12204525,9.0,202.0,52.292805,18.460342,0.0,179.0,100.57137,15.382442,0.0,123.0,47.5524,15.335551
1091A,-0.45547944,0.8990066,0.43364906,0.13068588,4.0,255.0,49.36464,23.140524,0.0,255.0,124.07925,15.960318,0.0,132.0,76.6398,18.051037
1091B,-0.40409684,0.91663593,0.4809362,0.14696622,2.0,255.0,47.931194,22.8665,6.0,255.0,124.64569,15.613353,0.0,151.0,76.362526,18.502356
1092A,0.4640237,0.78857446,0.6632753,0.028577039,33.0,75.0,51.022053,8.428131,107.0,173.0,142.29985,7.5235953,57.0,135.0,96.68928,7.916209
1092B,0.33030942,0.8491473,0.66743666,0.034483403,28.0,92.0,49.10719,7.8749967,96.0,180.0,143.42178,7.937973,50.0,133.0,97.8313,8.217857
1093A,0.14019139,0.8659468,0.4456702,0.1062108,21.0,186.0,56.624542,16.593557,20.0,180.0,117.48169,15.903305,0.0,120.0,61.605946,18.76902
1093B,0.1281184,0.8547056,0.4750933,0.13331701,20.0,193.0,56.918865,21.709795,22.0,172.0,110.70512,21.238953,0.0,125.0,54.085224,25.076319
1094A,0.1525556,0.91283864,0.4419027,0.18038361,3.0,185.0,56.96187,20.87999,29.0,191.0,87.682434,12.306356,0.0,169.0,13.575695,15.093061
1094B,0.06494794,0.8961728,0.34394228,0.14778674,2.0,228.0,60.085735,20.96015,27.0,208.0,91.34393,14.43466,0.0,142.0,12.736477,13.712476
1095A,-0.008450705,0.6203116,0.37993497,0.09501922,37.0,138.0,67.79263,8.12877,34.0,236.0,134.10077,16.973791,0.0,160.0,79.847115,16.04649
1095B,-0.084665485,0.6343115,0.31888223,0.11663271,37.0,131.0,69.3493,9.969408,55.0,210.0,126.70359,17.965878,0.0,151.0,74.289314,16.279922
1096A,-0.32628205,0.9454821,0.6448485,0.15951422,2.0,255.0,36.01869,18.140467,31.0,231.0,114.82803,17.053724,0.0,181.0,59.06523,19.384174
1096B,-0.51572925,0.923974,0.66095173,0.16793184,2.0,255.0,36.637928,21.788557,16.0,255.0,114.30189,16.9305,0.0,206.0,59.5125,17.331648
1097A,-0.34416825,0.83175963,0.5261226,0.13711542,2.0,255.0,47.417576,28.435926,20.0,211.0,116.738525,17.10892,0.0,140.0,62.81047,16.311178
1097B,0.017632242,0.83969945,0.5557834,0.099022955,0.0,255.0,41.300285,17.359892,36.0,213.0,117.66105,17.352488,0.0,137.0,63.798473,15.117918
1098A,-0.034188036,0.8930677,0.33911544,0.12835036,15.0,255.0,62.559742,16.825811,44.0,179.0,116.9576,14.933821,0.0,129.0,63.788807,18.489826
1098B,0.092498176,0.8628454,0.34813738,0.13302557,20.0,232.0,64.873955,17.979607,31.0,179.0,117.6362,16.82906,0.0,133.0,63.48794,21.408882
1099A,-0.09885676,0.8230842,0.18331194,0.11828818,26.0,255.0,132.30162,48.69891,38.0,255.0,130.35614,34.824493,0.0,232.0,61.527462,32.52808
1099B,-0.10864745,0.809876,0.22924075,0.14469677,26.0,255.0,135.04022,49.215668,0.0,255.0,115.618835,27.08389,0.0,205.0,53.30751,28.443813
109A,0.04797048,0.8850797,0.4226465,0.13851164,15.0,152.0,43.08496,11.298146,30.0,186.0,110.40688,18.315916,0.0,132.0,54.52185,21.577354
109B,-0.4646681,0.87250996,0.39553872,0.19731583,14.0,122.0,41.084034,11.337282,0.0,194.0,108.17658,21.382822,0.0,138.0,51.95465,25.749735
10A,-0.7217391,0.9024937,0.5764756,0.2914115,4.0,255.0,43.845234,26.984377,0.0,255.0,117.47405,24.298124,0.0,180.0,65.81116,22.682747
10B,-0.59477127,0.90328276,0.72806513,0.17058788,3.0,255.0,34.41431,24.322115,0.0,255.0,127.778114,23.336874,0.0,185.0,77.24826,22.443817
110A,-0.018703785,0.916763,0.21901178,0.09752809,0.0,255.0,148.74669,50.184837,0.0,255.0,81.93735,37.677822,0.0,174.0,21.612213,24.705896
110B,0.0,0.9020481,0.2425603,0.10515899,2.0,255.0,146.06224,53.645264,0.0,255.0,91.13332,33.073654,0.0,228.0,25.419367,24.63113
111A,0.116479725,0.9284149,0.5106045,0.1514881,9.0,105.0,36.030537,11.014024,40.0,194.0,119.437675,17.931023,0.0,140.0,64.15122,20.37203
111B,0.086519115,0.9296482,0.5124316,0.2002544,9.0,99.0,36.614445,13.18822,42.0,198.0,120.75382,19.62346,0.0,145.0,66.052605,21.614283
112A,-0.14748953,0.8636451,0.58787835,0.13495621,21.0,190.0,62.267975,21.024092,38.0,156.0,113.30991,11.631899,0.0,115.0,55.839157,15.863265
112B,-0.4013378,0.8666667,0.5832181,0.122725755,19.0,214.0,63.179565,21.51559,13.0,171.0,111.00366,12.296128,0.0,116.0,52.446003,17.29693
113A,-0.035364296,0.94187474,0.71277964,0.10960075,4.0,255.0,45.118885,17.778229,22.0,183.0,92.91195,13.372116,0.0,144.0,39.21758,14.695479
113B,-0.072814524,0.94849783,0.7273538,0.12841904,4.0,255.0,45.699635,20.568089,0.0,180.0,92.84482,16.918396,0.0,142.0,40.78448,18.895151
114A,0.32546374,0.8335046,0.6154074,0.07659502,17.0,102.0,41.246784,9.367746,59.0,200.0,123.5306,17.108757,13.0,117.0,75.90886,10.08131
114B,0.26645264,0.6773468,0.46509838,0.046027675,15.0,99.0,35.72669,9.381289,80.0,222.0,158.75471,16.873434,0.0,127.0,80.806984,10.684043
115A,-0.5104428,0.9243818,0.3762312,0.30077443,2.0,255.0,87.588905,50.21832,0.0,188.0,114.25144,30.960169,0.0,149.0,55.18089,41.51449
115B,-0.32627526,0.9240725,0.37509823,0.23193206,4.0,255.0,90.387,46.627426,30.0,255.0,121.97431,18.62722,0.0,137.0,58.264435,24.178604
116A,0.61617213,0.9131994,0.8434309,0.01946076,10.0,67.0,25.944223,7.1284804,57.0,207.0,145.60803,10.249839,9.0,138.0,92.49497,10.211585
116B,0.56789404,0.91832024,0.8490709,0.019315427,10.0,59.0,25.33483,7.127741,84.0,188.0,145.86827,9.77336,42.0,133.0,92.7123,9.782437
117A,-0.16517857,0.9505366,0.54279786,0.19080423,0.0,255.0,50.0014,31.597233,11.0,253.0,111.39112,17.346264,0.0,172.0,55.550312,21.669842
117B,-0.112299465,0.9332929,0.49606305,0.19762482,0.0,255.0,51.992706,28.753048,15.0,255.0,110.32837,17.850803,0.0,164.0,51.909008,21.22156
118A,-0.09867452,0.8688982,0.4453733,0.08261476,17.0,146.0,44.159107,8.339309,33.0,177.0,95.19785,17.781422,0.0,128.0,37.29733,21.237425
118B,0.03002611,0.8694267,0.42922708,0.12033482,16.0,150.0,47.250805,10.28393,25.0,177.0,104.912964,18.966455,0.0,128.0,46.060955,24.824738
119A,0.24543175,0.954912,0.70922536,0.09660785,1.0,147.0,45.251526,17.248478,22.0,184.0,111.5947,15.264274,0.0,131.0,56.15343,17.745533
119B,0.25376344,0.95424974,0.73947465,0.094853535,1.0,147.0,42.99704,20.27302,33.0,180.0,112.11661,17.643053,0.0,131.0,54.176235,21.869165
11A,-0.09126984,0.87754714,0.31317246,0.09993397,5.0,255.0,89.434364,33.554657,5.0,190.0,97.98862,14.803543,0.0,153.0,41.1467,16.93382
11B,-0.455683,0.8744963,0.4069281,0.104798846,10.0,255.0,71.64577,27.065432,0.0,213.0,105.69758,14.400875,0.0,148.0,51.75649,17.199024
120A,-0.378078,0.9753476,0.7178469,0.113922715,0.0,191.0,35.791172,13.385965,18.0,188.0,92.13513,17.940783,0.0,128.0,36.344486,18.681696
120B,-0.39238033,0.98321974,0.73852086,0.13471363,0.0,255.0,37.039574,17.110638,16.0,255.0,95.525085,23.222115,0.0,177.0,36.67146,20.007057
121A,0.16985951,0.8520996,0.66499925,0.072146215,13.0,136.0,31.261465,8.804816,77.0,201.0,140.35326,10.294043,29.0,135.0,87.68221,10.152259
121B,0.14369933,0.84228414,0.65049815,0.08513084,13.0,117.0,32.24852,9.514735,79.0,193.0,139.8333,10.601066,24.0,136.0,87.69662,10.706642
122A,-0.39593908,0.9089283,0.46136165,0.290683,16.0,255.0,68.25489,29.892685,0.0,255.0,117.59778,35.98832,0.0,222.0,58.555267,28.252176
122B,-0.45134574,0.9017544,0.25276536,0.39864036,16.0,255.0,59.203236,32.54718,0.0,255.0,91.0978,53.173378,0.0,202.0,41.284187,36.905727
123A,-0.12119649,0.90963686,0.7992319,0.10444358,11.0,255.0,37.286316,15.5964775,33.0,255.0,144.80463,12.226021,0.0,248.0,90.13546,11.792896
123B,-0.30805686,0.9129612,0.804221,0.10944649,6.0,255.0,35.679295,16.399227,28.0,255.0,147.99309,15.44928,0.0,255.0,89.78867,16.35817
124A,-0.33172497,0.8374276,0.49152008,0.18766065,26.0,255.0,80.72486,33.27886,11.0,229.0,126.680115,18.275118,0.0,157.0,67.57189,20.577942
124B,-0.04769737,0.8515417,0.6082821,0.15748775,22.0,255.0,60.546978,26.42871,31.0,236.0,137.59193,20.390059,0.0,155.0,81.6846,21.33219
125A,0.00062578224,0.87014765,0.70799804,0.070274666,10.0,237.0,36.20991,10.212262,0.0,254.0,129.85863,30.07231,0.0,180.0,78.098045,27.359837
125B,0.092869565,0.86925244,0.71228564,0.06734892,10.0,222.0,36.52712,10.337446,5.0,255.0,138.39717,30.153288,0.0,182.0,86.67216,26.818392
126A,-0.91515154,0.893348,0.055953365,0.37614533,3.0,255.0,39.003407,32.2511,0.0,255.0,46.014584,43.80135,0.0,146.0,17.92117,28.1514
126B,-0.90909094,0.9088838,0.55146503,0.2992959,5.0,255.0,49.092075,36.03887,0.0,255.0,103.754295,39.394768,0.0,215.0,58.779064,29.640354
127A,0.05973383,0.7502207,0.30579165,0.07177484,37.0,255.0,121.60207,34.144554,42.0,172.0,94.20011,10.695416,0.0,97.0,19.939903,15.082818
127B,0.14678432,0.72516495,0.34109622,0.058382906,38.0,214.0,105.086876,25.82155,44.0,195.0,90.496315,12.02198,0.0,91.0,23.481012,14.2370825
128A,-0.24808185,0.84556407,0.24744096,0.16103297,5.0,255.0,78.78798,37.803047,20.0,255.0,154.02681,41.120663,0.0,255.0,87.882935,35.598335
128B,-0.32146204,0.8735092,0.20873368,0.130178,10.0,255.0,80.29913,32.75675,24.0,255.0,161.6129,39.623,0.0,255.0,92.753334,35.03644
129A,-0.0011677695,0.8560593,0.4929254,0.10933465,11.0,186.0,48.95935,18.752821,30.0,191.0,115.534386,16.607475,0.0,126.0,59.875484,18.21009
129B,-0.049491968,0.8578826,0.4399983,0.114038855,11.0,219.0,54.502487,20.385885,7.0,234.0,116.540344,20.635727,0.0,137.0,59.505016,21.808493
12A,-0.39144215,0.92102206,0.6101785,0.20160222,4.0,255.0,48.85906,35.91962,0.0,245.0,102.201454,23.79915,0.0,130.0,44.77547,24.21475
12B,-0.28957528,0.9269619,0.5681588,0.20086858,3.0,255.0,47.341305,27.115421,0.0,197.0,108.47483,19.758656,0.0,205.0,51.92334,19.486214
130A,-0.029432878,0.8973913,0.2582877,0.094101705,2.0,255.0,60.56506,23.16745,5.0,243.0,129.29602,27.237362,0.0,167.0,67.92062,23.28705
130B,-0.0053333333,0.77870566,0.2541584,0.07491543,4.0,255.0,63.72955,23.763481,16.0,232.0,123.46873,24.429594,0.0,160.0,63.999058,20.25046
131A,-0.015075377,0.90629184,0.61695087,0.15106268,13.0,255.0,43.070477,19.033646,65.0,185.0,133.46425,14.053513,3.0,131.0,83.17869,14.282718
131B,-0.034285713,0.91178495,0.55505383,0.1269588,15.0,255.0,54.480865,20.871359,48.0,201.0,125.908806,11.986346,0.0,125.0,73.354416,13.753646
132A,-0.5283213,0.9373377,0.5896404,0.20486443,7.0,255.0,51.849903,27.592064,5.0,243.0,120.92655,23.399677,0.0,193.0,68.903465,24.848505
132B,-0.38078293,0.93683606,0.5282464,0.18669875,5.0,255.0,56.823868,27.234577,21.0,203.0,115.82534,19.716904,0.0,145.0,63.212055,21.605764
133A,-0.36507937,0.95933455,0.44333458,0.102319784,0.0,219.0,50.315746,23.138084,0.0,255.0,80.40529,44.274376,0.0,195.0,20.446812,31.586245
133B,-0.00043122037,0.99230766,0.5093595,0.15350561,0.0,255.0,41.748672,21.689669,0.0,255.0,109.79467,52.320328,0.0,202.0,50.605896,48.903015
134A,0.082162164,0.90711546,0.5435175,0.12785205,12.0,255.0,60.668316,21.385925,0.0,225.0,96.50903,16.525942,0.0,174.0,43.23601,21.250877
134B,0.09487331,0.91435766,0.55458987,0.14949408,9.0,244.0,57.61566,24.158916,31.0,248.0,97.82259,17.607798,0.0,129.0,44.852863,21.755201
135A,-0.20385233,0.8795846,0.6455677,0.16670911,16.0,255.0,52.951324,25.36518,0.0,255.0,130.81187,28.286224,0.0,255.0,71.822784,24.22351
135B,-0.22146508,0.8785832,0.63994324,0.18893628,14.0,255.0,53.01637,24.572956,0.0,255.0,122.891014,34.5841,0.0,255.0,66.34341,26.2345
136A,0.071694985,1.0,0.48545772,0.13319047,0.0,255.0,65.428154,25.885117,0.0,255.0,141.25468,33.755566,0.0,209.0,89.83514,31.342329
136B,-0.56565654,0.9929495,0.3264333,0.12154474,0.0,255.0,109.45217,48.45185,42.0,187.0,117.17739,16.903166,0.0,133.0,62.6615,19.998728
137A,-0.8947368,1.0,0.64389074,0.37189677,0.0,255.0,27.064306,15.081661,0.0,194.0,122.92377,45.126778,0.0,142.0,74.1298,36.62932
137B,-0.9548872,1.0,0.667843,0.37231115,0.0,255.0,26.804955,13.628387,0.0,198.0,126.25714,44.97115,0.0,146.0,78.32135,36.0825
138A,-0.4492628,0.824198,0.38106665,0.14088759,19.0,255.0,70.16472,25.93808,7.0,238.0,111.97912,17.427732,0.0,141.0,43.565247,24.181684
138B,-0.6686084,0.8242268,0.29887018,0.3725011,11.0,255.0,62.29164,19.267746,0.0,255.0,103.39484,34.116135,0.0,138.0,39.880363,25.39306
139A,-0.51552796,1.0,0.7726567,0.15211374,0.0,255.0,20.85255,19.114632,10.0,255.0,129.2199,21.866943,0.0,201.0,78.81772,22.66601
139B,-0.057605177,1.0,0.82867837,0.13407432,0.0,255.0,16.356768,15.614854,16.0,232.0,124.47831,23.708723,0.0,155.0,74.5085,23.806417
13A,-0.50736845,-0.02019544,-0.29456496,0.07073437,16.0,144.0,56.52144,23.670883,10.0,85.0,51.57594,8.186248,0.0,0.0,0.0,0.0
13B,-0.65294427,-0.13426854,-0.43968743,0.07961986,19.0,159.0,79.35738,35.56788,9.0,124.0,53.955856,10.9627495,0.0,0.0,0.0,0.0
140A,-0.38350624,0.8225878,0.2785514,0.09086297,18.0,255.0,101.76513,32.804573,17.0,158.0,92.5307,12.843937,0.0,109.0,24.232002,17.683731
140B,0.07876154,0.7422645,0.26312065,0.079636335,28.0,222.0,100.29718,28.140993,39.0,144.0,92.64417,11.227971,0.0,80.0,10.877029,11.423385
141A,-0.3833972,0.30741587,0.03669527,0.040560458,37.0,255.0,163.38344,44.57962,0.0,176.0,70.681496,28.20402,0.0,88.0,0.8320732,2.4554121
141B,-0.39434567,0.40429837,0.047117226,0.07977377,48.0,255.0,133.33812,38.327335,0.0,160.0,28.222006,30.16458,0.0,67.0,0.74962234,3.9405766
142A,0.2479452,0.9145631,0.6078663,0.14047244,10.0,113.0,37.877098,13.0407505,42.0,209.0,132.66498,18.352581,0.0,146.0,79.67158,17.877876
142B,-0.20617111,0.89823306,0.5615996,0.14549458,10.0,187.0,41.06496,14.283126,2.0,200.0,124.684975,18.953382,0.0,140.0,69.62963,19.771658
143A,-0.0024406912,0.89343566,0.6820799,0.12592654,0.0,255.0,51.332966,19.060688,0.0,255.0,131.46971,28.438469,0.0,176.0,72.88024,25.194408
143B,-0.29168817,0.8971181,0.6835922,0.1513249,15.0,255.0,49.19697,22.185404,0.0,255.0,133.8825,27.274523,0.0,204.0,75.80398,23.792692
144A,-0.143611,0.8430657,0.42296106,0.103319645,0.0,255.0,79.4172,30.50166,0.0,179.0,116.79914,10.229579,0.0,132.0,66.36317,12.47591
144B,-0.20836337,0.8781134,0.4590974,0.121335536,15.0,255.0,78.41618,32.275467,22.0,181.0,115.01248,10.374287,0.0,111.0,63.812454,12.21948
145A,0.64244604,0.919533,0.84954,0.016625578,13.0,58.0,26.589586,7.234069,86.0,193.0,144.38196,9.695755,30.0,132.0,91.182945,9.856391
145B,0.3355372,0.9058849,0.8369081,0.029340422,13.0,71.0,28.159296,8.118745,76.0,198.0,145.09471,10.109607,25.0,140.0,92.21415,9.902717
146A,-0.056657225,0.78264534,0.45654976,0.10865879,20.0,255.0,74.87855,24.432827,12.0,255.0,120.28229,13.909541,0.0,171.0,64.56968,17.173363
146B,-0.06861314,0.7936058,0.45667806,0.1238391,19.0,255.0,72.50771,26.818518,21.0,255.0,120.991455,16.284664,0.0,216.0,65.73789,18.731918
147A,0.08760331,0.84272397,0.36116096,0.10692514,20.0,182.0,68.60269,18.034739,31.0,181.0,100.882744,17.704315,0.0,129.0,43.495102,21.684864
147B,0.10619236,0.849929,0.3366974,0.10016248,22.0,181.0,68.52154,17.845724,32.0,206.0,100.03412,18.793852,0.0,147.0,39.183865,21.048504
148A,-0.11381946,0.83960634,0.520375,0.09581348,18.0,169.0,50.74104,12.128305,36.0,255.0,133.12291,30.939829,0.0,185.0,74.6956,27.504148
148B,0.009621048,0.86864835,0.34661788,0.14063033,20.0,214.0,62.320007,19.051182,43.0,255.0,121.733406,17.776644,0.0,233.0,51.57786,22.830513
149A,-0.59825325,0.9163498,0.040955484,0.18787517,5.0,255.0,97.43095,24.134274,0.0,255.0,88.79556,42.158504,0.0,255.0,21.168945,40.1339
149B,-0.24362452,0.1623752,-0.031773392,0.041246988,53.0,248.0,97.83567,10.996938,10.0,115.0,66.41996,10.353936,0.0,14.0,0.0022277832,0.11356207
14A,-1.0,0.9827122,0.605898,0.343208,0.0,209.0,31.143698,21.689968,0.0,182.0,114.523094,31.67689,0.0,123.0,71.75323,27.017391
14B,-1.0,0.9733084,0.5745306,0.22685616,0.0,141.0,34.43014,19.98279,0.0,189.0,131.06969,25.085384,0.0,122.0,80.922874,21.961372
150A,-0.7743363,0.9449025,0.36195397,0.54099536,8.0,134.0,32.47502,13.02519,0.0,178.0,98.98113,39.2886,0.0,121.0,41.441936,34.713432
150B,-0.79253113,0.9521111,0.36090913,0.525407,6.0,122.0,29.899015,14.116645,0.0,174.0,96.82477,41.396797,0.0,122.0,41.07391,35.543804
151A,-0.13043478,0.89948624,0.7300221,0.21581006,12.0,251.0,33.01599,12.293355,0.0,189.0,134.13591,35.769714,0.0,134.0,86.68656,28.421196
151B,-1.0,0.93474716,0.7488147,0.17981769,0.0,255.0,32.553673,10.62754,0.0,185.0,137.32191,29.19972,0.0,138.0,89.18618,25.045292
152A,-0.040628202,0.88372093,0.42556643,0.124233805,8.0,255.0,61.45041,25.227472,0.0,249.0,119.937744,21.156143,0.0,152.0,67.098305,21.81501
152B,0.062134504,0.8782718,0.4104756,0.13240609,8.0,255.0,65.17783,26.652124,29.0,240.0,120.55714,27.598425,0.0,155.0,65.247284,25.825766
153A,-0.37698784,0.86957043,0.5523405,0.20837656,16.0,229.0,50.43887,18.339746,0.0,255.0,117.83722,25.084393,0.0,227.0,60.14503,22.678904
153B,-0.3895041,0.8944564,0.5256032,0.16930504,13.0,211.0,48.91679,18.170975,0.0,252.0,123.96403,20.99972,0.0,168.0,66.453156,21.729218
154A,0.07181467,0.82808715,0.39262846,0.10899689,0.0,255.0,64.2392,33.259598,0.0,251.0,119.28891,20.253473,0.0,178.0,68.488655,19.505203
154B,0.05682782,0.82151896,0.43217906,0.10516988,0.0,230.0,53.128292,27.977646,53.0,194.0,125.70364,10.799416,0.0,133.0,75.32337,12.512895
155A,-0.36708862,0.920082,0.71899796,0.15242289,10.0,255.0,35.491993,20.113098,0.0,252.0,119.40814,24.225582,0.0,193.0,70.454994,23.203714
155B,-0.20816326,0.92117065,0.7078132,0.14828725,9.0,255.0,38.27858,22.575275,0.0,255.0,117.76644,22.643585,0.0,180.0,69.12945,22.34876
156A,0.084033616,0.6580938,0.23361418,0.06288504,33.0,255.0,101.99259,29.933146,34.0,163.0,92.76823,12.133811,0.0,91.0,14.143322,14.72055
156B,0.07915994,0.7401183,0.34385538,0.0571364,29.0,255.0,87.92877,23.670286,53.0,255.0,102.94687,10.480823,0.0,190.0,26.63,18.007153
157A,-0.17912553,0.9322459,0.6315477,0.112314075,9.0,226.0,46.738476,17.379387,43.0,211.0,123.79481,15.136422,0.0,134.0,73.886406,14.732165
157B,-0.4233871,0.9249878,0.59418136,0.10332619,6.0,255.0,49.69995,16.539068,11.0,173.0,115.5418,16.447142,0.0,113.0,65.46553,16.18654
158A,0.12643678,0.8334058,0.4575769,0.106193624,17.0,202.0,53.066345,15.838363,48.0,184.0,120.19714,13.705757,0.0,131.0,62.847126,16.228796
158B,0.14151411,0.8537859,0.49447274,0.084187865,15.0,160.0,48.913395,12.478786,49.0,215.0,123.44521,13.384355,0.0,157.0,65.96077,14.952173
159A,-0.08675799,0.92503345,0.5104986,0.20588697,2.0,255.0,66.75376,39.405426,26.0,255.0,121.79105,22.462564,0.0,252.0,64.07224,22.511522
159B,-0.26035503,0.927673,0.5558147,0.19543913,3.0,255.0,58.033844,28.285679,1.0,235.0,110.83081,12.623028,0.0,150.0,51.01711,15.213405
15A,-0.50180507,0.80110687,0.33001608,0.134826,4.0,255.0,79.15476,33.60517,0.0,230.0,85.73425,23.702217,0.0,133.0,25.461441,24.544432
15B,-0.015544041,0.7845473,0.2942434,0.13295108,6.0,255.0,86.2075,33.460762,0.0,191.0,85.10382,27.02144,0.0,121.0,24.164911,25.842264
160A,0.25832456,0.8714924,0.6927264,0.067432255,10.0,101.0,39.905346,11.438048,36.0,183.0,136.82658,11.20291,0.0,136.0,78.61181,13.170249
160B,0.30811843,0.85497177,0.63413596,0.07788828,12.0,95.0,42.744045,11.305138,70.0,186.0,135.22922,10.747797,0.0,135.0,75.219154,13.54778
161A,0.34185302,0.85385615,0.5873265,0.062223703,17.0,79.0,41.545486,7.9389195,88.0,239.0,141.93224,12.469085,23.0,193.0,97.27839,12.958969
161B,0.2946309,0.85910076,0.5103973,0.062598675,19.0,121.0,45.52847,8.4887705,72.0,240.0,141.50569,14.44483,19.0,191.0,97.042816,14.993327
162A,-0.46177003,0.85660845,-0.25414407,0.30799648,28.0,255.0,84.17501,26.324783,0.0,159.0,67.222046,27.45944,0.0,119.0,8.625153,19.671402
162B,-0.4224138,0.79012346,0.19714959,0.20448308,23.0,255.0,124.734535,44.91684,0.0,219.0,79.10925,28.496576,0.0,141.0,15.9024315,24.855215
163A,-0.65217394,0.9528015,0.5611249,0.114776716,0.0,188.0,32.30808,12.132025,15.0,179.0,125.6843,13.402924,0.0,133.0,78.92053,14.16781
163B,-0.67075664,0.9414539,0.52550304,0.12168642,0.0,255.0,41.000977,20.062784,41.0,194.0,127.789734,13.972442,0.0,133.0,81.903145,13.339941
164A,-0.30973452,0.94706994,0.74369735,0.124772675,5.0,239.0,34.243706,15.235158,24.0,240.0,138.02661,25.368862,0.0,195.0,88.06553,22.19516
164B,-0.35042736,0.9489559,0.79999787,0.120539695,5.0,216.0,29.25737,13.670508,25.0,247.0,145.11363,23.047565,0.0,173.0,91.163086,21.644543
165A,-0.0321065,0.8364312,0.36875385,0.12878455,16.0,255.0,50.470158,20.992758,0.0,255.0,128.97278,34.39344,0.0,255.0,75.601585,32.305614
165B,-0.115907274,0.82771,0.43818983,0.14298968,13.0,255.0,44.76491,18.761492,8.0,255.0,131.56282,31.810143,0.0,234.0,78.323975,30.566376
166A,-0.20520833,0.81598216,0.48612982,0.12619928,16.0,216.0,58.148468,25.789707,22.0,168.0,124.17767,14.164261,0.0,119.0,76.507256,18.471493
166B,0.05317324,0.80444443,0.5353182,0.113745585,15.0,255.0,46.433945,18.174665,47.0,164.0,129.68208,10.934273,0.0,122.0,84.76285,12.56195
167A,-0.13110194,0.9257677,0.6047634,0.23659338,8.0,255.0,58.8625,31.573889,25.0,255.0,131.49254,21.89236,0.0,255.0,73.04777,20.821287
167B,-0.05769865,0.92450684,0.7887092,0.17366554,10.0,255.0,35.718563,25.018679,22.0,255.0,129.44069,18.723942,0.0,255.0,76.51193,18.488375
168A,0.15625,0.9079294,0.8413708,0.035365183,11.0,255.0,36.245712,12.817431,0.0,255.0,142.2923,41.382656,0.0,218.0,91.17741,41.384014
168B,-0.32088682,0.90694004,0.78925586,0.12509531,16.0,255.0,43.096264,22.702324,0.0,255.0,131.05067,58.66549,0.0,222.0,83.48303,45.615738
169A,0.0023805907,0.92818606,0.58138394,0.2166966,7.0,255.0,47.88283,30.502125,0.0,255.0,113.55725,30.326693,0.0,173.0,61.67456,28.863104
169B,-0.2599837,0.9343696,0.51430964,0.20126791,7.0,255.0,60.784786,38.286472,0.0,255.0,115.92788,29.3072,0.0,255.0,64.330696,28.594202
16A,0.0,0.9117949,0.7570647,0.10597363,0.0,243.0,34.30121,13.866019,0.0,255.0,149.03479,22.303217,0.0,249.0,94.73966,21.087202
16B,-0.1426392,0.911368,0.79919523,0.09132489,11.0,121.0,29.850174,11.160905,26.0,246.0,151.55524,26.587309,0.0,188.0,94.91447,25.577333
170A,0.22680204,0.91140676,0.73316425,0.06669121,6.0,162.0,25.536348,7.8524566,34.0,208.0,125.190895,20.078028,0.0,152.0,71.73458,19.323776
170B,0.3008679,0.9001513,0.73070085,0.07284574,5.0,123.0,26.263763,8.06459,28.0,238.0,124.12812,25.502073,0.0,172.0,69.67918,24.55425
171A,-0.39657444,0.772495,0.35254413,0.06303605,16.0,199.0,62.140575,15.975115,0.0,150.0,93.9562,11.767911,0.0,101.0,41.121246,15.118055
171B,-0.42677826,0.75187343,0.3393073,0.062990196,10.0,219.0,62.4705,16.604479,0.0,151.0,89.716576,13.956614,0.0,102.0,33.221897,18.309975
172A,0.098570354,0.81497794,0.5500642,0.09786888,14.0,228.0,42.796406,16.539587,74.0,163.0,129.20486,12.025242,13.0,117.0,82.31834,12.816425
172B,0.20555878,0.8681081,0.58544064,0.08678888,13.0,145.0,38.229008,13.463642,76.0,162.0,130.5212,10.258442,17.0,119.0,84.4003,10.8220415
173A,0.10406438,0.90549237,0.6922338,0.10313963,13.0,237.0,46.70404,15.515865,64.0,252.0,125.75036,16.31984,0.0,199.0,72.96751,14.2449465
173B,0.0034259611,0.9204713,0.72653186,0.100388266,9.0,223.0,45.97646,17.142578,0.0,255.0,126.1886,30.24227,0.0,211.0,73.32234,27.275396
174A,-0.6496063,0.92954546,0.8003825,0.24451143,7.0,226.0,25.952936,11.8033085,0.0,199.0,140.07524,27.526678,0.0,145.0,88.51172,21.968538
174B,-0.73626375,0.9310345,0.43464127,0.5707842,5.0,255.0,31.946207,31.146852,0.0,200.0,100.89254,58.73011,0.0,149.0,57.503506,45.27106
175A,0.071795516,0.86013573,0.63327444,0.10619465,16.0,255.0,42.93686,17.695204,11.0,203.0,131.36552,14.662118,0.0,141.0,78.92622,15.2955885
175B,0.0965966,0.84218603,0.6577316,0.08041648,17.0,255.0,39.106117,11.4971695,47.0,184.0,130.7512,13.050056,0.0,136.0,78.10874,13.622633
176A,0.07519242,0.8949516,0.45880312,0.124393284,7.0,255.0,59.413456,27.077288,35.0,173.0,109.323364,14.880452,0.0,122.0,55.872284,19.660126
176B,0.07350216,0.85754985,0.43667996,0.097181365,12.0,255.0,59.856277,24.468212,25.0,200.0,111.13688,12.684589,0.0,120.0,58.894318,16.62315
177A,0.11517077,0.9252887,0.71817964,0.08607275,2.0,140.0,39.1022,13.803775,50.0,158.0,121.35342,10.685895,0.0,116.0,73.68815,11.102155
177B,0.30828115,0.96583235,0.76976395,0.094043225,0.0,124.0,34.173923,15.318287,54.0,173.0,126.81341,10.416943,21.0,116.0,78.21195,10.102505
178A,-0.32009628,0.9005467,0.6289096,0.12364475,6.0,226.0,37.654697,14.977341,34.0,223.0,127.452354,15.64671,0.0,160.0,74.9297,15.541319
178B,-0.12847966,0.89905936,0.6866189,0.11720818,6.0,255.0,33.854202,14.2691345,37.0,212.0,130.19048,15.958401,0.0,152.0,77.56475,15.867351
179A,-0.26759607,0.93062437,0.619018,0.17341958,2.0,255.0,44.469875,22.59299,19.0,255.0,113.90031,20.251665,0.0,209.0,53.43429,24.062017
179B,-0.33074433,0.9459742,0.6430904,0.16829224,2.0,255.0,39.104366,21.12894,6.0,255.0,119.26821,19.3665,0.0,176.0,61.65674,21.900208
17A,-0.11464968,0.997449,0.41546744,0.17739156,0.0,255.0,80.05137,49.362206,0.0,237.0,113.39158,24.73967,0.0,140.0,48.514286,21.28735
17B,-0.1711111,0.9950434,0.42275003,0.20739312,0.0,255.0,70.54034,49.70712,8.0,248.0,115.105,22.281067,0.0,153.0,50.776646,20.12053
180A,0.12247325,0.9121447,0.43705982,0.19354609,17.0,220.0,70.07355,24.812391,46.0,159.0,97.46933,12.937283,0.0,100.0,30.64062,15.18501
180B,0.13432837,0.9167286,0.46205592,0.23112284,15.0,176.0,69.65467,28.663439,28.0,215.0,89.93719,14.765175,0.0,99.0,23.584534,19.027714
181A,0.3384075,0.8633377,0.7060934,0.050901346,10.0,97.0,32.07059,8.894651,66.0,180.0,127.66389,16.620628,25.0,126.0,79.397736,11.874744
181B,0.19361702,0.8991332,0.7109489,0.076570116,10.0,104.0,31.986475,9.578389,68.0,184.0,133.53896,16.188063,11.0,134.0,82.40679,11.82907
182A,-0.43410853,0.8808277,0.57870406,0.17496154,7.0,255.0,44.871586,26.130447,0.0,253.0,131.10048,22.209652,0.0,161.0,75.10982,23.139854
182B,-0.44946492,0.88465005,0.5645918,0.17891397,7.0,253.0,45.6577,25.195187,0.0,214.0,128.35332,22.637459,0.0,156.0,73.46787,24.00875
183A,-0.3158224,0.87234044,0.41329974,0.13640255,9.0,254.0,63.333202,23.525888,9.0,200.0,127.04139,14.121231,0.0,140.0,80.687416,16.312248
183B,-0.50301206,0.8850792,0.37061834,0.14783311,12.0,255.0,67.6213,26.087343,16.0,235.0,125.88898,13.683464,0.0,130.0,78.255,16.023481
184A,-0.0005970149,0.824649,0.30465502,0.19085161,16.0,255.0,106.135475,40.747684,26.0,255.0,118.68922,18.103264,0.0,144.0,55.91562,23.441572
184B,-0.032747775,0.8322404,0.32890218,0.17894144,14.0,255.0,105.03748,38.982143,25.0,255.0,117.75704,17.728731,0.0,154.0,53.778667,21.015524
185A,-0.34068137,0.90645254,0.4817222,0.17195545,0.0,255.0,49.5235,22.570866,0.0,243.0,98.73425,21.557652,0.0,124.0,43.964413,24.35182
185B,-0.12266112,0.89796287,0.47717452,0.1683839,5.0,206.0,50.483967,24.168194,23.0,188.0,99.3904,21.049528,0.0,128.0,44.948414,23.854305
186A,-0.44051448,0.88135594,0.732524,0.13864304,8.0,255.0,30.85932,19.596724,2.0,253.0,142.38556,13.97876,0.0,195.0,90.32754,14.265247
186B,-0.46798494,0.9057249,0.54661775,0.2617148,6.0,255.0,49.10362,34.700256,0.0,255.0,129.83356,23.36685,0.0,141.0,80.68493,25.816238
187A,-0.5018587,0.9581298,0.508328,0.2006056,0.0,255.0,57.782757,37.726456,3.0,255.0,132.09148,42.516674,0.0,255.0,71.18905,39.74047
187B,-0.482367,0.95768374,0.4803653,0.19624484,0.0,255.0,64.27145,36.0533,5.0,255.0,126.52163,43.281075,0.0,182.0,62.57251,39.441864
188A,-0.044155844,0.92701554,0.81540453,0.116423294,5.0,255.0,24.79172,12.654412,0.0,255.0,121.73826,19.946571,0.0,243.0,73.48978,16.99585
188B,-0.07920792,0.9292697,0.82524735,0.086581334,5.0,231.0,25.794165,12.627251,8.0,255.0,122.99338,18.721457,0.0,181.0,73.42989,16.872536
189A,0.6202707,0.90716493,0.83936226,0.020636788,11.0,57.0,25.375204,7.3403096,80.0,194.0,146.411,10.60811,30.0,141.0,91.97645,10.497667
189B,0.6037835,0.91214955,0.84219444,0.020975234,10.0,58.0,24.540487,7.364106,82.0,198.0,147.0142,11.331833,26.0,145.0,92.61564,11.072794
18A,-0.12511939,0.90620136,0.8364583,0.042831942,14.0,95.0,29.852343,7.9910707,43.0,200.0,143.55777,12.863399,0.0,147.0,90.699585,12.836455
18B,0.52412486,0.91281515,0.84334767,0.024198601,11.0,82.0,28.943441,7.7677693,76.0,193.0,143.80663,12.2124605,26.0,140.0,90.91416,12.185112
190A,0.13556139,0.5224349,0.3136281,0.0418741,32.0,196.0,98.40244,20.721169,63.0,163.0,117.566124,10.941507,6.0,129.0,77.31415,12.241682
190B,-0.13811007,0.56842107,0.2899857,0.048068326,31.0,217.0,109.50985,23.102358,57.0,168.0,117.99628,11.193846,0.0,130.0,77.53388,12.724856
191A,0.060473815,0.7193911,0.34627247,0.10076867,24.0,248.0,60.973175,19.266424,27.0,215.0,111.047485,16.307142,0.0,167.0,54.063038,18.671412
191B,0.08155408,0.7780437,0.35117796,0.10960161,22.0,253.0,63.60329,19.79451,26.0,205.0,111.796326,19.015867,0.0,121.0,53.711884,22.486454
192A,0.00024408103,0.8685606,0.32814613,0.16753657,25.0,255.0,90.52888,28.46836,35.0,255.0,118.99017,14.381566,0.0,146.0,51.957825,19.267725
192B,-0.019776952,0.87315637,0.31945658,0.16862005,25.0,255.0,89.18418,27.474926,44.0,255.0,118.64437,17.22196,0.0,159.0,50.724915,19.425472
193A,0.5705522,0.91652596,0.8385775,0.020182176,12.0,69.0,26.86889,7.7244067,76.0,190.0,144.06187,12.109323,24.0,147.0,89.61289,11.59804
193B,0.5638298,0.92181534,0.84321547,0.01899191,12.0,69.0,26.575676,7.832039,78.0,192.0,144.94106,12.357105,26.0,136.0,89.99311,11.88689
194A,-0.51417005,0.9186992,0.61710286,0.24484341,7.0,255.0,44.67822,32.395687,8.0,255.0,122.364136,16.259249,0.0,237.0,67.82458,18.540285
194B,-0.6913767,0.93991417,0.49070033,0.24187243,4.0,255.0,54.49405,31.291647,11.0,255.0,120.87597,19.717545,0.0,191.0,58.307926,21.07383
195A,0.32670403,0.90416604,0.8302372,0.037800953,13.0,88.0,29.186203,10.348677,44.0,205.0,140.34413,12.569604,0.0,156.0,89.04275,12.756358
195B,0.30347595,0.9138052,0.8557141,0.026675543,11.0,115.0,25.894913,9.018787,38.0,204.0,137.61826,15.275842,0.0,148.0,85.04634,15.208502
196A,0.017350592,0.96526974,0.738891,0.20890234,4.0,255.0,26.202192,16.028856,44.0,226.0,131.49593,11.785072,0.0,145.0,78.61375,11.768713
196B,0.11387467,0.96237063,0.6249283,0.19231497,5.0,229.0,33.69895,17.059238,51.0,207.0,128.25566,13.259673,0.0,134.0,74.16036,13.744317
197A,-0.30391547,0.91964185,0.6027186,0.17678662,9.0,103.0,39.709515,15.025678,38.0,206.0,146.23836,13.924066,0.0,156.0,96.18667,13.334766
197B,-0.31707317,0.91315585,0.5731514,0.17759193,9.0,109.0,40.56442,14.688716,26.0,209.0,142.40413,13.816187,0.0,158.0,92.98356,13.336395
198A,-0.2273292,0.9272895,0.5207662,0.16707039,10.0,255.0,57.62946,23.795292,37.0,184.0,110.13203,17.54377,0.0,135.0,56.59071,21.149048
198B,-0.6166884,0.9128341,0.31945956,0.36593136,11.0,255.0,58.855907,32.22632,0.0,242.0,90.1567,41.598827,0.0,126.0,44.179382,31.617489
199A,0.06406449,0.78724045,0.48607746,0.09356524,23.0,255.0,58.66498,15.889991,51.0,244.0,146.22417,18.09001,0.0,165.0,94.757324,17.593588
199B,-0.28456637,0.8244181,0.4753344,0.16703966,28.0,255.0,77.62813,27.89853,12.0,255.0,127.1287,14.111243,0.0,192.0,71.56333,17.071972
19A,0.096609555,0.7869023,0.39220327,0.09040131,9.0,70.0,22.841223,6.2720046,68.0,174.0,138.27837,7.945249,21.0,136.0,90.86096,8.579585
19B,-0.44471744,0.9067858,0.45153597,0.11931286,9.0,57.0,23.743269,5.9373984,98.0,172.0,138.42833,7.9008327,46.0,133.0,91.73349,8.562409
1A,0.31148314,0.917816,0.84793884,0.027210247,8.0,99.0,22.972391,7.246454,50.0,197.0,149.34418,10.463076,5.0,137.0,91.689064,10.06612
1B,0.6125346,0.9177697,0.8431199,0.023139797,9.0,57.0,23.352736,7.2432165,85.0,192.0,145.83116,9.612871,26.0,133.0,89.50125,9.281853
200A,0.19330077,0.82132053,0.51186,0.14629802,16.0,164.0,50.33283,21.62057,60.0,173.0,113.44547,11.490061,0.0,112.0,61.19632,14.263469
200B,0.1860735,0.7941176,0.41342384,0.094725065,17.0,193.0,67.1374,24.208742,53.0,152.0,107.15298,10.651478,0.0,102.0,52.424896,12.855331
201A,-0.44104803,0.82815737,0.28825358,0.08291868,1.0,230.0,73.47052,25.698418,0.0,200.0,63.70752,22.261528,0.0,150.0,5.615322,14.2237215
201B,-0.31776914,0.8668296,0.28743792,0.087834194,1.0,255.0,75.610985,24.832619,0.0,244.0,59.189056,22.033234,0.0,153.0,4.189598,12.3361435
202A,-0.7440038,0.9398985,0.6773385,0.21706355,0.0,255.0,44.65746,30.984137,0.0,255.0,134.34195,33.369682,0.0,230.0,80.871796,31.755703
202B,0.115313314,0.93922526,0.8171927,0.07042387,1.0,203.0,29.41436,13.138783,0.0,255.0,141.18102,35.71249,0.0,199.0,89.09943,33.894463
203A,0.033898305,0.8044693,0.46299297,0.09896364,16.0,255.0,48.85313,16.537836,38.0,174.0,113.54678,13.45862,0.0,112.0,58.285095,15.358098
203B,0.064935066,0.75613225,0.43911508,0.0836552,19.0,210.0,49.20296,15.031498,44.0,165.0,110.05343,13.929815,0.0,114.0,53.91638,16.170132
204A,-0.17513369,0.88463557,0.64943874,0.12576023,5.0,228.0,37.731792,16.075523,0.0,255.0,143.71925,34.46305,0.0,255.0,90.626976,31.401104
204B,-0.17317708,0.8718506,0.6329978,0.14318845,7.0,243.0,39.096638,15.249051,0.0,255.0,142.60225,36.184464,0.0,235.0,87.779884,32.46324
205A,0.22540125,0.88560754,0.7384986,0.04522179,15.0,142.0,39.27129,11.611267,65.0,225.0,146.72754,14.708134,12.0,180.0,93.051674,13.883135
205B,0.35115176,0.90523404,0.75457203,0.051970746,13.0,84.0,36.038265,11.330624,70.0,208.0,146.49701,13.550472,14.0,147.0,92.567696,12.450621
206A,-0.39589444,0.926162,0.6730335,0.10252383,7.0,255.0,42.76735,15.7415285,0.0,255.0,115.06649,16.488548,0.0,174.0,66.44161,15.725485
206B,0.002915452,0.9450245,0.76562977,0.08856247,5.0,255.0,33.970688,14.517845,9.0,255.0,129.6985,29.68395,0.0,188.0,78.48057,27.723753
207A,-0.46518105,0.88427407,0.5215592,0.1412714,10.0,255.0,46.66168,21.322298,49.0,203.0,122.88507,14.063636,0.0,130.0,66.97947,16.06615
207B,-0.42727274,0.87422615,0.57363844,0.14117977,10.0,255.0,41.4556,18.714325,18.0,178.0,125.6651,14.426225,0.0,122.0,70.54455,16.204527
208A,-0.27217743,0.8310144,0.3563922,0.10402442,11.0,225.0,66.958,21.967983,24.0,222.0,108.36433,21.911432,0.0,154.0,55.282333,23.723082
208B,-0.24567474,0.85418266,0.34365016,0.10022071,16.0,248.0,68.45394,22.45428,8.0,227.0,104.024284,22.745543,0.0,145.0,49.92732,24.167006
209A,-0.34459868,0.90288925,0.49700463,0.23581791,21.0,255.0,77.20236,35.11039,36.0,255.0,120.45871,19.155214,0.0,221.0,59.28247,15.569994
209B,-0.026084121,0.9019295,0.49118453,0.23178078,22.0,255.0,79.361855,35.093834,0.0,255.0,118.66385,16.55081,0.0,189.0,60.14851,14.187532
20A,-0.019877676,0.999273,0.46415,0.20783952,0.0,249.0,69.18603,33.494358,23.0,255.0,93.57839,25.580885,0.0,199.0,27.872826,25.993273
20B,-0.08609272,0.9875895,0.4234965,0.16826853,0.0,253.0,76.04358,29.417332,8.0,241.0,96.24634,28.392633,0.0,158.0,32.120064,26.132864
210A,0.45101398,0.8623085,0.7873637,0.033143412,14.0,158.0,46.364735,19.210054,60.0,182.0,128.9792,12.7776985,4.0,137.0,81.95217,13.853397
210B,0.41096625,0.8651441,0.70107734,0.07805567,14.0,111.0,44.54181,16.085869,70.0,190.0,134.0179,13.126606,13.0,143.0,85.24634,13.942531
211A,0.08042803,0.7738453,0.3316024,0.07851979,21.0,123.0,50.29536,11.183659,46.0,205.0,114.29629,13.266771,0.0,120.0,59.35245,18.53074
211B,0.12362972,0.80624455,0.3850332,0.08531901,20.0,141.0,51.011845,11.953416,49.0,218.0,118.70139,12.429567,0.0,128.0,63.82007,17.494522
212A,-0.12981904,0.827693,0.3036221,0.08980494,15.0,255.0,78.277115,29.307215,31.0,255.0,123.34863,18.63716,0.0,231.0,69.272514,19.009476
212B,-0.014789534,0.8431785,0.39050624,0.11183747,13.0,255.0,61.680237,23.17226,18.0,245.0,124.25815,22.203453,0.0,181.0,70.4449,22.151186
213A,-0.6376812,0.27272728,-0.17037475,0.08667283,2.0,26.0,12.107159,6.229872,33.0,111.0,81.87972,8.209197,0.0,17.0,0.50263596,1.4683164
213B,-0.9872612,0.9269537,0.027282055,0.51012266,0.0,255.0,38.442524,34.581142,0.0,255.0,90.11556,35.128506,0.0,255.0,27.357857,32.418655
214A,-0.24424553,0.905244,0.68361974,0.12206072,8.0,253.0,44.480267,17.87059,21.0,255.0,143.18585,15.7633505,0.0,160.0,82.75859,15.737218
214B,-0.31656486,0.89135516,0.6569246,0.11568913,17.0,255.0,50.6384,16.795597,51.0,255.0,140.24823,14.427539,0.0,149.0,81.50754,14.459246
215A,0.061250806,0.8917937,0.7789595,0.14823449,16.0,199.0,34.27136,12.256504,60.0,188.0,138.00015,11.425246,0.0,131.0,83.5577,12.050075
215B,0.06952315,0.8992154,0.8188603,0.07538137,14.0,203.0,31.353739,11.041797,48.0,188.0,140.44417,11.043789,0.0,128.0,85.62207,11.101449
216A,0.61214423,0.9134199,0.83391917,0.023294289,10.0,57.0,25.799917,7.1514473,67.0,195.0,146.67969,12.047363,17.0,138.0,92.0212,11.508962
216B,0.013389711,0.9133519,0.8401978,0.033820566,11.0,183.0,25.663645,7.31325,52.0,198.0,147.6839,12.408436,0.0,148.0,93.05776,11.914175
217A,-0.39713973,0.9179136,0.49202543,0.21074492,10.0,255.0,59.22758,28.050425,16.0,208.0,118.24924,20.133612,0.0,134.0,62.918873,22.214066
217B,-0.2747253,0.8972251,0.46673974,0.17021577,11.0,255.0,64.25851,27.100456,37.0,255.0,118.619965,17.65079,0.0,208.0,64.364006,19.53401
218A,0.0149700595,0.9149102,0.7581396,0.109173246,5.0,255.0,27.900978,16.092419,0.0,240.0,129.96397,27.412783,0.0,182.0,80.368965,26.149805
218B,0.18599221,0.91942585,0.72145414,0.099114336,5.0,191.0,28.46904,11.248961,13.0,224.0,127.50781,24.48445,0.0,172.0,78.30027,23.096416
219A,0.0,0.86004764,0.7017647,0.07308556,0.0,167.0,29.698126,9.856439,0.0,181.0,135.2699,10.438982,0.0,127.0,81.805016,10.333614
219B,0.11348916,0.8659158,0.64805025,0.0905906,10.0,209.0,33.436714,11.778568,62.0,187.0,134.05672,10.681193,14.0,129.0,81.53956,10.540395
21A,-0.23856749,0.89755213,0.6397376,0.1546381,6.0,255.0,41.623745,23.89035,7.0,178.0,127.799995,15.572835,0.0,139.0,73.63003,16.041096
21B,-0.30982658,0.9181509,0.5744957,0.15834978,6.0,255.0,50.16133,25.919529,23.0,192.0,117.96722,17.764612,0.0,136.0,64.24099,19.45731
220A,-0.38129497,0.8901051,0.5088273,0.1992852,14.0,222.0,59.651478,20.857763,0.0,229.0,124.3148,29.014467,0.0,168.0,70.55597,22.3855
220B,-0.12195122,0.8971259,0.54056895,0.14217786,19.0,255.0,63.94269,21.596186,3.0,255.0,127.748085,16.073019,0.0,141.0,71.97826,15.991756
221A,-0.014950166,0.83672065,0.49682945,0.12504749,10.0,255.0,55.365223,25.563517,27.0,229.0,129.63326,19.032564,0.0,182.0,82.17737,19.326225
221B,0.0746826,0.8298573,0.48093203,0.106965475,10.0,255.0,56.2831,22.5889,58.0,198.0,124.471535,10.993773,0.0,153.0,76.925385,12.349407
222A,-0.07692308,0.82950616,0.4501512,0.12375652,10.0,255.0,109.452484,41.382675,41.0,255.0,153.55731,23.199528,0.0,208.0,105.1889,21.89612
222B,-0.058532562,0.83693844,0.47443336,0.12440316,9.0,255.0,101.24413,39.6414,0.0,255.0,143.57477,27.467787,0.0,198.0,95.09379,26.221857
223A,0.12099411,0.84245175,0.52743423,0.14940697,22.0,176.0,56.77132,15.973594,47.0,205.0,135.6697,15.165998,0.0,151.0,88.8374,14.254424
223B,0.15766455,0.8550962,0.6844927,0.10571449,20.0,187.0,44.3762,11.463654,58.0,201.0,139.32759,15.345152,0.0,146.0,88.4035,14.534459
224A,-0.2522839,0.90736145,0.5566819,0.1627691,12.0,255.0,62.848927,25.116148,0.0,255.0,112.72082,21.899426,0.0,186.0,55.41336,24.247532
224B,-0.40682414,0.9122215,0.5996218,0.16338827,12.0,255.0,58.464535,24.985737,0.0,255.0,114.838326,22.177322,0.0,210.0,57.1602,23.821142
225A,-0.7247924,0.8996335,0.3619928,0.2474948,8.0,255.0,87.98029,48.040897,0.0,255.0,119.002846,24.387466,0.0,196.0,58.55904,23.02866
225B,-0.7647059,0.8959206,0.3465334,0.23770304,7.0,255.0,85.11092,49.302647,0.0,255.0,113.45823,23.375391,0.0,252.0,53.97589,24.661371
226A,-0.4060606,0.96925706,0.7326418,0.1507084,1.0,255.0,39.49972,22.202196,0.0,251.0,138.72125,27.320606,0.0,190.0,87.676414,25.27544
226B,-0.54332316,0.9567474,0.76526266,0.14115831,2.0,255.0,35.20125,20.062838,0.0,253.0,136.68925,27.0246,0.0,180.0,84.88044,25.255297
227A,-0.16934866,0.86080104,0.30898875,0.10815276,7.0,255.0,79.041985,39.532993,31.0,251.0,116.43546,23.471039,0.0,175.0,60.75648,26.541672
227B,-0.4915254,0.9146771,0.345708,0.1314157,8.0,255.0,69.30188,33.64065,22.0,255.0,105.78915,20.592577,0.0,157.0,52.59851,25.106226
228A,-0.09360318,0.97936374,0.5793127,0.24957974,2.0,255.0,64.72178,43.944775,29.0,255.0,126.28915,24.631983,0.0,255.0,75.778824,21.87911
228B,-0.093817204,0.9749764,0.63518983,0.2556208,4.0,255.0,60.934826,45.296337,23.0,255.0,125.8685,22.715181,0.0,255.0,75.091255,21.288422
229A,0.18189582,0.8417068,0.711824,0.0614714,11.0,169.0,32.156124,11.950869,79.0,167.0,126.51501,10.39374,24.0,122.0,80.18581,10.1244955
229B,0.036676403,0.88038427,0.73316187,0.07969588,10.0,255.0,36.62489,12.565828,62.0,167.0,120.07009,10.307464,0.0,120.0,74.35337,10.526592
22A,-0.054766733,0.87673956,0.62119174,0.14592882,14.0,255.0,43.060345,19.539658,50.0,213.0,134.18611,11.577186,0.0,152.0,84.444336,12.333152
22B,0.0689223,0.909166,0.6448725,0.14809822,10.0,255.0,42.597786,24.904634,54.0,226.0,134.85455,10.463009,0.0,152.0,86.25051,11.683654
230A,0.50801986,0.9396472,0.87284243,0.030671088,1.0,74.0,19.554777,9.151029,86.0,194.0,145.97374,11.754343,33.0,135.0,90.18726,11.8407545
230B,0.58861524,0.9482685,0.8798023,0.027698966,0.0,67.0,18.962904,9.30075,83.0,194.0,145.48335,11.734115,25.0,135.0,89.89553,11.761826
231A,-0.41058657,0.10384069,-0.14614506,0.0468835,11.0,55.0,30.47643,10.03344,0.0,66.0,31.074509,7.030166,0.0,0.0,0.0,0.0
231B,-0.36795253,0.1468144,-0.14940226,0.044206146,10.0,75.0,30.285772,12.233545,0.0,89.0,26.817713,7.2178345,0.0,0.0,0.0,0.0
232A,-0.5719406,0.93100685,0.7460856,0.20447606,5.0,255.0,35.58511,19.993877,16.0,210.0,136.06651,16.98584,0.0,142.0,85.58573,15.432706
232B,-0.26867256,0.9293831,0.80561554,0.115011156,5.0,255.0,32.34785,18.314571,38.0,193.0,139.37984,12.621595,0.0,134.0,88.493675,11.569826
233A,-0.03341289,0.9215311,0.4630529,0.19291624,9.0,255.0,71.35775,36.42463,40.0,229.0,107.46726,17.625326,0.0,203.0,50.887646,19.10526
233B,-0.01759134,0.9227941,0.48721102,0.18661904,9.0,255.0,67.2431,36.796036,21.0,238.0,107.590675,23.75359,0.0,193.0,53.470387,22.668064
234A,0.00693816,0.86589485,0.68508637,0.10392337,18.0,255.0,46.075397,16.091162,28.0,255.0,149.24753,25.384714,0.0,246.0,94.04773,24.107637
234B,-0.104912065,0.8899066,0.60781276,0.11834922,17.0,255.0,53.47072,18.172688,19.0,255.0,140.13359,23.605358,0.0,254.0,86.34791,21.655548
235A,-0.355269,0.91873425,0.58838755,0.18057364,14.0,255.0,61.81418,28.655024,13.0,187.0,121.253296,18.486849,0.0,172.0,64.74703,24.158144
235B,-0.44014084,0.93207073,0.53847873,0.21442255,9.0,255.0,66.31976,31.457926,0.0,239.0,113.984535,22.705181,0.0,175.0,51.319523,28.71885
236A,0.14092286,0.81191415,0.45895848,0.11735432,17.0,246.0,64.25848,26.826218,45.0,172.0,120.8655,13.767024,0.0,128.0,77.0932,14.798437
236B,0.09468517,0.8056755,0.44550115,0.1191339,19.0,255.0,66.041885,29.408007,60.0,171.0,123.53202,12.465383,0.0,134.0,79.66489,13.276099
237A,-0.19121447,0.89141417,0.61177766,0.1788806,10.0,255.0,50.905575,27.765211,26.0,244.0,132.87715,23.510551,0.0,192.0,80.70228,25.073427
237B,-0.047287207,0.89415044,0.5592681,0.18214689,8.0,255.0,58.189526,28.877363,43.0,255.0,136.38689,28.086761,0.0,233.0,81.28577,25.795156
238A,-0.14294276,0.92528135,0.79052746,0.12401265,7.0,188.0,31.384094,15.6353035,39.0,216.0,143.85568,17.660885,0.0,155.0,87.40265,16.79588
238B,0.16420145,0.9301423,0.83698255,0.09693926,7.0,190.0,25.928728,13.636476,19.0,226.0,146.96437,19.352272,0.0,166.0,89.99241,18.459713
239A,0.02,0.8915452,0.40350112,0.12536976,9.0,255.0,58.424557,21.622282,14.0,255.0,132.53142,29.005615,0.0,211.0,85.7088,28.692766
239B,0.021421919,0.91915923,0.50660217,0.16861829,3.0,255.0,45.0614,17.78879,5.0,255.0,138.77022,32.121002,0.0,227.0,89.280334,31.98194
23A,-0.37860578,0.91188145,0.4139196,0.13684143,4.0,248.0,54.97525,25.778002,41.0,255.0,110.37445,23.212992,0.0,172.0,48.752777,22.09888
23B,-0.4,0.90763277,0.46884692,0.14741701,3.0,255.0,53.11015,25.093803,30.0,232.0,102.425354,18.609434,0.0,143.0,43.20752,20.787437
240A,0.007148531,0.8223591,0.5587539,0.06869254,21.0,160.0,55.411,12.921079,62.0,180.0,121.80018,11.855424,0.0,124.0,67.09592,13.197752
240B,0.14830673,0.87564766,0.5351802,0.076529294,21.0,158.0,56.62614,13.214597,58.0,178.0,121.18762,11.778337,0.0,122.0,66.029884,13.865872
241A,0.03559436,0.8827977,0.7090535,0.14081794,12.0,255.0,40.829548,23.080832,0.0,255.0,128.20354,28.832304,0.0,198.0,75.72674,26.132559
241B,0.03621854,0.9008295,0.6246976,0.17341997,9.0,255.0,58.603504,39.43094,0.0,255.0,122.18347,32.253025,0.0,244.0,70.923,30.864466
242A,-0.2898305,0.70140845,0.14418374,0.12702553,21.0,255.0,118.30298,31.44082,0.0,236.0,104.851746,31.557755,0.0,162.0,41.971645,25.89758
242B,-0.45688075,0.7620936,0.15565355,0.13286105,23.0,255.0,120.75852,34.959938,0.0,254.0,108.512184,33.956985,0.0,169.0,41.37277,27.582232
243A,0.0,0.88266665,0.43697178,0.14973766,0.0,196.0,61.665634,22.415392,0.0,164.0,114.71186,15.181633,0.0,127.0,61.9426,19.743704
243B,0.13126491,0.88794786,0.4798628,0.18045615,9.0,232.0,58.003544,25.110971,45.0,194.0,111.53091,17.867874,0.0,135.0,58.019684,24.189648
244A,-0.20991735,0.9398983,0.68398255,0.12318878,10.0,255.0,39.55495,16.132553,49.0,221.0,120.77122,13.892536,0.0,151.0,68.48005,13.350431
244B,-0.20288289,0.9212816,0.67036396,0.14579567,9.0,255.0,42.621994,20.769924,26.0,255.0,126.25094,15.491044,0.0,173.0,70.10526,14.090478
245A,-0.30666667,0.87916774,0.68505085,0.154888,17.0,183.0,40.184288,14.903105,0.0,185.0,136.21477,17.457407,0.0,129.0,84.28454,16.345503
245B,0.11292962,0.8831427,0.7201824,0.07952865,15.0,152.0,37.02431,10.577264,75.0,215.0,141.45494,10.931991,12.0,134.0,88.30247,10.951356
246A,0.016011644,0.8494946,0.35663164,0.11022576,12.0,188.0,51.39664,17.557848,45.0,212.0,119.40723,18.545208,0.0,147.0,64.65284,23.611414
246B,0.030444965,0.8587285,0.34696567,0.11845975,11.0,195.0,50.783722,16.428093,31.0,226.0,123.54932,18.12818,0.0,156.0,68.09102,21.677525
247A,-0.14070222,0.8293793,0.4905436,0.17468376,11.0,255.0,46.858715,27.297098,0.0,255.0,101.0154,23.357023,0.0,227.0,46.875927,29.982397
247B,0.02586207,0.83657885,0.53898,0.09079667,6.0,236.0,41.364853,13.833477,38.0,210.0,113.481895,17.238674,0.0,144.0,55.02483,16.940195
248A,0.10145827,0.85590065,0.6651853,0.07657338,15.0,171.0,38.701717,10.852244,73.0,182.0,128.652,10.296803,17.0,123.0,76.73332,10.796524
248B,0.05171412,0.87596136,0.64650595,0.084615044,14.0,164.0,40.42616,11.501132,70.0,192.0,125.51841,10.30268,8.0,123.0,72.95791,10.808779
249A,-0.15084746,0.92410314,0.45742783,0.18027951,5.0,255.0,64.30248,22.633419,0.0,255.0,114.17438,41.62616,0.0,169.0,44.38855,32.8928
249B,-0.2683438,0.888348,0.23094021,0.16704074,8.0,255.0,111.39014,65.947914,0.0,255.0,122.35193,40.90579,0.0,185.0,40.135162,30.4988
24A,-0.52626157,0.99946296,0.86204845,0.10801093,0.0,255.0,17.569237,17.639294,5.0,253.0,138.4821,27.718735,0.0,200.0,84.37377,25.44109
24B,-0.36393443,0.9994599,0.8315351,0.118593335,0.0,240.0,23.261175,19.612932,10.0,255.0,133.14534,25.080034,0.0,211.0,81.59969,22.610554
250A,-0.2846442,0.83980966,0.4566819,0.17856592,13.0,255.0,59.01134,24.63214,38.0,255.0,148.68285,20.253355,0.0,188.0,89.93992,20.6045
250B,-0.04831093,0.84521383,0.49503642,0.15718663,16.0,255.0,59.398457,24.455122,58.0,234.0,151.2442,19.060825,0.0,176.0,92.956276,19.052885
251A,0.32273313,0.9098436,0.8343461,0.020933898,14.0,134.0,31.288391,7.8215227,63.0,193.0,145.00728,12.668684,11.0,140.0,90.547295,12.575631
251B,0.5849057,0.9014989,0.8254052,0.020474825,16.0,68.0,32.89538,7.9392195,82.0,197.0,146.10707,12.751912,21.0,143.0,91.70819,12.707443
252A,-0.027042413,0.92538136,0.76452124,0.1382581,6.0,237.0,30.090172,18.369593,0.0,255.0,126.293785,30.579123,0.0,201.0,81.6148,28.144299
252B,-0.06411025,0.93071806,0.74337363,0.14203465,4.0,255.0,31.11094,18.943207,0.0,255.0,113.62362,30.750582,0.0,169.0,70.23741,28.071497
253A,-0.39801818,0.857746,0.3262349,0.12675045,10.0,255.0,64.65649,29.71096,16.0,255.0,108.333275,24.700928,0.0,240.0,42.232365,25.29788
253B,-0.14732246,0.8578108,0.3375287,0.10593003,10.0,255.0,71.95054,31.921312,13.0,255.0,98.0454,29.330229,0.0,173.0,32.888573,25.134998
254A,0.011409643,0.85591483,0.4922352,0.14792566,11.0,255.0,53.176006,28.048758,37.0,169.0,121.33219,14.09533,0.0,122.0,72.326645,16.012936
254B,-0.2747253,0.89836425,0.5249268,0.18697487,8.0,255.0,55.76296,37.116127,14.0,255.0,122.534935,16.16664,0.0,123.0,72.62493,18.323505
255A,-0.48317632,0.8803419,0.29417038,0.15768848,23.0,226.0,71.144615,20.901379,0.0,255.0,113.577965,14.974677,0.0,153.0,40.58651,18.306864
255B,-0.43473053,0.8733051,0.31293282,0.23757364,21.0,227.0,64.31601,21.480885,0.0,255.0,110.22025,22.978788,0.0,139.0,39.421318,19.882917
256A,-0.5795216,0.895054,0.51998854,0.14146428,13.0,255.0,58.457806,24.607992,26.0,226.0,133.20305,12.370416,0.0,136.0,83.77729,12.868753
256B,-0.39763778,0.8938286,0.50532776,0.16089824,12.0,246.0,60.899475,27.554085,24.0,191.0,130.8498,14.272215,0.0,145.0,82.77,14.852023
257A,0.24179104,0.9276656,0.82251954,0.05169789,9.0,91.0,23.711853,7.7469406,41.0,193.0,145.45436,12.832072,0.0,132.0,89.05241,12.152369
257B,0.65421855,0.9230352,0.8584806,0.020736346,10.0,73.0,21.037569,6.402984,75.0,198.0,146.09654,12.391759,16.0,139.0,89.28265,11.736677
258A,-0.9918699,0.93939394,-0.055788938,0.18563193,0.0,255.0,29.845194,45.57366,1.0,255.0,55.50415,45.1365,0.0,234.0,10.531097,29.949177
258B,-0.95,0.9183673,-0.058925167,0.09737775,0.0,255.0,15.670174,13.683916,2.0,255.0,35.821236,13.432932,0.0,167.0,0.6615639,7.3450994
259A,-0.44610283,0.9235648,0.6683001,0.1620072,4.0,255.0,39.44072,18.691572,0.0,255.0,108.57491,21.227634,0.0,226.0,57.187458,21.596754
259B,-0.48649886,0.9257642,0.54490626,0.38313067,5.0,255.0,39.414894,16.345707,0.0,255.0,100.1569,26.660028,0.0,142.0,44.94086,26.832903
25A,-0.6415094,0.89656794,0.32768106,0.27234343,9.0,255.0,69.67928,38.37657,0.0,255.0,101.55068,32.116444,0.0,225.0,45.285786,32.33402
25B,-0.53571427,0.8647821,-0.0019940808,0.3500122,11.0,255.0,42.7787,31.982763,0.0,255.0,56.0567,51.518723,0.0,158.0,23.41839,33.854626
260A,-0.1611411,0.9078893,0.4588281,0.11357414,8.0,209.0,52.273823,18.977972,0.0,255.0,97.609344,17.023727,0.0,131.0,44.900623,17.965239
260B,-0.049792532,0.8817989,0.5090699,0.103652,8.0,255.0,46.837322,15.121968,0.0,224.0,101.41128,18.795832,0.0,165.0,49.44405,19.828426
261A,-0.6489152,0.9158615,0.66933,0.39582786,14.0,254.0,36.528034,9.494096,0.0,212.0,127.50275,39.05818,0.0,138.0,77.933784,30.844961
261B,-0.26572007,0.90554416,0.7604786,0.15304488,14.0,106.0,37.324352,10.641997,0.0,194.0,132.32362,21.757507,0.0,139.0,75.52215,27.04038
262A,0.057045713,0.677196,0.4144252,0.06721841,14.0,224.0,53.8378,18.312616,15.0,164.0,93.199524,14.686843,0.0,134.0,40.783974,17.70877
262B,0.13518274,0.7055937,0.43074286,0.050243802,14.0,174.0,51.650555,15.560164,25.0,159.0,95.82977,14.313707,0.0,113.0,44.557247,16.568773
263A,-0.055125285,0.93492407,0.5306996,0.18356511,1.0,255.0,58.31777,29.952084,36.0,213.0,108.72375,17.20222,0.0,124.0,53.78044,20.774525
263B,-0.08912446,0.9414634,0.51570237,0.17404543,2.0,255.0,56.768696,28.260948,28.0,255.0,107.588234,16.971624,0.0,255.0,53.942577,21.965982
264A,-0.10774711,0.90898275,0.4496181,0.15966234,0.0,255.0,51.10573,22.63853,0.0,165.0,86.81713,13.228712,0.0,111.0,17.129578,14.755294
264B,0.065309584,0.9087296,0.47070792,0.15388131,6.0,219.0,51.437565,20.475447,36.0,201.0,87.83988,13.102294,0.0,115.0,16.579151,14.296314
265A,0.022959184,0.7825863,0.39623278,0.10128725,18.0,255.0,71.819954,20.726305,34.0,161.0,105.383,15.199226,0.0,114.0,49.63568,18.08255
265B,-0.14285715,0.7675941,0.31561315,0.09502317,21.0,255.0,78.42664,23.73767,28.0,161.0,94.689735,16.625591,0.0,112.0,36.417248,20.75435
266A,-0.1257379,0.86362696,0.37939814,0.15778303,25.0,254.0,81.006325,24.49299,70.0,204.0,126.71313,12.554416,0.0,140.0,75.36796,13.195999
266B,-0.27178824,0.8642777,0.49582005,0.1784207,23.0,255.0,72.214386,25.218712,69.0,203.0,131.18001,13.693055,0.0,137.0,79.01894,12.953339
267A,-0.14473145,0.9199175,0.52525634,0.18820603,13.0,255.0,78.544716,35.08693,30.0,255.0,130.72249,15.989954,0.0,154.0,70.37798,16.142067
267B,-0.06282017,0.9285011,0.62498486,0.16761331,15.0,255.0,68.28896,31.785004,57.0,227.0,137.68365,13.22694,0.0,161.0,75.4355,13.373558
268A,0.46697837,0.8981426,0.7949044,0.033333506,19.0,82.0,36.170364,8.674995,68.0,207.0,147.39761,13.030136,4.0,151.0,93.10854,12.465907
268B,0.37225786,0.89198315,0.7875998,0.042248495,19.0,80.0,36.053844,8.733847,76.0,196.0,147.1295,12.007644,25.0,143.0,93.29053,11.560531
269A,0.08469682,0.83587086,0.3866666,0.082342155,17.0,179.0,58.03886,18.935764,14.0,245.0,128.3973,23.16392,0.0,193.0,71.67519,25.378012
269B,-0.34261408,0.82067484,0.37801465,0.12066452,11.0,168.0,60.069157,18.473366,12.0,255.0,142.51128,29.551647,0.0,210.0,87.402916,28.552109
26A,0.027484143,0.99872774,0.83437634,0.07309991,0.0,154.0,16.4781,8.051996,0.0,255.0,153.65393,36.437008,0.0,207.0,99.61911,33.07692
26B,-0.5555556,0.99888825,0.8095988,0.08112123,0.0,161.0,19.78171,9.445918,0.0,255.0,138.79335,30.386415,0.0,204.0,88.44983,28.425217
270A,-0.054924242,0.88235295,0.8175243,0.028977992,19.0,96.0,33.965992,9.070651,80.0,184.0,140.96881,8.4868,20.0,137.0,89.516,8.653369
270B,0.5371051,0.8922914,0.8240848,0.020241825,19.0,62.0,33.382065,8.69506,88.0,182.0,140.6921,8.0322695,40.0,131.0,88.88944,8.23588
271A,-0.35855857,0.87582517,0.58950186,0.13608398,14.0,255.0,56.078613,22.036303,0.0,255.0,117.66567,19.634886,0.0,159.0,62.86266,17.739626
271B,-0.446273,0.89007795,0.566311,0.17388225,14.0,255.0,55.658264,22.914635,0.0,255.0,119.468956,23.307003,0.0,227.0,64.38661,18.974365
272A,0.10369573,0.75429326,0.5425848,0.054384965,6.0,212.0,30.51156,10.083482,51.0,155.0,119.94979,7.828561,0.0,107.0,71.490204,8.349334
272B,-0.009667025,0.7916421,0.53277874,0.0466347,8.0,177.0,30.185928,8.66981,58.0,154.0,121.40574,7.192663,0.0,103.0,73.39301,7.7008963
273A,-0.420026,0.8678066,0.16849037,0.3312903,21.0,198.0,100.677635,34.494545,0.0,255.0,82.0718,48.79424,0.0,136.0,38.57134,38.486904
273B,-0.34692952,0.7549824,-0.05296577,0.18841544,25.0,215.0,118.08071,24.67331,0.0,182.0,41.129944,32.5499,0.0,123.0,8.095581,23.657068
274A,-0.25381047,0.7559247,0.3678401,0.10845641,14.0,255.0,69.26919,27.124956,6.0,158.0,103.753456,14.278438,0.0,129.0,49.452442,19.004448
274B,-0.29119906,0.7972491,0.3820357,0.09540314,15.0,183.0,64.664764,22.835684,41.0,160.0,104.58427,13.571857,0.0,124.0,52.24831,17.331287
275A,-0.22416107,0.837329,0.46269947,0.24243765,29.0,255.0,78.60482,40.42712,20.0,255.0,134.56575,13.699381,0.0,117.0,51.393307,26.168568
275B,-0.33267862,0.8371031,0.3795269,0.23948607,31.0,255.0,70.69659,25.739676,12.0,255.0,132.333,15.441491,0.0,226.0,50.710064,27.818201
276A,-0.30550918,0.8537252,0.29999334,0.0999589,18.0,225.0,62.261364,25.177015,31.0,232.0,109.23234,17.463255,0.0,138.0,43.79709,18.918743
276B,0.042505592,0.84827584,0.27725524,0.09789845,15.0,222.0,68.71024,26.591,44.0,203.0,110.32834,18.06139,0.0,118.0,40.478935,18.384214
277A,-0.27002478,0.8873608,0.5207672,0.19627118,19.0,255.0,61.3351,27.888226,32.0,181.0,123.00882,20.597326,0.0,135.0,70.7929,23.228815
277B,-0.38801843,0.8914729,0.45404318,0.1971925,18.0,255.0,69.83295,29.506617,11.0,255.0,114.28353,20.328548,0.0,128.0,60.37324,22.4711
278A,-0.26642066,0.93863857,0.45657808,0.21996376,0.0,255.0,53.24513,25.335964,28.0,255.0,117.700264,15.667454,0.0,123.0,42.87349,27.47835
278B,-0.0952862,0.9190196,0.46038234,0.22433384,2.0,255.0,55.387066,26.42573,16.0,230.0,111.6636,15.356273,0.0,131.0,37.46526,24.937418
279A,0.11189999,0.88393044,0.5825119,0.0939931,15.0,245.0,66.83693,23.117643,67.0,171.0,118.30764,10.445234,0.0,118.0,65.08652,11.419282
279B,0.06329114,0.8758278,0.53099316,0.10264924,15.0,255.0,74.96212,26.083754,50.0,166.0,112.943245,11.6929655,0.0,112.0,58.803272,13.219104
27A,0.066974595,0.827792,0.3493161,0.10827708,30.0,212.0,74.07436,21.841677,33.0,255.0,128.05156,21.077663,0.0,224.0,69.81484,25.327381
27B,0.10223368,0.8476777,0.3807819,0.12545899,23.0,201.0,70.80772,22.57759,55.0,253.0,130.97896,23.091448,0.0,181.0,73.43576,26.374567
280A,-0.39685476,0.9676099,0.42254752,0.25166228,3.0,255.0,66.01581,30.423203,1.0,255.0,103.88932,19.221659,0.0,178.0,33.79164,26.23472
280B,-0.52286285,0.93529624,0.38114077,0.25139064,1.0,255.0,54.243816,27.39442,0.0,247.0,96.39502,25.115053,0.0,194.0,32.896084,24.32975
281A,-0.08894498,0.95639163,0.3621112,0.20409778,0.0,255.0,93.92144,50.511284,31.0,255.0,117.32129,21.125828,0.0,182.0,56.918743,23.23237
281B,-0.05918619,0.91346717,0.40306914,0.19608289,2.0,255.0,81.72011,45.271046,39.0,255.0,108.385765,19.05256,0.0,134.0,50.839462,20.906162
282A,-0.2851852,0.78845,-0.13921574,0.040750302,24.0,241.0,51.22234,10.177057,0.0,145.0,61.02714,9.55709,0.0,100.0,0.2817459,4.052385
282B,-0.41165048,0.86346453,-0.017368037,0.21024768,20.0,255.0,67.373856,32.276814,0.0,188.0,74.78974,28.16558,0.0,126.0,16.260105,27.43913
283A,-0.2803653,0.8901602,0.5301665,0.09992402,8.0,187.0,46.817,14.964855,48.0,253.0,126.54535,19.552563,0.0,172.0,71.94761,18.586367
283B,-0.42772862,0.90512013,0.53761846,0.105525665,9.0,174.0,45.66559,14.604918,8.0,255.0,126.7284,22.18719,0.0,178.0,73.09095,21.601294
284A,-0.6851852,0.9000931,0.50717676,0.2427586,3.0,114.0,38.068863,13.485241,0.0,255.0,99.24023,25.01477,0.0,127.0,31.159782,28.5427
284B,-0.55737704,0.90986806,0.47628006,0.24349251,3.0,163.0,46.08794,15.569517,0.0,211.0,93.02268,24.0919,0.0,203.0,27.619558,20.999151
285A,-0.8159806,0.8292904,0.1388683,0.23940516,24.0,255.0,90.08758,24.546299,0.0,255.0,123.25879,26.238567,0.0,160.0,50.462597,26.872179
285B,-0.6734207,0.8390093,0.44410115,0.24207431,25.0,255.0,69.309944,23.32427,0.0,255.0,132.90656,20.019712,0.0,159.0,74.85384,18.83021
286A,0.26399025,0.8753361,0.71632844,0.07600856,19.0,112.0,39.622746,9.757367,72.0,191.0,144.35078,10.681718,22.0,140.0,90.584724,10.172213
286B,0.30723608,0.85901797,0.69361186,0.06693686,21.0,105.0,41.137615,9.078309,85.0,192.0,143.30528,9.959196,24.0,134.0,89.92273,9.717074
287A,-0.23147207,0.8715393,0.5427197,0.17188966,19.0,255.0,55.615204,18.107635,18.0,255.0,138.9351,16.39736,0.0,167.0,72.99914,15.107886
287B,-0.18449198,0.88385385,0.43587887,0.17466386,14.0,255.0,65.22492,21.3527,13.0,234.0,130.36295,17.27221,0.0,194.0,68.28408,18.034294
288A,-0.20671378,0.9101503,0.6456649,0.17273995,13.0,255.0,50.697174,19.242352,8.0,255.0,138.1784,23.157267,0.0,193.0,82.065346,20.492613
288B,-0.4065934,0.9000672,0.63982004,0.18951795,14.0,255.0,51.03972,21.395388,18.0,255.0,139.81763,22.01899,0.0,214.0,83.80691,19.996916
289A,-0.16981132,0.9153776,0.4202553,0.23487003,9.0,104.0,35.534103,12.377405,13.0,190.0,108.516075,25.73403,0.0,149.0,51.038685,31.10429
289B,-0.15675676,0.90017587,0.4520573,0.19097224,10.0,117.0,39.06547,14.866252,0.0,195.0,114.36442,22.325706,0.0,142.0,59.229492,26.451466
28A,0.5629025,0.9095185,0.83598995,0.029625416,11.0,72.0,28.158188,8.57178,69.0,197.0,150.93163,11.010161,17.0,139.0,94.11615,10.452617
28B,0.58815134,0.9038414,0.8333998,0.022027943,10.0,65.0,27.06811,7.571934,89.0,194.0,149.36542,10.05375,28.0,140.0,93.064026,9.910012
290A,-0.151399,0.80296385,0.41560128,0.15716064,19.0,255.0,85.76502,32.099438,7.0,225.0,133.05367,15.571427,0.0,176.0,80.45907,18.457476
290B,-0.062068965,0.84390765,0.44018877,0.1694673,16.0,255.0,84.85441,33.95061,4.0,246.0,132.47464,16.821291,0.0,191.0,79.33415,19.285622
291A,0.039555863,0.902747,0.6069477,0.08177874,13.0,202.0,55.184402,14.590587,0.0,244.0,107.07351,15.138111,0.0,170.0,57.083557,16.36898
291B,-0.020436928,0.90731204,0.61737573,0.096231446,12.0,255.0,50.422028,15.334221,65.0,255.0,122.49424,12.368753,0.0,179.0,73.03193,13.69224
292A,-0.25227964,0.9033207,0.51480484,0.20969479,17.0,255.0,68.29863,33.593647,14.0,252.0,116.51284,16.730793,0.0,140.0,51.244736,18.672968
292B,-0.45315903,0.90510327,0.43807805,0.19559354,19.0,255.0,77.81025,33.993652,2.0,246.0,115.408264,15.750312,0.0,158.0,49.19757,19.357529
293A,-0.18280683,0.7718267,0.38134778,0.0994017,28.0,205.0,69.0043,19.51414,22.0,255.0,121.50413,19.260342,0.0,145.0,60.06719,19.474829
293B,-0.281493,0.7612863,0.38730493,0.113565646,26.0,255.0,69.953865,22.988298,8.0,255.0,118.244774,21.083954,0.0,145.0,55.904392,22.934628
294A,-0.008797654,0.81211257,0.4875758,0.104728125,24.0,165.0,60.418472,15.032481,34.0,201.0,140.89226,12.4496765,0.0,144.0,86.01438,12.95442
294B,-0.025,0.79767907,0.4623919,0.11355661,27.0,211.0,61.648396,15.077166,31.0,226.0,136.3869,14.15566,0.0,143.0,82.372795,14.2945795
295A,-0.2877438,0.8802661,0.48924732,0.12954882,10.0,255.0,54.13931,26.542097,47.0,191.0,121.36294,17.058088,0.0,131.0,68.474815,19.534119
295B,-0.12782328,0.89115477,0.46829998,0.17596495,9.0,255.0,59.427288,32.015537,34.0,200.0,114.417595,21.335136,0.0,137.0,59.707226,24.96956
296A,0.32618794,0.8542247,0.49703783,0.0730389,20.0,91.0,54.361557,11.675367,6.0,227.0,87.23406,20.75753,0.0,137.0,27.57837,17.701374
296B,0.25691333,0.882407,0.4761747,0.074527875,16.0,102.0,52.750202,11.031739,0.0,225.0,86.93534,22.733833,0.0,153.0,24.030447,19.636347
297A,0.14285715,0.8130734,0.49861577,0.07890324,3.0,189.0,47.99074,16.305513,52.0,145.0,101.20773,9.206887,0.0,93.0,49.758575,10.758858
297B,-0.14263445,0.8423956,0.470658,0.08073386,0.0,255.0,44.755096,16.271547,51.0,174.0,102.21586,11.052753,0.0,95.0,47.77367,13.528507
298A,-0.011655011,0.94968444,0.5756114,0.21725115,7.0,255.0,61.678333,32.99737,11.0,255.0,123.82151,15.509268,0.0,202.0,65.920265,14.997686
298B,-0.22948074,0.9413926,0.5754017,0.21496153,6.0,255.0,58.30133,29.00862,0.0,255.0,120.837395,17.853199,0.0,159.0,62.48665,16.87287
299A,0.07995365,0.94350284,0.49346343,0.18041378,1.0,188.0,49.447052,20.129175,49.0,233.0,113.905235,10.778297,0.0,146.0,52.87895,13.507234
299B,0.018832391,0.94737715,0.5170061,0.21115002,1.0,255.0,50.35999,22.78822,54.0,252.0,115.24239,12.402583,0.0,207.0,54.44524,13.918177
29A,-0.1923077,0.905071,0.6184378,0.23666683,0.0,255.0,61.898296,38.566925,26.0,255.0,117.5698,12.161215,0.0,243.0,56.437542,14.384702
29B,-0.527027,0.9055102,0.6451955,0.23121777,7.0,255.0,56.993793,36.34072,39.0,255.0,120.98023,16.071722,0.0,255.0,58.712494,16.110445
2A,0.5153112,0.9393414,0.8636714,0.023048203,6.0,74.0,25.099585,9.942988,80.0,197.0,145.0605,11.205522,28.0,139.0,91.321045,11.314027
2B,-0.028720627,0.9404998,0.8567171,0.04043845,6.0,170.0,25.917284,10.263858,69.0,203.0,144.46089,11.392288,5.0,146.0,90.5944,11.547525
300A,-0.06935584,0.8969279,0.60385627,0.12157617,12.0,255.0,47.649414,14.216932,73.0,255.0,142.84404,8.874116,17.0,255.0,85.91062,9.501589
300B,0.05303371,0.8873607,0.57947433,0.12893216,13.0,208.0,48.460125,14.585902,71.0,255.0,141.24237,9.04627,0.0,208.0,82.11753,10.267959
301A,0.19900621,0.8579398,0.5883186,0.15307777,19.0,95.0,44.750057,12.030334,55.0,196.0,129.89008,15.789858,4.0,146.0,75.5201,15.893542
301B,0.1773919,0.8571256,0.5863201,0.12400798,19.0,113.0,47.34083,11.921022,60.0,194.0,129.15295,14.993982,8.0,137.0,76.42096,14.014356
302A,-0.15189873,0.8967792,0.63645184,0.09596822,9.0,255.0,48.155,13.836006,0.0,162.0,98.553246,15.881938,0.0,118.0,42.393475,18.9516
302B,-0.057815846,0.9143247,0.65691125,0.10362503,7.0,255.0,45.56894,15.470615,15.0,215.0,99.77155,15.729242,0.0,203.0,47.207577,17.613085
303A,-0.4520548,0.8924516,0.6103702,0.1269343,2.0,255.0,35.033257,18.995771,0.0,255.0,112.04508,23.354233,0.0,239.0,61.56416,24.437296
303B,0.0019337373,0.89717597,0.620806,0.11319122,1.0,255.0,34.343388,17.855341,25.0,255.0,113.908875,19.407028,0.0,255.0,63.11684,19.651745
304A,-0.9219858,0.91425544,-0.35154137,0.12570633,0.0,255.0,70.155174,30.915007,0.0,171.0,36.619427,12.60689,0.0,102.0,0.9131584,7.5195374
304B,-0.99636364,0.9992871,-0.15218017,0.37159768,0.0,255.0,72.83686,33.262592,0.0,255.0,52.381878,35.91945,0.0,144.0,14.132992,26.008247
305A,0.09193054,0.9510571,0.5735521,0.25034335,6.0,255.0,62.945282,29.601744,42.0,221.0,106.92823,13.905092,0.0,178.0,47.96082,16.91925
305B,-0.03526735,0.95282716,0.6458885,0.22588132,6.0,255.0,56.39989,29.106173,0.0,255.0,102.60363,14.223173,0.0,194.0,45.432507,16.68223
306A,-0.41324922,0.47126436,0.0026859865,0.07919376,7.0,85.0,30.196661,7.404956,25.0,85.0,59.011402,6.189272,0.0,0.0,0.0,0.0
306B,-0.46077034,0.5344262,-0.0024525397,0.090027146,8.0,87.0,32.603252,8.017151,28.0,85.0,59.82577,6.1715417,0.0,0.0,0.0,0.0
307A,-0.4500211,0.95126355,0.6753944,0.15864667,3.0,255.0,42.080036,19.58212,11.0,250.0,124.61376,15.485099,0.0,143.0,71.02415,14.434901
307B,-0.53521127,0.94505084,0.7106314,0.14737895,3.0,255.0,38.43083,19.085798,17.0,240.0,127.43577,15.077319,0.0,137.0,73.62589,14.491455
308A,0.021110041,0.88994867,0.64757276,0.103801884,9.0,255.0,50.106213,18.420689,40.0,248.0,128.06847,19.468372,0.0,145.0,74.037,17.75995
308B,-0.0043256,0.8898689,0.6181941,0.1297346,0.0,255.0,48.78947,18.024467,17.0,255.0,140.99382,25.039587,0.0,208.0,84.34031,21.89472
309A,-0.08438061,0.9480752,0.5053814,0.13098575,1.0,255.0,50.04727,23.29922,0.0,250.0,107.05363,29.573475,0.0,140.0,46.6655,24.95295
309B,-0.5041783,0.9266869,0.5242779,0.12581919,0.0,255.0,47.607677,21.461967,0.0,253.0,106.342224,23.31385,0.0,152.0,50.983967,21.948782
30A,-0.13882352,0.8366598,0.4938163,0.15973343,22.0,255.0,71.872,25.601898,29.0,255.0,144.94604,26.725023,0.0,217.0,85.945244,25.901373
30B,0.023864008,0.8189071,0.42124474,0.14534089,30.0,255.0,78.61743,27.460035,75.0,255.0,143.44211,15.727915,0.0,191.0,81.37668,16.298096
310A,-0.20567375,0.8756355,0.30910456,0.15982619,11.0,255.0,70.1625,33.69095,0.0,255.0,118.24756,32.249584,0.0,197.0,59.76369,30.697573
310B,0.025452109,0.84663534,0.27485573,0.11127875,18.0,255.0,86.40728,35.115353,0.0,255.0,119.668724,26.51151,0.0,184.0,56.976757,29.081465
311A,-0.40552485,0.9001052,0.42994753,0.22155175,0.0,255.0,98.36273,51.228245,0.0,255.0,132.98799,12.567579,0.0,168.0,75.613396,12.224609
311B,-0.36596385,0.8862928,0.37499422,0.18823418,17.0,255.0,102.27026,45.84864,24.0,255.0,131.03804,13.7836275,0.0,202.0,69.28824,12.894474
312A,0.09570957,0.73415875,0.414492,0.108180076,21.0,212.0,51.75881,16.430414,37.0,171.0,123.42544,12.920578,0.0,125.0,69.245125,15.099419
312B,0.09189189,0.76571923,0.37737975,0.10782403,15.0,162.0,48.484665,15.15135,53.0,183.0,128.03209,14.952664,0.0,131.0,77.64855,16.009676
313A,-0.1764706,0.034700315,-0.08814711,0.021053743,30.0,53.0,41.080864,4.702058,0.0,129.0,18.425331,15.001627,0.0,62.0,0.0019187927,0.20237273
313B,-0.17385258,0.040236685,-0.09721489,0.018530581,29.0,54.0,40.97621,4.752775,0.0,60.0,7.1196938,8.346286,0.0,0.0,0.0,0.0
314A,-0.902439,0.99912703,0.5399115,0.26619565,0.0,255.0,33.78201,29.607359,0.0,255.0,120.45908,41.855972,0.0,189.0,57.396587,37.093117
314B,-0.56628704,0.9987196,0.38616672,0.26862764,0.0,255.0,42.697132,30.40578,0.0,255.0,152.83235,59.22387,0.0,249.0,84.40806,55.122643
315A,0.6947735,0.9196132,0.874751,0.015080551,9.0,60.0,22.462332,7.6705966,25.0,226.0,144.88463,18.337488,0.0,174.0,91.29203,17.900383
315B,0.6675021,0.9132777,0.85669714,0.018723693,10.0,55.0,22.659485,7.1563344,23.0,204.0,143.74614,14.940099,0.0,144.0,90.55962,14.493108
316A,-0.3557126,0.91861147,0.70197976,0.1314179,9.0,219.0,43.041645,17.985664,49.0,196.0,133.85158,12.956918,0.0,138.0,83.588936,12.960952
316B,-0.2145346,0.91047966,0.69789404,0.13613735,9.0,243.0,42.900265,17.899628,19.0,205.0,132.01556,13.134551,0.0,136.0,81.7356,12.318845
317A,0.044252165,0.8538677,0.49231407,0.11268364,0.0,225.0,47.02133,17.583714,0.0,255.0,122.69405,49.81188,0.0,202.0,70.86982,43.41517
317B,-0.06609316,0.79376173,0.41579753,0.13632996,6.0,255.0,64.3958,38.906403,0.0,255.0,124.05213,43.875504,0.0,183.0,66.82652,39.50405
318A,-0.060527883,0.8070974,0.26688161,0.11514892,7.0,255.0,89.85272,37.432358,0.0,255.0,115.07424,30.91205,0.0,255.0,52.962955,26.215925
318B,-0.055733506,0.8474182,0.29335332,0.122196205,9.0,255.0,83.039246,34.662537,12.0,255.0,124.56192,29.5511,0.0,255.0,58.946133,24.683044
319A,0.21245785,0.8253887,0.60481596,0.08090028,17.0,147.0,41.844715,11.227535,71.0,175.0,139.18678,8.918743,10.0,133.0,93.3897,9.473693
319B,0.058220055,0.8272284,0.5452549,0.10187934,18.0,167.0,43.47368,12.594878,63.0,177.0,132.55685,11.470988,0.0,127.0,85.14382,12.7657
31A,-0.19742489,0.83296895,0.25156027,0.06805,9.0,255.0,85.43928,30.069431,0.0,195.0,90.27549,20.3284,0.0,123.0,17.683823,20.835682
31B,0.008352316,0.7975062,0.31022263,0.08030531,9.0,255.0,78.46784,26.373682,3.0,208.0,107.16571,20.438625,0.0,142.0,42.95413,23.104137
320A,0.012295082,0.7619525,0.34046248,0.12492557,46.0,255.0,110.06616,30.012526,0.0,255.0,125.98429,18.99164,0.0,177.0,72.351135,23.751572
320B,-0.010408209,0.792244,0.3374781,0.114667945,46.0,255.0,109.766014,27.732422,8.0,231.0,129.59734,18.092115,0.0,160.0,70.65268,21.316711
321A,0.25716788,0.7156641,0.49701402,0.071877785,26.0,133.0,52.90286,11.234174,39.0,141.0,98.400665,10.791206,0.0,102.0,54.42416,12.646998
321B,0.1576833,0.72063243,0.48042998,0.057554245,26.0,142.0,55.99509,12.252174,45.0,149.0,100.402245,11.045227,0.0,103.0,51.099995,15.661871
322A,0.64160585,0.9351852,0.8644165,0.02318346,4.0,78.0,19.658094,7.6901217,70.0,212.0,149.82573,14.95582,17.0,151.0,95.61011,14.391441
322B,0.59312975,0.9372414,0.87263995,0.024556894,4.0,80.0,19.146599,7.7431316,73.0,214.0,150.0494,15.610415,18.0,160.0,95.76849,15.028793
323A,-0.23554301,0.75725484,0.22659804,0.09456363,31.0,255.0,97.88169,27.850142,0.0,255.0,103.59139,22.362263,0.0,178.0,34.225037,24.788631
323B,-0.24231058,0.7696145,0.24678397,0.10583426,32.0,255.0,99.95929,28.647093,0.0,255.0,103.07412,22.491621,0.0,255.0,31.663208,28.328968
324A,-0.31707317,0.8320732,-0.034669418,0.18823594,19.0,169.0,39.497738,13.424804,0.0,255.0,56.152515,37.808086,0.0,218.0,10.107941,29.414371
324B,-0.28731343,0.15474643,-0.11238108,0.032997333,19.0,55.0,37.98865,7.711362,0.0,85.0,38.070404,13.012586,0.0,15.0,0.003578186,0.15139733
325A,-0.79310346,0.999451,0.30545986,0.11960113,0.0,255.0,81.2601,39.54233,45.0,192.0,105.0904,16.518377,0.0,128.0,48.71185,15.311796
325B,-0.984375,0.99961066,0.28971693,0.14210778,0.0,255.0,104.62082,48.824333,17.0,255.0,98.40809,17.289326,0.0,171.0,39.54091,16.02667
326A,0.11425762,0.72646767,0.3434179,0.09840945,22.0,255.0,82.26902,32.157745,50.0,203.0,115.66269,17.299578,0.0,118.0,58.898914,24.447622
326B,0.09472934,0.73461014,0.38186926,0.102972865,22.0,255.0,75.66091,28.775211,56.0,255.0,117.8762,13.771381,0.0,116.0,63.084045,19.960867
327A,-0.2658228,0.9415144,0.7077207,0.2167825,5.0,255.0,40.47352,26.332073,11.0,255.0,130.86317,17.739592,0.0,178.0,77.88754,18.409588
327B,0.12421581,0.95149785,0.80260783,0.15476617,5.0,237.0,25.061714,17.101734,69.0,188.0,136.74086,14.6431465,11.0,133.0,85.081024,13.480358
328A,-0.2849162,0.9969789,0.50834846,0.09379208,0.0,153.0,35.98115,14.198891,0.0,255.0,110.56393,53.00293,0.0,155.0,29.040962,33.383873
328B,-0.10526316,0.9967159,0.5422477,0.083854385,0.0,255.0,32.834152,14.624452,0.0,255.0,122.36344,55.78911,0.0,162.0,38.37872,36.95172
329A,-0.52662724,0.94822395,0.4175369,0.21673377,0.0,255.0,56.377728,25.14888,2.0,255.0,117.57507,16.6356,0.0,175.0,46.482635,21.18125
329B,-0.35361215,0.9549122,0.3964911,0.20546879,2.0,255.0,58.106617,25.762827,0.0,255.0,119.35366,17.564476,0.0,255.0,47.140156,21.718767
32A,0.1592775,0.88690937,0.57432914,0.11183863,12.0,184.0,46.856705,17.544739,76.0,191.0,127.97308,10.448769,8.0,137.0,75.42039,11.592246
32B,-0.23569024,0.902521,0.64816475,0.16110303,17.0,255.0,50.28648,21.348484,0.0,168.0,127.13467,11.79883,0.0,119.0,71.617,13.132454
330A,-0.32941177,0.91152894,0.6549541,0.22405736,9.0,255.0,42.344334,35.880905,0.0,255.0,137.31476,30.611675,0.0,255.0,83.2844,29.130697
330B,-0.39550716,0.923634,0.6956766,0.18996786,5.0,255.0,34.465836,19.07173,0.0,255.0,137.0463,29.28233,0.0,255.0,83.2096,27.639769
331A,0.28594682,0.89184237,0.7221588,0.086342186,4.0,152.0,25.485754,14.553325,44.0,211.0,125.9036,19.252676,0.0,151.0,75.1341,19.804634
331B,-0.1313364,0.88459945,0.5997778,0.14495169,6.0,255.0,47.274933,30.44909,27.0,252.0,110.823265,21.853588,0.0,138.0,55.954773,26.621542
332A,-0.08758568,0.8872618,0.50333077,0.18642743,10.0,255.0,80.48507,41.76798,6.0,194.0,119.87842,18.956484,0.0,126.0,64.74697,22.213959
332B,-0.16346154,0.8820411,0.54987085,0.20881653,8.0,255.0,69.28035,40.349358,0.0,196.0,123.67285,23.720686,0.0,139.0,71.44541,25.682098
333A,0.12315271,0.9990435,0.6867075,0.09906641,0.0,255.0,33.832535,15.49909,62.0,180.0,134.85835,9.828336,19.0,129.0,84.2203,8.896217
333B,0.16272275,0.94020826,0.68437576,0.08663752,2.0,255.0,32.79362,13.623223,91.0,183.0,133.26106,8.91531,33.0,122.0,82.1906,8.571929
334A,-0.3409091,0.8926633,0.4601773,0.2127347,21.0,255.0,76.386055,31.595833,0.0,219.0,121.44877,19.429443,0.0,127.0,65.97075,23.373898
334B,-0.14074074,0.8911454,0.48259962,0.22770709,20.0,255.0,76.106285,34.636524,30.0,233.0,122.071495,19.9752,0.0,125.0,65.81746,23.507458
335A,-0.24966724,0.83235484,0.27539247,0.07478224,15.0,255.0,98.51638,30.768698,8.0,198.0,114.6816,16.716597,0.0,136.0,66.94172,21.430664
335B,0.044640835,0.69947505,0.34223774,0.06374117,26.0,215.0,85.37345,22.007431,58.0,169.0,125.854004,11.0157585,0.0,127.0,82.20133,13.060648
336A,-0.07160849,0.8895398,0.3679266,0.18367137,17.0,255.0,94.74784,42.18227,0.0,255.0,119.78223,64.540184,0.0,255.0,64.22778,34.6128
336B,-0.10164487,0.90163934,0.34685567,0.18786827,16.0,255.0,98.52067,41.770264,0.0,255.0,137.18092,40.40317,0.0,247.0,75.607994,23.548851
337A,-0.50854355,0.9217119,0.6694655,0.21361035,5.0,255.0,43.166813,21.229391,17.0,255.0,117.15936,16.89109,0.0,213.0,64.714165,18.908773
337B,-0.54631245,0.9255466,0.6378666,0.24656785,8.0,255.0,44.352787,21.179823,0.0,245.0,123.846985,18.669083,0.0,178.0,70.04074,19.396
338A,-0.27092198,0.9308108,0.34947667,0.12045517,0.0,255.0,51.846874,26.769861,0.0,228.0,93.21557,30.00786,0.0,125.0,26.386536,26.259727
338B,-0.28803828,0.94030654,0.3640928,0.11423858,0.0,231.0,47.756847,23.666126,0.0,250.0,91.18011,29.495113,0.0,143.0,24.316916,25.234865
339A,-0.25549915,0.8383272,0.38463092,0.12270824,28.0,255.0,59.30348,12.226817,0.0,255.0,122.11914,16.212729,0.0,200.0,67.51548,19.757946
339B,-0.20505992,0.73913044,0.31101078,0.08901186,29.0,217.0,59.86014,15.273315,11.0,244.0,122.00891,19.50465,0.0,192.0,67.53348,22.122854
33A,-0.15308292,0.8333333,0.42526373,0.15080138,23.0,255.0,73.301796,32.079914,0.0,255.0,133.32463,23.420532,0.0,223.0,75.73994,28.014101
33B,-0.030933063,0.85172784,0.41663957,0.15638678,24.0,255.0,74.98937,32.871353,38.0,255.0,132.12761,22.597544,0.0,238.0,74.62844,25.159893
340A,-0.4177215,0.9483675,0.83244014,0.09616007,1.0,255.0,19.413118,11.355354,9.0,252.0,145.356,29.652246,0.0,200.0,88.72459,27.315565
340B,-0.9672131,0.94011974,0.8269941,0.15602937,1.0,255.0,18.579996,9.289931,0.0,255.0,147.12326,35.335506,0.0,214.0,90.3641,31.191175
341A,0.60177284,0.91165435,0.8436948,0.018377187,12.0,69.0,28.238997,7.673108,88.0,187.0,144.27385,10.107914,30.0,133.0,89.36102,10.137536
341B,0.6270656,0.90031236,0.8412926,0.018167054,14.0,62.0,28.39498,7.704038,100.0,187.0,144.91002,9.343637,37.0,130.0,89.617065,9.409956
342A,-0.39130434,0.89303935,0.5488801,0.11842997,14.0,255.0,61.194897,22.884848,35.0,255.0,134.95316,16.822859,0.0,181.0,87.77936,18.15259
342B,-0.40044412,0.8852691,0.5584089,0.11053077,15.0,255.0,58.803776,20.308321,23.0,255.0,138.53935,20.426453,0.0,241.0,89.40155,20.690582
343A,-0.6507937,0.90980595,0.42310435,0.58830726,12.0,255.0,63.230373,54.583626,0.0,224.0,117.87881,49.2595,0.0,147.0,67.24656,42.36063
343B,-0.65426695,0.9157246,0.47548527,0.6057638,10.0,255.0,58.619473,55.286533,0.0,225.0,121.14779,51.578987,0.0,160.0,70.111084,43.337597
344A,-0.037553232,0.89591676,0.45040563,0.15625498,6.0,255.0,63.985615,29.291094,9.0,255.0,138.23775,32.58021,0.0,240.0,85.31645,30.217861
344B,-0.038297873,0.9293748,0.53967977,0.15750074,5.0,255.0,53.709538,26.303059,3.0,255.0,133.66397,27.243433,0.0,210.0,80.334145,25.163618
345A,-0.16783036,0.9917864,0.67264354,0.09145029,0.0,255.0,33.904633,16.837517,13.0,231.0,114.72231,24.097359,0.0,165.0,65.37655,23.808636
345B,-0.17579505,0.938561,0.6860293,0.09823703,0.0,180.0,32.41063,18.117468,12.0,224.0,113.19514,18.951864,0.0,148.0,65.44219,19.537622
346A,-0.5493421,0.99465036,0.44801405,0.21967942,0.0,255.0,83.669395,46.403168,35.0,255.0,131.65898,21.930326,0.0,255.0,66.4668,19.416542
346B,-0.08356941,1.0,0.44272846,0.21054126,0.0,255.0,82.15809,45.631912,57.0,255.0,141.45738,23.566444,0.0,255.0,68.65832,16.7804
347A,-0.3899204,0.7510159,0.3243262,0.06530362,16.0,255.0,64.501785,20.355963,10.0,221.0,100.16733,14.099626,0.0,159.0,49.35565,18.899538
347B,-0.18165137,0.7664086,0.31639618,0.0730102,17.0,255.0,69.50126,23.017756,6.0,255.0,94.923615,19.839485,0.0,195.0,40.982235,24.241608
348A,-0.20384048,0.8494853,0.23926955,0.10770163,26.0,255.0,114.0809,31.982288,0.0,255.0,106.96295,21.76695,0.0,198.0,32.266853,18.732422
348B,-0.012912482,0.86827934,0.25088128,0.12037782,21.0,255.0,106.75541,30.613955,0.0,255.0,110.27628,37.40038,0.0,206.0,39.414566,32.44726
349A,-0.018162394,0.9990995,0.44964492,0.13286492,0.0,255.0,65.851906,26.348745,0.0,255.0,133.68086,57.302666,0.0,184.0,73.10027,43.62289
349B,-0.13553114,0.99881864,0.5132646,0.13317405,0.0,255.0,61.552082,25.742224,0.0,255.0,139.44627,58.723736,0.0,189.0,79.477425,46.941277
34A,-0.082444675,0.885283,0.31746286,0.16793817,13.0,255.0,84.82428,44.89727,45.0,255.0,118.168884,17.768631,0.0,241.0,47.10443,15.3444395
34B,0.009677644,0.90881723,0.3925874,0.1612611,12.0,255.0,63.856262,32.670177,51.0,207.0,114.557625,17.517656,0.0,134.0,49.75398,15.289627
350A,0.060326193,0.95301956,0.4024309,0.1412139,0.0,233.0,63.606007,28.983309,25.0,255.0,127.90591,31.799938,0.0,149.0,56.771107,22.805618
350B,-0.114106886,0.9696657,0.4106491,0.15282403,0.0,214.0,67.10007,30.333122,28.0,250.0,108.97767,24.938036,0.0,141.0,45.20485,20.507183
351A,0.27116704,0.9266187,0.7725103,0.040169176,12.0,110.0,32.511227,9.993549,4.0,221.0,136.74022,14.600859,0.0,168.0,85.19233,13.731576
351B,0.3429395,0.91762596,0.7816498,0.037923556,10.0,91.0,30.92562,9.812322,30.0,231.0,139.58594,15.68247,0.0,174.0,87.72912,14.623745
352A,-0.13846155,0.8441744,0.34496492,0.15194812,12.0,255.0,76.64398,34.539036,42.0,254.0,134.9759,22.18741,0.0,180.0,80.782326,25.004028
352B,-0.1542686,0.87413335,0.3441798,0.12370517,17.0,255.0,76.82127,32.04502,11.0,230.0,135.43384,15.4837,0.0,161.0,87.69636,16.758791
353A,-0.7602041,0.95496565,0.68211925,0.25542,3.0,255.0,59.689594,43.28723,5.0,255.0,115.57739,16.858086,0.0,203.0,64.62849,15.88992
353B,-0.5995976,0.9450159,0.43651295,0.21480879,2.0,255.0,90.83923,48.14097,5.0,255.0,113.57563,24.375904,0.0,255.0,57.207214,24.90848
354A,0.5826593,0.92509705,0.8557286,0.022751685,11.0,68.0,25.949396,7.9957104,51.0,223.0,146.52347,17.316189,0.0,166.0,94.32241,18.396288
354B,-0.23504868,0.9231958,0.8470843,0.045931526,11.0,130.0,26.61532,8.284373,12.0,216.0,146.47253,17.927832,0.0,167.0,95.048805,18.858982
355A,0.53791887,0.9231469,0.86978376,0.021937987,8.0,75.0,25.207565,8.570246,73.0,196.0,147.91173,13.479439,21.0,139.0,92.919044,13.129448
355B,0.5651578,0.92242426,0.8737269,0.020958714,7.0,69.0,24.521643,8.303693,66.0,202.0,148.37396,13.245536,16.0,140.0,92.95348,12.9178505
356A,0.6142786,0.9157675,0.83931124,0.028257547,8.0,69.0,25.393663,8.259064,67.0,211.0,146.69432,15.945435,0.0,154.0,92.952065,16.114225
356B,-0.44696283,0.9141766,0.8146777,0.19037475,8.0,255.0,23.46601,8.060182,0.0,216.0,144.74854,25.160608,0.0,164.0,91.453255,22.81493
357A,0.6702726,0.8947368,0.8431858,0.016755776,12.0,59.0,26.49605,7.708662,89.0,186.0,141.34135,8.560783,25.0,131.0,88.575966,8.6755705
357B,0.5852843,0.90559345,0.84326077,0.016812043,11.0,57.0,26.084047,7.381185,87.0,184.0,140.99284,9.073884,39.0,137.0,88.40092,9.182979
358A,-0.19487578,0.8991184,0.3670433,0.19301768,21.0,255.0,87.32613,34.83471,0.0,255.0,82.27209,20.271212,0.0,194.0,24.612328,22.742104
358B,0.016471712,0.8964327,0.30659774,0.16510174,17.0,255.0,96.30542,32.890602,1.0,255.0,79.49078,17.03901,0.0,106.0,16.94241,19.51166
359A,0.649451,0.9396634,0.88595057,0.015122041,5.0,56.0,20.047396,7.1159344,56.0,200.0,149.76245,13.436562,0.0,139.0,90.72309,12.8022175
359B,0.6679341,0.94614005,0.88972867,0.015088278,5.0,59.0,20.09972,7.21176,74.0,203.0,149.80592,13.086159,7.0,147.0,91.24935,12.540249
35A,-0.071428575,0.88364667,0.39377716,0.1944655,10.0,255.0,67.61483,36.627018,0.0,214.0,98.46088,27.216085,0.0,143.0,35.83839,32.564598
35B,-0.22202487,0.88597757,0.5170376,0.24892151,5.0,255.0,54.572205,37.375515,32.0,233.0,116.30978,23.91443,0.0,167.0,59.34909,31.100765
360A,-0.33486164,0.93828857,0.5936992,0.26082367,7.0,255.0,53.70967,35.078293,48.0,204.0,125.78888,25.269602,0.0,153.0,72.26119,27.276733
360B,-0.29536825,0.93127346,0.70157886,0.22623684,8.0,247.0,41.952,29.900557,35.0,210.0,134.1812,21.528683,0.0,155.0,81.158714,22.692812
361A,-0.25026625,0.9284242,0.6749983,0.11596421,6.0,255.0,39.46504,15.035961,28.0,223.0,129.40166,13.809044,0.0,130.0,78.00996,13.653693
361B,-0.13189964,0.938054,0.7161503,0.15735874,6.0,246.0,35.170383,19.995155,25.0,184.0,128.85452,18.236692,0.0,133.0,77.48577,19.471748
362A,0.6095215,0.9235797,0.8708589,0.021540109,6.0,73.0,22.066805,7.2473,50.0,210.0,145.56918,16.409554,0.0,149.0,91.309784,15.733981
362B,0.60862213,0.92774194,0.86656046,0.023387793,6.0,72.0,22.081873,7.411708,35.0,202.0,142.7962,16.798494,0.0,145.0,88.69749,16.104147
363A,-0.20178041,0.9139971,0.36358643,0.110244006,2.0,245.0,61.494873,28.304014,22.0,216.0,84.46207,21.034729,0.0,145.0,22.001608,20.838625
363B,-0.19917865,0.92051697,0.38090688,0.12713812,2.0,228.0,61.51012,26.675451,13.0,162.0,74.83035,17.111647,0.0,108.0,13.320976,17.146128
364A,-0.24129651,0.97185576,0.30306482,0.15978888,0.0,255.0,99.885506,38.00523,0.0,255.0,131.26709,23.956472,0.0,177.0,68.7174,20.967974
364B,-0.25515744,0.93167835,0.2820506,0.15896311,0.0,255.0,113.493065,42.44827,1.0,255.0,141.57526,38.223656,0.0,177.0,74.26548,28.94608
365A,-0.3196347,0.85787076,0.29987222,0.12573029,16.0,255.0,68.670044,30.818472,9.0,255.0,113.326454,46.897987,0.0,152.0,37.373688,30.624825
365B,-0.45645934,0.87190866,0.30948013,0.13598445,10.0,255.0,68.13281,30.434753,0.0,255.0,111.44111,42.74999,0.0,192.0,38.198547,30.862822
366A,0.089770354,0.88090104,0.66335905,0.16053586,17.0,173.0,37.762848,11.854108,54.0,200.0,141.64297,13.449003,0.0,144.0,88.08883,13.043161
366B,0.19237557,0.8865219,0.7257109,0.12012727,17.0,93.0,34.821472,10.400531,69.0,191.0,140.02687,14.625136,9.0,137.0,88.660805,12.539786
367A,-0.105560035,0.8802682,0.5955056,0.12748016,17.0,248.0,46.706944,20.247873,1.0,193.0,123.09153,14.824509,0.0,139.0,74.44848,16.223518
367B,-0.20653883,0.8826099,0.61413217,0.13472942,15.0,255.0,46.102097,22.503414,14.0,194.0,126.87836,12.444779,0.0,136.0,78.18996,14.66991
368A,0.6207378,0.9244674,0.85818344,0.020355154,7.0,57.0,21.373312,7.157868,79.0,192.0,144.14085,10.5570135,32.0,135.0,91.30548,10.539855
368B,0.5995872,0.92177397,0.8637735,0.021187723,6.0,64.0,21.032713,7.2727804,84.0,191.0,144.77846,11.361965,29.0,140.0,91.95004,11.293689
369A,-0.1752809,0.8666667,0.27529693,0.10510387,24.0,255.0,117.03735,39.225002,14.0,255.0,113.39359,33.47245,0.0,241.0,40.106842,24.185028
369B,-0.30083233,0.83187526,0.2791947,0.1000513,24.0,255.0,112.149086,37.730316,0.0,255.0,116.795555,39.862,0.0,154.0,40.423565,25.591755
36A,-0.31609675,0.89199615,0.31370002,0.19020623,13.0,255.0,87.27252,47.370792,0.0,255.0,98.34988,26.752062,0.0,169.0,38.45505,33.045544
36B,-0.34917733,0.8913505,0.3194608,0.18112788,10.0,255.0,93.33471,53.98656,0.0,218.0,102.437004,25.590397,0.0,152.0,46.460846,28.948267
370A,0.046655655,0.8521974,0.32470667,0.07453734,21.0,255.0,68.92724,24.634422,47.0,169.0,101.56512,12.159594,0.0,120.0,39.558147,16.201263
370B,-0.53451955,0.89326763,0.4004366,0.27798384,15.0,255.0,68.08218,35.99974,0.0,190.0,112.606865,32.26606,0.0,134.0,61.316956,27.879566
371A,0.07989907,0.8207205,0.34359613,0.122193284,12.0,255.0,98.89591,45.711723,43.0,215.0,112.77186,15.289681,0.0,111.0,61.20302,20.148132
371B,0.07359307,0.8245329,0.36252385,0.13555343,8.0,255.0,93.57632,47.029995,46.0,255.0,113.48629,15.037543,0.0,114.0,60.220684,20.176235
372A,-0.2555102,0.93538916,0.21300754,0.12001966,7.0,255.0,133.54771,59.29677,0.0,255.0,107.945625,30.259474,0.0,163.0,41.60964,18.715456
372B,-0.71428573,0.90675306,0.23079827,0.12445601,7.0,255.0,133.65407,58.375526,0.0,237.0,107.8503,22.524523,0.0,141.0,41.22004,16.787804
373A,0.50544924,0.8759073,0.8092294,0.01766074,19.0,87.0,35.435844,8.677989,93.0,187.0,144.50497,9.580143,22.0,132.0,91.78991,9.556044
373B,0.6076314,0.8738423,0.8017887,0.017957432,19.0,69.0,35.22762,8.229257,87.0,188.0,144.45671,9.042956,32.0,132.0,92.10987,9.132688
374A,-1.0,1.0,0.53589666,0.3197788,0.0,255.0,40.299213,47.63821,0.0,255.0,125.50564,28.474066,0.0,140.0,67.41331,25.05057
374B,-1.0,1.0,0.4881339,0.30234313,0.0,255.0,49.299633,52.087894,0.0,255.0,125.6275,20.335115,0.0,129.0,63.76318,22.814198
375A,0.11413365,0.94206065,0.7225193,0.08139717,5.0,182.0,33.65552,11.1937,23.0,239.0,137.91954,23.283997,0.0,164.0,83.55339,21.237587
375B,0.12767014,0.93786985,0.73272437,0.078539,4.0,223.0,33.1161,11.735413,42.0,255.0,138.1491,23.684639,0.0,179.0,84.25067,21.37929
376A,-0.16697474,0.90041673,0.6521629,0.15949686,9.0,224.0,38.68603,18.487034,32.0,252.0,137.23628,22.366575,0.0,182.0,80.20374,22.121593
376B,-0.38842374,0.9086011,0.589223,0.14971298,8.0,255.0,43.953083,19.731907,11.0,232.0,128.07954,17.072992,0.0,148.0,70.73812,17.690735
377A,0.13420881,0.84647673,0.50709516,0.059469916,6.0,198.0,39.73996,12.687734,37.0,193.0,104.33657,14.008446,0.0,118.0,47.413364,14.680258
377B,0.021557719,0.7534397,0.48203835,0.06048583,8.0,162.0,40.567333,13.262387,41.0,173.0,98.08018,12.801498,0.0,102.0,42.776062,14.661549
378A,-0.373,1.0,0.37536055,0.21558917,0.0,255.0,83.57191,44.525238,33.0,255.0,134.7271,25.70024,0.0,255.0,81.090385,24.59378
378B,-0.22443044,0.944503,0.7420559,0.22606727,0.0,255.0,36.893513,36.45605,9.0,255.0,126.158905,23.886106,0.0,246.0,73.83338,23.10706
379A,0.60173965,0.923884,0.8475225,0.019533701,13.0,84.0,30.22403,10.238497,72.0,202.0,147.2046,12.252739,0.0,150.0,93.630714,12.160256
379B,0.56045425,0.9222435,0.8467844,0.0175672,13.0,77.0,30.036774,10.341046,88.0,194.0,146.8297,9.803823,35.0,135.0,93.422935,10.074662
37A,-0.013752456,0.9167424,0.7286431,0.09922431,9.0,255.0,43.663525,18.336899,31.0,255.0,113.844086,33.344856,0.0,181.0,54.040558,29.800816
37B,0.04154124,0.8989424,0.7346591,0.094231784,11.0,152.0,44.41817,17.639595,10.0,255.0,112.63877,39.11955,0.0,179.0,47.960506,34.860867
380A,-0.668175,0.90163934,0.4650219,0.14237279,6.0,255.0,53.27988,22.616571,0.0,204.0,104.39307,17.481144,0.0,127.0,50.913086,17.097872
380B,-0.48210526,0.73297966,0.43651122,0.07463392,8.0,227.0,52.890774,18.0595,6.0,188.0,103.61875,14.528093,0.0,127.0,49.98401,13.918263
381A,-0.29521587,0.890162,-0.029316664,0.12858236,19.0,255.0,97.996155,29.182827,0.0,255.0,50.947723,25.079798,0.0,148.0,4.5452576,17.279322
381B,-0.23131673,0.2,-0.029514091,0.039868135,42.0,136.0,84.36927,12.368883,0.0,77.0,41.261234,9.401554,0.0,1.0,3.8146973e-06,0.0019531212
382A,-0.37967214,0.9126532,0.4358214,0.1821439,13.0,255.0,66.307625,25.608376,13.0,255.0,140.48763,25.035383,0.0,255.0,82.62728,22.100834
382B,-0.46001467,0.92870903,0.4224515,0.23532361,11.0,255.0,63.136566,28.188019,0.0,255.0,133.05644,32.20483,0.0,255.0,76.12376,28.227741
383A,0.056236785,0.93475175,0.7893795,0.110737495,2.0,216.0,27.11583,15.217702,1.0,255.0,143.48553,36.059586,0.0,194.0,87.96096,32.731956
383B,-0.10901287,0.9138354,0.6879569,0.15288588,3.0,255.0,35.155483,20.120802,28.0,244.0,139.00331,24.721436,0.0,181.0,84.35468,22.3104
384A,-0.044994377,0.8870172,0.66445976,0.13204807,3.0,255.0,32.86555,19.967384,50.0,255.0,132.52644,13.726594,0.0,216.0,78.403046,13.822459
384B,0.09456834,0.877712,0.61445403,0.16733745,0.0,255.0,39.99777,28.245285,16.0,176.0,130.72472,13.622542,0.0,130.0,74.52978,16.132967
385A,-0.1357868,0.87564504,0.5235279,0.13510601,16.0,244.0,58.867615,23.095942,15.0,255.0,116.14508,17.088757,0.0,163.0,62.105774,18.70914
385B,-0.22451384,0.88641447,0.49139017,0.14883585,17.0,255.0,63.904083,26.339281,0.0,255.0,116.23303,18.662535,0.0,179.0,61.89494,20.893322
386A,-0.17780383,0.89248747,0.5750421,0.12168064,10.0,255.0,48.670315,17.935604,0.0,228.0,101.57601,19.448679,0.0,118.0,49.29124,16.311703
386B,-0.21034181,0.8753983,0.57591116,0.08435587,8.0,255.0,47.256496,16.51024,0.0,203.0,106.74767,13.391952,0.0,119.0,50.923206,14.473613
387A,0.14048503,0.6606579,0.3012953,0.0485692,21.0,201.0,64.40278,18.768122,66.0,142.0,101.44168,8.389832,0.0,97.0,25.919378,14.042068
387B,0.14098361,0.6661562,0.3603062,0.05913183,21.0,189.0,61.567978,15.95691,47.0,148.0,96.47955,9.75402,0.0,103.0,21.730204,14.714258
388A,0.12636817,0.71896124,0.40692872,0.05193759,24.0,255.0,63.851807,19.989363,52.0,148.0,102.89728,10.633711,0.0,110.0,54.70851,12.771219
388B,0.08691099,0.6943931,0.41947085,0.05064118,25.0,255.0,61.41942,17.00352,42.0,147.0,100.78473,12.1523285,0.0,112.0,54.36791,14.617916
389A,-0.028590316,0.8185964,0.25124943,0.069653004,29.0,255.0,77.364044,18.90983,25.0,255.0,114.08826,21.073126,0.0,161.0,61.557602,26.111958
389B,0.0061108684,0.79683375,0.2861597,0.08960556,30.0,254.0,77.69312,20.113363,41.0,255.0,116.679375,18.335922,0.0,144.0,66.67278,21.30054
38A,-0.23320994,0.8873639,0.3869565,0.1968326,13.0,255.0,73.86468,38.406174,1.0,184.0,106.06222,27.066343,0.0,133.0,48.275192,33.746204
38B,-0.30946773,0.89279115,0.43186206,0.16753611,13.0,255.0,68.662224,36.81817,14.0,185.0,113.76725,24.52379,0.0,132.0,58.117992,29.757423
390A,-0.1837037,0.77868855,0.513428,0.121260166,37.0,198.0,69.74212,16.79087,24.0,255.0,125.08014,16.52932,0.0,187.0,68.26235,18.944387
390B,-0.15226337,0.7809868,0.4902666,0.1593491,35.0,227.0,70.24914,23.3305,48.0,255.0,133.52776,21.53462,0.0,255.0,76.68948,24.926971
391A,0.040383298,0.67129093,0.2616265,0.11537006,60.0,255.0,117.83445,34.651386,0.0,183.0,50.3985,19.097345,0.0,89.0,1.248558,5.846209
391B,-0.030718597,0.68183374,0.14026326,0.11597396,60.0,248.0,140.50706,32.00615,0.0,211.0,80.47666,27.837666,0.0,131.0,17.936085,24.226242
392A,0.09141083,0.9340146,0.5987662,0.1839003,5.0,244.0,40.371204,17.764395,71.0,185.0,128.30174,15.15787,0.0,133.0,73.740746,17.081974
392B,-0.101983,0.9368421,0.67906207,0.1908048,3.0,203.0,36.55985,18.696535,68.0,189.0,134.09622,16.112406,10.0,134.0,81.10672,16.524685
393A,-0.09470217,0.87277085,0.6357853,0.16778979,14.0,230.0,45.824707,17.189598,18.0,255.0,133.83037,29.731503,0.0,196.0,82.94395,29.639212
393B,-0.03837472,0.87234044,0.6187074,0.16570255,14.0,240.0,46.804913,18.113932,12.0,255.0,137.44527,32.585136,0.0,216.0,85.10978,31.955849
394A,0.09927898,0.89611125,0.45571807,0.17112844,13.0,255.0,72.3254,40.535435,49.0,183.0,126.54446,16.689613,0.0,132.0,74.44253,18.404663
394B,-0.07167765,0.9270971,0.48436353,0.17276107,12.0,255.0,64.95626,31.36488,48.0,182.0,128.72916,16.134697,0.0,125.0,77.05364,18.266413
395A,-0.30211586,0.8173329,0.45682734,0.1642611,31.0,255.0,64.47393,18.961477,0.0,255.0,138.22664,25.017565,0.0,255.0,77.57779,21.286207
395B,-0.36994755,0.83952093,0.32819653,0.24898395,31.0,255.0,75.53915,21.855831,0.0,255.0,139.21906,44.154915,0.0,255.0,70.67056,29.722507
396A,-0.048101265,0.9246241,0.5889256,0.16474864,3.0,255.0,50.043224,28.2984,21.0,255.0,125.889824,29.468903,0.0,196.0,81.38282,26.513006
396B,-0.1007752,0.9279373,0.5589407,0.17438278,8.0,255.0,54.619415,32.0374,21.0,254.0,136.77649,30.708288,0.0,182.0,89.26516,26.985043
397A,-0.5648086,0.9100935,0.6135968,0.1727854,1.0,255.0,46.81483,28.566795,0.0,255.0,107.0787,16.319248,0.0,200.0,53.028614,19.14044
397B,-0.65178573,0.9380513,0.5956465,0.20118064,0.0,255.0,46.463696,30.933937,0.0,255.0,113.79252,23.929134,0.0,255.0,54.322113,21.348776
398A,-0.5625486,0.8755123,0.54022145,0.4972153,20.0,255.0,46.667145,33.806976,0.0,203.0,120.57852,52.89425,0.0,143.0,74.057594,40.316437
398B,-0.54418606,0.8863774,0.6997076,0.33097628,19.0,255.0,38.134647,13.737556,0.0,202.0,138.05551,34.32869,0.0,146.0,86.78414,28.311604
399A,-0.5752009,-0.06719368,-0.4171087,0.05962565,29.0,130.0,80.80259,23.637165,10.0,107.0,65.9804,10.331724,0.0,31.0,0.6031914,2.071308
399B,-0.56914896,-0.009259259,-0.35372943,0.06397446,26.0,149.0,73.79684,23.635132,0.0,105.0,66.13138,10.401501,0.0,32.0,0.5921478,2.0688214
39A,-0.42610836,0.91641337,0.69953644,0.17743981,10.0,255.0,42.670776,21.35037,28.0,216.0,138.47087,15.284675,0.0,163.0,84.112976,15.613281
39B,-0.30232558,0.925983,0.65577114,0.17583191,12.0,255.0,53.763836,25.898933,54.0,235.0,135.12848,12.406405,0.0,147.0,81.310234,13.163534
3A,0.08960915,0.7987041,0.48230094,0.09491263,16.0,221.0,62.532063,23.960321,49.0,146.0,102.63096,11.4362335,0.0,100.0,54.574657,13.4667425
3B,0.08263836,0.79236436,0.4445767,0.06481467,18.0,254.0,66.03675,23.783821,41.0,149.0,95.913124,10.302581,0.0,108.0,47.29131,12.281598
400A,-0.036,0.9037381,0.8078337,0.049431797,11.0,63.0,25.152964,6.470307,11.0,209.0,146.90944,13.922419,0.0,148.0,90.639565,13.291698
400B,0.20651466,0.9020595,0.7943228,0.09089294,10.0,75.0,26.498007,9.491628,54.0,210.0,143.5605,16.238756,7.0,149.0,87.227806,14.898163
401A,-0.065514535,0.6620884,0.26572037,0.09271326,24.0,255.0,118.40804,53.66693,3.0,246.0,112.83633,21.409771,0.0,154.0,57.670624,25.361923
401B,0.00040436717,0.76356405,0.2564488,0.09047994,20.0,255.0,135.19037,56.889782,22.0,255.0,114.93984,24.156057,0.0,155.0,57.022594,24.736408
402A,0.03311258,0.7133106,0.57087994,0.059585154,32.0,181.0,52.452663,10.733516,62.0,170.0,132.92345,10.186178,5.0,122.0,84.92248,13.334272
402B,-0.18023787,0.7298736,0.50059867,0.08091214,28.0,255.0,60.249176,18.011187,6.0,167.0,123.999245,12.2163105,0.0,121.0,71.38349,16.788855
403A,0.023956195,0.922528,0.69960654,0.14472394,8.0,242.0,53.022125,23.13328,55.0,255.0,120.06378,15.164705,0.0,147.0,63.838436,19.962257
403B,-0.123438284,0.9277318,0.6204967,0.18690392,8.0,230.0,58.431305,25.10699,0.0,255.0,117.717834,16.810358,0.0,198.0,62.166027,20.226978
404A,0.100488484,0.8730953,0.35380897,0.1321137,13.0,231.0,73.200325,26.579145,20.0,246.0,90.63104,14.131156,0.0,150.0,23.221365,18.631577
404B,0.10413774,0.9145558,0.37597674,0.22576205,7.0,255.0,70.78446,27.0719,20.0,189.0,90.84228,15.297966,0.0,113.0,13.2474785,15.280061
405A,-0.14139694,0.92535836,0.7441141,0.11616439,8.0,255.0,37.152264,16.678656,11.0,206.0,123.09567,16.70445,0.0,131.0,71.55725,16.103567
405B,-0.47448522,0.92898273,0.70255744,0.17617753,9.0,255.0,37.769844,18.38968,12.0,231.0,126.83628,15.208528,0.0,127.0,74.22083,14.737252
406A,0.041830532,0.7259336,0.3066346,0.08167609,29.0,255.0,82.34635,32.839836,30.0,249.0,117.031006,24.087982,0.0,166.0,62.70462,27.840685
406B,-0.04196134,0.78618544,0.27258497,0.07055357,20.0,255.0,86.46076,27.932,26.0,207.0,106.986275,19.531944,0.0,135.0,51.279743,24.133644
407A,0.45083487,0.92494136,0.8655702,0.021908078,5.0,65.0,21.943481,8.561242,64.0,205.0,146.73732,9.810986,14.0,159.0,92.855385,9.828134
407B,0.41032815,0.92913693,0.8696071,0.020623857,6.0,78.0,21.22113,8.273232,60.0,208.0,147.01515,12.014025,1.0,159.0,93.41273,11.855303
408A,0.07884465,0.93400824,0.67975324,0.10450518,0.0,212.0,33.805496,17.382505,5.0,255.0,101.205605,23.792946,0.0,155.0,50.664295,27.229202
408B,-0.16937356,0.9401319,0.6642158,0.11571877,0.0,255.0,40.483273,19.29749,6.0,255.0,99.985756,20.338268,0.0,156.0,47.945667,22.39675
409A,0.07047872,0.7204161,0.24946952,0.083968766,30.0,246.0,91.26312,29.793032,23.0,217.0,117.883026,18.391575,0.0,151.0,63.468616,21.60483
409B,-0.0017211704,0.83635473,0.2691064,0.08365158,25.0,255.0,94.77755,32.763786,29.0,223.0,116.90307,18.587765,0.0,153.0,62.898666,23.03438
40A,-0.24007061,0.93583274,0.6900251,0.16458748,8.0,255.0,48.666645,22.99584,0.0,255.0,94.62006,21.018446,0.0,237.0,34.07864,24.831469
40B,-0.21196188,0.94717485,0.7210587,0.17890207,7.0,255.0,43.636387,25.704954,0.0,255.0,91.74331,19.491098,0.0,241.0,33.828606,21.685991
410A,0.13602391,0.907761,0.83293116,0.020954257,10.0,104.0,26.131628,7.3144155,69.0,187.0,142.7812,9.912642,17.0,136.0,89.05957,9.964882
410B,0.15148655,0.90686274,0.83137524,0.027887762,11.0,153.0,26.181467,7.458539,65.0,188.0,143.56908,10.050951,9.0,138.0,89.275475,10.103257
411A,0.19268486,0.825,0.5086112,0.06867938,18.0,133.0,50.936573,13.619157,85.0,164.0,122.47506,8.249051,28.0,113.0,75.67306,8.756384
411B,0.16142558,0.8385022,0.5623603,0.070593014,16.0,131.0,47.530445,12.607533,78.0,165.0,123.34262,8.39041,8.0,117.0,75.972176,9.182333
412A,0.03605381,0.7369116,0.35767034,0.08597367,11.0,243.0,55.547848,19.206007,48.0,210.0,112.36823,14.716811,0.0,122.0,57.547283,12.766144
412B,-0.14362416,0.7471704,0.33832896,0.09182907,6.0,255.0,63.082363,25.689577,54.0,201.0,113.185486,14.727653,0.0,125.0,56.98112,13.513806
413A,-0.08730916,0.9996678,0.27503428,0.14485219,0.0,255.0,138.64418,47.750275,35.0,255.0,93.69513,14.529131,0.0,115.0,12.021107,11.5904
413B,0.01754386,0.99952257,0.32515508,0.13560922,0.0,255.0,115.04947,37.970802,36.0,175.0,96.65072,11.33573,0.0,95.0,14.73835,10.639146
414A,-0.48810458,0.941233,0.7116872,0.11616869,3.0,255.0,33.782215,15.701372,37.0,217.0,124.2503,14.883626,0.0,149.0,72.419525,14.557713
414B,0.13253845,0.9327589,0.7265478,0.113727205,3.0,213.0,30.465536,14.103053,14.0,199.0,121.54006,16.810238,0.0,144.0,70.71342,15.917543
415A,0.2082703,0.7069243,0.4879356,0.06197601,24.0,120.0,44.778946,9.033021,58.0,158.0,117.064766,11.283917,0.0,106.0,63.187267,13.253249
415B,0.19326684,0.74343807,0.51064277,0.06442204,24.0,117.0,44.879536,9.494117,64.0,156.0,117.15908,10.39931,0.0,104.0,62.67066,11.909688
416A,-0.487228,0.8710426,0.62083316,0.14964816,11.0,255.0,38.99898,15.27945,6.0,192.0,133.2714,14.676875,0.0,134.0,80.8325,15.070412
416B,-0.3845209,0.88418996,0.7019283,0.1189814,11.0,249.0,32.051502,12.324562,52.0,203.0,136.19649,13.070129,0.0,153.0,83.45642,12.804109
417A,-0.27439532,0.881495,0.631408,0.25123835,20.0,255.0,58.694614,25.506384,0.0,246.0,117.60668,27.30637,0.0,205.0,50.734253,24.164692
417B,-0.2583288,0.88456124,0.58331156,0.2522591,19.0,255.0,63.914234,28.28388,0.0,255.0,119.087685,28.695547,0.0,216.0,55.999706,24.657612
418A,0.12796998,0.91601187,0.78379446,0.11283949,9.0,255.0,32.869633,16.460321,81.0,186.0,144.16034,9.3595,14.0,130.0,92.504395,9.1604595
418B,-0.32901135,0.92578614,0.706121,0.13305943,10.0,255.0,43.444286,19.619871,64.0,255.0,139.79381,10.063301,13.0,164.0,88.71104,10.577887
419A,0.04804805,0.78844863,0.41313356,0.07275699,17.0,255.0,50.610546,16.54913,59.0,197.0,130.19649,9.645681,0.0,126.0,85.908485,11.317908
419B,0.14268367,0.7553412,0.46337748,0.061686896,18.0,186.0,47.821888,15.231797,82.0,196.0,132.9875,7.6328583,23.0,120.0,87.89384,8.08814
41A,-0.28370222,0.94744974,0.71389055,0.22314444,3.0,255.0,40.326466,29.136244,0.0,255.0,105.323,17.333006,0.0,223.0,46.618423,18.098276
41B,-0.109619685,0.955109,0.59124464,0.2833945,0.0,255.0,53.777157,37.34296,0.0,255.0,115.38745,22.621773,0.0,202.0,57.507275,23.012575
420A,-0.01706137,0.8776772,0.6629865,0.0943137,0.0,255.0,37.797993,12.230548,50.0,224.0,139.50188,12.110276,0.0,185.0,87.763855,11.123252
420B,0.29647058,0.8672249,0.71202326,0.050961375,12.0,102.0,32.585636,8.585307,76.0,192.0,144.75627,10.102517,19.0,135.0,89.17456,9.914104
421A,0.073191136,0.8809025,0.5502434,0.29257622,16.0,218.0,60.993946,39.19076,30.0,175.0,115.54568,28.229027,0.0,123.0,59.411648,36.51564
421B,-0.31260794,0.8869524,0.55495274,0.28293243,15.0,249.0,54.362534,32.934193,11.0,189.0,117.11441,28.81128,0.0,135.0,61.98962,34.175667
422A,-0.99402094,0.99852014,0.4048931,0.19777225,0.0,255.0,57.934994,39.08012,0.0,255.0,117.86971,25.32084,0.0,223.0,64.30077,23.971104
422B,-0.66368157,0.99393654,0.48838884,0.2141561,0.0,255.0,53.927235,35.989838,35.0,255.0,121.46851,20.083237,0.0,255.0,67.28852,19.812187
423A,-0.056,0.98989433,0.45043516,0.2461966,0.0,255.0,88.95743,48.075817,0.0,177.0,93.1244,19.656908,0.0,106.0,35.860508,22.990862
423B,-1.0,0.9804611,0.40511322,0.23619175,0.0,255.0,92.63882,46.98408,0.0,180.0,93.74674,18.91852,0.0,110.0,32.51131,22.362692
424A,-0.1801141,0.88435614,0.32516283,0.17979252,15.0,255.0,91.68571,43.02599,3.0,255.0,120.72869,17.361025,0.0,154.0,56.291718,23.06728
424B,-0.27617148,0.86703795,0.3221525,0.14204021,14.0,255.0,98.72692,42.655773,29.0,255.0,117.70294,25.474823,0.0,255.0,54.810055,27.583488
425A,-0.23231018,0.99729854,0.7409543,0.15200028,0.0,255.0,29.687098,19.999838,25.0,255.0,129.6273,25.318394,0.0,172.0,75.66813,23.554379
425B,-1.0,1.0,0.69786894,0.23304828,0.0,255.0,30.311035,21.35226,0.0,255.0,124.75266,26.831432,0.0,163.0,70.12873,23.563826
426A,-0.19730185,0.84643734,0.3753994,0.1701873,9.0,255.0,70.22428,30.898203,9.0,246.0,100.370544,18.723242,0.0,150.0,34.048786,30.104034
426B,-0.06417112,0.87303853,0.33622736,0.18167983,16.0,255.0,78.80718,35.286716,57.0,176.0,103.51548,12.163468,0.0,100.0,24.832718,24.122286
427A,-0.42502388,0.9085598,0.59046173,0.18369633,1.0,255.0,43.96675,25.43612,0.0,255.0,123.27534,35.060474,0.0,247.0,70.24937,30.500643
427B,0.046065807,0.9137069,0.563121,0.18796428,0.0,255.0,49.035614,28.540735,0.0,248.0,116.990234,35.050533,0.0,195.0,62.06544,31.386026
428A,0.01843318,1.0,0.51386565,0.1288295,0.0,193.0,46.593075,24.34929,0.0,255.0,104.86209,17.993526,0.0,232.0,37.052937,17.528137
428B,0.08675799,1.0,0.49240202,0.112398595,0.0,168.0,50.661564,24.110224,0.0,197.0,98.55247,17.039143,0.0,111.0,32.756367,18.279959
429A,-0.9986842,0.9991154,-0.02245679,0.22872151,0.0,255.0,38.64122,52.383858,0.0,183.0,51.522034,10.948182,0.0,94.0,0.92661667,6.7332034
429B,-0.9953917,0.99944997,0.22103114,0.35050783,0.0,255.0,44.35964,51.24706,0.0,189.0,76.34601,32.65247,0.0,116.0,24.956367,30.996853
42A,-0.085893415,0.76092774,0.56885695,0.072402775,8.0,201.0,28.533974,9.945298,29.0,142.0,100.16839,9.47025,0.0,97.0,52.52594,10.224357
42B,0.13594581,0.778664,0.55546546,0.06646474,6.0,174.0,29.584284,9.359217,53.0,142.0,99.1092,9.760814,0.0,94.0,50.814457,10.5377655
430A,-0.35893416,0.93773824,0.61489797,0.11500914,1.0,241.0,42.611797,19.220026,24.0,180.0,128.03616,11.973199,0.0,121.0,82.03532,11.654901
430B,-0.1118061,0.8717637,0.6511214,0.07812013,3.0,161.0,32.59375,11.167409,63.0,182.0,130.19572,9.907606,3.0,119.0,83.184975,9.288589
431A,-1.0,1.0,0.5639226,0.2079519,0.0,255.0,41.138073,27.08832,0.0,246.0,116.72726,29.867067,0.0,151.0,52.69911,27.151323
431B,-1.0,1.0,0.596743,0.1901057,0.0,233.0,39.09574,22.20683,0.0,235.0,111.16509,34.01646,0.0,149.0,50.69372,28.78812
432A,-0.60883975,0.87596536,0.37849125,0.22133657,13.0,255.0,82.50183,35.942726,0.0,255.0,93.96714,22.337366,0.0,254.0,11.76907,22.560722
432B,-0.5181195,0.8867661,0.27795216,0.19832641,12.0,255.0,95.39568,40.44968,0.0,255.0,109.25177,31.728157,0.0,255.0,21.838425,30.48487
433A,-0.5086705,0.8756757,0.3091328,0.42002344,16.0,255.0,50.58456,25.259928,0.0,218.0,98.410675,47.313107,0.0,136.0,53.00618,36.662624
433B,-0.31412104,0.8874904,0.60804164,0.13703716,15.0,236.0,52.293636,19.443933,0.0,228.0,131.21812,16.072643,0.0,155.0,79.74624,15.920931
434A,-0.115466855,0.90196645,0.51409113,0.22545843,0.0,255.0,71.36419,35.262276,0.0,255.0,134.70331,24.317902,0.0,255.0,69.635216,17.802029
434B,-0.116100065,0.893256,0.5123641,0.21041282,13.0,255.0,68.06876,31.933983,30.0,255.0,132.72255,22.77191,0.0,255.0,66.068825,20.74689
435A,0.026646556,0.87775385,0.50763345,0.13234939,15.0,255.0,61.763775,20.1239,35.0,255.0,124.894615,17.50149,0.0,143.0,75.85642,18.071795
435B,-0.30643126,0.8908018,0.5421269,0.1593786,14.0,255.0,56.37852,21.050034,34.0,255.0,128.02055,18.430248,0.0,209.0,78.582375,19.112118
436A,-0.9862543,0.9705882,0.7831224,0.13848218,0.0,252.0,25.905716,15.552027,5.0,255.0,145.19643,31.858574,0.0,255.0,89.456535,29.629368
436B,-0.99604744,0.99635035,0.71424544,0.20198354,0.0,255.0,31.524176,21.035376,8.0,255.0,150.07088,27.443901,0.0,255.0,93.43449,26.90317
437A,0.06364429,0.95856875,0.46723914,0.14252363,0.0,255.0,53.131725,24.751476,44.0,238.0,138.0005,24.451147,0.0,177.0,87.91391,24.805317
437B,0.04014273,0.97040904,0.38471293,0.1404555,0.0,255.0,59.675037,27.460476,35.0,254.0,131.83183,23.04435,0.0,171.0,80.05913,23.556007
438A,-0.4571204,0.9129813,0.6890378,0.18198897,14.0,255.0,51.610462,23.281286,0.0,255.0,117.03314,17.28873,0.0,126.0,55.05238,17.810823
438B,-0.9122257,0.9278913,0.64811265,0.30834126,11.0,255.0,49.791203,22.29838,0.0,255.0,112.198006,27.145573,0.0,185.0,52.2836,21.365099
439A,-0.22201139,0.88919526,0.45194328,0.16244532,9.0,255.0,66.17962,31.96684,27.0,255.0,128.78676,27.164211,0.0,176.0,73.67698,30.089685
439B,-0.23859648,0.89101917,0.45159632,0.17757358,11.0,255.0,66.81349,35.479576,24.0,216.0,123.95164,23.324,0.0,158.0,68.866234,26.576513
43A,-0.29740793,0.8726214,0.49327284,0.14475398,20.0,255.0,70.60668,26.169973,0.0,255.0,88.833885,20.81281,0.0,186.0,29.992823,25.64786
43B,-0.3377157,0.9046853,0.43468827,0.2114406,20.0,255.0,79.239586,30.68551,0.0,255.0,83.324425,17.808056,0.0,203.0,16.103733,20.424074
440A,0.50905067,0.9104478,0.818446,0.034929026,12.0,85.0,27.568113,6.9686704,76.0,197.0,144.45885,13.086741,26.0,139.0,90.97381,12.688369
440B,-0.25403568,0.9075186,0.8085135,0.07520248,10.0,162.0,29.144018,10.419766,46.0,211.0,144.31502,14.272779,0.0,143.0,91.04421,13.9122305
441A,0.047006432,0.8545455,0.5072658,0.107549265,12.0,255.0,65.16442,23.066347,49.0,204.0,111.89026,14.253606,0.0,125.0,57.628178,13.847237
441B,0.08052588,0.84729797,0.5424571,0.09631805,10.0,225.0,58.48276,19.50436,53.0,216.0,117.34815,20.143112,0.0,153.0,62.979237,17.975185
442A,-0.37014925,0.8878261,0.6253112,0.1758352,20.0,255.0,49.58537,17.964663,0.0,255.0,138.36932,25.874748,0.0,227.0,79.17092,22.215492
442B,-0.0057142857,0.90997875,0.7013916,0.13980001,16.0,255.0,43.849216,16.13571,11.0,255.0,144.01045,16.343914,0.0,225.0,84.46056,15.175136
443A,-0.2166998,0.8593272,0.61713064,0.08569383,9.0,126.0,50.918213,13.05191,17.0,190.0,101.83295,12.893812,0.0,115.0,31.715261,16.003952
443B,0.11392405,0.87975043,0.60518765,0.08407421,7.0,168.0,51.465668,13.034797,45.0,255.0,103.6185,13.950406,0.0,110.0,32.469578,16.229893
444A,-0.16042481,0.86133766,0.18266293,0.10644135,14.0,255.0,119.34851,45.91617,29.0,255.0,107.861534,19.906706,0.0,161.0,35.519314,22.398561
444B,-0.13586956,0.82545286,0.17772889,0.08719959,6.0,255.0,120.57673,45.899582,30.0,255.0,109.429504,19.854782,0.0,189.0,36.43313,22.315931
445A,0.099345624,0.8,0.48639634,0.11174361,32.0,255.0,84.06207,24.965511,9.0,196.0,81.16928,20.960363,0.0,88.0,10.044235,13.279541
445B,0.09675498,0.7649635,0.49225086,0.07777882,39.0,255.0,86.476715,22.093489,12.0,185.0,87.03363,17.602213,0.0,90.0,15.346241,15.266575
446A,-0.3193138,0.8953122,0.7160859,0.097369276,11.0,210.0,39.966583,14.972148,27.0,194.0,135.50679,13.896518,0.0,135.0,85.114296,12.091673
446B,-0.33333334,0.91560054,0.72113836,0.10674593,11.0,218.0,40.697186,15.801802,36.0,200.0,138.06252,12.9720955,0.0,142.0,87.896904,12.42039
447A,-0.078431375,0.9039029,0.30767685,0.14082576,13.0,255.0,110.47565,43.021053,1.0,255.0,85.94858,25.866493,0.0,155.0,22.633627,24.356617
447B,-0.02027027,0.8861828,0.3796242,0.13142851,15.0,255.0,95.66079,39.4143,19.0,213.0,95.60732,20.664698,0.0,118.0,37.484104,24.603243
448A,-1.0,1.0,0.35269177,0.18113592,0.0,255.0,59.125187,20.007233,0.0,254.0,125.782166,30.26497,0.0,160.0,34.758213,24.1042
448B,-1.0,1.0,0.33106938,0.2193101,0.0,172.0,54.60257,20.70496,0.0,253.0,117.15496,28.196367,0.0,144.0,24.939743,21.289703
449A,0.03587206,0.7566995,0.29074657,0.12165032,33.0,253.0,72.09095,20.744911,31.0,255.0,106.33579,16.272757,0.0,136.0,42.332775,22.350775
449B,0.08567775,0.8547511,0.3041628,0.11817894,27.0,216.0,73.58115,21.378805,41.0,231.0,106.46317,14.747936,0.0,136.0,44.50923,21.188255
44A,0.021656927,0.8771006,0.4299776,0.11293122,6.0,255.0,65.29055,22.031261,23.0,235.0,119.49798,23.201902,0.0,158.0,65.278046,21.369953
44B,-0.36787564,0.8495667,0.3071077,0.09421525,0.0,255.0,79.93399,28.305033,0.0,238.0,105.20695,23.510653,0.0,158.0,42.54391,23.418365
450A,0.1056876,0.8425752,0.53406477,0.11452713,10.0,246.0,49.05365,21.05198,57.0,225.0,122.931526,11.387043,0.0,117.0,71.88779,11.558076
450B,-0.13777778,0.8354387,0.5178374,0.10767912,10.0,255.0,47.949757,20.022604,60.0,224.0,122.05665,11.776188,0.0,119.0,71.39391,11.643595
451A,-0.028266456,0.9081058,0.62352777,0.21033087,10.0,255.0,47.595745,28.207876,29.0,195.0,122.21169,22.964191,0.0,141.0,69.53937,26.386278
451B,0.05536723,0.88692176,0.7001602,0.20076317,11.0,255.0,38.589046,24.74938,25.0,188.0,128.98369,21.415867,0.0,147.0,77.13851,25.569813
452A,-0.3654267,0.87972724,0.59533995,0.12551476,5.0,128.0,47.090275,16.359556,0.0,201.0,97.95919,18.3084,0.0,122.0,27.382607,25.661325
452B,-0.27212572,0.83830994,0.5822281,0.07620725,7.0,152.0,49.829224,13.447094,0.0,158.0,93.46902,13.019906,0.0,102.0,19.292248,13.753064
453A,0.052950077,0.96346647,0.8383688,0.11615979,0.0,245.0,20.918076,13.171379,35.0,211.0,135.1161,23.259243,0.0,152.0,80.82578,22.71252
453B,0.055505704,0.9663444,0.8706782,0.065467566,0.0,252.0,18.452662,9.761044,29.0,228.0,135.12459,24.611055,0.0,164.0,81.22884,24.005749
454A,0.6664223,0.9234366,0.84890646,0.020192537,8.0,61.0,23.77316,7.6167736,78.0,193.0,148.4553,10.38601,28.0,138.0,94.77026,10.460202
454B,0.6229508,0.925192,0.84916985,0.020235233,8.0,63.0,23.17156,7.4738812,82.0,197.0,148.33754,11.002062,22.0,138.0,94.44239,11.019831
455A,-0.5633653,0.8421268,0.34948283,0.12482841,22.0,255.0,70.67035,25.268276,9.0,255.0,126.618614,23.679705,0.0,215.0,62.5578,22.391258
455B,-0.38743454,0.8074928,0.45559627,0.12890165,21.0,200.0,61.16869,21.54873,0.0,255.0,130.8844,20.392878,0.0,159.0,72.67121,22.020947
456A,0.113563895,0.7665222,0.44195464,0.113316715,23.0,195.0,67.58915,18.65782,66.0,167.0,125.63904,11.67853,0.0,117.0,68.66897,13.988971
456B,0.11631632,0.7914732,0.50071996,0.1079175,21.0,193.0,65.84107,18.950964,60.0,168.0,127.2576,10.942586,0.0,116.0,70.01302,12.456522
457A,-0.697479,0.89046943,0.3645754,0.2810525,6.0,201.0,61.25061,36.03812,0.0,176.0,101.97164,25.639526,0.0,124.0,44.720592,26.151651
457B,-0.44246355,0.925494,0.4900797,0.16094336,5.0,240.0,60.235584,26.665411,0.0,184.0,107.09847,17.687872,0.0,117.0,49.436184,20.870256
458A,-0.25960785,0.85780466,0.28506327,0.10969681,25.0,255.0,100.560875,39.908257,16.0,255.0,120.890076,21.029993,0.0,180.0,68.69234,24.543026
458B,-0.19432314,0.8545821,0.33912808,0.15344295,25.0,255.0,95.470764,40.326077,0.0,242.0,123.6152,19.632494,0.0,139.0,71.12211,22.382282
459A,-0.60670125,0.88413644,0.12073704,0.3022131,8.0,255.0,32.575092,23.39814,0.0,188.0,64.93061,42.027782,0.0,128.0,21.80204,37.99456
459B,-0.32163742,0.1941032,-0.07043293,0.049327258,9.0,44.0,20.080986,6.333851,0.0,79.0,34.62373,10.227823,0.0,0.0,0.0,0.0
45A,-0.5166932,0.8810158,0.35770774,0.1763258,9.0,253.0,70.2861,19.675867,22.0,255.0,124.374794,11.0673065,0.0,150.0,53.55922,15.682487
45B,-0.54938954,0.86247706,0.45958567,0.18364385,9.0,255.0,59.563126,20.659233,4.0,255.0,124.60504,13.436907,0.0,203.0,60.42751,16.270048
460A,-0.48657498,0.8416085,0.34388173,0.101803385,17.0,255.0,73.73843,30.28393,12.0,185.0,87.96444,13.969747,0.0,97.0,28.11457,17.623392
460B,-0.31940538,0.88737655,0.30952996,0.117567755,0.0,255.0,88.71216,39.040337,0.0,168.0,88.40835,15.139558,0.0,100.0,25.007965,18.327671
461A,-0.62326014,0.81924576,0.43129766,0.066726595,0.0,234.0,57.8049,21.590923,0.0,163.0,98.744026,11.049321,0.0,108.0,50.378235,12.644733
461B,-0.43484226,0.7633937,0.42344758,0.05357407,9.0,153.0,56.227398,20.876196,37.0,144.0,99.19936,10.798394,0.0,93.0,50.716675,12.076992
462A,-0.45325443,0.75918365,0.25739193,0.13108616,4.0,255.0,69.0292,34.210487,0.0,255.0,93.94818,26.044449,0.0,255.0,27.499466,23.08622
462B,-0.25056434,0.75746924,0.29712287,0.04527827,5.0,244.0,65.340004,17.249777,0.0,175.0,70.023926,17.111298,0.0,109.0,8.9316025,14.964978
463A,0.09828508,0.8896079,0.39513066,0.12181871,0.0,216.0,60.148945,21.431393,18.0,214.0,108.22103,13.910876,0.0,104.0,40.306877,17.693731
463B,-0.009880029,0.98924345,0.49846858,0.16877319,0.0,255.0,52.500244,20.686325,17.0,255.0,108.83175,12.988239,0.0,109.0,44.90157,15.127687
464A,-0.26901874,0.9616719,0.47890675,0.15606768,9.0,255.0,66.371544,25.059103,16.0,236.0,112.64151,19.672562,0.0,135.0,47.5148,20.360067
464B,-0.39977688,0.9739296,0.47987795,0.17803979,6.0,255.0,68.939354,31.349066,17.0,255.0,112.250114,18.057129,0.0,245.0,53.109913,18.229193
465A,-0.09247696,0.9042844,0.767576,0.08760166,4.0,255.0,39.627747,15.078147,0.0,255.0,123.82339,30.63243,0.0,203.0,72.54929,28.31811
465B,0.08301114,0.9040658,0.6725178,0.101085655,12.0,228.0,44.236744,14.12648,0.0,255.0,131.85756,32.384308,0.0,184.0,76.08321,27.99056
466A,-0.21621622,0.92522043,0.67830455,0.1579529,6.0,255.0,40.81911,19.631166,39.0,217.0,126.4549,17.876434,0.0,147.0,75.22034,17.587362
466B,-0.22464456,0.9299838,0.6750709,0.14693205,5.0,255.0,44.07381,21.24766,7.0,255.0,126.51585,19.58495,0.0,160.0,75.714714,18.924637
467A,0.03311258,0.8359011,0.593055,0.07725396,9.0,224.0,33.973423,11.025972,64.0,169.0,133.13957,8.23919,1.0,118.0,83.6333,8.808213
467B,-0.25766364,0.8666268,0.43862253,0.13934638,9.0,249.0,51.88827,30.387117,26.0,219.0,121.91587,17.7247,0.0,119.0,71.68861,19.861204
468A,-0.06638756,0.80754286,0.3933925,0.0917036,3.0,255.0,76.91895,26.52537,14.0,220.0,113.79535,18.877157,0.0,150.0,54.129,17.127737
468B,-0.09391222,0.8969212,0.46895987,0.10995208,0.0,255.0,67.19011,24.458826,0.0,242.0,116.71453,24.956114,0.0,164.0,59.2997,22.008163
469A,-0.003749192,0.916902,0.7792652,0.19553754,10.0,255.0,37.859653,28.19887,33.0,216.0,144.19733,17.924559,0.0,158.0,88.00922,20.575743
469B,-0.06131208,0.9171285,0.8151835,0.1094778,9.0,255.0,32.65326,16.264135,22.0,219.0,144.12646,16.007257,0.0,157.0,89.47631,15.706309
46A,0.018574992,0.91537875,0.6139791,0.12397797,7.0,255.0,57.536804,25.528727,0.0,255.0,142.564,49.58283,0.0,219.0,84.74328,41.288174
46B,-0.03725684,0.9396843,0.6432759,0.1621703,5.0,255.0,57.213367,30.851028,10.0,255.0,129.39172,34.018917,0.0,255.0,73.15266,28.735773
470A,0.56563896,0.94056886,0.8649131,0.023237439,5.0,72.0,20.019712,7.0081377,74.0,202.0,148.54356,11.361588,29.0,137.0,92.38925,11.469309
470B,0.57486135,0.9344348,0.86769944,0.020833662,5.0,68.0,19.350698,6.6797514,59.0,219.0,148.51048,13.329089,4.0,162.0,91.89416,13.087715
471A,0.061261263,0.8600933,0.45496896,0.112670206,22.0,255.0,76.77999,26.516388,0.0,158.0,56.601715,19.449339,0.0,96.0,3.0506134,9.027598
471B,0.060592785,0.8864825,0.50092006,0.12662801,22.0,255.0,71.02859,26.266731,0.0,190.0,49.188885,17.578632,0.0,80.0,1.8807716,5.628953
472A,-0.34140968,0.90504515,0.34251344,0.21369712,16.0,255.0,95.11887,49.327854,12.0,184.0,106.81342,20.946232,0.0,122.0,50.179733,25.256508
472B,-0.34889436,0.8921951,0.32232133,0.19921693,16.0,255.0,98.33822,52.99962,0.0,173.0,106.88562,22.474047,0.0,136.0,50.71712,28.153992
473A,0.55721927,0.92135626,0.8530845,0.019712338,8.0,56.0,22.695618,7.7444468,77.0,198.0,143.47353,10.180335,27.0,137.0,90.50318,10.009562
473B,0.6247456,0.91709256,0.85455257,0.020169606,6.0,60.0,21.983511,7.4005995,69.0,200.0,142.88843,12.91904,12.0,139.0,89.51464,12.377336
474A,-0.21883656,0.9378422,0.66016436,0.15494013,5.0,255.0,40.059452,20.462593,23.0,255.0,124.635826,20.328629,0.0,208.0,68.33883,20.908936
474B,-0.04765784,0.9341826,0.63917625,0.17252187,3.0,255.0,37.142902,20.839256,2.0,255.0,124.43328,24.749584,0.0,199.0,68.48436,24.830904
475A,-0.3736952,0.8964176,0.4284196,0.13275726,19.0,255.0,62.99532,26.839357,11.0,173.0,109.49707,26.300589,0.0,122.0,55.909016,31.758762
475B,-0.24441688,0.85465837,0.50074387,0.12553735,18.0,255.0,54.546253,21.64822,21.0,170.0,120.799034,21.263237,0.0,119.0,69.62803,24.692503
476A,0.12266302,0.9052504,0.5256426,0.20005457,10.0,193.0,56.653423,25.729736,22.0,242.0,116.138275,24.97644,0.0,165.0,59.592304,25.803024
476B,0.11227816,0.9207921,0.4878942,0.15708181,9.0,230.0,57.400433,26.040148,23.0,222.0,115.428734,23.195179,0.0,145.0,60.042683,23.960001
477A,0.13987672,0.94255877,0.8712945,0.04965343,8.0,154.0,23.892076,8.882077,57.0,204.0,150.02574,14.410981,11.0,149.0,94.645836,14.048991
477B,0.20502092,0.9452114,0.869192,0.045371242,8.0,124.0,24.054588,8.936319,56.0,207.0,152.04669,14.008528,0.0,148.0,96.18607,13.619104
478A,-0.2222536,0.8432836,0.4173578,0.2178975,17.0,255.0,87.50669,44.407063,15.0,255.0,117.54169,24.317745,0.0,255.0,35.723232,27.050165
478B,-0.28121138,0.908155,0.4454511,0.23698612,15.0,255.0,82.504395,43.46756,0.0,255.0,110.91978,17.215654,0.0,226.0,30.08587,22.49389
479A,-0.97037035,-0.084745765,-0.8957748,0.08581853,1.0,39.0,18.114153,11.075138,0.0,66.0,26.865486,9.443774,0.0,0.0,0.0,0.0
479B,-0.9672131,-0.07462686,-0.8751793,0.09964055,0.0,31.0,15.164748,9.397434,0.0,89.0,27.954636,9.582392,0.0,0.0,0.0,0.0
47A,-0.28154743,0.7684557,0.34660393,0.093039766,23.0,255.0,103.04534,32.558918,0.0,255.0,115.00419,18.793991,0.0,151.0,56.55422,18.429577
47B,-0.16141236,0.7832512,0.3571071,0.090361424,30.0,255.0,97.67272,32.040955,19.0,216.0,117.93442,14.9638405,0.0,141.0,59.21802,15.391511
480A,0.23406863,0.9963964,0.68459797,0.11861621,0.0,104.0,22.155182,10.031981,18.0,251.0,121.4596,25.517973,0.0,176.0,65.525826,23.515026
480B,-0.030303031,0.9652778,0.70779014,0.1102363,0.0,151.0,25.046274,11.697502,16.0,218.0,110.31836,19.068016,0.0,144.0,52.555126,19.095654
481A,-0.9444444,0.9270749,0.71432054,0.23314767,6.0,227.0,38.4969,14.220952,0.0,207.0,129.38203,19.470253,0.0,133.0,73.412315,16.197342
481B,-0.61750716,0.92991114,0.67087495,0.29973888,6.0,157.0,38.480434,14.648708,0.0,184.0,124.83036,25.921667,0.0,133.0,72.33477,19.453648
482A,0.13981043,0.88422877,0.4488269,0.0952752,7.0,153.0,54.09055,17.526936,54.0,166.0,102.889915,11.374239,0.0,101.0,44.844055,12.579263
482B,0.14878175,0.8593676,0.48385972,0.09888807,2.0,177.0,53.809387,19.00152,32.0,209.0,111.314415,18.017689,0.0,140.0,54.318096,17.572605
483A,-0.123898394,0.87646407,0.55691063,0.28214005,19.0,255.0,63.951218,44.87098,0.0,188.0,126.53006,24.06882,0.0,132.0,67.67033,31.050766
483B,-0.15441176,0.8818131,0.7152827,0.18699577,19.0,252.0,43.348904,30.033873,49.0,205.0,136.94115,19.1941,0.0,136.0,82.573395,23.291685
484A,0.058767773,0.9056604,0.7396152,0.093258016,9.0,135.0,38.830353,12.718957,0.0,240.0,124.14304,33.22082,0.0,194.0,73.851974,31.826174
484B,-0.027284538,0.90414745,0.7386991,0.13976322,9.0,255.0,37.92832,16.78438,3.0,238.0,152.47847,27.929499,0.0,186.0,97.528786,26.513636
485A,-0.14396887,0.95547533,0.35360843,0.13386896,0.0,255.0,88.35291,39.163357,18.0,255.0,95.33309,35.062206,0.0,255.0,28.603523,27.641441
485B,-0.49345306,0.844227,0.31353927,0.11576482,8.0,255.0,102.66745,53.70266,17.0,255.0,99.27744,31.547985,0.0,201.0,32.61465,28.649132
486A,-0.23997532,0.89478743,0.7129569,0.14898379,15.0,211.0,39.09636,13.978838,11.0,195.0,138.34465,16.93207,0.0,129.0,80.96555,18.079185
486B,-0.18127884,0.86979693,0.6845381,0.10922311,17.0,187.0,43.97138,13.954668,20.0,186.0,136.72252,14.078011,0.0,123.0,79.105316,15.695096
487A,-0.11093627,0.7922078,0.38996154,0.10922517,9.0,255.0,58.5677,30.68182,37.0,149.0,95.96598,10.429231,0.0,86.0,44.403103,13.053939
487B,-0.017011493,0.8013245,0.45825338,0.10508101,1.0,255.0,44.667843,23.328846,41.0,210.0,107.0951,12.013386,0.0,120.0,55.141567,10.850902
488A,-0.2982043,0.95390254,0.7437159,0.11279888,0.0,255.0,37.310116,18.19524,31.0,219.0,138.53508,16.690508,2.0,143.0,86.79949,14.287668
488B,-0.23274353,0.9569971,0.7498045,0.120204665,1.0,255.0,38.13371,19.400408,67.0,248.0,141.69633,17.68178,10.0,183.0,88.95492,14.911112
489A,-0.28164667,0.8644348,0.35947043,0.12096039,8.0,255.0,64.479454,26.409357,18.0,255.0,121.24236,22.491245,0.0,248.0,67.13406,25.416397
489B,-0.43239096,0.9019492,0.3711437,0.101625815,6.0,255.0,56.61908,20.713974,21.0,249.0,118.38502,18.968445,0.0,152.0,65.37872,21.660048
48A,-0.32822478,0.99626863,0.3938598,0.20120895,0.0,255.0,49.66385,28.116076,0.0,255.0,143.96342,59.22838,0.0,210.0,71.75344,48.787727
48B,-0.33674777,0.9979487,0.4277593,0.19359572,0.0,255.0,49.090897,30.26911,0.0,255.0,129.41397,61.742798,0.0,205.0,61.299637,48.633743
490A,-0.033664387,0.90676385,0.2646302,0.1662622,12.0,255.0,106.761665,39.410954,32.0,255.0,99.20312,17.40076,0.0,218.0,37.94233,20.446505
490B,-0.24159664,0.92860043,0.3742651,0.15836738,8.0,255.0,84.360756,37.477314,0.0,255.0,109.3036,20.343294,0.0,234.0,56.43811,21.289455
491A,-0.2319688,0.9400391,0.80383706,0.19716832,5.0,224.0,33.02578,21.156328,29.0,247.0,149.31366,21.648293,0.0,170.0,93.22134,20.437263
491B,-0.21787709,0.9382114,0.8264119,0.15238635,7.0,255.0,30.656393,16.400629,31.0,245.0,148.79062,17.117796,0.0,185.0,92.572,16.324814
492A,-0.9710145,0.969697,-0.5796696,0.41539088,0.0,255.0,11.335406,13.010107,13.0,244.0,75.87937,14.725052,0.0,140.0,1.9784546,11.153154
492B,-0.9746835,0.9259259,-0.7235464,0.33086535,0.0,255.0,11.184852,16.170904,0.0,254.0,81.57502,12.970158,0.0,151.0,1.6138573,10.246753
493A,-0.323185,0.92503595,0.79313636,0.16952568,12.0,179.0,34.05451,14.544851,0.0,198.0,139.67879,24.175255,0.0,140.0,87.7573,20.114353
493B,-0.110579796,0.9309259,0.84739,0.075557664,10.0,172.0,30.343374,14.634692,46.0,205.0,145.64119,15.9174795,0.0,142.0,89.94126,15.584588
494A,-0.38624337,0.9987469,0.7121492,0.18987478,0.0,255.0,31.331732,21.583769,15.0,246.0,128.06145,23.760832,0.0,175.0,74.090935,23.21887
494B,-0.36727273,0.9979123,0.7116492,0.16514097,0.0,255.0,33.397312,19.244587,7.0,230.0,122.039345,22.93261,0.0,172.0,68.23953,22.494644
495A,-0.1987076,0.9168665,0.7093278,0.13598925,9.0,255.0,48.863983,22.825222,53.0,202.0,146.52638,12.309094,0.0,139.0,87.51356,13.134597
495B,-0.35151514,0.9240721,0.53046143,0.3618834,10.0,255.0,60.125095,35.38165,0.0,238.0,124.50073,45.956287,0.0,168.0,66.83512,35.94874
496A,-0.4318182,0.89764625,0.40884855,0.30380708,14.0,255.0,59.35735,19.099157,0.0,255.0,118.45214,40.415874,0.0,241.0,55.697254,35.683495
496B,-0.5768005,0.89177996,0.35503304,0.3177361,14.0,186.0,61.55107,21.242878,0.0,255.0,115.909546,41.39809,0.0,250.0,52.62293,36.949028
497A,-0.22222222,0.8843501,0.47239664,0.20708014,12.0,255.0,57.21092,27.351377,0.0,255.0,117.40188,25.83125,0.0,255.0,67.70916,28.213196
497B,-0.2902507,0.8551076,0.4140986,0.1387447,12.0,255.0,63.75944,25.179937,0.0,255.0,105.5748,19.637903,0.0,255.0,53.3721,24.254852
498A,0.22049984,0.889714,0.70484394,0.1401843,11.0,129.0,28.945877,10.502488,37.0,177.0,129.84352,18.213383,0.0,132.0,81.88148,17.072803
498B,-0.014736842,0.8845526,0.4638265,0.17190629,9.0,165.0,51.140545,25.595837,3.0,178.0,107.34275,18.427675,0.0,131.0,61.3419,18.93167
499A,-0.2494382,0.956144,0.30915803,0.16873027,5.0,255.0,105.588356,45.455257,7.0,255.0,111.643196,22.095427,0.0,219.0,45.39395,25.107748
499B,-0.19019987,0.95003784,0.52947974,0.24844266,10.0,255.0,73.43895,43.277832,16.0,255.0,110.91428,18.862219,0.0,167.0,45.66553,21.9619
49A,-0.070753366,0.89203995,0.59255195,0.10997374,9.0,199.0,47.720608,15.961705,55.0,255.0,129.40576,16.983778,0.0,158.0,74.949425,15.504854
49B,-0.13295147,0.8798051,0.60166013,0.11577711,10.0,255.0,46.694946,15.245148,19.0,255.0,125.35908,14.902058,0.0,207.0,70.89026,15.186558
4A,0.19157088,0.8701299,0.7029588,0.067458175,13.0,108.0,38.133167,11.779903,71.0,168.0,130.89577,11.118627,5.0,117.0,78.28408,11.567455
4B,0.17199759,0.8634886,0.7125354,0.06367194,15.0,85.0,37.872173,11.569141,65.0,206.0,131.0258,10.875727,0.0,144.0,77.86372,11.274268
500A,0.075916104,0.624695,0.21193223,0.052118592,37.0,255.0,172.45819,51.14087,48.0,254.0,129.5837,28.384523,0.0,181.0,55.747463,29.593552
500B,0.07894171,0.6054362,0.18921986,0.0491365,31.0,255.0,179.82613,52.73575,27.0,255.0,124.044014,27.642225,0.0,171.0,47.755535,31.775967
501A,0.13571703,0.92306304,0.6988786,0.11983377,7.0,184.0,34.117477,13.701559,32.0,254.0,130.86658,12.342785,0.0,150.0,77.64987,12.043046
501B,0.005605381,0.9215327,0.731364,0.101589434,7.0,148.0,30.986473,11.777128,43.0,192.0,133.37523,11.434854,0.0,129.0,79.93491,10.968891
502A,0.07076102,0.8132734,0.4940492,0.12023228,21.0,159.0,44.429058,10.009772,42.0,186.0,122.02241,20.484444,0.0,128.0,69.06693,23.949686
502B,0.034554973,0.80808693,0.47623354,0.116959676,23.0,177.0,45.37517,10.7221775,47.0,174.0,123.49786,16.920166,0.0,125.0,70.61227,19.592548
503A,-0.43075246,0.92043895,0.40923658,0.19921768,8.0,255.0,79.39998,42.11211,14.0,209.0,106.866455,21.177309,0.0,133.0,53.00912,25.831814
503B,-0.54369503,0.91729325,0.3856213,0.20267613,8.0,255.0,79.71235,41.872326,0.0,255.0,104.10691,22.850677,0.0,140.0,47.548874,28.16722
504A,0.06274292,0.748499,0.2359525,0.0762613,28.0,149.0,70.93876,18.631645,12.0,169.0,98.169106,19.97937,0.0,120.0,38.76686,25.79674
504B,0.07642972,0.7865236,0.27523965,0.0814105,25.0,145.0,67.598625,17.177765,20.0,166.0,104.89136,18.697992,0.0,126.0,51.118988,25.238684
505A,-0.093389295,0.8735607,0.33150688,0.252813,18.0,255.0,104.62975,45.940746,5.0,255.0,96.426,32.000553,0.0,255.0,31.23533,35.15045
505B,-0.06437768,0.9406755,0.3680406,0.29765376,13.0,255.0,111.47485,58.518116,12.0,255.0,113.45679,22.729626,0.0,129.0,41.36644,31.183746
506A,0.14872119,0.8405049,0.5080027,0.077786066,14.0,128.0,40.325535,12.158446,33.0,218.0,111.588745,13.366356,0.0,120.0,56.918896,16.05441
506B,0.12976256,0.8615659,0.5065403,0.09352918,11.0,150.0,41.489204,13.806151,0.0,255.0,111.62891,16.122768,0.0,134.0,53.914288,17.878592
507A,-0.454039,0.8815379,0.38696462,0.30278283,19.0,255.0,77.89323,40.729942,0.0,255.0,116.05491,33.433445,0.0,171.0,59.42929,34.08257
507B,-0.34994912,0.8975719,0.5344856,0.17162518,17.0,208.0,61.623474,24.693775,22.0,255.0,131.99872,16.305944,0.0,184.0,76.03155,17.43354
508A,-0.30255163,0.8959707,0.6417557,0.12760285,10.0,255.0,44.14435,18.047672,26.0,229.0,118.484406,16.226282,0.0,161.0,68.75387,17.793392
508B,-0.33109808,0.8905388,0.63982975,0.14534278,9.0,255.0,47.172077,21.085981,14.0,255.0,119.27297,16.72177,0.0,199.0,65.911514,19.08011
509A,-0.58600295,0.93639964,0.6965944,0.20143569,0.0,228.0,33.682987,18.037867,0.0,255.0,122.98981,23.455076,0.0,187.0,69.60943,22.49824
509B,-0.38433293,0.93442625,0.73770773,0.14344537,0.0,255.0,31.91655,17.497166,0.0,255.0,122.447205,24.72125,0.0,203.0,69.512115,24.03995
50A,-0.1347464,0.90726143,0.5304735,0.16426541,8.0,255.0,63.502075,27.736094,3.0,255.0,114.42068,28.22484,0.0,155.0,52.438976,23.116987
50B,-0.8755187,0.93986905,0.38655633,0.19463518,6.0,255.0,83.680695,38.550888,0.0,255.0,114.921104,35.754856,0.0,213.0,43.217865,28.935999
510A,0.020379724,0.6972656,0.34770244,0.057779405,25.0,255.0,71.31757,28.707949,29.0,231.0,129.865,15.779808,0.0,160.0,83.54089,18.380705
510B,0.014687883,0.75071883,0.36299306,0.05991107,22.0,255.0,68.64532,24.822992,57.0,212.0,129.34059,13.596781,0.0,170.0,82.03245,15.314837
511A,-0.0151944375,0.89564824,0.47191635,0.11981917,18.0,255.0,67.6626,25.42734,34.0,239.0,126.93453,16.485226,0.0,149.0,74.821655,18.483576
511B,0.03635567,0.8981881,0.5045435,0.10699411,18.0,245.0,62.069412,19.015068,23.0,239.0,132.63023,17.135643,0.0,159.0,80.55133,17.06438
512A,0.07881584,0.79299104,0.4278797,0.14776738,24.0,220.0,73.170815,25.625538,32.0,185.0,115.8431,17.104221,0.0,125.0,60.047565,26.106155
512B,0.07679672,0.7889399,0.42071813,0.104318716,24.0,215.0,71.01788,19.382559,37.0,199.0,114.858635,13.734044,0.0,139.0,60.56377,17.451479
513A,-0.3977475,0.91767776,0.6795099,0.113059126,10.0,255.0,45.048824,16.381681,8.0,191.0,130.27547,13.388659,0.0,133.0,78.16027,12.723081
513B,-0.35452795,0.9073978,0.6319744,0.13173895,11.0,247.0,48.80958,18.205173,40.0,192.0,129.33392,12.48391,0.0,129.0,76.94376,12.005347
514A,0.0109163085,0.38433844,0.051115423,0.019584153,65.0,255.0,192.88573,46.3267,0.0,218.0,76.29141,24.848259,0.0,146.0,11.068962,18.037209
514B,-0.015138532,0.30305678,0.05232472,0.012532324,75.0,255.0,196.73405,44.58546,0.0,220.0,77.264786,23.574652,0.0,132.0,12.973724,19.310297
515A,-0.20174165,0.93199253,0.5435924,0.2453244,10.0,255.0,64.00825,36.05409,21.0,255.0,123.834145,18.334414,0.0,173.0,65.1745,24.333698
515B,-0.068167605,0.928511,0.68004686,0.2729582,9.0,255.0,48.616726,37.156677,43.0,210.0,131.34212,23.542477,0.0,154.0,76.108765,25.816135
516A,-0.057819907,0.9948586,0.33972347,0.17507559,0.0,255.0,78.59334,41.96114,0.0,255.0,92.82833,40.887794,0.0,178.0,18.509735,26.25014
516B,-0.98275864,0.9945355,0.39789253,0.15435371,0.0,255.0,61.58739,27.1173,0.0,255.0,93.29071,36.685467,0.0,181.0,20.210514,27.500782
517A,-0.09240924,0.8867925,0.7086933,0.057825003,16.0,177.0,40.61546,11.08915,48.0,235.0,134.3178,10.866343,0.0,162.0,83.0224,11.02759
517B,0.30151337,0.8551618,0.6940529,0.057270475,16.0,102.0,39.824745,9.946853,48.0,255.0,139.33324,16.277573,0.0,184.0,87.94629,14.728664
518A,-0.028481012,0.89696676,0.18808077,0.11026257,0.0,255.0,86.37186,29.320507,0.0,255.0,108.311646,35.839737,0.0,172.0,23.410896,28.447489
518B,-0.39312038,0.88677514,0.16997592,0.08948573,0.0,255.0,97.58042,39.533108,0.0,255.0,104.01877,40.192875,0.0,196.0,22.100403,29.986965
519A,-0.2643851,0.9244509,0.53971994,0.2199744,5.0,251.0,54.257996,28.64831,52.0,252.0,122.41077,17.562323,0.0,220.0,68.46877,23.903805
519B,-0.25244617,0.92357635,0.60546607,0.22522004,4.0,223.0,45.924194,27.482283,19.0,236.0,124.286896,21.252352,0.0,172.0,69.72785,24.931034
51A,0.1920398,0.9985765,0.74905086,0.083680086,0.0,183.0,15.795152,8.638109,57.0,234.0,123.794106,20.642534,0.0,157.0,70.892235,20.651104
51B,0.3654391,0.99875236,0.7830475,0.0578875,0.0,103.0,14.434307,7.8322277,51.0,212.0,124.85409,18.25313,0.0,149.0,71.8659,18.81487
520A,-0.27083334,0.93327653,0.7557967,0.12963134,8.0,234.0,36.047977,16.51996,51.0,255.0,153.63014,21.111635,0.0,255.0,94.03412,19.214672
520B,-0.15714286,0.9174744,0.74158305,0.12922339,8.0,255.0,39.063778,17.100842,49.0,255.0,150.21074,19.094687,0.0,226.0,91.12246,17.37202
521A,-0.1830161,0.810603,0.4675868,0.0898166,2.0,231.0,55.39693,20.159185,11.0,161.0,105.10514,11.544464,0.0,108.0,56.024403,13.497936
521B,-0.49265426,0.8733355,0.39539552,0.17449853,2.0,255.0,67.0811,32.19606,0.0,200.0,99.40338,16.009897,0.0,171.0,44.799732,20.455914
522A,-0.04336735,0.9094934,0.565356,0.20455267,12.0,255.0,50.34193,25.49544,6.0,255.0,126.1575,28.188843,0.0,182.0,74.77634,27.266306
522B,-0.30803975,0.9274854,0.6219456,0.19948329,11.0,255.0,45.23778,24.234339,25.0,218.0,127.65061,25.303034,0.0,165.0,76.86492,24.561855
523A,-0.007155635,0.83991104,0.6235715,0.082923606,15.0,182.0,46.307953,12.68111,0.0,255.0,135.91705,36.018734,0.0,194.0,84.770325,34.231613
523B,-0.013209013,0.8144431,0.5535823,0.11106907,18.0,210.0,50.890594,16.809614,5.0,246.0,124.24115,28.683474,0.0,184.0,73.0084,27.892502
524A,0.081397295,0.8624161,0.35616612,0.16621606,28.0,255.0,118.11859,45.893764,18.0,194.0,102.613495,18.69087,0.0,154.0,43.661926,22.06339
524B,0.03914591,0.8797592,0.33308458,0.1733792,26.0,255.0,126.383,49.623703,7.0,214.0,100.385925,20.045002,0.0,165.0,38.764133,23.195501
525A,-0.40393755,0.92715234,0.6322521,0.41301152,8.0,255.0,32.869656,20.233646,0.0,255.0,120.858925,53.538593,0.0,212.0,69.78548,42.571365
525B,0.2723343,0.93436664,0.871341,0.033411365,6.0,151.0,21.908068,7.9396844,14.0,246.0,155.87569,31.317469,0.0,191.0,97.3833,29.039778
526A,0.23305589,0.8099083,0.59212434,0.048725374,11.0,115.0,35.193546,8.808097,67.0,155.0,114.18607,9.198152,5.0,112.0,64.825424,10.283367
526B,0.23859191,0.8346315,0.5436429,0.064891815,10.0,112.0,39.93866,10.546867,60.0,163.0,111.04614,10.211643,0.0,121.0,61.654297,11.689766
527A,-0.32152843,0.8978313,0.44617835,0.16545404,15.0,255.0,69.1966,32.091763,26.0,195.0,131.0059,14.401073,0.0,130.0,75.9045,17.061644
527B,-0.37527114,0.9141914,0.3569973,0.2237356,12.0,255.0,102.35169,63.70976,0.0,196.0,119.68328,17.536106,0.0,139.0,58.41389,26.551155
528A,-0.46086955,0.959743,0.55585873,0.20879725,1.0,255.0,56.5702,27.850344,0.0,209.0,86.82309,20.060555,0.0,177.0,24.669058,15.50341
528B,-0.263285,0.947284,0.6240912,0.18881916,3.0,255.0,44.256317,23.216608,29.0,255.0,93.03046,15.258915,0.0,126.0,34.356037,16.021622
529A,-0.8518519,0.9976932,0.74574924,0.10044042,0.0,210.0,31.253029,18.279703,64.0,217.0,143.39949,12.675932,24.0,139.0,91.84875,12.839034
529B,-0.9949875,0.94753534,0.7160924,0.18698068,0.0,105.0,30.228033,18.126854,4.0,207.0,143.36916,14.098965,0.0,139.0,90.434654,14.162933
52A,-0.21015424,0.9368695,0.62042886,0.1697944,0.0,255.0,50.679096,25.946142,30.0,217.0,100.957115,17.291456,0.0,111.0,27.57813,20.692421
52B,-0.18061674,0.9522241,0.65702295,0.16177902,0.0,255.0,49.208893,30.605247,33.0,190.0,101.06088,18.519983,0.0,116.0,33.531757,24.063585
530A,-0.91939545,0.9067648,0.3677364,0.5164257,5.0,173.0,41.31268,15.610359,0.0,179.0,96.71265,37.250957,0.0,130.0,44.82256,31.556854
530B,-0.7011494,0.8798908,-0.08167664,0.40013543,6.0,230.0,35.365387,17.43168,0.0,178.0,58.71996,36.382816,0.0,141.0,17.91753,27.579138
531A,-0.5140665,0.9429196,0.5577313,0.20887104,4.0,255.0,51.35138,23.202242,0.0,255.0,106.03304,18.014229,0.0,168.0,50.190144,19.651085
531B,-0.7358491,0.9193111,0.6143025,0.21937378,6.0,255.0,49.88605,23.684755,0.0,255.0,112.33603,18.361908,0.0,231.0,56.10736,19.271029
532A,-0.23287672,0.8258695,0.3784067,0.13285121,27.0,255.0,76.91266,27.237637,28.0,216.0,122.76025,13.172638,0.0,127.0,60.204098,17.40991
532B,-0.22321214,0.8316876,0.42199063,0.15005863,27.0,255.0,77.2177,31.344213,35.0,255.0,123.67635,14.756159,0.0,164.0,63.188007,18.751793
533A,0.030057251,0.55385727,0.1919543,0.09009727,36.0,255.0,128.7945,49.02842,0.0,152.0,76.6908,24.667915,0.0,103.0,14.584572,22.488167
533B,-0.038402457,0.6860593,0.19650072,0.112497054,32.0,255.0,136.5703,55.04422,0.0,180.0,80.58334,29.476751,0.0,113.0,19.641056,27.811329
534A,-0.3053435,0.8470613,0.5109118,0.18936835,27.0,255.0,77.35152,34.760612,0.0,255.0,119.625305,23.851212,0.0,179.0,59.798676,25.228357
534B,-0.416122,0.8631331,0.45521283,0.23062885,25.0,255.0,77.23064,33.85727,0.0,255.0,116.84293,26.24418,0.0,155.0,57.227787,27.972448
535A,-0.32140195,0.87619877,0.08088146,0.16427699,13.0,255.0,61.558197,25.865265,0.0,255.0,54.26076,37.150978,0.0,194.0,14.122009,27.36364
535B,-0.16433942,0.19343066,0.0058422843,0.029101672,26.0,71.0,51.015778,5.2858024,0.0,73.0,38.976456,8.637843,0.0,0.0,0.0,0.0
536A,-0.25650036,0.9344366,0.544052,0.19179422,3.0,255.0,63.371857,37.228336,0.0,255.0,109.84949,20.742815,0.0,194.0,60.886463,18.718388
536B,-0.30041152,0.9391932,0.5724734,0.1932196,3.0,255.0,60.234207,37.70131,0.0,255.0,112.5788,19.571085,0.0,255.0,63.038708,17.61363
537A,0.2855392,0.6572581,0.5205454,0.036823668,21.0,99.0,38.25119,5.6724434,100.0,168.0,135.8981,7.4364557,55.0,127.0,91.43551,7.7929816
537B,0.25236169,0.70379853,0.53427494,0.043814998,19.0,109.0,37.98479,5.7496395,88.0,169.0,136.48955,7.185484,41.0,124.0,92.09322,7.575965
538A,-0.556962,1.0,0.7403412,0.20232382,0.0,255.0,38.85489,17.866041,0.0,255.0,118.00138,20.571056,0.0,138.0,69.39405,18.601994
538B,0.10494245,1.0,0.8086847,0.08452806,0.0,235.0,33.728664,18.97132,0.0,255.0,116.88723,25.340345,0.0,181.0,66.46955,23.942698
539A,-0.12241054,0.8393267,0.51869273,0.14456008,24.0,255.0,55.124302,17.653553,13.0,255.0,140.64,24.191416,0.0,181.0,80.23623,23.882975
539B,-0.06896552,0.8148055,0.53950465,0.12508017,25.0,189.0,52.648712,14.561707,30.0,246.0,143.47423,21.385504,0.0,180.0,81.94689,21.505272
53A,0.04241229,0.9047619,0.1579916,0.053224344,5.0,255.0,148.10023,49.94456,14.0,255.0,119.13794,22.13959,0.0,188.0,54.931362,34.040237
53B,0.07352278,0.34874758,0.16161102,0.023048963,31.0,255.0,158.18369,49.146767,46.0,244.0,144.10661,34.781628,0.0,199.0,84.56845,33.14236
540A,-0.8333333,0.9043894,-0.41648033,0.32014906,16.0,255.0,65.59799,13.637629,0.0,185.0,57.142017,28.831055,0.0,135.0,8.571339,25.650444
540B,-0.7023121,0.09426532,-0.5379003,0.060722403,40.0,186.0,62.177334,10.004929,0.0,192.0,54.55942,12.3391485,0.0,44.0,0.024467468,0.41745308
541A,-1.0,0.37931034,-0.361369,0.14823708,0.0,88.0,10.205541,6.742519,14.0,95.0,56.595844,9.214943,0.0,8.0,0.00062179565,0.046911553
541B,-1.0,0.5714286,-0.34447837,0.15780817,0.0,25.0,8.802117,5.702385,2.0,90.0,48.498486,10.443528,0.0,8.0,0.0019226074,0.078491114
542A,-0.5457159,0.8633209,0.44422656,0.16441669,0.0,255.0,46.512253,26.77719,0.0,153.0,92.34464,16.42956,0.0,96.0,35.403458,20.864796
542B,-0.3605481,0.8733949,0.40859467,0.17513056,0.0,255.0,46.828594,30.183481,0.0,153.0,94.2933,19.076525,0.0,99.0,35.71993,23.975666
543A,0.18226601,0.8962494,0.7856888,0.08946729,14.0,150.0,34.993534,10.017567,49.0,192.0,140.60527,12.03326,0.0,141.0,89.620125,12.335436
543B,0.14181818,0.90048635,0.75731826,0.118137896,13.0,158.0,37.69838,12.174589,41.0,198.0,140.6566,13.127596,0.0,145.0,88.50913,13.717907
544A,0.1545916,0.75800073,0.3505103,0.06293848,19.0,228.0,80.38375,23.370483,47.0,180.0,104.46058,11.129928,0.0,112.0,51.227646,13.506293
544B,0.12613738,0.77010804,0.37713695,0.07072,21.0,223.0,71.81906,20.487057,36.0,156.0,104.11967,11.798887,0.0,109.0,51.337757,14.306593
545A,-0.0013605442,0.95734406,0.50770485,0.278906,7.0,255.0,71.34572,37.873737,11.0,233.0,102.85388,17.877317,0.0,173.0,37.885223,20.466576
545B,-0.40106952,0.9502887,0.34719864,0.26103047,7.0,255.0,80.733765,34.28512,0.0,233.0,106.94019,20.07631,0.0,167.0,32.402218,20.671839
546A,0.28681535,0.7840713,0.6086254,0.043008458,29.0,147.0,46.581646,6.325735,83.0,173.0,140.86928,7.7420387,32.0,127.0,92.033485,8.046058
546B,0.36227643,0.7840042,0.62285125,0.0411116,28.0,88.0,46.69849,6.5676184,99.0,170.0,140.64952,7.1115026,46.0,125.0,92.577545,7.334344
547A,-0.25139666,0.834375,0.3163833,0.13197085,25.0,255.0,89.29334,33.57264,0.0,255.0,132.38629,23.068995,0.0,255.0,66.57044,21.604523
547B,-0.03748126,0.81347674,0.29744995,0.10080427,23.0,255.0,91.66101,32.27659,50.0,255.0,129.68962,22.827803,0.0,245.0,59.382763,20.228184
548A,-0.49348232,0.82575345,0.21682797,0.2695644,9.0,255.0,84.408485,57.723137,0.0,255.0,82.063896,44.64408,0.0,255.0,36.189247,33.055145
548B,-0.3206522,0.87959445,0.48148805,0.18493007,16.0,255.0,54.82192,28.951101,0.0,255.0,112.14496,21.481337,0.0,221.0,60.029404,22.240477
549A,0.016757436,0.91445315,0.4122247,0.28353998,10.0,255.0,81.89932,47.122074,40.0,180.0,111.26016,22.233528,0.0,138.0,49.82741,31.003538
549B,-0.088288285,0.92318475,0.5787877,0.30466482,8.0,255.0,57.050247,44.066128,33.0,184.0,120.41906,23.926497,0.0,136.0,62.272293,31.968187
54A,-0.15794769,0.91789,0.74111545,0.15972243,4.0,255.0,39.769573,20.789911,0.0,255.0,129.76054,43.290173,0.0,210.0,77.40205,40.848724
54B,0.07355865,0.93960017,0.8353174,0.061849847,0.0,174.0,30.348883,15.103153,0.0,255.0,118.77215,49.02126,0.0,200.0,69.266685,43.739212
550A,-0.1891892,0.88539743,0.33871406,0.23174842,13.0,255.0,98.050476,44.447464,18.0,239.0,86.196205,18.28419,0.0,135.0,12.65411,14.547629
550B,-0.13206106,0.8306557,0.25153458,0.15985708,16.0,255.0,102.78174,36.83135,26.0,250.0,84.16892,13.323194,0.0,133.0,10.402878,13.223066
551A,-0.03731343,0.8489384,0.5005717,0.15250851,20.0,255.0,58.41054,16.724865,13.0,255.0,150.10254,25.732761,0.0,255.0,85.941795,20.053942
551B,-0.153434,0.8468215,0.47089452,0.17218293,20.0,255.0,60.54244,21.629875,18.0,255.0,144.59811,27.62393,0.0,255.0,80.48843,22.642387
552A,0.11453397,0.8819346,0.5578879,0.09650246,9.0,191.0,38.87103,12.10347,31.0,219.0,116.88638,14.054524,0.0,127.0,61.568924,12.506654
552B,0.08700652,0.89449185,0.56887734,0.10728604,9.0,202.0,38.81519,12.952961,39.0,212.0,118.182434,11.809179,0.0,127.0,60.571423,12.570592
553A,0.17870408,0.71795654,0.49794757,0.06851021,21.0,170.0,53.562027,16.900274,63.0,150.0,114.189445,9.139962,0.0,110.0,65.517334,10.045237
553B,0.21620469,0.7366593,0.5168007,0.06726436,21.0,159.0,50.506847,15.864698,71.0,152.0,114.442505,8.920395,13.0,103.0,65.91082,9.681278
554A,0.057602864,0.93349856,0.6003333,0.17525618,5.0,255.0,50.63534,24.306076,0.0,255.0,131.78336,41.023228,0.0,255.0,80.40037,39.327023
554B,0.03106567,0.91556835,0.5722991,0.14040804,2.0,255.0,52.320827,24.20738,0.0,255.0,145.85492,41.944252,0.0,214.0,91.70929,38.78136
555A,0.13014273,0.6901961,0.32983533,0.06471004,43.0,186.0,90.34802,18.15003,31.0,158.0,107.87976,13.165775,0.0,111.0,49.557354,16.780252
555B,0.14221725,0.6904512,0.3488215,0.06827487,42.0,195.0,90.02943,18.608934,29.0,166.0,109.385216,13.474032,0.0,106.0,49.906994,16.920658
556A,-0.35750544,0.7912844,0.34273154,0.11983326,25.0,148.0,63.133343,15.549396,0.0,174.0,120.03605,14.558767,0.0,125.0,66.34197,17.636757
556B,0.09209454,0.7276888,0.33841956,0.09768512,27.0,137.0,65.12592,15.525725,34.0,172.0,119.1381,13.352785,0.0,124.0,63.330868,16.646044
557A,0.017439388,0.99941367,0.8521832,0.08306455,0.0,255.0,31.977621,16.745815,0.0,255.0,145.6754,42.98596,0.0,192.0,88.725624,37.861168
557B,0.031896386,0.927851,0.86017966,0.0552183,7.0,243.0,30.517752,14.219799,0.0,255.0,155.06042,47.157845,0.0,197.0,96.382996,42.151375
558A,-0.287373,0.90233463,0.6100293,0.18652742,0.0,255.0,55.063828,30.75075,0.0,255.0,130.98961,13.995719,0.0,196.0,74.78628,14.80782
558B,-0.31046718,0.9007055,0.56730807,0.16975461,11.0,255.0,58.338726,29.007778,10.0,255.0,130.75539,14.266126,0.0,217.0,74.83584,14.10299
559A,0.6013913,0.89608395,0.82301855,0.02026326,13.0,66.0,27.682678,7.307557,80.0,189.0,144.20827,10.167946,27.0,132.0,90.31834,9.849042
559B,0.5732354,0.89361703,0.8252983,0.020205611,13.0,62.0,27.481989,7.285727,71.0,192.0,144.69499,10.987022,25.0,138.0,90.589134,10.582188
55A,0.5890631,0.92771083,0.85207987,0.020986743,9.0,68.0,24.1803,8.6998625,59.0,199.0,143.24406,13.242319,7.0,142.0,90.95556,13.107452
55B,0.5668724,0.9253525,0.85057855,0.023371095,7.0,86.0,23.871027,8.542575,58.0,199.0,142.31178,13.1102085,7.0,142.0,89.735985,12.925929
560A,0.09090909,0.74127626,0.3312464,0.10952014,38.0,255.0,103.7579,32.748737,0.0,177.0,109.46906,21.41112,0.0,122.0,48.031082,26.801128
560B,0.09578544,0.8090384,0.37727806,0.11650203,41.0,255.0,99.99182,31.187733,3.0,171.0,111.15395,18.657835,0.0,114.0,53.505573,23.453316
561A,-0.059907835,0.8527661,0.2734279,0.1089669,21.0,255.0,119.43512,35.18732,3.0,255.0,116.944275,23.45043,0.0,166.0,56.738556,24.051037
561B,-0.24742268,0.8350589,0.29769266,0.12013111,11.0,255.0,119.70626,39.275856,10.0,255.0,119.804504,19.947075,0.0,224.0,61.51471,21.181074
562A,-0.24593602,0.8998198,0.25813586,0.14748904,1.0,255.0,83.053795,28.657913,7.0,255.0,126.24105,16.363607,0.0,176.0,66.31744,16.279665
562B,-0.21205008,0.8827014,0.30931824,0.15595491,0.0,255.0,89.93986,36.228264,38.0,255.0,135.60002,15.22328,0.0,178.0,73.94964,13.438802
563A,0.014153246,0.69781023,0.34549135,0.09874111,23.0,255.0,58.570328,20.979748,26.0,193.0,100.21759,15.72615,0.0,150.0,40.561848,18.32234
563B,0.026644181,0.74272025,0.3654673,0.10382482,19.0,245.0,56.07521,20.666025,29.0,175.0,101.24691,16.22412,0.0,105.0,42.560894,18.960438
564A,-0.49220103,0.8871795,0.36146307,0.15503839,16.0,255.0,84.44364,26.160997,0.0,247.0,123.31241,14.696818,0.0,184.0,50.736237,19.440327
564B,-0.32693046,0.86994016,0.44166344,0.17413795,19.0,255.0,75.33606,28.615643,0.0,255.0,128.02065,15.35105,0.0,158.0,56.783886,18.022312
565A,0.34615386,0.9058078,0.7731955,0.05406459,16.0,81.0,33.960026,7.0488153,78.0,186.0,140.49307,9.435071,30.0,129.0,87.22131,9.321219
565B,0.32664996,0.87974536,0.7129593,0.047878735,17.0,92.0,36.664124,6.1229496,72.0,189.0,139.16629,9.280427,22.0,127.0,85.24283,9.1846285
566A,0.06949458,0.85530764,0.40043014,0.16854222,12.0,217.0,56.396076,20.834305,45.0,164.0,116.34335,11.696432,0.0,124.0,58.8196,21.88036
566B,-0.022968197,0.8687293,0.62891424,0.13335915,13.0,135.0,45.231518,15.236763,64.0,171.0,129.66205,11.678899,20.0,127.0,87.211555,11.894052
567A,-1.0,0.987269,0.5985972,0.26084024,0.0,255.0,51.29566,38.847916,21.0,255.0,136.94939,16.777887,0.0,184.0,74.56742,17.375532
567B,-1.0,0.95702255,0.66521895,0.21209775,0.0,255.0,46.24347,26.2305,18.0,243.0,136.66681,14.624247,0.0,141.0,78.25401,16.588333
568A,0.020765575,0.8418026,0.41040432,0.14370565,19.0,255.0,94.44476,43.51035,18.0,255.0,123.23463,30.699844,0.0,179.0,53.698334,24.230362
568B,0.018898489,0.85336536,0.42896155,0.12556444,20.0,255.0,82.195625,34.584625,12.0,255.0,125.55606,38.483047,0.0,229.0,52.52698,29.243946
569A,0.11506525,0.9473774,0.5443015,0.14999063,0.0,206.0,56.803272,21.775307,0.0,191.0,93.88143,27.798815,0.0,140.0,37.1999,20.242025
569B,0.03716814,0.95458233,0.5626016,0.17168364,0.0,255.0,57.349213,26.470634,0.0,196.0,95.366,20.971827,0.0,130.0,39.461815,19.706247
56A,0.16293156,0.93502116,0.8777668,0.018941296,5.0,76.0,22.70642,8.366817,54.0,208.0,147.63515,13.439802,2.0,153.0,91.814735,12.89836
56B,-0.530572,0.9302993,0.8429559,0.20633382,6.0,187.0,25.473532,13.919892,0.0,199.0,143.9759,24.977316,0.0,139.0,86.99418,19.744642
570A,-0.48953974,0.8589788,0.34469166,0.21519113,22.0,255.0,103.80625,40.997105,17.0,255.0,127.550964,22.750631,0.0,255.0,69.24044,23.299648
570B,-0.12510356,0.87937456,0.41047764,0.21639258,19.0,255.0,94.60122,37.71941,18.0,255.0,125.72448,17.121603,0.0,190.0,65.51458,19.970829
571A,0.57371664,0.9213848,0.85598814,0.022172533,8.0,63.0,23.904444,7.939262,67.0,203.0,147.54726,13.189864,19.0,143.0,91.93621,12.8630905
571B,0.58434165,0.91734695,0.855819,0.021363685,8.0,61.0,23.920843,7.96402,72.0,206.0,147.61714,13.380335,20.0,144.0,91.60349,12.992875
572A,-0.36574075,0.95767194,0.71428645,0.1586521,6.0,253.0,40.08556,20.492195,2.0,233.0,122.61329,16.452957,0.0,155.0,69.98184,16.142225
572B,-0.20330578,0.95782864,0.73411614,0.16663696,4.0,255.0,37.45673,21.976357,19.0,255.0,124.5202,16.211468,0.0,137.0,73.07078,16.58994
573A,-0.33142036,0.853012,0.3666599,0.19879116,25.0,169.0,56.172672,14.27257,0.0,212.0,127.48998,19.073181,0.0,134.0,61.515316,18.450779
573B,-0.28623453,0.8223991,0.5038994,0.18909158,24.0,181.0,51.305252,15.211105,0.0,254.0,129.8821,14.7126465,0.0,131.0,67.25388,14.962158
574A,-0.061594203,0.85498375,0.22686918,0.1042929,18.0,255.0,83.641365,27.862684,0.0,255.0,89.33661,26.386454,0.0,251.0,21.048935,30.130875
574B,-0.024479805,0.76490796,0.20826478,0.08671542,21.0,255.0,77.388916,25.207722,12.0,255.0,86.03036,23.164925,0.0,225.0,16.731548,26.095976
575A,-0.4324778,0.7488759,0.3681857,0.084796146,15.0,255.0,69.409706,28.436853,7.0,151.0,94.86493,10.879032,0.0,92.0,45.58196,13.108559
575B,-0.13766032,0.6781806,0.3349061,0.073405236,19.0,255.0,78.01211,29.115604,0.0,136.0,92.50193,11.109273,0.0,91.0,42.38122,13.430511
576A,-0.0047032475,0.8595884,0.36859113,0.10005905,27.0,255.0,76.44211,22.50108,0.0,255.0,139.61017,31.73365,0.0,206.0,87.93716,28.921108
576B,0.0,0.8688096,0.3678116,0.11270006,28.0,255.0,76.11118,22.733652,2.0,250.0,120.687645,22.525423,0.0,198.0,72.63809,23.582739
577A,0.041752223,0.9200454,0.6933438,0.17389175,7.0,255.0,36.033337,18.504362,0.0,234.0,131.18626,28.699093,0.0,181.0,78.44724,27.83159
577B,0.0643035,0.9270917,0.64770514,0.17989841,8.0,255.0,38.062046,16.68833,5.0,237.0,137.29161,28.691385,0.0,180.0,84.06162,28.081453
578A,-0.49908814,0.9378344,0.45168346,0.19954465,8.0,255.0,60.098736,31.133236,2.0,229.0,116.68267,16.488958,0.0,151.0,63.18483,18.337318
578B,-0.5119787,0.9207378,0.4414515,0.18514138,10.0,255.0,58.108414,29.607647,0.0,201.0,119.307495,17.957157,0.0,145.0,64.71017,19.748106
579A,-0.4730769,0.9246324,0.7124045,0.25938416,4.0,255.0,41.029736,35.121883,8.0,255.0,137.5891,32.948265,0.0,189.0,78.02308,32.892582
579B,-0.32751092,0.92699677,0.74602926,0.212713,4.0,255.0,36.6304,31.62393,26.0,255.0,141.36711,23.381363,0.0,205.0,80.10442,24.982452
57A,-0.52380955,0.907829,0.7529457,0.12251979,8.0,235.0,31.971598,12.293037,0.0,184.0,139.8572,12.6057415,0.0,131.0,90.58639,12.713754
57B,-0.5281267,0.94547105,0.6208639,0.25116163,6.0,255.0,43.886402,21.340582,0.0,255.0,130.7742,24.347624,0.0,209.0,80.80777,21.047773
580A,0.13133179,0.9314446,0.6422959,0.13602617,5.0,240.0,50.340588,19.306421,58.0,255.0,114.292854,16.657192,0.0,144.0,54.30072,16.851482
580B,-0.06709451,0.94340384,0.70331746,0.13858195,5.0,255.0,44.91328,22.387163,36.0,255.0,118.88464,13.881328,0.0,183.0,60.634674,13.872121
581A,-0.33486062,0.8345241,0.3458352,0.090688236,18.0,255.0,70.993164,29.744904,51.0,223.0,132.43542,16.923601,0.0,158.0,83.53928,19.057085
581B,-0.19579369,0.8512549,0.30845252,0.08858564,23.0,255.0,74.79066,26.487595,50.0,231.0,139.7833,23.181707,0.0,181.0,86.41934,22.392506
582A,-0.24436319,0.8909757,0.539328,0.11793855,14.0,146.0,64.58787,19.177979,21.0,213.0,100.84388,17.04336,0.0,130.0,43.777935,21.385412
582B,-0.33261222,0.9025341,0.45665637,0.1574245,15.0,255.0,75.09002,30.458618,19.0,203.0,104.0253,15.15359,0.0,128.0,45.878925,17.442705
583A,-0.98058254,0.9130435,0.6374414,0.2321189,2.0,255.0,34.417904,31.365774,0.0,255.0,115.50167,22.636683,0.0,154.0,67.52758,21.84384
583B,-0.97938144,0.8805078,0.63879067,0.15234189,3.0,255.0,30.039072,17.867634,12.0,236.0,112.56608,20.1317,0.0,154.0,62.85408,20.750017
584A,0.07519388,0.82772064,0.39118752,0.13264537,28.0,198.0,66.33207,19.00621,39.0,209.0,114.599754,15.553795,0.0,120.0,53.74194,20.109705
584B,-0.04109589,0.8311657,0.37204912,0.117579415,28.0,170.0,61.576183,14.284314,18.0,177.0,109.69211,16.46362,0.0,122.0,47.41276,20.576084
585A,0.06210269,0.85953826,0.47418255,0.13452862,12.0,210.0,49.009495,15.374128,0.0,237.0,120.27505,18.56764,0.0,156.0,64.72929,19.158314
585B,0.11788079,0.86594856,0.6455086,0.111859456,8.0,184.0,35.350666,12.63182,0.0,255.0,135.86763,22.601862,0.0,171.0,77.62368,21.116943
586A,0.38744172,0.860668,0.7341629,0.027903588,16.0,95.0,31.134298,7.2577605,93.0,163.0,132.40851,7.06082,46.0,118.0,84.90088,7.473927
586B,0.021549748,0.85040593,0.7379559,0.054704808,17.0,255.0,32.17337,12.018517,69.0,167.0,135.44539,7.42917,11.0,119.0,89.19799,7.9041305
587A,-0.15601023,0.87863046,0.32098603,0.119545095,16.0,255.0,80.81074,30.947454,28.0,255.0,111.651886,20.046543,0.0,185.0,51.382187,21.35658
587B,-0.0371248,0.8365432,0.3218301,0.09962421,17.0,255.0,80.817696,28.787947,17.0,255.0,100.96226,21.880764,0.0,229.0,43.871876,21.77518
588A,-0.050047006,0.95158595,0.46911287,0.19910657,5.0,255.0,81.3638,44.324043,2.0,255.0,126.77948,41.06711,0.0,238.0,66.27879,38.333008
588B,-0.028716216,0.94923526,0.57935,0.19885387,6.0,255.0,61.939137,29.644447,35.0,255.0,114.31138,26.96117,0.0,194.0,53.139606,23.458752
589A,0.052404437,0.8821155,0.4735363,0.17044476,13.0,255.0,59.19325,26.705254,0.0,231.0,113.01429,23.969149,0.0,144.0,57.69548,24.6476
589B,0.04670039,0.8683657,0.43178415,0.16481087,16.0,241.0,64.64917,30.781132,31.0,213.0,113.67025,22.957634,0.0,134.0,55.82954,24.667103
58A,-0.36473164,0.8973064,0.5365552,0.20697911,9.0,252.0,49.30249,33.313538,18.0,193.0,126.45431,19.051708,0.0,137.0,70.60153,23.065138
58B,-0.38249665,0.9103675,0.5922904,0.13608624,9.0,255.0,39.747646,17.117338,27.0,199.0,127.90229,16.353693,0.0,133.0,74.08282,16.72162
590A,-0.11729623,0.9070491,0.57307875,0.12884724,12.0,255.0,60.05586,19.766682,2.0,195.0,89.91189,13.902954,0.0,172.0,33.04471,16.904194
590B,-0.1379845,0.9151776,0.57128906,0.15464635,8.0,255.0,56.78308,20.687801,0.0,232.0,98.29712,18.955702,0.0,116.0,43.438293,23.088068
591A,0.13533057,0.9195795,0.56154835,0.1117933,3.0,176.0,38.668015,13.426145,30.0,253.0,113.01969,26.060047,0.0,180.0,57.24835,25.328926
591B,0.12853236,0.9410058,0.60982895,0.092176326,2.0,203.0,36.25507,13.196392,24.0,250.0,121.68319,29.402117,0.0,174.0,66.16821,25.113237
592A,-0.31905782,0.9135749,0.6851034,0.10672972,9.0,231.0,48.198914,17.224852,13.0,255.0,127.12378,13.899248,0.0,142.0,77.03556,13.585293
592B,-0.513099,0.9117029,0.6895526,0.11823628,9.0,255.0,46.415493,17.850967,19.0,255.0,128.10728,15.698731,0.0,147.0,79.105064,14.606066
593A,0.01594533,0.8516432,0.3170257,0.05914251,0.0,255.0,64.25972,23.341072,0.0,255.0,146.16066,37.127155,0.0,218.0,96.846436,35.339165
593B,-0.12345679,0.8611043,0.30708176,0.07817172,7.0,255.0,71.8919,32.13525,1.0,255.0,158.14967,44.314598,0.0,220.0,107.105835,41.592243
594A,-0.08286404,0.80670786,0.4878985,0.11764706,31.0,198.0,67.84262,16.679277,16.0,248.0,127.638435,11.805403,0.0,125.0,74.62559,11.420685
594B,-0.09872241,0.80054474,0.5033048,0.13069898,31.0,216.0,64.748985,17.153105,0.0,255.0,128.21358,14.202959,0.0,127.0,73.98473,13.429157
595A,0.53183764,0.8715659,0.79320854,0.022452286,20.0,77.0,32.605637,7.275145,56.0,202.0,147.00734,13.672984,3.0,149.0,93.79252,13.471904
595B,0.5437613,0.87048125,0.79296017,0.022482615,21.0,65.0,32.19084,6.9060183,54.0,200.0,146.53987,13.888638,0.0,145.0,93.056755,13.638338
596A,-0.31513646,0.9018405,0.6806377,0.10252226,7.0,201.0,35.161366,12.840053,41.0,223.0,133.58504,15.366767,0.0,156.0,81.115036,14.784027
596B,-0.37193763,0.8888889,0.6774188,0.08290967,9.0,218.0,34.475872,11.478769,59.0,176.0,130.01744,9.561198,5.0,130.0,77.54882,10.020622
597A,0.13510324,0.8549639,0.64031434,0.13695835,19.0,186.0,41.751884,9.5911455,55.0,183.0,132.00853,15.77002,0.0,127.0,77.91248,15.505098
597B,0.14562745,0.8525554,0.64706635,0.1466143,19.0,195.0,41.425976,11.397102,52.0,214.0,133.51955,17.744053,0.0,161.0,79.79412,17.933208
598A,-0.067073174,0.9630157,0.642792,0.21400726,1.0,255.0,50.309906,28.836248,33.0,199.0,115.58014,19.682163,0.0,139.0,58.789642,20.697214
598B,-0.27289048,0.9547115,0.6160841,0.21208769,0.0,232.0,51.44614,27.71089,39.0,255.0,118.24967,15.748078,0.0,160.0,61.055996,17.913471
599A,-0.38271606,0.9099731,0.451568,0.24321926,12.0,255.0,68.97031,39.788227,0.0,215.0,103.19602,29.691223,0.0,129.0,51.45525,27.23568
599B,-0.34640524,0.9095284,0.46297404,0.2977849,15.0,255.0,67.15931,43.26281,0.0,255.0,98.80668,33.929756,0.0,138.0,46.555378,27.328377
59A,-0.024793388,0.85432535,0.40186492,0.1534147,16.0,255.0,65.32548,24.111427,54.0,174.0,116.34061,15.620974,0.0,134.0,62.22296,21.700073
59B,-0.041931383,0.84596723,0.45445842,0.18066394,17.0,255.0,59.993748,26.407578,41.0,255.0,119.76914,16.921564,0.0,127.0,66.339935,23.204876
5A,-0.4490838,0.80496544,0.44656965,0.1802962,16.0,255.0,64.30408,26.393202,0.0,255.0,119.95117,21.646997,0.0,200.0,61.35307,24.123873
5B,-0.4630617,0.8194987,0.5064511,0.18877892,18.0,255.0,57.368317,26.728344,3.0,255.0,128.39873,20.945726,0.0,175.0,68.6825,24.916195
600A,0.13926658,0.8845289,0.5454487,0.111982875,15.0,218.0,51.887196,18.85065,44.0,185.0,132.0873,11.398869,0.0,135.0,81.52325,11.698079
600B,0.13337508,0.8811218,0.52338535,0.13777767,17.0,252.0,55.98047,23.367783,42.0,171.0,129.01689,14.961542,0.0,126.0,77.951996,15.440756
601A,-0.24426451,0.8738739,0.65573424,0.065038234,18.0,162.0,42.486988,10.825077,5.0,195.0,113.325874,19.221624,0.0,141.0,61.98579,21.612574
601B,0.027536232,0.8418157,0.64542633,0.07708932,17.0,251.0,42.76395,13.612457,0.0,184.0,118.998314,17.67897,0.0,145.0,68.6155,20.741194
602A,-0.52032053,0.92293113,-0.30959427,0.26535583,9.0,255.0,127.00879,28.427935,23.0,179.0,90.052055,14.970479,0.0,125.0,4.8516693,19.72529
602B,-0.53823954,-0.25068492,-0.4226903,0.028087577,62.0,165.0,119.29559,17.344814,52.0,122.0,90.07721,7.769048,0.0,15.0,0.0017929077,0.1032233
603A,-0.10483365,0.8027389,0.48785612,0.10970096,16.0,255.0,53.413044,18.790714,42.0,187.0,129.3928,11.639268,0.0,124.0,79.37276,12.648567
603B,0.04154002,0.78910923,0.4719138,0.10410229,19.0,255.0,53.30786,18.107624,66.0,178.0,130.69534,11.50172,5.0,126.0,82.30248,12.185254
604A,0.14319715,1.0,0.7772567,0.07771259,0.0,197.0,25.47348,10.314628,15.0,255.0,138.11922,27.762264,0.0,189.0,80.69936,25.42963
604B,0.026754556,0.9578504,0.74775255,0.07766585,1.0,255.0,28.934143,11.093674,45.0,234.0,126.720985,18.599789,0.0,153.0,72.09375,17.629232
605A,-0.56186986,0.79279417,-0.25004822,0.1589632,20.0,255.0,95.1697,49.19315,0.0,158.0,52.870148,13.84319,0.0,110.0,1.5593605,8.05131
605B,-0.5582822,0.7469102,-0.26443407,0.1441014,22.0,255.0,91.975525,47.052834,0.0,235.0,50.353893,14.494236,0.0,117.0,1.629303,8.504287
606A,0.06936291,0.99862635,0.8516767,0.042208593,0.0,209.0,16.939274,8.602678,0.0,255.0,141.31227,31.424482,0.0,188.0,88.97632,28.692785
606B,0.0133010885,0.9979859,0.8684695,0.06417108,0.0,225.0,16.572102,9.906247,24.0,232.0,146.16292,17.824623,0.0,180.0,90.73507,17.00314
607A,-0.24303797,0.9091392,0.564366,0.24112995,5.0,255.0,53.70807,40.575237,20.0,255.0,137.16272,29.226645,0.0,255.0,82.19959,25.222012
607B,-0.41430947,0.9041196,0.45138267,0.220696,5.0,255.0,73.928856,43.400127,0.0,255.0,131.20811,23.611181,0.0,255.0,76.0478,21.49647
608A,0.029073698,0.9981618,0.6416576,0.17275724,0.0,253.0,28.415894,16.401024,11.0,202.0,123.28886,20.165829,0.0,154.0,71.98238,21.815304
608B,0.045598194,0.9980139,0.59921926,0.18789399,0.0,202.0,29.883326,17.370308,22.0,209.0,122.9222,19.618242,0.0,146.0,71.92136,21.833036
609A,-0.29577464,0.91775703,0.70574105,0.16183147,14.0,255.0,44.927906,22.008408,0.0,255.0,135.42427,19.457365,0.0,198.0,68.817184,19.1077
609B,-0.35261402,0.9008621,0.73786104,0.13005246,15.0,245.0,40.140587,19.216196,0.0,255.0,137.2511,15.406664,0.0,132.0,70.18983,17.403755
60A,-0.44651952,0.98846596,0.7430674,0.17162937,0.0,255.0,32.52479,21.397064,0.0,255.0,127.53623,22.770607,0.0,175.0,74.701355,21.39765
60B,-0.40777737,0.9973701,0.7568742,0.16963185,0.0,255.0,29.94396,20.592089,0.0,255.0,129.81633,21.792551,0.0,198.0,76.64306,20.619402
610A,-0.08531631,0.8614913,0.40142828,0.116066664,3.0,255.0,70.25074,32.273796,33.0,249.0,142.12401,11.006831,0.0,123.0,86.46116,13.549556
610B,-0.34476843,0.88159466,0.450727,0.15564021,6.0,255.0,67.7653,32.29754,44.0,188.0,143.5627,10.845029,0.0,126.0,87.51859,13.695482
611A,-0.28874734,0.87855834,0.4317793,0.1981203,9.0,255.0,56.560375,30.131248,11.0,246.0,114.32815,25.620792,0.0,161.0,57.104584,30.735832
611B,-0.3589109,0.88088644,0.38320068,0.19938885,10.0,255.0,61.789185,34.27065,19.0,214.0,111.693665,25.168333,0.0,156.0,51.43999,31.331417
612A,0.23130158,0.9257221,0.8218136,0.111715294,8.0,124.0,28.42034,10.964898,82.0,176.0,137.46172,9.180676,20.0,123.0,85.58737,8.755048
612B,0.16666667,0.9335494,0.8165519,0.11311737,7.0,189.0,28.217606,11.164246,73.0,179.0,138.03886,10.250668,22.0,124.0,86.2329,9.96581
613A,-0.044761904,0.89508873,0.58796334,0.21289173,13.0,255.0,59.381897,36.856007,5.0,255.0,120.130554,23.898216,0.0,191.0,72.27191,24.155636
613B,-0.4032674,0.924149,0.69225025,0.15845445,6.0,255.0,41.5135,22.64768,0.0,252.0,127.93226,30.10004,0.0,210.0,82.43429,28.30687
614A,-0.255745,0.8719714,0.3529588,0.1282736,15.0,255.0,69.75278,28.187014,16.0,215.0,124.03717,21.056206,0.0,152.0,71.523636,28.267517
614B,-0.1912088,0.81029457,0.28644,0.10770813,16.0,255.0,83.377716,34.30777,5.0,194.0,106.22684,22.161888,0.0,128.0,46.140186,31.244745
615A,-1.0,0.999659,0.3419987,0.19575638,0.0,255.0,77.38324,33.95278,0.0,247.0,115.37566,16.144268,0.0,179.0,65.05193,16.053774
615B,-0.5770925,0.88195616,0.3384118,0.08425883,2.0,255.0,83.69265,29.404005,15.0,189.0,116.27325,11.054374,0.0,127.0,63.959595,12.097676
616A,-0.26340327,0.9148311,0.4692585,0.1563398,2.0,255.0,72.491264,32.77548,0.0,255.0,95.320526,19.331738,0.0,255.0,48.60204,22.590355
616B,-0.5212038,0.8640898,0.376007,0.1330639,0.0,255.0,83.43211,37.890244,0.0,248.0,100.96879,25.243277,0.0,156.0,57.059185,27.215578
617A,-0.01810715,0.86551124,0.45477,0.10738938,8.0,255.0,59.314068,27.488,30.0,170.0,103.96731,13.897757,0.0,112.0,51.848103,18.07938
617B,-0.24792115,0.85609514,0.4596671,0.10003205,9.0,255.0,59.399937,23.606745,0.0,169.0,106.64594,15.180584,0.0,117.0,54.99284,18.982176
618A,-0.1537588,0.9007578,0.6209097,0.16459759,10.0,228.0,43.242085,23.581018,40.0,206.0,127.24625,15.758686,0.0,137.0,74.42657,17.181175
618B,0.05076551,0.89990187,0.65108126,0.12892276,10.0,214.0,38.900467,17.92258,45.0,189.0,133.05904,11.308029,1.0,130.0,80.25406,11.426047
619A,0.11487759,0.9290723,0.88130844,0.05440279,8.0,142.0,29.58966,11.056502,11.0,255.0,148.00513,37.241642,0.0,213.0,91.04977,34.91476
619B,0.2161642,0.9376187,0.88590556,0.0473331,6.0,255.0,29.881403,16.559732,0.0,255.0,151.20213,41.193283,0.0,204.0,93.19761,37.762627
61A,0.3124347,0.8927527,0.78566957,0.05109767,9.0,112.0,24.923681,7.724452,62.0,193.0,143.67152,9.701375,16.0,132.0,90.12905,9.648493
61B,0.43064448,0.9023823,0.80714905,0.046743188,8.0,88.0,23.91154,7.7453218,71.0,196.0,145.71626,9.9311905,27.0,137.0,90.85354,9.755921
620A,-0.12949976,0.81923205,0.5228903,0.134383,17.0,252.0,42.817448,16.87192,41.0,255.0,119.95481,15.958127,0.0,177.0,65.71409,17.757969
620B,-0.11084434,0.81683534,0.503055,0.11779938,18.0,179.0,43.89685,14.614945,52.0,206.0,118.486916,16.102137,0.0,122.0,64.38576,17.894735
621A,-0.29290617,0.8150931,0.3071406,0.055651687,19.0,255.0,114.79501,25.806686,61.0,255.0,124.189735,14.995465,0.0,143.0,62.51999,15.435643
621B,-0.35076922,0.800185,0.33199915,0.060911298,20.0,255.0,110.73349,27.70691,11.0,255.0,129.2921,18.511543,0.0,167.0,68.7566,17.439896
622A,0.064783245,0.8958854,0.289563,0.12288314,12.0,255.0,123.34198,43.823376,35.0,178.0,98.8114,14.769546,0.0,122.0,50.317097,16.199911
622B,0.05839225,0.9050706,0.27875882,0.10779641,11.0,255.0,125.53895,43.884487,26.0,246.0,97.16982,16.7485,0.0,181.0,47.41467,17.642572
623A,-0.50780314,0.90511113,0.5083471,0.18557878,15.0,255.0,74.28576,40.76479,11.0,255.0,117.034676,19.9419,0.0,250.0,60.36433,19.728886
623B,-0.57857144,0.9174575,0.47332314,0.22145611,14.0,255.0,81.54551,47.253937,4.0,255.0,123.84678,28.370947,0.0,255.0,64.64283,25.272722
624A,0.41662753,0.93886465,0.8698981,0.022758882,5.0,106.0,22.20202,7.9789023,85.0,201.0,149.02553,11.52495,32.0,154.0,96.0559,11.238987
624B,0.205298,0.9392733,0.86879563,0.035251725,3.0,84.0,21.486237,7.6940665,54.0,204.0,149.21338,12.455889,0.0,144.0,96.6215,12.256244
625A,0.103626944,0.8680397,0.64004666,0.06013901,6.0,255.0,21.628632,8.93974,44.0,161.0,104.90582,11.728317,0.0,114.0,60.08148,13.986476
625B,0.11056653,0.8289612,0.5978156,0.10947515,4.0,255.0,27.068848,12.712213,13.0,155.0,102.384705,14.929984,0.0,109.0,53.948437,19.809725
626A,-0.03607257,0.5538022,0.11789752,0.041842174,24.0,255.0,191.45927,42.517334,6.0,255.0,167.80519,49.271553,0.0,253.0,112.88029,44.80139
626B,-0.4008097,0.8062514,0.12866011,0.049258705,1.0,255.0,190.1646,45.3172,5.0,255.0,170.97974,54.161255,0.0,255.0,116.72662,47.64923
627A,0.039524175,0.8249544,0.37480655,0.119203836,17.0,255.0,63.706238,25.236536,29.0,200.0,112.4871,13.571255,0.0,150.0,54.81782,15.983916
627B,0.052054796,0.81126446,0.3735989,0.1079665,19.0,255.0,61.689728,23.4817,26.0,255.0,111.58155,14.091437,0.0,217.0,53.77028,16.238735
628A,-0.9870968,0.91612566,0.20834137,0.51265544,5.0,255.0,71.45103,40.581516,0.0,248.0,95.404015,42.075497,0.0,232.0,42.215714,25.55853
628B,-0.9895288,0.93009007,0.18777037,0.5278039,5.0,255.0,64.94912,38.256466,0.0,255.0,94.249504,38.37514,0.0,188.0,38.669968,25.249249
629A,-0.17801477,0.8421677,0.25013903,0.20523536,29.0,255.0,134.47571,52.01828,5.0,206.0,96.53617,18.530783,0.0,113.0,24.611328,20.294157
629B,-0.07393526,0.8476692,0.19251359,0.19070017,32.0,255.0,155.20111,54.846756,8.0,221.0,90.56075,21.849932,0.0,105.0,16.998146,18.475166
62A,-0.07769544,0.91778594,0.27024508,0.20148459,11.0,255.0,79.504326,33.234825,13.0,194.0,103.35897,17.933075,0.0,142.0,26.67576,27.29998
62B,-0.38403043,0.91203165,0.23283039,0.20452854,11.0,255.0,83.97237,35.578243,0.0,255.0,102.69464,18.757639,0.0,214.0,26.479515,27.57325
630A,-0.3771017,0.88629067,0.45695412,0.17269446,13.0,255.0,65.44772,30.611814,44.0,195.0,118.21841,18.739061,0.0,134.0,65.55508,21.405247
630B,-0.2541222,0.88335156,0.44602394,0.17957999,11.0,255.0,61.485012,26.787703,21.0,223.0,119.14859,21.026043,0.0,149.0,64.00836,24.966705
631A,-0.16869979,0.7796002,0.4188998,0.09303258,28.0,228.0,70.23226,19.869822,10.0,255.0,115.400566,20.50985,0.0,238.0,51.865723,25.092695
631B,-0.2886076,0.77141535,0.39941245,0.093798086,29.0,255.0,70.281,19.755083,8.0,243.0,114.40545,19.66366,0.0,147.0,51.129253,24.185072
632A,-0.09082652,0.9801049,0.46655244,0.2879186,5.0,255.0,110.47622,66.59571,24.0,255.0,90.62083,23.25872,0.0,255.0,23.523888,22.073149
632B,-0.020399112,0.97176737,0.48947173,0.24759646,6.0,255.0,108.40331,58.768764,27.0,255.0,82.22378,15.265281,0.0,219.0,14.954754,13.467318
633A,0.14403293,0.83432126,0.4923909,0.06340646,15.0,207.0,66.244865,19.427088,34.0,138.0,82.055145,10.85344,0.0,83.0,26.113226,13.316106
633B,0.14424478,0.84176606,0.49988508,0.07020129,13.0,225.0,65.67901,19.696766,23.0,133.0,81.13095,11.120868,0.0,78.0,25.119133,13.517744
634A,0.110853165,0.8371407,0.6745072,0.09807002,17.0,206.0,42.891983,11.692174,51.0,202.0,145.48724,14.998209,4.0,148.0,90.34902,14.430278
634B,0.0377804,0.82940733,0.62401384,0.14532669,18.0,152.0,46.713947,13.434875,46.0,205.0,141.25517,15.611527,3.0,153.0,86.493095,15.461863
635A,0.0051993066,0.8741866,0.7573133,0.15787445,22.0,255.0,41.412533,22.469658,25.0,248.0,135.95789,17.76602,0.0,182.0,84.06205,18.946154
635B,-0.05168088,0.8778692,0.47849274,0.28218758,21.0,255.0,72.60002,39.30852,5.0,237.0,123.436745,25.893148,0.0,157.0,63.874928,32.612614
636A,-0.3672346,0.8714871,0.524402,0.15052488,9.0,255.0,55.9033,28.939684,20.0,204.0,119.85547,17.352385,0.0,154.0,68.27603,18.37412
636B,-0.31630647,0.87976134,0.58571196,0.18061566,11.0,255.0,49.2683,30.109186,13.0,210.0,119.78076,18.903587,0.0,163.0,68.48437,20.293867
637A,-0.48375767,0.8347353,0.2929356,0.12774989,1.0,255.0,84.596115,31.43879,7.0,213.0,92.46988,13.362319,0.0,149.0,29.146948,16.99001
637B,-0.4143167,0.8144092,0.3548185,0.12836072,6.0,255.0,79.61315,30.471895,12.0,237.0,89.35195,12.25163,0.0,128.0,32.202545,15.994597
638A,-0.06864564,0.881354,0.51463795,0.13439327,17.0,207.0,54.64287,15.24346,73.0,171.0,119.277504,10.14411,0.0,127.0,48.348145,19.761436
638B,0.15457116,0.8849425,0.5119712,0.10836636,16.0,124.0,52.55157,14.510679,73.0,171.0,124.8248,14.0404415,0.0,128.0,62.08134,29.01476
639A,-0.4986945,0.9182477,0.783476,0.17107518,15.0,255.0,47.333736,29.463163,0.0,255.0,138.87209,29.791859,0.0,234.0,82.16053,27.535769
639B,-0.33333334,0.9108028,0.58652985,0.27295974,15.0,255.0,70.109406,43.576153,0.0,255.0,138.5877,29.271017,0.0,255.0,78.29199,28.05918
63A,-0.9893617,0.8504155,-0.4040438,0.102125585,9.0,52.0,23.632013,7.46066,0.0,131.0,26.076996,12.772364,0.0,100.0,0.004508972,0.503083
63B,-0.993921,0.9498086,0.39476603,0.6410202,6.0,255.0,32.55221,19.799671,0.0,217.0,110.48023,55.840576,0.0,138.0,66.187614,42.88488
640A,0.0557567,0.8262961,0.52362967,0.11426784,12.0,255.0,49.71088,18.434574,32.0,255.0,113.58427,12.785007,0.0,115.0,59.564148,13.921118
640B,0.046224255,0.84033,0.5249585,0.11928126,12.0,225.0,50.479584,18.440538,37.0,255.0,117.9212,13.333241,0.0,123.0,65.05319,14.574421
641A,0.14718889,0.7992868,0.49549374,0.12013147,21.0,158.0,65.88113,19.56839,62.0,173.0,134.62526,11.109103,0.0,119.0,74.33344,12.891051
641B,0.11123853,0.8410531,0.48661572,0.12612224,18.0,151.0,64.61367,19.786488,60.0,181.0,132.1642,12.388401,0.0,121.0,72.188255,14.4046755
642A,-0.030428769,0.86261475,0.43785006,0.13240677,10.0,237.0,53.621613,20.33498,24.0,255.0,116.24795,14.0458555,0.0,214.0,59.637157,14.699355
642B,0.009079118,0.8833121,0.45725048,0.13174172,7.0,204.0,52.642467,20.709492,30.0,255.0,118.59356,12.484127,0.0,185.0,62.648605,13.540382
643A,0.029235382,0.84299904,0.30894136,0.11554515,20.0,237.0,60.618824,23.1679,12.0,253.0,103.02103,18.537298,0.0,225.0,40.33724,20.391813
643B,0.0023809525,0.7756528,0.28645647,0.09303716,21.0,205.0,62.417576,22.55701,17.0,236.0,102.930626,18.150486,0.0,120.0,38.814667,19.020084
644A,-0.36945072,0.89355016,0.68748283,0.25033197,17.0,143.0,34.587124,11.289615,0.0,194.0,137.82883,26.854956,0.0,139.0,85.28162,25.348064
644B,-0.25644916,0.8882194,0.7719593,0.09553199,17.0,111.0,31.090767,7.270895,5.0,193.0,144.60156,15.5853,0.0,139.0,91.607475,14.634214
645A,-0.0118565215,0.8713019,0.4694004,0.15309879,27.0,255.0,64.37609,19.535976,40.0,255.0,113.6585,14.783206,0.0,183.0,58.201324,13.336771
645B,-0.40607563,0.8551991,0.42109957,0.20133615,20.0,255.0,63.998196,19.123764,0.0,255.0,111.90729,18.991432,0.0,205.0,57.633503,15.861505
646A,-0.38307482,0.9356491,0.57993484,0.16100651,12.0,252.0,50.382565,17.554264,47.0,195.0,109.73203,12.320353,0.0,117.0,37.501987,16.184
646B,-0.6195509,0.9355475,0.5186962,0.22366925,12.0,249.0,47.06989,18.711918,0.0,177.0,102.58477,15.557736,0.0,99.0,40.644962,22.70949
647A,0.08526234,0.9220089,0.7206988,0.14026703,6.0,246.0,32.509388,16.853386,39.0,224.0,121.0118,17.261354,0.0,159.0,67.81983,17.011957
647B,0.13430059,0.9206694,0.76127857,0.114278175,6.0,219.0,29.05105,13.809256,14.0,253.0,125.610504,19.23354,0.0,137.0,71.00211,18.242247
648A,-0.451507,0.9145712,0.6789018,0.19698507,7.0,255.0,35.391666,21.160906,0.0,255.0,126.86261,24.781677,0.0,255.0,73.6036,22.499607
648B,-0.46544716,0.9210291,0.6868319,0.18391995,7.0,255.0,34.256557,17.908014,0.0,255.0,121.33492,21.980618,0.0,205.0,68.30926,21.533775
649A,0.089930825,0.8277027,0.55804014,0.14245322,31.0,125.0,55.114025,12.106133,60.0,161.0,118.87653,12.746038,0.0,118.0,67.42715,18.022984
649B,0.12307692,0.76664054,0.44186422,0.12724505,33.0,146.0,56.9735,9.961323,68.0,157.0,110.23818,9.613377,0.0,107.0,48.235474,16.868711
64A,0.61756635,0.9156157,0.86306167,0.018745996,9.0,63.0,24.770996,7.909578,47.0,209.0,138.4399,17.402103,0.0,157.0,85.76693,18.873194
64B,0.66483516,0.91501415,0.85947585,0.017838106,9.0,61.0,24.600828,7.888847,36.0,206.0,139.4975,16.874916,0.0,152.0,88.29067,18.118057
650A,-0.37908497,0.8826006,0.44587722,0.18213384,10.0,255.0,59.522594,24.926035,27.0,243.0,127.69141,22.923252,0.0,164.0,76.01981,23.50974
650B,-0.5328024,0.8892308,0.44522506,0.18240604,9.0,255.0,59.97575,24.44226,5.0,255.0,123.87234,24.936846,0.0,172.0,72.57186,24.722717
651A,-0.20955484,0.89045167,0.2661769,0.11025784,15.0,255.0,130.55858,56.016644,42.0,236.0,106.03396,15.3684025,0.0,115.0,34.467285,16.876032
651B,-0.44892946,0.96190476,0.26165837,0.108738706,0.0,255.0,136.02235,53.353798,22.0,187.0,105.94772,12.366371,0.0,118.0,33.753952,14.429194
652A,-0.06973366,0.8773896,0.3746149,0.23792955,6.0,255.0,75.05846,45.33166,33.0,255.0,115.326164,19.491112,0.0,223.0,49.52657,27.883656
652B,-0.0608867,0.9004188,0.5185963,0.20365328,5.0,255.0,54.814575,34.5132,23.0,255.0,117.76892,25.650719,0.0,191.0,59.919285,24.427826
653A,0.38597006,0.938255,0.8245623,0.047826324,0.0,188.0,21.249273,9.61751,16.0,255.0,157.48369,31.948088,0.0,213.0,102.002686,30.83876
653B,0.13632366,0.928201,0.86162305,0.024675157,0.0,100.0,17.88979,7.5100145,47.0,253.0,155.7436,24.637344,0.0,189.0,96.98704,23.011547
654A,0.18767789,0.9233568,0.8254306,0.05780056,8.0,206.0,23.482965,9.24202,66.0,204.0,141.94098,10.840128,4.0,142.0,90.13709,10.740274
654B,0.59322035,0.9247649,0.8453195,0.022535887,8.0,57.0,20.792456,6.287002,78.0,191.0,140.90016,10.400132,26.0,138.0,88.720665,10.480819
655A,0.054283846,0.8852269,0.5851773,0.1205692,15.0,255.0,53.7757,22.731817,51.0,204.0,134.96173,11.319314,0.0,138.0,89.663216,13.067884
655B,0.029778019,0.8871874,0.49387032,0.13331257,16.0,255.0,58.92911,21.46102,41.0,215.0,135.05226,13.382852,0.0,165.0,89.960304,15.080852
656A,0.15151516,0.66310495,0.3547636,0.057589255,33.0,108.0,64.557434,13.069277,71.0,159.0,122.89382,10.6729765,7.0,116.0,75.069786,12.467489
656B,0.08280255,0.7294595,0.3688043,0.08800697,27.0,146.0,63.413116,12.959904,60.0,163.0,121.39044,13.9290695,0.0,117.0,72.2118,17.150501
657A,0.025059352,0.9143376,0.45767796,0.1452136,0.0,255.0,63.229,30.631472,6.0,255.0,108.78375,37.57897,0.0,217.0,52.73588,35.5412
657B,-0.21160541,0.82994264,0.33372653,0.14636557,0.0,255.0,80.029976,35.82793,0.0,255.0,151.45428,57.25637,0.0,240.0,95.87292,54.178318
658A,-0.25791636,0.7831772,0.45761928,0.09078555,17.0,255.0,71.69329,23.377243,0.0,192.0,85.091576,11.596853,0.0,101.0,33.756798,14.326576
658B,-0.3948071,0.8590993,0.45397392,0.104943015,17.0,255.0,70.75712,25.021027,0.0,153.0,94.88645,11.908647,0.0,96.0,44.515198,14.380281
659A,-0.9157895,0.9126328,0.30147713,0.33806628,3.0,255.0,62.182476,44.09656,0.0,190.0,96.28839,36.112766,0.0,128.0,40.857403,35.3368
659B,-0.97894734,0.8907739,0.30330443,0.24809186,4.0,255.0,64.32168,35.23202,0.0,179.0,91.44492,25.748634,0.0,119.0,26.290749,28.759552
65A,-0.10988336,0.83991724,0.4001566,0.093495324,8.0,255.0,56.298306,23.265984,30.0,175.0,97.298164,15.596556,0.0,115.0,43.630768,19.243141
65B,-0.021329988,0.8270704,0.42076913,0.084476,11.0,255.0,52.573215,19.458897,41.0,161.0,100.77594,13.420354,0.0,111.0,48.733673,16.798386
660A,-0.06260297,0.8798414,0.5460854,0.16131961,10.0,255.0,45.925003,24.482576,35.0,189.0,122.83445,17.753624,0.0,121.0,67.84635,19.326536
660B,-0.0025510204,0.9028133,0.6191493,0.10358187,8.0,255.0,37.942074,16.161259,30.0,180.0,130.37453,10.659577,0.0,129.0,76.448555,11.222388
661A,0.09441909,0.7640182,0.41549304,0.15847851,12.0,170.0,45.418255,18.219982,40.0,211.0,112.12537,20.729496,0.0,148.0,58.81087,25.582743
661B,-0.1321314,0.73730683,0.34090745,0.08244487,7.0,213.0,61.78511,19.138224,0.0,205.0,98.28121,14.532929,0.0,123.0,39.74273,15.629339
662A,-0.28978622,0.80743563,0.4337499,0.18991017,0.0,255.0,80.55665,50.15205,25.0,247.0,102.66317,26.380707,0.0,152.0,16.267094,19.69858
662B,-0.4691479,0.81863666,0.36771607,0.19912645,0.0,255.0,93.09928,53.212658,22.0,255.0,115.341866,38.359715,0.0,182.0,29.068398,33.44568
663A,-0.170315,0.8993638,0.67663026,0.062355228,9.0,235.0,39.55795,10.906734,3.0,241.0,106.572876,10.452676,0.0,151.0,56.278717,10.589583
663B,0.07155963,0.827986,0.6383333,0.037132863,17.0,170.0,36.994846,8.898072,65.0,155.0,108.286476,9.304223,0.0,98.0,60.85022,9.223378
664A,0.15722851,0.88496983,0.74129194,0.071173206,10.0,233.0,32.231316,11.725871,86.0,164.0,137.9484,6.592012,29.0,114.0,86.546104,6.0928373
664B,0.03466269,0.89141417,0.7293313,0.10346811,8.0,230.0,36.267284,17.92295,82.0,179.0,138.23851,8.220736,19.0,113.0,86.0028,7.2018824
665A,-0.030771935,0.9377235,0.41017577,0.15868197,9.0,255.0,77.36197,28.715437,8.0,255.0,102.648415,28.449743,0.0,157.0,24.977453,20.913534
665B,-0.25118056,0.9008609,0.35774752,0.14028314,17.0,255.0,79.63082,25.599815,0.0,245.0,101.45752,30.205128,0.0,190.0,26.556717,24.408424
666A,-0.05898491,0.72211814,0.17343253,0.08856052,29.0,255.0,140.20961,46.782303,2.0,238.0,104.17966,16.989918,0.0,150.0,24.110092,18.956278
666B,-0.1361805,0.7547822,0.21232319,0.10583805,22.0,255.0,126.19236,42.173134,12.0,255.0,116.419495,19.690397,0.0,165.0,38.195095,22.672598
667A,-0.05642994,0.8089224,0.29953086,0.15523192,29.0,255.0,93.55854,34.041134,12.0,165.0,95.531364,15.859533,0.0,112.0,26.485924,20.379444
667B,-0.39033458,0.7561199,0.4009391,0.113683045,28.0,180.0,78.80206,21.279787,25.0,152.0,101.86765,11.521949,0.0,103.0,37.978268,17.369484
668A,-0.30730823,0.7799957,0.30748117,0.14016788,36.0,255.0,88.71519,23.8845,0.0,255.0,114.64392,21.729044,0.0,223.0,50.960052,22.576067
668B,-0.13388917,0.7864157,0.28348783,0.10282327,38.0,255.0,94.24032,25.588675,18.0,239.0,109.87969,17.968363,0.0,191.0,42.840557,22.118063
669A,-0.4277929,0.90798545,0.5274974,0.16482793,10.0,255.0,69.47654,34.11075,7.0,247.0,124.178894,22.299706,0.0,161.0,68.82477,20.190054
669B,-0.41343874,0.90927655,0.5499855,0.17134643,9.0,255.0,64.5015,30.25226,0.0,236.0,106.90421,19.694313,0.0,198.0,56.558033,18.879694
66A,-0.9895288,0.999597,0.29470372,0.2004507,0.0,255.0,94.58123,54.31662,45.0,255.0,119.50083,18.008223,0.0,142.0,61.252197,20.411766
66B,-0.9945504,0.9995496,0.2284625,0.15088668,0.0,255.0,114.11813,58.662045,9.0,225.0,111.402,16.619745,0.0,155.0,50.210358,19.28673
670A,-0.2818792,0.94952476,0.6341401,0.11661835,2.0,102.0,40.972145,14.370677,0.0,217.0,104.60552,15.020773,0.0,119.0,49.296955,19.62702
670B,-0.57042253,0.94541913,0.6461988,0.12262208,1.0,103.0,40.606846,13.56706,0.0,180.0,104.987976,16.164759,0.0,118.0,48.24597,19.80834
671A,0.24469274,0.814219,0.6999144,0.038161524,20.0,137.0,35.172775,8.960755,84.0,211.0,124.81008,7.981241,40.0,120.0,79.5303,8.360602
671B,0.25956938,0.8234459,0.7082682,0.04261493,20.0,132.0,35.44435,8.991083,83.0,226.0,125.128456,8.107452,24.0,112.0,79.82325,8.537302
672A,-0.3355756,0.87842554,0.5190551,0.1352743,15.0,255.0,66.28494,24.116837,13.0,255.0,133.83815,16.939857,0.0,162.0,77.57215,15.866127
672B,-0.33275825,0.8252046,0.49771821,0.13480781,22.0,255.0,69.36205,25.04743,10.0,227.0,130.52711,16.692404,0.0,125.0,76.037544,17.124168
673A,0.121996306,0.9075754,0.50616425,0.12291344,5.0,196.0,58.87389,17.350183,50.0,184.0,93.784706,14.5650625,0.0,109.0,28.25117,15.962619
673B,0.11203752,0.91175187,0.52842516,0.15034834,7.0,156.0,54.640545,19.005703,39.0,185.0,90.547485,12.014908,0.0,124.0,26.381723,15.230799
674A,-0.5430108,0.9427962,0.4662422,0.20414294,0.0,255.0,48.180634,27.53759,24.0,246.0,122.26215,24.33703,0.0,185.0,62.112335,24.827988
674B,-0.2657005,0.9629858,0.50840116,0.20065852,0.0,254.0,44.841,27.416775,32.0,255.0,125.35885,24.957493,0.0,208.0,67.32469,23.889948
675A,0.15592286,0.9018692,0.5149604,0.18590373,14.0,133.0,44.39477,12.012717,44.0,223.0,115.855316,19.418795,0.0,128.0,58.427982,23.213697
675B,0.14745973,0.9043864,0.53326607,0.1675075,12.0,132.0,44.68152,12.295098,32.0,230.0,118.345276,19.413687,0.0,137.0,62.61673,22.18
676A,-0.5852885,0.9108189,0.4567875,0.14858922,12.0,255.0,60.944294,29.603685,19.0,235.0,124.82569,17.645319,0.0,176.0,73.87262,18.707966
676B,0.033794165,0.90005565,0.53631103,0.15112267,13.0,255.0,55.47093,24.990099,43.0,253.0,136.612,23.801367,0.0,202.0,86.88688,23.3632
677A,0.47652528,0.8977421,0.7815805,0.032158896,12.0,71.0,32.33279,7.557436,66.0,194.0,141.59528,15.471064,14.0,142.0,89.6882,14.937965
677B,0.53479856,0.89307535,0.7887997,0.031796675,13.0,73.0,31.262629,7.5218716,53.0,200.0,141.75055,16.512781,1.0,150.0,89.14276,15.980814
678A,0.12297466,0.87360936,0.58409834,0.16367802,18.0,114.0,44.330524,11.914308,48.0,194.0,132.02385,14.802599,0.0,132.0,72.055855,20.48331
678B,0.22288783,0.88374484,0.7033702,0.08661059,17.0,112.0,41.09174,10.762656,71.0,191.0,138.8362,11.246096,0.0,132.0,83.24909,11.508469
679A,0.09971145,0.9034483,0.4879939,0.14939715,10.0,255.0,63.821774,24.423525,35.0,166.0,112.33131,16.797441,0.0,116.0,60.722534,20.054031
679B,0.09250034,0.8807512,0.4730466,0.14372163,11.0,255.0,72.29398,30.342737,41.0,248.0,114.56354,14.145759,0.0,184.0,62.99823,16.716188
67A,-0.38862875,0.86211365,0.48772407,0.1638533,15.0,255.0,54.32832,28.15713,7.0,255.0,122.5473,19.37384,0.0,131.0,65.62646,21.560968
67B,-0.38181818,0.8460491,0.5069448,0.13717675,16.0,255.0,51.6093,21.65026,19.0,227.0,124.924225,18.564365,0.0,155.0,67.16713,19.623713
680A,0.125,0.90976673,0.828702,0.026555141,9.0,183.0,25.210365,8.2602825,47.0,202.0,152.71962,14.0044565,0.0,146.0,94.143555,13.274053
680B,-0.25675675,0.90707964,0.80397487,0.087107964,9.0,255.0,30.870935,13.967807,39.0,255.0,149.10158,16.719225,0.0,185.0,93.15521,15.060316
681A,0.65857416,0.9062748,0.83593166,0.022528334,14.0,61.0,29.667341,8.863194,103.0,181.0,141.16844,7.9818163,47.0,126.0,89.76009,8.0336275
681B,0.68239355,0.9061608,0.843058,0.018493656,13.0,69.0,29.339148,8.808675,101.0,185.0,141.83809,8.166791,49.0,126.0,89.713745,8.136335
682A,-0.048814505,0.7531788,0.42296156,0.12763543,18.0,255.0,64.99095,28.578209,50.0,178.0,116.48364,12.279012,0.0,115.0,64.393745,15.788877
682B,-0.46314973,0.84922117,0.35887873,0.17168458,13.0,255.0,76.803505,37.60995,37.0,184.0,120.11173,13.351399,0.0,119.0,64.96991,18.456133
683A,-0.23295692,0.8459844,0.65127754,0.16827002,27.0,219.0,58.171875,17.362783,9.0,255.0,145.34523,17.15334,0.0,138.0,85.96789,18.033642
683B,-0.24460115,0.84736544,0.6440524,0.18363464,28.0,243.0,57.820423,18.225784,3.0,255.0,143.65527,19.412752,0.0,196.0,83.38369,19.646698
684A,-0.19874346,0.84511787,0.55037,0.16796726,3.0,206.0,35.037804,17.964832,11.0,169.0,102.92417,14.286684,0.0,133.0,47.92349,16.247967
684B,-0.50978374,0.89934915,0.4776683,0.17463782,3.0,229.0,41.097103,21.24144,0.0,196.0,98.7447,18.791162,0.0,124.0,38.358273,20.566145
685A,0.2642512,0.91865355,0.8381605,0.024633085,8.0,159.0,24.31897,7.4955153,81.0,184.0,143.05235,8.834116,23.0,130.0,88.134094,8.753155
685B,0.29081863,0.9220144,0.84201634,0.024997314,8.0,133.0,23.799889,7.510507,86.0,194.0,142.69054,9.348717,33.0,133.0,87.83132,9.328868
686A,-0.15124816,0.83957714,0.23688464,0.25650185,17.0,255.0,94.66516,53.08776,2.0,198.0,101.06728,47.712627,0.0,90.0,27.24282,26.45345
686B,-0.14852607,0.85733515,0.26856428,0.27369106,16.0,255.0,98.73373,63.06299,5.0,197.0,103.22122,48.936493,0.0,90.0,29.285604,27.775942
687A,-0.29707113,0.8570743,0.3114619,0.092071794,15.0,255.0,78.94701,26.606153,0.0,209.0,86.508575,18.506985,0.0,122.0,6.533638,12.503622
687B,-0.015486726,0.86827457,0.29425135,0.116205044,10.0,255.0,87.09348,32.602295,0.0,255.0,68.49404,42.784817,0.0,168.0,5.445236,11.9501095
688A,-0.52380955,0.99378884,0.48841885,0.13289107,0.0,255.0,39.007675,18.59864,4.0,202.0,114.9463,16.59517,0.0,156.0,63.515606,16.688725
688B,-0.5586854,0.9907407,0.5115408,0.13988213,0.0,255.0,38.16957,18.448938,0.0,222.0,115.75061,17.997066,0.0,152.0,64.157906,18.859509
689A,-0.4969574,0.8943396,0.60432905,0.100358434,9.0,240.0,37.32988,13.93023,34.0,255.0,143.32701,16.995955,0.0,125.0,64.41765,19.572079
689B,-0.080177076,0.87540376,0.5875441,0.08983122,7.0,195.0,34.442364,15.606926,41.0,215.0,151.09447,18.615755,0.0,119.0,57.955395,23.32482
68A,0.14209524,0.88514453,0.7112207,0.06885712,15.0,191.0,39.029037,9.537327,16.0,255.0,142.4991,33.47766,0.0,178.0,92.24102,31.3694
68B,0.016658954,0.88293284,0.6484095,0.117548995,18.0,255.0,43.995342,14.035135,34.0,241.0,144.09077,20.384718,0.0,179.0,94.54376,20.020042
690A,0.04163418,0.8269732,0.47915816,0.078938276,18.0,255.0,63.58899,22.852188,10.0,191.0,91.32159,19.406347,0.0,108.0,35.117588,21.512796
690B,-0.0048173424,0.89469385,0.471537,0.09049394,13.0,255.0,64.92369,25.376976,19.0,222.0,86.55363,21.458439,0.0,131.0,31.160238,22.772633
691A,-0.09561128,0.8023185,0.42786932,0.07450651,20.0,226.0,66.10444,20.007355,34.0,156.0,97.8014,12.083391,0.0,104.0,41.760933,14.773628
691B,0.06449106,0.76074874,0.44858852,0.060224235,21.0,180.0,60.596924,15.594922,32.0,180.0,98.87656,11.531147,0.0,103.0,45.979996,13.342536
692A,-0.19886094,0.88235295,0.41883188,0.12934518,0.0,255.0,60.37514,28.950148,0.0,236.0,90.149025,22.88732,0.0,144.0,31.0279,24.733646
692B,-0.19635628,0.85607255,0.42241645,0.14466545,4.0,255.0,53.527466,26.71139,5.0,255.0,88.754005,21.787617,0.0,133.0,33.28034,24.035303
693A,-0.078333974,0.9427472,0.36964324,0.17764966,0.0,255.0,82.70428,41.65544,0.0,255.0,124.14352,25.652946,0.0,210.0,73.70601,24.492535
693B,0.1025878,0.90870935,0.5778583,0.15158524,8.0,255.0,51.38966,21.38481,0.0,254.0,110.13373,42.388035,0.0,201.0,62.247208,35.72869
694A,0.053638536,0.9142907,0.46462303,0.17484567,11.0,255.0,68.31376,25.565714,0.0,194.0,88.36688,16.378138,0.0,140.0,26.463501,21.063074
694B,0.0,0.90984434,0.46680096,0.16491382,13.0,255.0,63.66083,23.909012,17.0,196.0,92.90985,18.714375,0.0,123.0,34.31199,24.921701
695A,0.13237715,0.91348815,0.7451017,0.105760925,12.0,170.0,43.771603,15.429321,10.0,255.0,163.75624,39.39927,0.0,212.0,104.752174,30.5607
695B,0.12788104,0.881305,0.6775222,0.11511767,18.0,203.0,47.481094,16.526112,0.0,255.0,147.23015,31.905025,0.0,209.0,93.22744,26.225878
696A,-0.7086093,0.91884583,0.6092081,0.14935899,0.0,255.0,42.176422,21.07581,0.0,255.0,105.665855,22.163998,0.0,234.0,52.573822,26.241371
696B,-0.6780488,0.9345142,0.602396,0.17132486,0.0,255.0,45.03272,21.71047,0.0,252.0,103.91912,21.869978,0.0,166.0,47.986557,25.766735
697A,-0.46296296,0.8968326,0.5983638,0.20838585,14.0,255.0,52.832916,19.55845,0.0,218.0,124.91528,24.753922,0.0,156.0,72.14222,23.81765
697B,-0.37593985,0.89791185,0.5314274,0.2249331,13.0,171.0,57.18339,24.950758,0.0,224.0,120.54244,23.332542,0.0,164.0,65.4897,23.871483
698A,-0.7196262,0.93844366,0.61766136,0.2575485,5.0,220.0,39.00905,15.886609,0.0,198.0,122.299965,20.048958,0.0,123.0,62.468052,20.573591
698B,-0.5080906,0.90241903,0.65736556,0.21846545,5.0,188.0,38.203766,13.691863,0.0,201.0,123.186035,17.439842,0.0,123.0,66.36876,19.480417
699A,-0.14977646,0.9972067,0.5893747,0.20600697,0.0,255.0,29.443956,26.166512,0.0,255.0,113.38793,42.683548,0.0,228.0,53.591984,39.35048
699B,-0.17454389,0.94513273,0.44000763,0.2025905,0.0,255.0,44.889454,33.656044,0.0,239.0,105.71185,34.57823,0.0,160.0,38.005524,31.936604
69A,-0.27967808,0.88497365,0.53560686,0.16286747,9.0,255.0,51.184452,23.975735,0.0,255.0,121.51052,22.828447,0.0,253.0,66.25733,24.89271
69B,-0.33222222,0.86049306,0.5661702,0.14141975,8.0,255.0,47.489727,16.81188,0.0,255.0,122.79453,25.332062,0.0,254.0,68.46665,25.945965
6A,-0.82771534,0.97628456,0.49877286,0.1553193,0.0,255.0,50.217335,23.273045,10.0,255.0,123.754814,14.431032,0.0,163.0,70.832115,14.312857
6B,-0.34054053,0.9416949,0.48034203,0.14600858,3.0,255.0,53.79681,24.425568,0.0,255.0,118.88629,16.665163,0.0,154.0,65.22703,16.11713
700A,0.08549576,0.88940954,0.5151942,0.1471248,8.0,255.0,49.216717,25.398043,28.0,169.0,113.516624,17.549417,0.0,115.0,59.03705,20.992447
700B,0.11420414,0.8121775,0.4565278,0.097375244,10.0,223.0,55.012424,22.349382,47.0,174.0,104.12789,14.893529,0.0,103.0,48.654835,18.72864
701A,0.073754154,0.8543645,0.58530617,0.06452994,21.0,128.0,46.22343,9.22152,61.0,155.0,103.78812,9.916208,0.0,106.0,48.69166,10.359575
701B,0.369863,0.83505154,0.5876316,0.060827736,21.0,125.0,44.45283,9.1849375,62.0,153.0,110.09491,9.648756,0.0,100.0,53.468372,10.743064
702A,0.6319416,0.92471594,0.8600238,0.023408223,7.0,74.0,22.04013,7.661147,62.0,195.0,145.37468,13.898497,7.0,140.0,90.27438,13.352535
702B,0.47344705,0.92478555,0.86554706,0.023210365,6.0,71.0,21.723597,7.766075,49.0,203.0,145.58824,14.9879,3.0,145.0,90.112495,14.309838
703A,-0.70698464,0.9596154,0.78609514,0.13077822,2.0,255.0,33.72298,16.617249,0.0,255.0,144.32013,31.440893,0.0,202.0,90.07835,28.487152
703B,-0.2832653,0.9533878,0.8043858,0.076159775,1.0,255.0,29.814117,14.126779,57.0,255.0,143.70305,25.078873,1.0,181.0,89.7756,23.058292
704A,-0.36363637,0.76052386,0.2868299,0.1274357,8.0,255.0,94.03522,58.681458,0.0,146.0,85.48264,22.68574,0.0,86.0,25.316528,18.51843
704B,-0.6326953,0.78511846,0.31869,0.12253294,9.0,255.0,79.0773,41.910915,0.0,150.0,89.46845,14.748339,0.0,149.0,27.097832,15.865121
705A,-0.36952308,0.9130716,0.7815496,0.17478707,12.0,242.0,31.020792,11.114398,2.0,200.0,143.27205,20.953583,0.0,145.0,89.70056,19.524645
705B,-0.036170214,0.8910076,0.80427855,0.036093757,15.0,71.0,30.99401,8.050774,21.0,202.0,147.95686,11.337827,0.0,136.0,93.003456,10.852063
706A,-0.18900344,0.91124713,0.49105608,0.19162235,0.0,255.0,56.421646,38.649593,5.0,255.0,118.825775,31.001808,0.0,182.0,61.007496,28.825026
706B,0.0128283445,0.96166855,0.60899985,0.17905666,0.0,255.0,37.866894,24.202524,0.0,246.0,123.96298,34.326626,0.0,198.0,68.57731,32.47445
707A,0.08163265,0.9220081,0.7832842,0.11910305,6.0,71.0,24.635178,7.256271,10.0,201.0,135.9815,14.988154,0.0,141.0,84.84479,13.30899
707B,-0.005882353,0.90821254,0.7420609,0.12266819,6.0,75.0,26.371847,7.601793,38.0,192.0,131.36707,16.750076,0.0,135.0,81.946846,14.414658
708A,-0.36437717,0.91443664,0.7001523,0.09934116,0.0,255.0,41.679996,16.241467,0.0,252.0,115.83777,23.069624,0.0,153.0,62.82901,25.739332
708B,-0.46599856,0.8962536,0.6844381,0.10761309,8.0,208.0,43.153564,16.998846,0.0,250.0,112.721535,24.528385,0.0,192.0,59.261932,26.874622
709A,0.10700539,0.88025355,0.7874604,0.024691936,20.0,120.0,34.97925,7.0336895,32.0,215.0,144.39865,20.100508,0.0,150.0,87.62781,19.138205
709B,0.04698972,0.8721239,0.7765668,0.029250795,19.0,77.0,33.989864,6.7195983,38.0,213.0,144.4984,22.760387,0.0,152.0,87.05575,21.906464
70A,-0.61567515,0.9529412,0.62832767,0.29334572,2.0,255.0,41.13197,31.176615,7.0,255.0,146.78165,26.429543,0.0,255.0,85.159996,25.476784
70B,-0.6958525,0.9375,0.58716846,0.28463906,3.0,255.0,45.0434,29.675068,10.0,255.0,141.97786,24.230375,0.0,237.0,79.6748,25.704231
710A,-0.5940594,0.9431438,0.8594974,0.18186797,5.0,94.0,22.497522,11.12778,0.0,203.0,149.33543,18.263546,0.0,150.0,92.829216,17.01701
710B,0.30794546,0.9409352,0.8904849,0.025868027,4.0,130.0,20.607126,8.064798,72.0,204.0,152.08,13.1879,18.0,146.0,94.13792,13.232977
711A,0.05203136,0.7591455,0.4413812,0.08843035,25.0,224.0,67.98338,22.218637,20.0,201.0,94.401245,25.363308,0.0,115.0,24.57731,23.021679
711B,0.079561695,0.8195199,0.3969205,0.07524973,26.0,255.0,79.4318,25.866142,21.0,194.0,86.70929,18.335962,0.0,101.0,12.04697,16.130621
712A,-0.15098242,0.9553163,0.76544094,0.14356497,0.0,255.0,43.3822,24.780935,0.0,255.0,135.38765,28.913523,0.0,206.0,81.05088,27.88919
712B,-0.04333996,0.93057185,0.62170506,0.19954018,9.0,255.0,52.46816,27.984324,16.0,255.0,155.00337,30.577366,0.0,213.0,99.63755,31.372013
713A,0.30736807,0.9989608,0.8812295,0.04421113,0.0,150.0,14.598008,9.547958,12.0,250.0,131.22667,34.875088,0.0,187.0,75.47027,33.639153
713B,0.19263405,0.999016,0.8697188,0.08248573,0.0,163.0,15.988765,14.217584,0.0,249.0,120.74851,30.265781,0.0,178.0,70.760124,26.831663
714A,-0.14146341,0.9032047,0.3895447,0.23820308,19.0,255.0,85.22166,32.35995,0.0,255.0,120.35731,29.170855,0.0,255.0,64.7338,24.685307
714B,-0.37589434,0.89721364,0.5231886,0.20188376,21.0,255.0,63.81316,24.87301,60.0,255.0,129.92657,12.3915415,0.0,217.0,78.12737,16.99302
715A,-0.47759563,0.9210124,0.6773736,0.3758573,9.0,220.0,31.641146,13.332805,0.0,219.0,138.958,39.344627,0.0,144.0,85.46427,29.73605
715B,-0.54503465,0.9225552,0.71363914,0.3878023,9.0,133.0,25.80967,8.925259,0.0,206.0,140.62453,43.572357,0.0,144.0,85.33551,30.787062
716A,-0.24705882,0.93619365,0.8254905,0.11015324,5.0,170.0,28.427675,11.95894,23.0,227.0,141.05923,23.607233,0.0,175.0,88.427,21.722828
716B,-0.29353234,0.93605685,0.83199453,0.12137541,7.0,151.0,32.00777,13.484416,14.0,246.0,138.60606,25.26453,0.0,179.0,84.98087,23.990273
717A,-0.62249,0.86704254,0.12683071,0.36844164,6.0,255.0,26.449594,19.733776,0.0,255.0,60.22006,51.53366,0.0,189.0,26.182547,39.22272
717B,-0.67253524,0.899773,0.5414244,0.34812468,6.0,255.0,34.766216,17.981123,0.0,255.0,109.88094,41.91392,0.0,170.0,64.4552,34.038876
718A,0.06662064,0.8917633,0.76264864,0.096492976,8.0,255.0,28.033651,12.99781,33.0,234.0,134.7411,13.606434,0.0,133.0,79.40258,13.200608
718B,0.2962314,0.9302506,0.8103746,0.051506303,5.0,109.0,23.459183,7.75387,12.0,238.0,138.46092,13.595314,0.0,157.0,82.913185,13.108351
719A,0.0404719,0.6664531,0.20460415,0.0693279,42.0,255.0,139.77606,39.702255,33.0,174.0,99.28855,10.913383,0.0,88.0,40.675835,11.044461
719B,0.04145937,0.704372,0.2118892,0.080164336,31.0,255.0,140.87767,41.347687,46.0,182.0,98.54166,11.903594,0.0,90.0,40.90453,11.682569
71A,0.0088495575,0.92917055,0.39581797,0.29579753,12.0,255.0,107.84147,67.35131,47.0,185.0,102.185036,15.82442,0.0,130.0,22.292786,21.918718
71B,-0.02038925,0.9014591,0.522074,0.26855576,16.0,255.0,80.19218,49.90568,42.0,207.0,101.3478,10.592389,0.0,140.0,24.625488,15.662424
720A,-0.48173913,0.92395616,0.24297914,0.27673292,14.0,255.0,67.06241,21.768536,0.0,255.0,92.472404,40.621876,0.0,162.0,33.422977,29.476944
720B,-0.36468774,0.9014385,0.25399947,0.2533016,16.0,255.0,69.07592,21.710735,0.0,255.0,95.815895,41.404953,0.0,150.0,36.3849,31.943548
721A,-0.4036024,0.784743,0.30162215,0.11456858,25.0,255.0,88.04413,40.440548,16.0,237.0,136.73683,14.1916895,0.0,177.0,83.2743,15.781768
721B,-0.5121556,0.7620424,0.25983575,0.09686402,23.0,255.0,91.91068,41.07187,0.0,205.0,134.07213,14.710797,0.0,166.0,82.8042,15.679147
722A,0.02680566,0.8366212,0.4534496,0.09135164,15.0,255.0,58.82588,22.811129,16.0,175.0,128.74402,14.067026,0.0,124.0,79.73971,15.186037
722B,0.08414425,0.7964508,0.37627572,0.10149421,19.0,255.0,71.86983,29.100445,0.0,167.0,117.95593,20.479874,0.0,117.0,68.424164,22.873905
723A,-0.016233766,0.8315181,0.45400578,0.14056896,30.0,255.0,74.3605,24.253105,0.0,255.0,136.74622,17.214106,0.0,224.0,75.94518,13.931813
723B,-0.36392406,0.8259833,0.46887892,0.16033547,26.0,255.0,69.819664,24.00186,0.0,255.0,133.03918,21.129381,0.0,179.0,74.916214,17.566132
724A,-0.14347826,0.8998145,0.82191676,0.073961794,14.0,255.0,30.520487,8.344223,9.0,211.0,145.18665,17.57133,0.0,155.0,91.06445,17.208302
724B,-0.086801425,0.8956789,0.8262552,0.044553645,14.0,255.0,30.522194,7.7925754,28.0,204.0,145.74132,16.049704,0.0,150.0,91.406,15.774793
725A,-0.60818714,0.94800484,0.7182293,0.17865537,6.0,255.0,48.971325,29.631187,14.0,255.0,134.53377,23.546806,0.0,178.0,83.52953,22.5292
725B,-0.3114485,0.9989236,0.8103258,0.13431074,0.0,255.0,33.791927,23.232386,17.0,234.0,134.39073,24.643833,0.0,183.0,84.246635,23.812748
726A,-0.33504626,0.8579923,0.32959133,0.09919055,0.0,255.0,65.283356,30.55228,30.0,214.0,109.25193,18.062693,0.0,148.0,52.00737,19.004677
726B,0.03944125,0.90495867,0.2971422,0.09357302,0.0,255.0,67.735306,30.889275,19.0,211.0,109.82102,18.259274,0.0,146.0,50.986095,19.852549
727A,0.13859746,0.88269234,0.38731453,0.1077467,17.0,137.0,54.84666,12.67265,23.0,168.0,87.24729,16.057734,0.0,122.0,23.266195,20.614065
727B,0.21142857,0.85900927,0.39748448,0.077398315,17.0,134.0,54.035816,11.804489,26.0,164.0,88.73767,14.166519,0.0,118.0,27.355904,18.510992
728A,-0.40789473,0.92609185,0.43168145,0.1694319,0.0,255.0,72.954056,35.744995,0.0,255.0,89.88815,26.372381,0.0,191.0,23.763237,18.59752
728B,-0.33434883,0.92380625,0.47432488,0.1426158,0.0,255.0,65.109276,29.869312,0.0,255.0,86.085266,20.893793,0.0,255.0,23.63885,19.515347
729A,-0.3855097,0.88400733,0.63054717,0.15468341,17.0,255.0,51.562927,25.389769,0.0,255.0,137.37572,19.098995,0.0,173.0,77.109215,19.375801
729B,-0.43625405,0.8796396,0.6151096,0.15213811,18.0,255.0,50.831493,23.240944,0.0,255.0,136.15837,16.191296,0.0,136.0,75.21136,15.944242
72A,-0.50563747,0.9169711,0.6002388,0.13922542,9.0,247.0,46.58295,21.602043,30.0,181.0,126.956825,15.52401,0.0,131.0,80.181885,13.4923525
72B,-0.4577573,0.90670717,0.6817248,0.10110397,9.0,220.0,36.774494,14.734687,51.0,190.0,138.10503,12.826428,0.0,137.0,87.80688,11.321558
730A,0.15137872,0.87047035,0.53730357,0.12432781,22.0,140.0,52.714874,11.578556,36.0,169.0,110.44202,18.141256,0.0,130.0,47.635845,30.716574
730B,0.1824355,0.7885548,0.48298264,0.1005774,27.0,110.0,54.205017,10.229777,57.0,164.0,113.86185,17.024315,0.0,121.0,50.95992,30.688951
731A,-0.3518776,0.9331162,0.6446068,0.14682059,4.0,255.0,52.5236,24.799814,18.0,244.0,127.66221,12.15295,0.0,141.0,78.1464,12.893711
731B,0.034679335,0.94748914,0.7571337,0.12642694,3.0,255.0,40.88785,20.850395,51.0,230.0,132.43993,17.112423,0.0,171.0,82.83063,16.853212
732A,-0.10420842,0.8408203,0.6186428,0.12492922,23.0,244.0,54.164387,18.040895,20.0,255.0,135.52394,17.555674,0.0,177.0,73.675026,16.381199
732B,-0.022065314,0.8488275,0.57217354,0.14454943,25.0,255.0,62.99828,21.339493,57.0,255.0,139.1954,21.097757,0.0,240.0,72.401405,17.721016
733A,-0.005230623,0.8995816,0.4617152,0.14750104,0.0,255.0,62.14931,43.79177,0.0,139.0,81.671974,12.544677,0.0,89.0,22.535498,15.260033
733B,-0.40846995,0.9560521,0.45356622,0.11377771,0.0,255.0,55.810543,33.97884,11.0,202.0,75.68998,12.234807,0.0,127.0,15.522434,14.323376
734A,-0.07453507,0.87428856,0.24112427,0.12857278,9.0,255.0,95.20691,33.983345,0.0,255.0,91.77044,31.198282,0.0,232.0,29.379644,27.478708
734B,-0.012291052,0.8718577,0.2892351,0.113384396,7.0,255.0,89.22579,32.4347,0.0,255.0,77.81271,24.880487,0.0,184.0,19.59385,22.030123
735A,0.09262623,0.8553443,0.5693945,0.17092314,18.0,147.0,41.110687,12.132368,60.0,243.0,138.13707,14.784201,0.0,135.0,83.86319,16.22011
735B,0.12539987,0.8570925,0.51611006,0.15685074,18.0,90.0,42.28409,10.655968,57.0,204.0,139.34593,12.573352,0.0,147.0,85.90261,13.518815
736A,-0.0024647887,0.9287886,0.3612811,0.1337816,9.0,255.0,80.62766,38.51698,30.0,255.0,110.95406,18.026873,0.0,214.0,41.367836,18.879192
736B,-0.33466667,0.9027836,0.34803027,0.13698846,11.0,255.0,83.09888,40.070847,38.0,255.0,106.03286,17.782013,0.0,213.0,36.29143,19.251131
737A,-0.7,0.8877302,0.5034482,0.12150169,2.0,255.0,47.372128,20.993551,0.0,208.0,97.47782,16.979418,0.0,186.0,43.83133,18.501669
737B,-0.1359852,0.8895402,0.5491257,0.1091184,3.0,255.0,44.27949,20.675468,2.0,255.0,106.38738,19.202295,0.0,128.0,57.073883,19.242537
738A,0.03968566,0.8304967,0.2947284,0.06918473,10.0,255.0,65.43795,23.7596,41.0,153.0,101.9799,11.285893,0.0,93.0,43.154633,13.770963
738B,0.06710311,0.8482558,0.33190793,0.08182565,13.0,228.0,62.264286,21.612501,38.0,181.0,101.82306,11.761684,0.0,99.0,47.47174,13.924487
739A,-0.43625087,0.7078694,0.3868323,0.09471788,14.0,239.0,49.536472,17.210857,0.0,172.0,94.98885,16.38046,0.0,95.0,40.889736,19.18228
739B,-0.39839035,0.79758435,0.3605724,0.1359269,11.0,236.0,55.288162,22.333714,0.0,184.0,86.54183,20.45418,0.0,175.0,34.45706,23.337183
73A,-0.20996135,0.8958687,0.5944044,0.1486443,10.0,255.0,58.67084,27.453543,21.0,217.0,123.46937,11.492783,0.0,156.0,77.08569,11.70493
73B,-0.31501764,0.907223,0.5731059,0.1611282,13.0,255.0,61.13138,28.84542,14.0,176.0,122.18815,12.12899,0.0,121.0,75.34289,12.774332
740A,0.13534316,0.8489526,0.49121502,0.08719325,17.0,132.0,58.208996,17.143574,42.0,179.0,132.8753,11.115892,0.0,122.0,76.53681,12.942026
740B,0.1374178,0.85413104,0.48441973,0.08309618,17.0,139.0,57.792294,16.93891,39.0,179.0,133.71788,10.866767,0.0,124.0,77.242065,12.595905
741A,-0.6506024,0.96542454,0.3648181,0.34799743,6.0,255.0,73.575485,38.016117,0.0,223.0,102.68345,22.360882,0.0,147.0,34.663868,19.15415
741B,-1.0,1.0,0.14224635,0.47454843,0.0,255.0,92.63906,56.930126,0.0,255.0,92.115685,33.641994,0.0,142.0,31.18342,22.516842
742A,-0.2031217,0.7373289,0.3338746,0.11875202,22.0,255.0,77.70731,27.521618,17.0,169.0,106.64224,17.508778,0.0,117.0,44.621143,25.688538
742B,-0.159438,0.7495712,0.47603208,0.15649785,20.0,242.0,56.8681,23.983051,1.0,167.0,119.480385,17.01102,0.0,122.0,65.88871,25.150877
743A,-0.0054054055,0.9209949,0.43356958,0.1600695,5.0,189.0,59.710114,27.882166,0.0,185.0,84.976616,28.774263,0.0,186.0,22.359781,19.16192
743B,-0.2937063,0.9335038,0.41194263,0.13422732,0.0,247.0,62.593037,30.990126,0.0,196.0,100.64254,23.057646,0.0,106.0,33.592686,19.754623
744A,-0.54285717,0.95998,0.52181363,0.29925162,0.0,250.0,37.761906,19.609095,0.0,178.0,108.36201,35.080048,0.0,125.0,60.369892,32.8918
744B,-0.2361516,0.9231678,0.3513686,0.34309196,1.0,255.0,39.58169,19.915855,0.0,187.0,91.63788,42.528122,0.0,124.0,44.567677,37.57813
745A,-0.1635514,0.88737017,0.46487954,0.11495447,2.0,255.0,42.080364,23.893745,13.0,230.0,121.98947,17.379936,0.0,177.0,72.82429,19.555027
745B,0.056086257,0.9939486,0.4772622,0.16232774,0.0,255.0,48.3217,31.77218,0.0,233.0,95.21457,31.997335,0.0,183.0,38.704525,34.863407
746A,0.104347825,0.83597344,0.5115553,0.09258957,20.0,203.0,68.327995,17.55624,78.0,189.0,135.4976,10.225836,13.0,117.0,74.41788,10.581346
746B,0.10687831,0.90666366,0.5654471,0.088624015,17.0,189.0,62.755524,18.178057,71.0,173.0,135.6731,9.582881,15.0,122.0,80.52926,10.141177
747A,-0.5681736,0.8966985,0.53599524,0.22785689,12.0,255.0,61.826538,33.077393,0.0,195.0,114.37914,25.846872,0.0,133.0,65.850235,23.455362
747B,-0.5810861,0.9030941,0.54826105,0.3141805,11.0,255.0,58.39638,42.25757,0.0,180.0,114.12972,32.911846,0.0,133.0,66.94074,28.278454
748A,0.024474023,1.0,0.7959627,0.11086584,0.0,255.0,27.449738,17.545633,0.0,255.0,137.24141,25.761484,0.0,185.0,85.11674,23.667429
748B,-0.24169742,1.0,0.7934214,0.10889967,0.0,255.0,29.572,17.60044,14.0,255.0,146.04642,24.231375,0.0,219.0,94.34063,21.98469
749A,-0.26166755,0.7935484,0.2789537,0.13236746,23.0,255.0,112.361595,36.172985,0.0,255.0,115.139854,17.594774,0.0,141.0,47.638966,21.100151
749B,-0.116995074,0.78452605,0.27287024,0.12468653,27.0,255.0,116.009315,36.153835,23.0,242.0,117.30282,16.60067,0.0,166.0,52.13611,19.978285
74A,0.01861862,0.9124476,0.85370344,0.04083803,13.0,255.0,33.976917,14.538213,6.0,250.0,132.29222,35.05027,0.0,190.0,84.33867,34.188667
74B,-0.22727273,0.9263439,0.79357386,0.15019491,11.0,255.0,39.487175,23.035921,8.0,255.0,139.12872,31.583374,0.0,185.0,86.47937,30.386051
750A,0.19407009,0.8353595,0.5972053,0.081373975,12.0,118.0,36.743824,10.217839,53.0,209.0,119.04116,11.631616,0.0,128.0,68.17823,13.035502
750B,0.18016046,0.83374256,0.61700135,0.09988306,13.0,131.0,37.353146,11.869746,49.0,254.0,118.091225,12.701804,0.0,133.0,65.71832,13.809903
751A,0.10391645,0.8188034,0.54776573,0.08797294,6.0,253.0,49.176067,14.892691,11.0,154.0,85.47468,14.289757,0.0,109.0,31.546242,17.424458
751B,0.011049724,0.9131086,0.49617517,0.14130798,0.0,186.0,48.72348,14.951345,0.0,169.0,79.05057,27.297241,0.0,118.0,28.725807,20.71624
752A,-0.39808017,0.94198227,0.70061964,0.22300397,4.0,255.0,47.45708,35.144737,0.0,255.0,104.92572,18.614592,0.0,171.0,42.69035,22.964226
752B,-0.15777351,0.94983923,0.7021554,0.20714141,4.0,255.0,46.73123,32.60264,13.0,255.0,106.58662,18.16322,0.0,183.0,46.83603,23.945303
753A,-0.34778512,0.8961284,0.71548736,0.17630234,1.0,255.0,31.370535,22.987082,0.0,255.0,136.48286,53.43465,0.0,213.0,83.9268,46.66836
753B,-0.1277937,0.8826962,0.75300384,0.11415368,2.0,255.0,27.204077,16.337337,0.0,255.0,135.70992,56.282654,0.0,204.0,84.23508,48.500706
754A,-0.962963,0.9977169,0.3633246,0.17925885,0.0,255.0,71.51976,33.67326,0.0,220.0,91.40316,13.426607,0.0,162.0,19.527355,18.814732
754B,-0.31195337,0.99885255,0.46434492,0.17238444,0.0,207.0,60.5725,30.24653,0.0,179.0,89.578224,16.564636,0.0,130.0,22.695078,17.15025
755A,-0.44727892,0.88397926,0.4115697,0.08431738,9.0,255.0,65.267044,21.448195,8.0,178.0,102.77167,15.240882,0.0,111.0,41.32835,18.373253
755B,0.1724138,0.9323551,0.4224863,0.08882299,10.0,229.0,63.457684,22.065422,46.0,184.0,106.099396,14.670501,0.0,110.0,46.00346,17.597095
756A,-0.048118986,0.9170497,0.6042217,0.19226979,12.0,255.0,59.852047,28.42829,14.0,241.0,113.53589,12.793681,0.0,135.0,41.357197,18.062515
756B,-0.18502362,0.9147117,0.69077677,0.17399791,11.0,242.0,49.110382,23.968796,49.0,255.0,109.148254,14.2649355,0.0,176.0,40.716972,19.033987
757A,-0.1615509,0.90701914,0.41116038,0.17944488,7.0,255.0,64.926094,29.315163,33.0,184.0,100.7161,21.651922,0.0,158.0,45.443253,25.83851
757B,-0.115384616,0.90674347,0.416923,0.16671097,9.0,255.0,63.412846,27.56159,15.0,194.0,105.48178,21.630213,0.0,137.0,52.591656,24.865381
758A,-0.40880504,0.94732994,0.4335831,0.17612791,0.0,255.0,60.167667,26.371672,6.0,255.0,104.24005,22.85077,0.0,221.0,30.205124,21.18964
758B,-0.4632713,0.91250855,0.49684232,0.16823407,1.0,255.0,53.98998,23.868843,0.0,255.0,103.68957,19.174688,0.0,130.0,31.096518,17.15295
759A,-0.4177832,0.94163644,0.62860084,0.16218847,1.0,255.0,41.8646,21.894804,0.0,255.0,126.99355,22.673826,0.0,171.0,74.031975,21.990532
759B,-0.22373123,0.93483835,0.64783496,0.17226242,0.0,255.0,39.555023,21.764095,1.0,255.0,123.49976,22.096323,0.0,224.0,69.80048,22.18397
75A,0.5887522,0.8857271,0.8058677,0.021865549,17.0,80.0,33.908634,8.154594,79.0,197.0,144.65495,10.955168,27.0,138.0,90.08081,10.883888
75B,0.40937144,0.88934696,0.80732465,0.022252923,17.0,110.0,32.99951,7.994464,82.0,190.0,144.57713,10.379396,31.0,134.0,90.3157,10.355102
760A,-0.014723927,0.80858606,0.42813128,0.11004448,9.0,255.0,57.778828,23.736094,16.0,255.0,131.66823,27.539894,0.0,201.0,72.94424,24.540262
760B,-0.004613019,0.8561814,0.3719321,0.10593175,6.0,255.0,72.402214,28.823565,48.0,229.0,120.31333,21.673285,0.0,151.0,55.904053,20.377205
761A,-0.12226776,0.9619107,0.5833424,0.21130632,0.0,255.0,49.705715,34.80831,18.0,255.0,138.32787,23.57318,0.0,255.0,88.10284,23.959892
761B,-0.96330273,0.95270014,0.48879158,0.29371166,0.0,255.0,55.211308,40.457237,0.0,255.0,123.08569,36.92286,0.0,255.0,71.070656,32.61732
762A,-0.50493544,0.9094488,0.67683595,0.23335269,4.0,255.0,37.38055,28.519598,8.0,255.0,136.71465,29.79329,0.0,255.0,78.91286,27.32115
762B,-0.46067417,0.90074074,0.55774254,0.322912,6.0,255.0,45.334988,33.959843,16.0,255.0,135.43855,38.529114,0.0,255.0,76.0455,34.301613
763A,-0.49881798,0.87119603,0.015453462,0.08739436,12.0,255.0,38.29248,20.665869,0.0,226.0,41.247692,17.343498,0.0,122.0,1.6119499,9.864591
763B,-0.2688679,0.20843092,-0.022472676,0.034773756,12.0,49.0,29.358612,7.121589,0.0,69.0,33.730495,9.217176,0.0,0.0,0.0,0.0
764A,-0.2501792,0.9167935,0.56487304,0.19492552,8.0,255.0,47.805298,25.501387,53.0,252.0,125.61444,16.269854,0.0,142.0,69.44082,20.453577
764B,-0.31844157,0.92057437,0.57555604,0.19569091,6.0,255.0,52.92914,28.101913,34.0,255.0,123.72559,15.236347,0.0,214.0,68.584526,18.13054
765A,-0.3710175,0.84761155,0.4320437,0.14894341,23.0,255.0,80.85375,33.634464,0.0,255.0,115.71462,18.99986,0.0,184.0,64.64944,24.88071
765B,-0.24240752,0.82373095,0.45526788,0.13690421,24.0,255.0,73.181885,31.763351,0.0,255.0,117.8129,17.997366,0.0,160.0,69.00801,23.0596
766A,0.020685198,0.9342723,0.75374925,0.10630688,5.0,169.0,33.683426,16.466106,59.0,210.0,136.58315,12.5278015,16.0,147.0,87.10168,13.4594
766B,-0.484,0.94087285,0.7290619,0.1466889,5.0,255.0,37.823547,15.662834,22.0,255.0,134.92503,15.37552,0.0,255.0,84.13251,16.000679
767A,-0.36559343,0.8562686,0.49312663,0.11377756,8.0,255.0,46.253193,20.989418,23.0,172.0,123.83294,12.7199335,0.0,121.0,71.37538,13.549896
767B,0.19180736,0.82095665,0.5361858,0.091128215,10.0,146.0,42.585445,14.947298,75.0,173.0,129.05186,10.596764,11.0,117.0,77.559326,10.786297
768A,0.15878788,0.91676867,0.6594682,0.09286617,2.0,211.0,43.039932,15.365229,48.0,212.0,110.27885,16.423365,0.0,127.0,46.507275,21.588245
768B,0.04324684,0.9709091,0.71393013,0.09224311,1.0,205.0,37.533142,14.956853,27.0,224.0,109.8439,16.304537,0.0,124.0,51.073273,21.252016
769A,-0.0096982755,0.9006574,0.6147641,0.12155443,8.0,228.0,41.061146,14.170413,56.0,214.0,121.87433,10.933019,0.0,134.0,74.298615,12.732934
769B,0.027422303,0.8922479,0.552763,0.13435803,2.0,178.0,40.284588,13.346315,29.0,163.0,121.856895,11.4184475,0.0,121.0,74.095375,12.150273
76A,-0.48324326,0.7345062,0.43076763,0.08586339,6.0,255.0,51.765034,17.638388,26.0,196.0,105.66621,13.699963,0.0,130.0,52.043854,14.090302
76B,-0.36144578,0.81602377,0.4268769,0.09507961,0.0,245.0,51.607,19.489927,15.0,222.0,107.76434,14.26154,0.0,178.0,53.686268,14.629314
770A,-0.1379845,0.8804781,0.51151896,0.17312258,8.0,231.0,52.36662,28.507944,21.0,227.0,124.00317,19.424097,0.0,152.0,68.96632,20.149078
770B,-0.49787235,0.8817734,0.5762279,0.20318714,7.0,255.0,41.148167,22.785381,0.0,212.0,128.57442,20.70696,0.0,149.0,72.97088,20.336657
771A,0.056311984,0.8902552,0.5262729,0.13021076,1.0,255.0,51.556046,21.57541,0.0,255.0,130.73509,27.883944,0.0,187.0,79.13606,26.094513
771B,0.08137496,0.9090164,0.55038106,0.12943576,5.0,255.0,48.189804,21.707565,28.0,255.0,137.44633,24.642767,0.0,255.0,85.28263,22.230413
772A,0.14782867,0.8830645,0.589899,0.106589116,4.0,244.0,60.305283,20.86519,67.0,179.0,109.39032,10.378645,9.0,113.0,56.46033,12.652579
772B,0.11747851,0.89554566,0.62505877,0.1042249,8.0,255.0,54.308544,18.766144,21.0,188.0,109.12142,12.645187,0.0,111.0,58.514313,13.886018
773A,-0.35135135,0.92,0.5366348,0.2314464,12.0,255.0,57.42439,26.973045,0.0,245.0,105.44718,18.683887,0.0,146.0,51.66313,19.368132
773B,-0.21793863,0.91527265,0.5450485,0.22946082,14.0,255.0,57.369476,27.084764,0.0,206.0,105.45831,17.2189,0.0,131.0,50.389477,19.380257
774A,0.013371151,0.8280416,0.5157113,0.12951986,24.0,233.0,75.427025,25.008875,69.0,177.0,116.82931,13.346397,0.0,111.0,66.08557,16.748201
774B,0.18122977,0.83600426,0.7270225,0.038384717,24.0,173.0,43.31993,11.975984,91.0,161.0,138.68498,4.692326,41.0,113.0,92.65711,5.021363
775A,0.42372882,0.9230385,0.854061,0.021069191,8.0,77.0,22.774338,6.9501567,91.0,179.0,143.98608,7.9122095,39.0,124.0,89.06445,7.8542023
775B,0.36555892,0.9286644,0.8473612,0.04959238,7.0,95.0,22.53789,7.392519,90.0,181.0,140.53703,9.138103,37.0,126.0,86.7748,8.99149
776A,0.119434044,0.8542007,0.59127676,0.13774261,13.0,229.0,43.02945,15.927812,7.0,236.0,134.46144,15.71786,0.0,146.0,80.353096,15.845239
776B,0.13028976,0.897747,0.58615035,0.12719202,10.0,255.0,46.398987,16.56774,0.0,255.0,137.73608,23.934683,0.0,194.0,82.73496,21.15676
777A,-0.4381271,0.824431,0.35261264,0.3034941,25.0,255.0,72.88526,27.131413,0.0,255.0,112.20165,39.832153,0.0,207.0,61.349472,31.805923
777B,-0.46377164,0.82533365,0.3099664,0.33419263,28.0,255.0,71.059204,28.10915,0.0,255.0,106.81431,45.05342,0.0,255.0,57.24342,33.94735
778A,-0.040935673,0.9218915,0.8452996,0.09722498,6.0,255.0,29.409575,13.859301,11.0,255.0,128.78476,10.639257,0.0,255.0,72.249855,10.984333
778B,-0.17791411,0.9299335,0.84654003,0.088880256,0.0,255.0,29.3883,12.548835,13.0,255.0,128.18692,10.322653,0.0,222.0,71.83713,11.319158
779A,0.15593562,0.9100615,0.67421913,0.0949701,7.0,144.0,38.513226,12.603891,40.0,253.0,133.42067,25.499315,0.0,192.0,79.208,23.950748
779B,0.18449084,0.9018868,0.5996311,0.1094211,7.0,163.0,43.807327,14.186491,58.0,228.0,128.11949,17.797018,0.0,170.0,74.128525,17.458876
77A,-0.24324325,0.86573535,0.6360892,0.13479924,20.0,255.0,47.26887,17.973623,0.0,235.0,129.40436,16.233427,0.0,150.0,75.07996,18.801544
77B,0.05451214,0.8605162,0.6062806,0.13975959,19.0,255.0,50.07716,18.500435,36.0,209.0,126.32953,17.398203,0.0,135.0,73.15779,20.138504
780A,-0.995086,0.8675907,0.40070295,0.1761963,16.0,255.0,88.058815,33.126183,0.0,255.0,108.11359,18.280142,0.0,228.0,43.856552,18.00921
780B,-0.9892473,0.9109063,0.42655635,0.21738783,5.0,255.0,81.10613,33.70855,0.0,250.0,113.605064,31.754152,0.0,157.0,52.615154,26.86071
781A,-0.3327601,0.87945265,0.47573945,0.23057209,19.0,211.0,50.011932,14.061829,20.0,186.0,109.162605,27.894127,0.0,134.0,48.475647,33.7465
781B,-0.4252669,0.8873215,0.72507274,0.15882061,17.0,155.0,37.09729,9.237223,13.0,213.0,138.45099,17.357317,0.0,139.0,85.10241,18.692917
782A,0.13065933,0.7652871,0.429897,0.08956507,33.0,215.0,86.08077,20.62851,57.0,157.0,116.5744,11.342755,0.0,110.0,61.522945,14.823761
782B,0.1163233,0.7505295,0.38716036,0.108070515,33.0,245.0,94.5698,26.681114,43.0,157.0,103.9469,14.223464,0.0,110.0,43.986984,20.85357
783A,-0.29411766,0.9040543,0.7605157,0.11760491,4.0,255.0,26.117317,14.399347,1.0,255.0,128.00328,19.804731,0.0,198.0,80.43762,17.787432
783B,-0.2707659,0.90436935,0.7437955,0.118193954,6.0,255.0,29.532013,16.438112,0.0,239.0,124.68839,21.2121,0.0,151.0,77.14295,19.422112
784A,0.30054906,0.84402657,0.74564505,0.024661666,8.0,67.0,28.162542,9.286809,93.0,191.0,151.2374,8.622552,38.0,127.0,87.022316,8.888758
784B,0.37947306,0.8711613,0.76467586,0.034985024,6.0,66.0,26.831625,10.255237,89.0,198.0,150.54913,8.689895,25.0,139.0,87.974205,9.14134
785A,-0.42024964,0.9340278,0.8472774,0.18246076,4.0,255.0,20.769442,11.064543,0.0,200.0,147.7519,21.204397,0.0,143.0,91.99078,18.08657
785B,-0.45709828,0.9295238,0.8302341,0.22212528,5.0,255.0,21.176836,12.03933,0.0,233.0,146.93529,24.078773,0.0,145.0,90.810646,20.246386
786A,0.57261986,0.90903723,0.83984905,0.022838091,11.0,69.0,27.360184,8.235474,77.0,201.0,146.61278,13.064962,23.0,139.0,90.32816,12.590386
786B,0.58166784,0.9136391,0.84016705,0.0221674,10.0,62.0,27.411707,8.104157,76.0,194.0,147.08025,12.780705,19.0,136.0,90.69013,12.315419
787A,-0.30126184,0.7276342,0.41346818,0.090339,13.0,255.0,73.22738,21.45984,16.0,157.0,89.802925,11.586916,0.0,95.0,26.057953,16.41712
787B,-0.20509194,0.73178256,0.44427308,0.090939514,14.0,255.0,67.92618,18.688057,14.0,251.0,93.77524,11.429453,0.0,117.0,34.609303,15.757007
788A,0.091351025,0.8613861,0.57782114,0.106068455,5.0,255.0,34.291225,15.220058,26.0,230.0,125.923546,25.163511,0.0,162.0,76.7778,22.895086
788B,0.06475159,0.85519314,0.53736204,0.103960246,7.0,255.0,39.07378,16.00582,40.0,223.0,130.58388,20.99026,4.0,152.0,78.98323,19.222437
789A,-0.17177345,0.8933816,0.5262372,0.14769286,9.0,255.0,72.6364,35.83776,0.0,255.0,123.46305,20.960567,0.0,155.0,69.14406,21.111526
789B,-0.22423147,0.93735105,0.4776812,0.18166679,4.0,255.0,82.57495,40.872997,13.0,255.0,122.20086,20.591427,0.0,255.0,65.506294,20.02869
78A,-0.097486205,0.9537849,0.7393024,0.12767804,0.0,255.0,36.650253,18.976166,47.0,255.0,138.56966,16.403421,0.0,255.0,84.199326,14.644217
78B,-0.31578946,0.99927455,0.7162194,0.14661047,0.0,255.0,38.86084,22.044598,35.0,255.0,136.46121,18.150671,0.0,255.0,81.92021,16.621742
790A,-0.39988846,0.8549072,0.49437958,0.18056872,20.0,255.0,63.91281,26.878183,12.0,255.0,135.54997,23.391878,0.0,255.0,77.73429,21.77562
790B,-0.22229551,0.87670696,0.47522473,0.15998858,20.0,255.0,62.76956,24.11667,26.0,255.0,136.59206,25.57248,0.0,255.0,77.899086,22.745747
791A,-0.37691003,0.8891486,0.5256194,0.16171329,13.0,225.0,57.191467,19.885279,0.0,255.0,116.8926,17.564024,0.0,226.0,58.52704,17.755226
791B,-0.5145845,0.8713401,0.4063337,0.18345806,12.0,237.0,63.713623,26.410593,0.0,255.0,114.101524,22.711355,0.0,251.0,52.891693,21.886942
792A,0.17210683,0.92453706,0.8524554,0.035222054,9.0,184.0,24.003653,7.8328953,68.0,185.0,145.17085,9.324987,14.0,130.0,88.06659,9.131833
792B,0.60573375,0.9272329,0.8476413,0.028821506,7.0,65.0,24.054132,7.4502316,98.0,184.0,146.30598,7.979288,39.0,124.0,89.02328,8.183049
793A,0.01171875,0.917692,0.6077069,0.20124961,16.0,232.0,52.801464,23.447794,69.0,213.0,130.99667,12.227943,0.0,206.0,81.21021,14.293447
793B,0.005586592,0.9287113,0.7345545,0.14736839,10.0,255.0,45.439297,20.290035,67.0,191.0,134.50148,10.806955,15.0,134.0,84.71801,12.628953
794A,-0.43309352,0.89433384,0.37888467,0.22615974,3.0,255.0,66.869286,38.101906,0.0,255.0,140.65071,32.10871,0.0,203.0,77.555504,32.04501
794B,-0.4950249,0.76324207,0.22185712,0.10984682,7.0,255.0,78.690414,30.71478,0.0,255.0,131.59892,43.968113,0.0,215.0,61.500473,38.2771
795A,-0.45084745,0.92313606,0.5680388,0.19578362,9.0,219.0,53.323414,17.678564,0.0,172.0,98.69523,24.030123,0.0,118.0,44.86851,21.710545
795B,-0.22651933,0.93041605,0.6378118,0.1548523,10.0,226.0,50.804066,19.380728,0.0,210.0,109.27421,20.231455,0.0,108.0,52.5844,19.868013
796A,-0.30892956,0.9067744,0.5007006,0.15766722,14.0,229.0,49.24895,16.576233,0.0,218.0,120.95928,17.121986,0.0,132.0,60.688507,18.436306
796B,-0.12618949,0.9256678,0.53853524,0.19584359,15.0,255.0,50.789516,18.002384,4.0,225.0,114.09241,16.200783,0.0,173.0,52.854412,16.946571
797A,0.17857143,0.8980199,0.79457974,0.095549405,10.0,117.0,28.409384,10.826352,70.0,182.0,139.47282,12.041702,16.0,128.0,82.8508,10.976681
797B,0.25696173,0.912379,0.7671942,0.12823823,9.0,93.0,29.227076,11.627963,72.0,184.0,137.08693,12.145285,29.0,126.0,82.746025,10.392319
798A,-0.17715533,0.89098996,0.4550227,0.1137582,17.0,255.0,72.03894,23.819092,35.0,237.0,117.17777,13.993337,0.0,127.0,67.56432,14.891119
798B,-0.08111702,0.89073735,0.44401962,0.14342849,17.0,255.0,75.3241,27.077917,38.0,255.0,115.649635,16.589087,0.0,130.0,65.14634,18.274641
799A,-0.07180202,0.8720749,0.329577,0.14865048,11.0,255.0,71.77163,25.027212,36.0,251.0,86.98521,13.857267,0.0,232.0,10.906837,15.756832
799B,-1.0,0.888,0.3205549,0.18385945,4.0,255.0,66.57361,26.186186,0.0,239.0,90.401146,15.759526,0.0,167.0,18.198093,21.200188
79A,0.1526286,0.93542653,0.67490447,0.08637885,4.0,155.0,37.069183,14.221649,67.0,197.0,110.758545,13.481473,8.0,108.0,59.613323,14.55483
79B,0.35419354,0.92515534,0.671854,0.078455605,5.0,106.0,35.21932,12.052836,69.0,158.0,105.51272,13.246364,17.0,109.0,56.924175,12.92479
7A,0.1680798,0.8242089,0.51863825,0.07077007,30.0,154.0,62.894917,10.178642,57.0,176.0,136.52087,8.662366,9.0,130.0,86.219826,9.529058
7B,-0.1615925,0.81212676,0.41855443,0.13129237,31.0,205.0,74.65998,22.43654,41.0,174.0,124.80181,20.512646,0.0,124.0,73.45957,22.600294
800A,-0.5867403,1.0,0.75501287,0.16410956,0.0,179.0,17.882929,14.681296,0.0,251.0,120.04546,27.345697,0.0,166.0,69.369064,25.116188
800B,-1.0,1.0,0.66455865,0.39000183,0.0,255.0,18.961351,17.792606,0.0,255.0,114.28235,37.520424,0.0,255.0,65.75491,31.98614
801A,-0.9705882,0.9994878,0.17464095,0.25436676,0.0,255.0,128.61427,97.637886,0.0,255.0,117.07659,46.025852,0.0,255.0,66.32075,41.556545
801B,-0.99707603,0.9459459,0.036608312,0.4176593,0.0,255.0,32.98748,40.658596,0.0,246.0,46.467346,42.724068,0.0,184.0,14.7300415,31.461142
802A,0.59313923,0.91933817,0.85098195,0.019745061,10.0,61.0,27.224436,7.9509177,63.0,204.0,143.64247,13.879347,4.0,145.0,89.41754,13.646879
802B,0.5735978,0.9057296,0.84777915,0.019345405,10.0,69.0,27.398443,7.9465327,61.0,200.0,143.93909,14.866455,3.0,149.0,89.89048,14.575117
803A,0.07710699,0.86600494,0.5915125,0.09287443,11.0,255.0,37.643646,13.62758,31.0,235.0,128.16841,11.524765,0.0,142.0,75.8497,11.327356
803B,0.09090909,0.8375772,0.57434845,0.0918805,11.0,246.0,38.88023,12.709047,42.0,200.0,129.39244,13.235485,0.0,148.0,77.49035,13.294745
804A,-0.0063211126,0.8835979,0.5521089,0.16588666,18.0,251.0,53.619015,15.286907,22.0,255.0,142.70781,15.533229,0.0,175.0,76.25503,13.626075
804B,-0.01954652,0.8802804,0.54376155,0.15946642,21.0,186.0,52.243607,13.362337,74.0,255.0,137.86209,13.165007,3.0,142.0,74.72453,12.5836935
805A,0.055421688,0.9328234,0.73214066,0.19888903,4.0,255.0,26.218704,19.178152,22.0,255.0,114.69022,20.110071,0.0,142.0,67.21737,19.094036
805B,-0.07053942,0.9410101,0.79720736,0.11871402,3.0,223.0,21.289894,11.545725,19.0,195.0,116.050896,21.129356,0.0,142.0,70.21285,18.51786
806A,-0.0015710919,0.8771667,0.80085707,0.02901483,21.0,147.0,38.3644,8.713458,57.0,190.0,139.13548,13.054993,0.0,137.0,87.0102,12.786903
806B,-0.03664224,0.895234,0.79607856,0.029736986,21.0,80.0,37.87167,8.364534,54.0,190.0,140.48212,12.64063,2.0,142.0,88.66937,12.408745
807A,-0.66085386,0.9051431,-0.14699697,0.30512887,10.0,255.0,59.988007,28.00383,0.0,255.0,56.091053,33.06111,0.0,188.0,12.995541,28.028854
807B,-0.77757007,0.89355904,0.14936665,0.36730218,8.0,255.0,59.605587,31.392628,0.0,255.0,102.13285,47.921112,0.0,255.0,52.107376,46.93873
808A,-0.26399097,0.9069876,0.5772567,0.20041534,15.0,255.0,63.05592,31.19584,0.0,245.0,109.00791,17.262218,0.0,175.0,55.323364,20.576542
808B,-0.27476415,0.9206706,0.62332475,0.20834272,14.0,255.0,54.63502,28.729689,11.0,255.0,108.51862,18.438929,0.0,245.0,54.585865,21.088158
809A,0.035415325,0.8710787,0.4436675,0.19883616,20.0,172.0,44.27829,9.857971,29.0,204.0,95.042076,16.711523,0.0,121.0,42.58011,17.336948
809B,0.082029395,0.8741328,0.46134424,0.14815888,18.0,118.0,44.274387,9.146441,21.0,186.0,95.055626,17.159075,0.0,138.0,42.51721,17.875292
80A,0.09291339,0.9024823,0.6970229,0.1782095,15.0,237.0,50.29802,22.871435,52.0,206.0,138.7162,16.399141,0.0,147.0,84.52152,15.061485
80B,0.077988,0.916955,0.72766143,0.17451715,10.0,230.0,42.468807,17.913172,58.0,218.0,140.17586,16.242643,0.0,166.0,85.015144,14.668036
810A,-0.35971898,0.8708083,0.47011954,0.11916239,4.0,255.0,61.99645,32.121513,0.0,177.0,82.0326,21.545177,0.0,104.0,28.486578,24.713795
810B,-0.70127773,0.851586,0.48685804,0.23073082,3.0,255.0,68.95243,33.36757,0.0,255.0,70.89899,23.112883,0.0,204.0,14.44289,19.255882
811A,-0.45402297,0.8689767,0.43295532,0.16771652,6.0,255.0,50.544415,24.059141,0.0,255.0,126.73227,19.88414,0.0,124.0,75.7574,19.182848
811B,-0.27622595,0.871042,0.4996984,0.1475738,5.0,255.0,48.286816,19.082987,8.0,224.0,133.39452,14.094954,0.0,165.0,83.62557,15.25248
812A,0.46153846,0.914429,0.84122884,0.028892472,7.0,74.0,24.656195,7.929878,85.0,197.0,142.08815,9.550267,35.0,132.0,87.73429,9.5489645
812B,0.5391517,0.9121249,0.82074773,0.030163938,10.0,72.0,26.983109,8.093055,96.0,181.0,141.91588,9.211956,41.0,130.0,87.864044,9.340654
813A,-0.28146452,0.94836956,0.7973981,0.10940457,1.0,255.0,30.43434,17.15953,30.0,255.0,142.91743,27.67827,0.0,191.0,89.43818,24.073816
813B,-0.4609375,0.94975287,0.80830836,0.10841876,2.0,255.0,28.262774,15.453775,27.0,255.0,143.15532,28.598845,0.0,192.0,89.55198,25.862442
814A,-0.12878254,0.8925278,0.55449176,0.12372337,8.0,204.0,44.697803,16.182665,43.0,179.0,119.32571,15.366667,0.0,126.0,69.80915,15.96419
814B,-0.23514211,0.878607,0.55682874,0.08878447,10.0,232.0,41.03261,10.950774,63.0,178.0,116.64335,13.030896,0.0,129.0,65.50083,13.465312
815A,-0.028093245,0.89851004,0.5103073,0.192905,11.0,255.0,56.93044,25.029099,0.0,255.0,123.29199,22.329653,0.0,255.0,66.58274,21.698633
815B,0.04456641,0.8593272,0.55011123,0.12554595,14.0,255.0,49.01451,17.560247,35.0,255.0,123.38471,13.989917,0.0,255.0,66.75602,15.016079
816A,-0.037649978,0.99733686,0.73231,0.1655406,0.0,255.0,32.630737,18.84007,0.0,255.0,142.57158,38.285484,0.0,208.0,88.33689,35.595444
816B,-0.08001749,0.9453362,0.66361564,0.17680998,1.0,255.0,36.42819,18.040169,48.0,255.0,146.74469,19.171358,0.0,255.0,93.12386,18.815243
817A,0.1435823,0.817714,0.5078466,0.093001105,20.0,206.0,53.43276,19.640026,59.0,198.0,128.63855,13.818377,0.0,133.0,80.13743,17.648098
817B,0.04834308,0.8265833,0.46251154,0.09757663,20.0,255.0,60.939636,22.637293,38.0,255.0,122.648186,14.903314,0.0,255.0,72.50704,18.99834
818A,-0.39723504,0.85980284,0.43697977,0.14667434,8.0,255.0,63.65832,33.877617,25.0,203.0,119.062195,21.028486,0.0,154.0,71.092636,24.740116
818B,-0.4255112,0.883811,0.34515586,0.1540041,10.0,255.0,82.462074,41.61473,10.0,255.0,106.463196,22.807482,0.0,123.0,55.13426,27.261362
819A,0.052009992,0.9144068,0.6583641,0.13644397,0.0,255.0,36.046246,18.355503,29.0,237.0,126.54311,24.521381,0.0,157.0,71.93116,23.106337
819B,0.0072072074,0.9231704,0.6650272,0.14397457,0.0,221.0,33.483265,16.533466,17.0,246.0,125.52456,25.669523,0.0,156.0,69.71393,23.198763
81A,0.12038763,0.91350394,0.54806805,0.17294338,8.0,240.0,51.95647,26.785772,6.0,255.0,132.78017,29.01033,0.0,205.0,82.799385,27.442595
81B,-0.071428575,0.90804595,0.42805022,0.14293483,11.0,255.0,66.28971,28.709967,0.0,244.0,131.1183,22.924187,0.0,175.0,80.189514,22.601254
820A,-0.9512195,0.9285714,-0.16089138,0.2214643,0.0,26.0,9.014464,7.164063,0.0,102.0,59.694077,12.294483,0.0,6.0,0.0011138916,0.050316177
820B,-0.9512195,0.9285714,-0.116917014,0.21457753,0.0,24.0,8.866237,7.037331,0.0,104.0,60.687973,12.413951,0.0,7.0,0.0018806458,0.06810984
821A,-0.5196195,0.95637685,0.70230657,0.13331887,0.0,255.0,35.94669,17.381058,0.0,255.0,107.9183,18.903826,0.0,199.0,54.15183,20.704712
821B,-0.97727275,0.99717116,0.61471736,0.26280478,0.0,255.0,33.927013,25.286623,0.0,255.0,107.66315,31.350569,0.0,251.0,57.194653,25.894203
822A,0.07903571,0.82499385,0.610357,0.098562986,24.0,255.0,52.903576,20.471512,61.0,167.0,129.83255,10.431926,0.0,126.0,85.13289,11.717325
822B,-0.15244596,0.81056255,0.5580714,0.17107433,22.0,255.0,66.09274,37.473526,12.0,177.0,118.14929,24.222525,0.0,140.0,70.33506,29.603582
823A,0.024221454,0.9417239,0.44973984,0.21221629,6.0,255.0,82.15501,33.68403,0.0,221.0,96.461975,21.58756,0.0,136.0,30.22837,20.754988
823B,-0.35829958,0.95519716,0.4112416,0.22559766,3.0,255.0,88.249535,37.803444,0.0,255.0,101.70139,25.633501,0.0,248.0,33.71924,21.526072
824A,0.0056041246,0.90407485,0.656513,0.09438626,6.0,255.0,39.43836,15.091067,15.0,255.0,119.07848,23.928953,0.0,179.0,66.53501,24.106836
824B,-0.10288066,0.9145751,0.6793827,0.110825434,4.0,255.0,30.7939,14.576011,9.0,255.0,127.94555,21.688976,0.0,171.0,77.7681,21.757263
825A,-0.08923743,0.9300828,0.7271713,0.08178836,5.0,255.0,33.912403,16.82189,49.0,177.0,112.3948,16.14343,0.0,132.0,65.07718,16.905273
825B,0.017910447,0.9325578,0.7219496,0.086549304,3.0,255.0,33.955128,16.49768,41.0,174.0,111.07804,16.54902,0.0,132.0,64.987885,16.499931
826A,-0.47458953,0.9377231,0.38572705,0.28030896,8.0,255.0,71.31066,26.278938,0.0,255.0,114.025246,40.86225,0.0,171.0,55.829967,32.33342
826B,-0.650414,0.950175,0.20373559,0.3252345,7.0,255.0,68.355705,28.247147,0.0,255.0,90.6215,48.183804,0.0,182.0,33.237686,36.46213
827A,-0.24596514,0.892967,0.5945153,0.15803109,17.0,255.0,52.649693,17.566133,27.0,255.0,134.688,21.134563,0.0,172.0,78.100235,19.001835
827B,-0.17086332,0.8968227,0.5378364,0.18101211,19.0,255.0,57.626633,21.37364,19.0,255.0,133.13663,22.793514,0.0,210.0,73.33699,18.077177
828A,-0.41403025,0.92827004,0.67673796,0.1467349,4.0,255.0,38.990417,19.832651,34.0,180.0,123.72605,14.691615,0.0,129.0,73.10257,14.1142435
828B,-0.52696455,0.93122274,0.6892596,0.14488743,5.0,239.0,37.68632,18.94262,19.0,240.0,126.673065,15.054423,0.0,144.0,74.24179,14.917586
829A,-0.09495897,0.9182757,0.7371468,0.13446893,13.0,255.0,43.109303,19.24507,22.0,255.0,145.47424,27.3329,0.0,241.0,89.69937,24.71345
829B,-0.2901879,0.9114566,0.7676187,0.103030175,6.0,255.0,39.502193,16.716108,2.0,255.0,135.6827,36.046097,0.0,255.0,85.04128,33.8297
82A,-0.70267934,0.92406034,0.30455285,0.12230469,12.0,255.0,106.138466,34.914165,3.0,217.0,110.89452,19.114054,0.0,145.0,42.08789,19.450699
82B,-0.049546633,0.9433225,0.24707808,0.106329456,11.0,255.0,117.21881,37.56159,54.0,246.0,123.69271,25.115145,0.0,168.0,57.63081,23.96339
830A,0.04851625,0.71681875,0.2750072,0.047700536,27.0,255.0,82.35492,29.190937,34.0,219.0,126.935,14.754259,0.0,141.0,78.460686,16.539942
830B,0.065929726,0.8321753,0.30931324,0.042095426,22.0,255.0,66.1298,22.26528,37.0,175.0,132.50916,11.515349,0.0,130.0,84.96096,13.064745
831A,-0.48776758,0.8880453,0.4144737,0.13588451,9.0,255.0,61.213123,31.643557,25.0,200.0,121.31602,17.478865,0.0,141.0,72.54984,22.649654
831B,-0.28045174,0.88727486,0.45989567,0.11452899,9.0,255.0,49.636383,20.227264,29.0,230.0,130.47523,15.11428,0.0,160.0,83.765686,16.700956
832A,-0.0071888007,0.8411347,0.39327282,0.16413724,12.0,255.0,67.36439,29.78435,0.0,155.0,83.64762,21.74765,0.0,106.0,20.511086,24.57998
832B,0.07984791,0.887522,0.3532743,0.14802052,14.0,242.0,66.99304,30.682562,0.0,152.0,84.19323,22.494553,0.0,111.0,21.4797,26.136497
833A,0.20390323,0.739187,0.40811408,0.076678224,19.0,177.0,66.36443,27.294558,58.0,151.0,109.66105,11.610502,0.0,110.0,61.70651,13.882976
833B,0.18440954,0.75153136,0.42157987,0.07336987,19.0,183.0,63.98828,25.584414,57.0,150.0,109.8592,11.801243,0.0,107.0,61.41776,14.132834
834A,-0.37751108,0.9133023,0.6696958,0.16428909,9.0,255.0,42.09444,20.879332,37.0,230.0,133.26004,15.212655,0.0,169.0,78.81749,15.567147
834B,-0.35535535,0.90258104,0.5692974,0.16759786,8.0,255.0,48.690887,21.854435,11.0,195.0,129.7654,14.557628,0.0,148.0,77.33166,14.814167
835A,-0.45570776,0.89111346,0.39515647,0.10042266,10.0,255.0,68.826775,31.089027,29.0,148.0,92.99737,13.361805,0.0,103.0,41.579403,17.716312
835B,-0.46517625,0.89469266,0.46037245,0.1291055,8.0,255.0,72.60044,28.5062,16.0,164.0,90.17387,12.286398,0.0,105.0,34.26198,16.37865
836A,-0.24210526,0.8662769,0.66602683,0.1654615,24.0,255.0,55.59747,17.214087,0.0,255.0,146.4637,22.00588,0.0,177.0,81.09998,18.101284
836B,-0.14741641,0.8893054,0.7359976,0.112817876,21.0,248.0,49.907337,13.453257,9.0,255.0,149.2516,15.388947,0.0,155.0,84.34134,13.438479
837A,0.04607721,0.8330059,0.59256804,0.11996697,13.0,255.0,40.150116,15.560361,48.0,176.0,121.96075,13.93667,0.0,121.0,68.58064,13.2047415
837B,0.059602648,0.88054883,0.5949477,0.10436952,9.0,227.0,37.99082,13.383511,37.0,185.0,122.98069,15.056657,0.0,125.0,68.54001,13.416634
838A,0.06452609,1.0,0.61623895,0.15564507,0.0,255.0,39.111595,23.32882,5.0,247.0,124.51786,34.514397,0.0,173.0,70.19553,30.254997
838B,0.06488156,0.9166667,0.58304816,0.14233689,0.0,255.0,38.34071,22.662672,0.0,253.0,127.71493,29.89936,0.0,159.0,74.47981,26.056269
839A,0.021138212,0.73953485,0.5454191,0.09838642,4.0,227.0,30.752441,16.860455,33.0,129.0,99.765175,9.754738,0.0,78.0,43.291183,12.274206
839B,0.09379178,0.76713336,0.5486374,0.09760299,4.0,240.0,29.960245,16.343513,29.0,133.0,99.475464,10.07065,0.0,77.0,42.62463,12.955907
83A,-0.14790659,0.9359334,0.61122525,0.16586785,3.0,247.0,44.52808,17.731873,31.0,232.0,106.89019,14.510268,0.0,152.0,42.585045,15.390625
83B,-0.079867505,0.943561,0.5423447,0.19653209,2.0,209.0,46.058258,21.904142,36.0,188.0,108.18014,13.919858,0.0,142.0,42.31794,17.191387
840A,0.030548796,0.894452,0.4578337,0.1333579,9.0,255.0,79.463264,35.715668,76.0,255.0,132.23195,11.197871,6.0,172.0,79.70991,12.335551
840B,0.0031302674,0.8656885,0.4812331,0.12081532,10.0,255.0,71.79508,28.79888,81.0,197.0,132.93883,10.515438,14.0,127.0,80.830505,11.125198
841A,0.10781991,0.7759087,0.5102105,0.08836486,18.0,164.0,48.103565,13.759979,57.0,141.0,108.28483,9.672304,0.0,101.0,59.544476,12.64345
841B,-0.46666667,0.71903217,0.5168308,0.08725741,13.0,188.0,49.644424,14.699566,36.0,160.0,109.61678,10.611563,0.0,105.0,57.257725,15.410742
842A,-0.053159043,0.95823663,0.34468964,0.13006708,2.0,255.0,107.95762,43.928608,45.0,255.0,115.08591,20.98025,0.0,255.0,57.136158,21.022295
842B,-0.053875238,0.9015483,0.3159032,0.14200662,7.0,255.0,114.80048,45.029846,30.0,255.0,118.247444,24.257778,0.0,253.0,58.116486,23.77258
843A,-0.03507271,0.8553978,0.5303607,0.24137017,23.0,109.0,49.953297,13.71345,48.0,194.0,126.442566,21.206438,0.0,138.0,73.27218,21.629396
843B,-0.024507834,0.871737,0.5184734,0.24033813,22.0,121.0,50.984745,15.629838,60.0,201.0,128.62811,20.902355,0.0,140.0,75.58017,21.944403
844A,-0.2715655,0.9546248,0.68280256,0.218111,4.0,255.0,42.27503,24.344845,13.0,255.0,116.27442,18.335386,0.0,205.0,54.56252,17.597118
844B,-0.38043478,0.9626327,0.7668074,0.17953646,3.0,255.0,33.65156,19.981953,9.0,255.0,111.579506,18.85892,0.0,182.0,56.787674,20.554317
845A,0.44723618,0.8959423,0.8153415,0.028034002,14.0,71.0,30.251902,7.215093,55.0,214.0,145.30788,18.62603,2.0,154.0,90.42306,17.948788
845B,0.60948443,0.8947368,0.81692696,0.027267404,14.0,65.0,30.316538,7.30922,60.0,209.0,145.58296,18.384075,0.0,156.0,90.79275,17.78217
846A,-0.46119624,0.808867,0.4305483,0.14961462,22.0,255.0,97.17819,39.618755,5.0,172.0,114.454124,9.625074,0.0,134.0,65.33651,12.014767
846B,-0.5643856,0.86820036,0.42390904,0.16811438,9.0,255.0,96.52512,43.748753,0.0,148.0,110.58408,14.08752,0.0,119.0,60.63872,16.893293
847A,0.08411215,0.9249707,0.66724145,0.16252182,5.0,199.0,46.399628,22.506586,54.0,190.0,125.03893,15.817591,0.0,129.0,65.22083,18.564278
847B,-0.08095781,0.92178774,0.7011956,0.14530307,6.0,255.0,40.76587,17.561031,51.0,242.0,130.76826,13.414279,0.0,136.0,68.25339,14.698277
848A,-0.10276002,0.81553704,0.42302588,0.19470613,0.0,255.0,80.09644,30.802242,0.0,255.0,115.943565,16.892973,0.0,114.0,54.14642,19.128279
848B,-0.10995671,0.7801047,0.26374593,0.1621059,0.0,255.0,108.14819,42.403275,0.0,226.0,100.05731,24.53567,0.0,180.0,36.16905,23.693121
849A,-0.10475568,0.87892723,0.75763714,0.056762524,12.0,148.0,31.886215,10.03008,43.0,239.0,132.40857,17.837051,0.0,168.0,78.48123,17.320774
849B,0.23845428,0.87277514,0.7447817,0.046816405,12.0,82.0,32.524647,9.165545,64.0,215.0,134.15385,16.692291,5.0,154.0,79.79291,16.424025
84A,-0.11042508,0.89360905,0.4546181,0.24170886,12.0,255.0,82.3496,47.03014,25.0,255.0,145.81023,28.394358,0.0,255.0,86.8422,25.683405
84B,-0.0671527,0.89345324,0.57469964,0.18686911,13.0,255.0,66.188484,36.23493,7.0,255.0,133.38817,17.381466,0.0,255.0,73.95016,16.521103
850A,0.05247898,0.9532668,0.77431226,0.10862407,1.0,199.0,30.789576,16.524702,53.0,195.0,135.05736,11.898522,10.0,128.0,85.563995,12.088579
850B,0.01297097,0.9650638,0.7650965,0.104417704,1.0,175.0,33.345356,15.720274,61.0,190.0,133.7768,11.382427,15.0,133.0,85.41227,11.449953
851A,-0.04968153,0.78223497,0.42059308,0.101946026,4.0,220.0,51.603657,24.360916,26.0,244.0,111.66022,28.132776,0.0,158.0,52.53534,28.483782
851B,-0.17032968,0.87775064,0.47115064,0.10475672,3.0,235.0,46.470947,22.535576,28.0,241.0,117.130135,29.265265,0.0,157.0,60.05248,29.762064
852A,-0.2137031,0.93098277,0.5723492,0.21591105,1.0,255.0,48.22301,28.149363,0.0,255.0,126.94663,27.943817,0.0,168.0,70.32181,28.314194
852B,-0.278169,0.9392761,0.50984764,0.21516302,2.0,255.0,58.953457,31.741014,0.0,255.0,117.40333,28.890009,0.0,207.0,60.323685,30.203714
853A,0.09536542,0.8993273,0.41205966,0.13703795,14.0,254.0,86.77844,31.090055,10.0,255.0,123.15691,29.125742,0.0,188.0,68.17402,29.582458
853B,0.089108914,0.85682917,0.45933026,0.14027935,18.0,225.0,80.04151,29.845266,10.0,255.0,124.892944,26.867136,0.0,198.0,71.00956,26.446276
854A,-0.19817768,0.8225146,0.50966823,0.11619819,24.0,164.0,49.11104,10.771348,6.0,209.0,117.940285,18.038988,0.0,122.0,62.75923,19.280054
854B,0.19724771,0.78497326,0.49968073,0.044929687,27.0,148.0,48.00412,5.529439,40.0,168.0,119.6583,10.448326,0.0,111.0,64.354645,11.088147
855A,-0.26679897,0.8864912,0.5423416,0.12442108,9.0,190.0,52.468494,19.228949,71.0,225.0,126.50574,12.902876,2.0,175.0,76.123985,12.738895
855B,0.05722071,0.9145976,0.5893115,0.11463206,7.0,174.0,48.62796,17.597324,67.0,210.0,125.92334,12.825833,5.0,157.0,77.32601,12.281018
856A,0.1230808,0.91621214,0.78075945,0.09820763,14.0,250.0,47.7753,19.615673,0.0,255.0,141.62996,41.167442,0.0,208.0,91.17747,38.219414
856B,-0.15736552,0.92949045,0.84705746,0.1125017,10.0,223.0,36.091064,17.672962,9.0,255.0,138.7975,35.849667,0.0,200.0,90.30387,34.682945
857A,-0.4366454,0.8940237,0.4179418,0.13746062,18.0,195.0,66.90217,19.738377,0.0,255.0,125.33057,13.656255,0.0,123.0,59.061222,15.032637
857B,-0.72,0.89457834,0.44241226,0.17983577,14.0,255.0,63.783245,20.77208,0.0,243.0,126.33918,18.17666,0.0,154.0,60.825565,16.869862
858A,-0.010135135,0.9285714,0.7108435,0.06350678,6.0,227.0,40.82034,11.728718,8.0,245.0,104.673035,12.450861,0.0,118.0,53.916565,15.065344
858B,-0.11801242,0.9055794,0.6814346,0.072609454,9.0,133.0,43.39207,12.860628,14.0,255.0,100.8796,15.359423,0.0,121.0,47.71107,18.880257
859A,-0.4423745,0.92914724,0.5854512,0.22920287,3.0,255.0,44.126965,25.974236,9.0,255.0,120.65607,16.877035,0.0,189.0,64.54348,18.325598
859B,-0.3907875,0.921203,0.58082277,0.23339,5.0,255.0,43.24864,25.698757,13.0,255.0,120.077354,16.71514,0.0,201.0,62.646442,19.146008
85A,0.094942026,0.9392659,0.48909754,0.09315363,0.0,229.0,49.412296,20.078783,34.0,164.0,97.07369,13.298461,0.0,93.0,24.925913,15.240146
85B,0.11608391,0.9549707,0.51465523,0.12855549,0.0,202.0,45.703465,18.7754,22.0,161.0,99.226555,13.811578,0.0,95.0,26.594383,14.531878
860A,0.21020949,0.85973084,0.6578441,0.067683116,13.0,148.0,35.17419,9.765592,45.0,224.0,136.7119,14.000713,0.0,153.0,84.69532,13.916852
860B,0.12576832,0.8514559,0.66048384,0.06519343,12.0,172.0,36.496677,9.775974,78.0,225.0,138.07777,14.468966,16.0,150.0,85.241356,13.822796
861A,-0.5154185,0.89168113,0.41908103,0.18226376,0.0,223.0,42.896618,22.110601,0.0,206.0,98.104675,19.497002,0.0,139.0,42.941326,21.494259
861B,-0.47956133,0.9074136,0.35141528,0.1515993,0.0,255.0,51.59978,24.72726,0.0,201.0,89.55426,16.109411,0.0,126.0,33.50537,19.344625
862A,-0.9858156,0.94167167,0.64901924,0.27387777,0.0,255.0,32.197735,16.71575,0.0,192.0,96.50391,27.755741,0.0,114.0,43.462627,25.116219
862B,-0.96875,0.9492895,0.6610159,0.2440291,1.0,255.0,37.911217,29.708849,0.0,176.0,108.21734,24.373894,0.0,115.0,59.78969,21.696005
863A,-0.32401526,0.9257673,0.39982426,0.16364534,17.0,255.0,70.26394,23.303242,13.0,242.0,128.99669,17.751987,0.0,126.0,63.65433,19.556587
863B,-0.080328904,0.9160207,0.37674353,0.14698069,17.0,255.0,70.86408,23.235554,24.0,255.0,122.45646,18.135336,0.0,163.0,58.780575,20.940336
864A,-0.14453782,0.81255686,0.37152213,0.17244221,17.0,255.0,74.41818,32.479996,0.0,255.0,127.74703,26.706898,0.0,255.0,68.358505,27.75086
864B,-0.24151185,0.8819368,0.42356062,0.19827884,14.0,255.0,69.03719,33.55472,0.0,255.0,125.83433,27.465702,0.0,255.0,67.81324,26.664083
865A,0.27549824,0.8446777,0.68619776,0.061770756,18.0,106.0,38.294277,9.354528,77.0,185.0,140.91179,11.323088,34.0,128.0,87.811165,10.03604
865B,0.2753371,0.8907869,0.6945001,0.06467278,15.0,142.0,37.945545,10.227442,73.0,186.0,138.36826,11.303487,33.0,143.0,87.1146,10.501921
866A,-0.4099379,0.8898078,0.39418975,0.28290522,14.0,255.0,91.53205,60.124855,19.0,206.0,104.71261,26.221502,0.0,121.0,37.81246,36.422966
866B,-0.35015136,0.8913738,0.7240031,0.231224,12.0,255.0,38.394863,34.423634,11.0,180.0,129.03792,26.158567,0.0,128.0,73.563576,30.431566
867A,0.34784135,0.93841463,0.89577925,0.041015115,3.0,88.0,20.478893,8.917667,37.0,235.0,151.07991,17.186373,0.0,175.0,97.28039,16.297949
867B,0.41940188,0.9410092,0.9015417,0.020522602,4.0,111.0,20.66836,9.063464,53.0,218.0,153.63385,14.820964,2.0,167.0,99.33063,14.214894
868A,-0.4921191,0.93036026,0.8230541,0.23152737,7.0,255.0,21.94726,8.583083,10.0,192.0,139.18153,23.637768,0.0,146.0,86.86875,21.664152
868B,0.6282946,0.9273151,0.8669462,0.02071833,6.0,59.0,21.764244,7.799272,80.0,194.0,143.43167,10.95773,25.0,139.0,91.08276,10.872119
869A,-0.21413721,0.8890667,0.3992607,0.19721025,12.0,248.0,67.168396,32.699997,12.0,255.0,105.763466,21.200432,0.0,121.0,49.935825,24.02882
869B,0.08275174,0.88950276,0.49648094,0.20358047,11.0,255.0,54.208576,28.305145,46.0,175.0,113.77002,18.370989,0.0,117.0,60.40335,19.243975
86A,-0.040849272,0.79756534,0.3450054,0.1299807,30.0,255.0,78.035484,25.343279,27.0,255.0,106.82239,19.759268,0.0,171.0,50.30879,27.202124
86B,0.04690743,0.7841349,0.32466537,0.1385287,30.0,240.0,77.9696,26.779694,18.0,255.0,111.74676,26.774065,0.0,159.0,57.043385,30.410612
870A,-0.41158536,0.9440525,0.5311362,0.23440705,7.0,255.0,57.127716,36.32138,0.0,255.0,115.57795,19.83131,0.0,193.0,61.254833,24.499298
870B,-0.4187192,0.9187069,0.5390997,0.2407966,8.0,255.0,54.84544,35.05831,0.0,255.0,117.59344,19.312885,0.0,177.0,63.33673,23.758863
871A,-0.27113703,0.8904301,0.46777773,0.13960908,13.0,223.0,64.45142,23.536242,37.0,176.0,111.53241,18.48573,0.0,124.0,59.566833,22.65865
871B,-0.35694656,0.9151028,0.476967,0.19467418,12.0,255.0,66.780334,30.422356,4.0,215.0,109.06555,21.796988,0.0,186.0,53.4606,24.145788
872A,0.21856365,0.9288402,0.8433393,0.06980345,6.0,131.0,23.554626,11.019849,85.0,192.0,144.01097,10.570265,9.0,128.0,85.37283,10.688958
872B,0.3444414,0.92699295,0.8555265,0.05413723,6.0,102.0,21.817194,9.878527,91.0,184.0,144.24611,10.212883,17.0,126.0,86.06976,10.4599085
873A,0.54131967,0.9252861,0.85633683,0.020972267,9.0,79.0,21.838959,6.261209,46.0,212.0,147.43541,14.689959,0.0,149.0,91.890686,14.047733
873B,0.461822,0.92315084,0.85225326,0.023091752,9.0,102.0,22.21626,6.433441,32.0,209.0,146.1159,14.856847,0.0,147.0,91.78943,14.366357
874A,-0.0033994333,0.86728483,0.4731325,0.14710493,14.0,255.0,51.18559,21.758604,0.0,241.0,120.38837,24.2342,0.0,151.0,67.04706,24.522556
874B,0.07872697,0.8744113,0.52269757,0.1429528,12.0,209.0,44.26063,19.672504,26.0,247.0,123.09079,23.596025,0.0,155.0,71.49337,23.992607
875A,0.049749162,0.84158105,0.63410306,0.0987744,9.0,236.0,38.08339,13.884159,29.0,185.0,117.45166,11.325272,0.0,114.0,64.22927,12.154091
875B,-0.68231046,0.8864027,0.5955901,0.13400635,3.0,255.0,40.516163,18.94596,20.0,167.0,116.00674,11.403811,0.0,109.0,62.791794,14.005781
876A,-0.18228719,0.862038,0.47034243,0.14889412,17.0,226.0,65.524925,22.338287,0.0,255.0,129.49644,18.157604,0.0,141.0,73.06947,19.861788
876B,-0.09379968,0.86235756,0.45394924,0.13170816,17.0,249.0,70.78143,21.852015,9.0,254.0,130.03407,14.806578,0.0,139.0,74.19632,16.630796
877A,-0.44802496,0.88466877,0.571675,0.15014118,19.0,211.0,50.569855,16.4929,3.0,183.0,134.3522,12.866594,0.0,130.0,82.52488,14.481185
877B,0.18771186,0.8781184,0.63858384,0.15505233,19.0,171.0,42.229538,14.220428,80.0,192.0,138.66148,10.697771,15.0,133.0,88.972145,11.553662
878A,-0.4127726,0.9163927,0.53739935,0.14389968,11.0,255.0,52.116455,22.74952,30.0,227.0,128.05258,14.4634285,0.0,149.0,76.7859,14.779928
878B,-0.27878788,0.922385,0.6257277,0.16172531,11.0,255.0,42.77345,20.584394,42.0,207.0,130.07875,15.879198,0.0,149.0,80.40811,15.107826
879A,-0.41196582,0.8485059,0.50383615,0.11882718,0.0,255.0,42.316196,19.327768,0.0,255.0,100.358826,19.815449,0.0,168.0,47.544674,20.537836
879B,0.023558082,0.88482416,0.58867335,0.082308136,2.0,242.0,32.855675,12.822582,15.0,200.0,109.933266,18.412308,0.0,146.0,57.194958,19.542637
87A,0.19806296,0.8594531,0.5087422,0.081186146,12.0,157.0,49.96823,17.304092,54.0,151.0,104.4551,10.062693,0.0,98.0,51.66797,13.261602
87B,0.22523344,0.84144086,0.51314026,0.06756748,7.0,156.0,48.21362,14.910329,48.0,160.0,109.63973,10.496933,0.0,113.0,57.914783,12.900323
880A,-0.0058577405,0.89827365,0.62081724,0.11501894,11.0,199.0,39.695354,13.134967,60.0,172.0,123.70221,13.394331,0.0,118.0,73.18747,13.19781
880B,-0.5163399,0.9031286,0.63634825,0.1660887,11.0,188.0,38.126682,12.119859,0.0,177.0,122.71127,18.429758,0.0,123.0,72.140755,17.405664
881A,0.09860423,0.7516285,0.6597194,0.031665448,19.0,92.0,33.050755,5.7903323,102.0,172.0,138.99333,7.506667,52.0,131.0,94.04657,7.9625483
881B,0.47075903,0.76468277,0.6670762,0.030991726,18.0,60.0,31.997187,5.818658,99.0,176.0,139.38605,7.6349444,54.0,128.0,94.35372,7.9344916
882A,0.053133514,0.9178213,0.65944135,0.11888112,2.0,162.0,48.89406,16.31298,26.0,187.0,104.505424,16.669968,0.0,109.0,48.655384,14.57123
882B,-0.2951945,0.9330855,0.6550349,0.12033793,4.0,162.0,48.936657,16.759014,0.0,182.0,104.94818,17.39905,0.0,108.0,48.26337,15.756213
883A,-0.29495615,0.8906449,0.7143254,0.13327815,15.0,255.0,41.81846,18.438948,15.0,242.0,125.156166,16.200396,0.0,149.0,70.12568,16.689434
883B,-0.19409594,0.89542484,0.7368742,0.13085201,15.0,236.0,37.972706,16.868412,44.0,192.0,129.26976,14.258219,0.0,131.0,73.945526,14.84382
884A,-0.33333334,0.9011108,0.5433804,0.12413303,8.0,150.0,39.415924,11.105176,0.0,179.0,111.59251,16.651577,0.0,130.0,54.12747,20.250633
884B,-0.22692308,0.9107639,0.5862129,0.12589292,7.0,204.0,37.928875,12.089666,0.0,177.0,115.08685,17.604527,0.0,129.0,60.124054,20.097689
885A,-0.32034248,0.91241354,0.48735046,0.14213464,12.0,255.0,67.307915,30.003912,0.0,204.0,102.73159,18.772512,0.0,147.0,50.73969,20.594309
885B,-0.08431044,0.91654134,0.5307157,0.1463544,8.0,255.0,62.71576,25.614424,12.0,255.0,111.6958,16.94401,0.0,255.0,60.103256,19.835089
886A,0.06810204,0.9110111,0.7220715,0.12448691,8.0,255.0,36.83897,16.854637,75.0,255.0,138.95157,13.534746,11.0,193.0,83.376366,13.197093
886B,0.02838838,0.8994458,0.6618706,0.1436539,8.0,255.0,40.224354,18.052664,62.0,240.0,134.46028,13.981505,0.0,156.0,78.8963,14.872878
887A,-0.9459459,0.9681236,0.60447335,0.09944453,0.0,152.0,22.393026,12.830231,48.0,199.0,159.0191,13.3990345,0.0,126.0,80.38815,12.053646
887B,-0.69536424,0.9273356,0.54034495,0.10394459,0.0,124.0,22.491379,13.123124,64.0,199.0,159.2336,15.547147,0.0,126.0,74.348274,14.213849
888A,-0.3056093,0.9399015,0.5313848,0.19523856,8.0,255.0,58.065258,21.330973,0.0,255.0,122.6274,15.604414,0.0,209.0,63.752758,15.885984
888B,-0.29917106,0.9993667,0.54344654,0.18269415,0.0,255.0,58.234173,19.176567,0.0,255.0,121.90647,13.758846,0.0,173.0,62.717968,15.111169
889A,0.062432725,0.88916624,0.43683052,0.2014489,5.0,178.0,40.087387,17.15932,36.0,255.0,139.0143,28.71791,0.0,198.0,84.199425,26.760134
889B,0.052328374,0.8809907,0.47737083,0.18519412,5.0,185.0,41.325123,18.053648,9.0,255.0,128.37404,31.168772,0.0,193.0,74.68163,28.41318
88A,0.43146417,0.856833,0.76061594,0.031610787,22.0,66.0,33.34834,5.8212013,64.0,201.0,149.06673,13.286706,0.0,150.0,93.36692,13.087259
88B,0.35986453,0.855144,0.74885523,0.03336678,23.0,66.0,34.35145,5.7339983,71.0,201.0,148.96283,12.945128,16.0,146.0,94.1149,12.82292
890A,-0.99603176,0.94651014,0.14045723,0.53803104,0.0,255.0,54.788452,46.463036,0.0,255.0,95.42376,42.75486,0.0,255.0,46.73102,35.3091
890B,-0.99298245,0.9497207,0.063634634,0.61434543,0.0,255.0,52.530804,44.933765,0.0,255.0,89.54148,50.616165,0.0,252.0,45.3968,36.0508
891A,-0.7486911,0.89001846,0.51713896,0.11616889,0.0,255.0,56.33144,20.878593,0.0,215.0,104.18348,19.659826,0.0,143.0,45.321304,18.336102
891B,-1.0,0.87648576,0.4609084,0.1897976,1.0,255.0,59.493225,24.23528,0.0,255.0,98.3959,26.21136,0.0,146.0,41.08719,20.890938
892A,-0.113702625,0.8887075,0.4985492,0.1361176,8.0,255.0,51.28749,22.163965,23.0,255.0,126.464455,20.076494,0.0,187.0,73.18491,21.115356
892B,-0.43823528,0.8907529,0.44977713,0.13977073,9.0,255.0,55.239323,22.51512,0.0,186.0,120.091034,18.69725,0.0,135.0,66.19999,21.633503
893A,0.09342704,0.8771457,0.6501338,0.10151295,13.0,255.0,37.65226,14.26572,41.0,255.0,139.49509,22.094889,0.0,197.0,90.566315,22.024683
893B,0.076195136,0.88586533,0.70658815,0.09882779,13.0,241.0,33.766235,13.687318,19.0,255.0,137.46486,18.60728,0.0,183.0,85.97698,17.947828
894A,-0.26386556,0.8920724,0.31999213,0.11735119,3.0,255.0,67.15247,29.148096,11.0,255.0,132.49727,27.63902,0.0,195.0,80.119896,29.274078
894B,-0.28759894,0.87843704,0.37652057,0.13474639,5.0,255.0,60.08629,27.94804,17.0,255.0,132.1863,28.04119,0.0,203.0,79.51932,31.570953
895A,-0.46165264,0.90186536,0.6843463,0.17643943,7.0,250.0,41.650936,26.319424,37.0,255.0,134.68846,22.315077,0.0,181.0,79.57961,21.920742
895B,-0.2657385,0.91241753,0.62328225,0.20737997,7.0,255.0,50.544384,29.17881,36.0,253.0,127.21698,19.645266,0.0,182.0,70.42478,23.415293
896A,-0.0009237022,0.90471625,0.5624713,0.12503217,8.0,255.0,52.12969,22.604538,55.0,180.0,122.91715,14.396629,0.0,129.0,73.39979,14.758997
896B,0.09267793,0.9148372,0.5748316,0.10756859,9.0,255.0,46.401917,17.496948,24.0,174.0,124.31387,13.565491,0.0,132.0,75.03556,13.595701
897A,-0.028945554,0.8990376,0.6672809,0.12012927,16.0,255.0,45.64304,15.042677,34.0,255.0,138.11206,17.455631,0.0,214.0,83.18593,14.953141
897B,-0.18688525,0.89607674,0.7037541,0.16464047,15.0,255.0,44.06297,19.75793,26.0,255.0,144.11476,18.452911,0.0,249.0,87.60425,16.690798
898A,-0.12905551,0.8735927,0.650161,0.14862147,18.0,144.0,46.667194,14.852076,34.0,191.0,134.5611,13.065815,0.0,133.0,83.35649,11.983516
898B,0.10898531,0.87290895,0.74568594,0.08897887,19.0,184.0,40.960438,13.215397,51.0,186.0,140.1024,11.772581,18.0,129.0,86.57314,11.211806
899A,0.27226228,0.91329175,0.81457853,0.062895976,10.0,188.0,28.411392,10.337445,64.0,189.0,141.93323,11.588509,5.0,141.0,88.248375,11.3358
899B,0.1738306,0.9035318,0.7578018,0.109753706,11.0,222.0,33.74004,13.567922,65.0,188.0,137.76993,12.766481,6.0,134.0,85.365845,12.455717
89A,-0.3611594,0.9190184,0.62802374,0.1930933,11.0,255.0,57.218567,28.38122,15.0,255.0,122.17562,17.215607,0.0,200.0,67.02456,16.246424
89B,-0.4751491,0.9102443,0.62108946,0.18826433,12.0,255.0,56.605328,26.447115,0.0,255.0,122.39846,17.20276,0.0,195.0,67.310196,16.192337
8A,-0.38848922,0.95913666,0.49404478,0.23872757,0.0,255.0,67.506195,39.33278,25.0,255.0,109.90832,16.478735,0.0,145.0,43.914734,22.851582
8B,-0.45365053,0.9647168,0.56218934,0.22913283,0.0,255.0,60.123383,37.68095,34.0,255.0,116.480446,17.677097,0.0,236.0,54.09309,22.49963
900A,-0.982906,0.94323325,-0.25778714,0.46442583,3.0,192.0,17.00672,6.4014745,0.0,203.0,47.209362,37.88618,0.0,151.0,11.765469,29.682457
900B,-0.7136752,0.9313012,-0.4009037,0.12800194,9.0,85.0,15.383354,4.1509194,0.0,178.0,37.588856,13.037308,0.0,126.0,0.80942917,8.040845
901A,-0.22962964,0.84175706,0.46526802,0.15658025,15.0,255.0,67.45276,30.779161,15.0,213.0,110.72357,14.760533,0.0,146.0,52.75877,18.484041
901B,-0.25324115,0.85106385,0.47099996,0.18496202,15.0,255.0,67.17022,34.08487,45.0,203.0,114.24741,14.042116,0.0,173.0,58.65288,20.20373
902A,0.016747534,0.91772944,0.40871698,0.14100243,7.0,255.0,55.57948,19.461363,27.0,255.0,97.44103,15.505707,0.0,111.0,35.204018,21.720625
902B,-0.42945418,0.7900897,0.34483063,0.12743792,7.0,195.0,59.608593,20.380283,0.0,170.0,93.998344,16.320723,0.0,101.0,24.290442,17.442482
903A,-0.071428575,0.8977549,0.2567644,0.19627173,12.0,98.0,40.845097,10.543221,60.0,189.0,110.712494,15.660097,0.0,128.0,62.745655,19.121626
903B,-0.14725275,0.8843683,0.4247258,0.17639671,13.0,169.0,43.181458,11.9893875,16.0,183.0,115.49655,17.77225,0.0,127.0,61.7388,20.561316
904A,0.21639657,0.9675951,0.57120126,0.09855336,4.0,181.0,50.652588,16.47503,17.0,147.0,82.427574,12.483662,0.0,93.0,29.722305,14.7926855
904B,-0.10092744,0.8635927,0.49628055,0.112469055,4.0,255.0,57.34996,20.274622,0.0,185.0,84.7088,16.73761,0.0,148.0,31.377495,19.521116
905A,-0.99019605,0.9390181,0.2501165,0.6332473,1.0,114.0,17.878767,13.918651,0.0,179.0,93.90638,53.43399,0.0,129.0,49.7057,44.6477
905B,-0.98039216,0.9236326,0.40024912,0.45699397,1.0,100.0,19.293558,12.03373,0.0,183.0,111.91613,46.675224,0.0,127.0,60.075306,38.923767
906A,0.13268608,0.79075426,0.42499632,0.10782949,24.0,175.0,66.57249,17.999779,39.0,193.0,123.883385,13.227987,0.0,160.0,72.626816,14.644318
906B,0.09239766,0.8072289,0.42636698,0.123406574,26.0,173.0,62.210022,15.915976,28.0,211.0,118.64657,14.29588,0.0,136.0,63.637585,17.010567
907A,-0.31544256,0.8805827,0.65079355,0.11591716,13.0,255.0,45.3891,19.07239,3.0,208.0,128.32384,13.855314,0.0,140.0,72.97256,14.061657
907B,-0.15587428,0.8930826,0.6746275,0.14335382,10.0,255.0,45.141193,22.33559,30.0,255.0,128.18262,18.820349,0.0,180.0,74.981094,18.57069
908A,0.104739614,0.8555229,0.60956365,0.10818066,7.0,216.0,40.091587,16.071325,29.0,205.0,124.707085,12.217138,0.0,146.0,71.45919,12.434617
908B,0.13275668,0.8761905,0.597253,0.11707495,9.0,196.0,40.616978,14.144235,56.0,210.0,128.4543,12.901328,0.0,143.0,75.42457,12.682476
909A,-0.32021195,0.89400417,0.57731426,0.14754479,9.0,213.0,55.20589,18.704737,0.0,255.0,116.34107,25.748766,0.0,255.0,49.791565,25.949823
909B,-0.4777956,0.90897155,0.53490657,0.18621953,11.0,253.0,57.885147,21.027752,0.0,255.0,117.21289,27.050766,0.0,180.0,52.251728,26.26166
90A,-0.0068667843,0.92700255,0.5832803,0.19751646,10.0,255.0,62.342213,26.525644,1.0,198.0,111.30106,13.665697,0.0,173.0,49.90332,16.877396
90B,0.15067407,0.9240868,0.51832646,0.22022036,10.0,189.0,64.01918,26.547941,25.0,179.0,113.68668,15.791202,0.0,111.0,53.94569,14.62456
910A,-0.0024125453,0.9088803,0.57160264,0.1850815,3.0,255.0,54.919926,22.14238,18.0,255.0,104.06295,13.20429,0.0,178.0,42.00037,18.605215
910B,-0.0043975376,0.90813124,0.466384,0.14577773,6.0,255.0,60.089283,21.272345,42.0,192.0,99.659645,12.5903015,0.0,156.0,39.92532,17.778767
911A,-0.6465638,-0.30112922,-0.4457879,0.07171335,46.0,187.0,116.07965,43.65888,0.0,88.0,46.714844,9.640648,0.0,0.0,0.0,0.0
911B,-0.6637998,-0.41798943,-0.54464793,0.035935897,44.0,177.0,82.20437,24.739674,11.0,90.0,53.34969,9.012556,0.0,0.0,0.0,0.0
912A,-0.30567965,0.8589962,0.7644472,0.07821164,17.0,160.0,34.610847,10.651367,23.0,226.0,143.02623,14.170656,0.0,150.0,83.00403,13.534139
912B,-0.35034674,0.877551,0.7291726,0.10598562,16.0,179.0,37.43664,13.088997,14.0,222.0,140.93831,13.768195,0.0,142.0,82.77755,12.80932
913A,0.14579508,0.8502437,0.46626002,0.12357056,13.0,216.0,49.81714,15.170337,38.0,172.0,108.348854,15.122976,0.0,126.0,54.680622,19.661324
913B,0.19862029,0.8336958,0.44984865,0.125397,15.0,125.0,48.80766,14.352389,50.0,171.0,112.3337,14.608187,0.0,125.0,56.63057,18.750992
914A,-0.30615997,0.8687273,0.3071531,0.19063367,16.0,255.0,81.92202,39.072968,55.0,255.0,159.94876,32.66154,0.0,255.0,84.93274,25.632902
914B,-0.28659877,0.8666828,0.33222154,0.19939531,13.0,255.0,78.607086,37.377953,23.0,255.0,159.86488,34.424534,0.0,255.0,82.1547,25.254698
915A,-0.38604078,0.9136977,0.17655443,0.49116537,13.0,252.0,78.59156,39.729362,16.0,186.0,100.708275,42.30039,0.0,136.0,44.442547,48.98959
915B,-0.414966,0.89160573,0.7304962,0.13528301,12.0,233.0,35.10957,16.370493,18.0,184.0,147.83577,12.726421,0.0,139.0,100.30753,13.382065
916A,0.38146457,0.7894027,0.62843513,0.051214855,32.0,94.0,56.534,11.554504,70.0,173.0,117.42761,10.1538315,0.0,113.0,63.168503,11.594317
916B,0.33127698,0.7859238,0.57298404,0.05158982,33.0,109.0,59.850048,11.405774,73.0,177.0,115.22327,9.862427,5.0,113.0,59.320557,11.372245
917A,0.63103956,0.9054923,0.84928685,0.018947337,10.0,62.0,24.407043,7.7726383,42.0,204.0,146.76225,15.6586485,0.0,143.0,92.84912,15.10703
917B,0.62474227,0.9050568,0.84691304,0.018992914,10.0,64.0,24.301046,7.7823734,37.0,208.0,146.92308,18.395643,0.0,156.0,92.91428,17.688364
918A,-0.40809968,0.9226354,0.540619,0.19754678,7.0,255.0,60.421703,29.791586,0.0,250.0,104.869225,22.68059,0.0,154.0,51.777348,22.706787
918B,-0.31707317,0.9152306,0.083401196,0.3611767,10.0,255.0,69.32658,23.062859,0.0,255.0,63.63971,34.323433,0.0,142.0,19.176907,30.215187
919A,0.09660297,0.9258182,0.49786502,0.22423553,5.0,255.0,57.486217,38.400417,7.0,187.0,103.7225,26.676775,0.0,127.0,48.00533,31.134043
919B,0.12294128,0.8917824,0.5401335,0.21820131,8.0,247.0,49.13232,33.546227,17.0,172.0,106.36422,28.347229,0.0,122.0,52.06168,33.142025
91A,-0.23294593,0.8805913,0.64269227,0.17590198,18.0,255.0,51.963867,21.40092,2.0,255.0,132.7237,28.61211,0.0,255.0,74.503204,26.782131
91B,0.16700345,0.8960094,0.77594256,0.08255516,13.0,170.0,36.722523,13.782883,0.0,255.0,145.005,36.413727,0.0,205.0,88.58045,34.33022
920A,0.27645525,0.90101767,0.8222128,0.034960844,13.0,115.0,28.635979,7.6491766,60.0,206.0,152.81763,11.586651,7.0,145.0,97.01681,11.268107
920B,0.6104495,0.89740205,0.82242143,0.022648213,12.0,66.0,28.772621,7.41452,76.0,205.0,152.93826,11.139758,25.0,149.0,97.350464,10.941664
921A,-0.37994722,0.2591171,-0.029593088,0.070269816,17.0,255.0,50.10388,10.405931,0.0,65.0,35.131252,7.39511,0.0,0.0,0.0,0.0
921B,-0.3706607,0.2583784,-0.028501961,0.06856827,19.0,255.0,50.77284,10.186827,0.0,64.0,34.914146,7.169008,0.0,0.0,0.0,0.0
922A,0.029658923,0.87096775,0.6210899,0.09579561,19.0,255.0,44.81714,25.530714,0.0,185.0,130.74455,15.701011,0.0,124.0,78.63555,13.427887
922B,-0.037928727,0.87709075,0.62576324,0.08868075,18.0,255.0,42.878937,12.530852,30.0,176.0,131.87724,11.141407,0.0,121.0,80.22835,9.92436
923A,-0.1091703,0.8489526,0.31566975,0.12237813,15.0,255.0,66.07488,22.63016,40.0,153.0,107.31727,11.954222,0.0,116.0,49.137543,20.906641
923B,-0.22161627,0.88143325,0.43282902,0.09977855,15.0,255.0,67.48716,21.60233,17.0,146.0,101.34081,12.194625,0.0,118.0,44.292446,20.786972
924A,-0.36752138,0.84806263,0.3856237,0.14512162,13.0,255.0,67.12593,26.516556,0.0,245.0,116.34734,17.611912,0.0,151.0,56.456024,20.464924
924B,-0.27828056,0.84371006,0.34720603,0.12514444,15.0,255.0,68.149376,25.064388,9.0,236.0,115.048096,17.222618,0.0,146.0,58.01179,19.401798
925A,-0.2664503,0.79520893,0.4130298,0.09471816,31.0,187.0,63.865322,13.961125,42.0,177.0,114.9645,16.616879,0.0,125.0,64.73917,21.19496
925B,-0.30621868,0.77358943,0.36075532,0.11244979,39.0,156.0,71.97921,14.16163,22.0,175.0,107.847374,17.185862,0.0,118.0,53.88742,23.618353
926A,-0.22837706,0.10147992,-0.05305807,0.032852188,14.0,71.0,29.581175,9.343023,9.0,63.0,37.69087,5.903375,0.0,0.0,0.0,0.0
926B,-0.22155689,0.11130435,-0.050775476,0.03564104,15.0,58.0,27.776247,6.4483194,13.0,68.0,42.21127,5.8377585,0.0,0.0,0.0,0.0
927A,0.08520179,0.90123975,0.717433,0.09046761,16.0,220.0,48.57245,17.417135,64.0,170.0,125.66077,13.001973,0.0,119.0,72.48287,15.578585
927B,0.120525934,0.89193976,0.7288475,0.09896656,16.0,207.0,46.37506,17.822132,46.0,166.0,126.72953,12.698148,0.0,114.0,73.87978,14.735475
928A,0.012899607,0.91022444,0.32674327,0.12984248,0.0,245.0,61.244946,27.355442,6.0,254.0,118.63638,34.817066,0.0,154.0,52.102814,27.041355
928B,0.038724374,0.89071035,0.37650573,0.12343314,0.0,254.0,52.035236,23.698202,4.0,252.0,126.39697,44.151527,0.0,171.0,60.277523,36.110073
929A,-0.09283019,0.91424906,0.8331307,0.032575335,11.0,154.0,25.384651,7.0278788,44.0,209.0,145.22282,15.109371,0.0,143.0,89.91522,14.51873
929B,0.6069519,0.905804,0.8341235,0.021424474,9.0,72.0,25.38851,7.156303,54.0,205.0,144.38454,17.328123,5.0,145.0,89.14151,16.55696
92A,-0.076745525,0.7179689,0.19389859,0.09992134,61.0,255.0,163.45705,43.346848,0.0,190.0,82.716255,22.59101,0.0,132.0,16.610733,20.865398
92B,-0.013051585,0.7227787,0.17379892,0.08150189,58.0,255.0,168.46703,42.024803,0.0,238.0,79.36739,21.04882,0.0,136.0,11.85738,16.78454
930A,-0.5270936,0.91138715,0.55265576,0.24843702,17.0,255.0,60.91152,26.08663,0.0,254.0,104.659584,17.233408,0.0,127.0,44.433044,20.507763
930B,-0.8655617,0.90409356,0.5001774,0.21994066,16.0,255.0,72.92867,30.543129,0.0,255.0,107.51096,17.875528,0.0,135.0,46.343273,19.6041
931A,0.33499688,0.8877964,0.6890209,0.08502386,12.0,91.0,35.14327,9.885289,63.0,207.0,123.36764,18.041224,14.0,151.0,73.77236,15.554752
931B,0.26068112,0.8966165,0.75468194,0.06495616,12.0,103.0,30.680176,8.7239685,59.0,197.0,130.09642,15.816119,8.0,146.0,80.21627,13.330755
932A,0.13880445,0.8541374,0.5719923,0.10580968,13.0,145.0,38.24228,10.949048,45.0,220.0,125.18023,15.926972,0.0,149.0,69.30746,17.599052
932B,0.16324063,0.8227463,0.5181144,0.13457935,16.0,137.0,40.283188,11.109628,35.0,175.0,118.07101,19.318607,0.0,119.0,60.20726,24.148304
933A,-0.6267239,0.8088235,0.4745785,0.078377604,9.0,255.0,74.88433,26.42936,12.0,151.0,73.37626,14.326528,0.0,95.0,6.163578,12.723251
933B,-0.60897434,0.8496583,0.51215005,0.072918616,6.0,255.0,72.34379,25.282284,9.0,175.0,68.88626,13.113564,0.0,79.0,1.8474426,6.202852
934A,0.14442162,0.8673575,0.58243567,0.11374235,14.0,117.0,38.336334,9.190573,85.0,189.0,143.63426,10.084466,31.0,136.0,89.005035,10.118603
934B,0.12323232,0.9014685,0.52918786,0.10060275,13.0,92.0,42.21532,10.097149,85.0,185.0,145.07027,10.522463,28.0,132.0,92.96372,10.767783
935A,-0.24813008,0.87342995,0.3956364,0.19034718,15.0,255.0,76.853645,38.7218,6.0,200.0,104.40411,28.886822,0.0,215.0,47.97334,32.31871
935B,-0.2900045,0.8900358,0.45348555,0.18608324,15.0,255.0,65.16306,33.25518,3.0,194.0,109.123924,25.791939,0.0,141.0,53.41367,30.140516
936A,0.42622277,0.92420936,0.8378688,0.036425468,8.0,75.0,26.104721,10.456533,40.0,209.0,136.22017,17.90848,0.0,152.0,79.564735,19.709217
936B,0.2403599,0.9190051,0.83346283,0.03680792,9.0,95.0,27.427256,10.659461,35.0,205.0,135.79,17.884554,0.0,147.0,79.529945,19.717756
937A,-0.49788892,0.8584737,0.59133846,0.22665028,24.0,242.0,58.858105,27.795092,0.0,255.0,128.08931,24.610907,0.0,255.0,66.30484,22.87423
937B,-0.3117371,0.8441282,0.49066082,0.17723623,26.0,230.0,69.30235,24.424196,0.0,255.0,124.07419,15.838836,0.0,255.0,66.34012,18.024752
938A,-0.08672567,0.9135608,0.7364582,0.15105419,5.0,255.0,35.431458,18.008263,38.0,254.0,130.8639,12.491569,0.0,171.0,73.748344,15.307782
938B,-0.052388288,0.9219701,0.76451945,0.09960559,2.0,248.0,30.539038,12.738369,57.0,225.0,131.5896,9.798632,0.0,124.0,75.38889,10.992305
939A,-0.6823821,0.9183381,0.7285094,0.3745495,0.0,84.0,24.434336,9.108443,0.0,190.0,132.96002,38.526608,0.0,138.0,83.72174,28.680712
939B,-0.65482235,0.92416525,0.63584924,0.35672292,7.0,255.0,29.770905,13.663301,0.0,190.0,135.8914,36.260452,0.0,139.0,87.24347,28.175554
93A,-0.24358974,0.82950485,0.35796043,0.13349865,15.0,255.0,84.93411,38.131542,0.0,181.0,87.934784,20.096575,0.0,131.0,32.971775,21.84563
93B,0.076233186,0.77182645,0.28002942,0.08403287,21.0,255.0,85.20617,30.6307,26.0,211.0,108.77045,20.767668,0.0,162.0,55.379704,21.417747
940A,0.04467641,0.9603306,0.65206826,0.2268976,4.0,243.0,48.12924,29.71896,72.0,200.0,138.1523,11.987436,26.0,139.0,91.14217,12.184161
940B,0.128634,0.96878254,0.77084494,0.13826644,0.0,191.0,32.17249,14.800901,85.0,189.0,141.51985,13.201366,33.0,141.0,96.41425,11.0243
941A,0.23728389,0.94348896,0.86208797,0.049535308,4.0,129.0,22.108332,8.5536995,75.0,190.0,145.43813,11.315461,11.0,134.0,88.55176,10.602299
941B,0.20408164,0.94417864,0.8611248,0.076621585,3.0,195.0,21.739594,9.87774,68.0,187.0,144.32884,12.860243,22.0,136.0,88.31952,11.211453
942A,0.05238415,0.7303448,0.26862553,0.10518741,24.0,255.0,97.93335,32.543396,17.0,255.0,106.66565,17.182514,0.0,117.0,51.68538,21.338972
942B,-0.2396075,0.76128095,0.29845238,0.111910515,23.0,208.0,73.31442,23.119911,28.0,201.0,123.038216,18.5811,0.0,120.0,54.5937,21.410639
943A,-0.53030765,0.8073951,0.39221796,0.08249289,15.0,255.0,71.95653,26.65443,6.0,162.0,109.47837,12.696544,0.0,117.0,49.231827,14.418203
943B,-0.37567732,0.8517001,0.39071596,0.118059225,14.0,255.0,77.13129,33.15967,36.0,201.0,106.276924,14.152921,0.0,120.0,45.254505,15.8487
944A,0.19565792,0.81433564,0.6588645,0.074245945,17.0,129.0,36.330856,9.566881,59.0,171.0,123.669044,9.869676,0.0,117.0,70.74566,10.825966
944B,0.11090226,0.80397266,0.62024486,0.089678176,16.0,152.0,37.822628,10.473109,50.0,170.0,118.1077,12.1028805,0.0,114.0,63.548176,12.296971
945A,-0.22582826,0.8916834,0.69687426,0.17870462,19.0,255.0,50.64207,25.286173,22.0,255.0,116.65765,19.087666,0.0,217.0,54.04234,19.198147
945B,-0.02550091,0.8661782,0.727152,0.15684906,20.0,255.0,46.967304,22.316965,27.0,255.0,116.08581,19.417814,0.0,191.0,51.624355,17.880562
946A,-0.4536983,0.94115883,0.7501879,0.19423503,2.0,255.0,31.084677,21.448586,27.0,255.0,144.69527,31.631927,0.0,255.0,89.54462,29.311625
946B,-0.25581396,0.9730185,0.85778093,0.08092677,1.0,227.0,23.648277,12.418926,29.0,251.0,144.79163,34.915977,0.0,202.0,89.13922,32.319283
947A,-0.050233323,0.9969789,0.41824168,0.16482334,0.0,255.0,58.207417,32.028027,0.0,255.0,126.84021,37.323536,0.0,192.0,67.19066,33.56232
947B,0.12542373,0.9980714,0.54593015,0.1415121,0.0,255.0,39.317368,20.885628,0.0,255.0,123.150024,33.15092,0.0,194.0,66.56501,28.246426
948A,-0.4909091,0.8337512,0.2876847,0.1283572,26.0,255.0,92.26615,33.415115,0.0,255.0,108.17971,19.794695,0.0,157.0,27.379639,28.128345
948B,-0.29850745,0.85710824,0.33927238,0.18235524,24.0,255.0,95.34961,44.427788,1.0,255.0,111.173096,18.751562,0.0,239.0,36.815166,29.795675
949A,-0.5839196,0.8775913,0.060121566,0.23891042,9.0,255.0,36.581573,24.792168,23.0,255.0,105.401184,23.01209,0.0,197.0,84.324936,23.831194
949B,-0.5226481,0.9423876,0.5807737,0.23603873,8.0,255.0,62.982914,34.43125,20.0,255.0,129.46916,19.36563,0.0,213.0,101.16581,21.310648
94A,-0.2850679,0.8553936,0.5960095,0.16643293,18.0,255.0,57.92546,18.999634,0.0,234.0,129.93988,20.470024,0.0,165.0,72.6886,18.984617
94B,-0.39937598,0.84819067,0.5487338,0.21369594,20.0,255.0,61.38728,20.610731,0.0,255.0,128.08917,27.36037,0.0,183.0,71.35027,23.100872
950A,-0.34126985,0.8843323,0.5342835,0.21527913,13.0,255.0,70.44338,43.340565,17.0,255.0,116.20826,19.15356,0.0,184.0,57.059082,22.737549
950B,-0.22912621,0.9125,0.46127114,0.24273708,6.0,255.0,81.68649,44.996746,31.0,255.0,123.91862,21.561087,0.0,234.0,63.045467,25.4874
951A,0.25092623,0.9263834,0.84154695,0.03214798,6.0,98.0,24.367937,7.867945,86.0,213.0,152.3733,12.477847,25.0,145.0,96.53982,12.1925335
951B,-0.5087948,0.93461627,0.84074986,0.15327111,6.0,255.0,25.712671,20.701332,19.0,208.0,151.67871,14.483636,0.0,152.0,94.27414,15.301544
952A,0.18002628,0.89980835,0.8017907,0.056493174,9.0,123.0,29.87857,10.940362,82.0,199.0,141.1709,9.531419,0.0,139.0,90.331726,9.415346
952B,0.1676221,0.9052188,0.7689433,0.06142321,10.0,154.0,32.536076,11.179779,80.0,188.0,139.13472,9.569992,19.0,130.0,89.9334,9.238116
953A,-1.0,0.9036011,0.549335,0.19729163,0.0,255.0,49.638348,25.422495,0.0,246.0,98.975914,20.998323,0.0,179.0,9.943008,15.456174
953B,-0.49425286,0.8977368,0.6121527,0.1087745,0.0,194.0,43.887054,19.188692,15.0,255.0,102.39095,20.813705,0.0,116.0,10.232868,13.666204
954A,-0.50627613,0.92196405,0.7100109,0.2274535,10.0,255.0,37.847775,34.80006,0.0,174.0,129.99629,23.928505,0.0,122.0,79.08791,21.489336
954B,-0.67346936,0.92745656,0.6438033,0.31288567,9.0,255.0,38.728703,24.240911,0.0,179.0,124.81814,32.384346,0.0,129.0,75.29404,24.667782
955A,0.124860235,0.8282477,0.5111245,0.141578,18.0,119.0,42.533775,12.119763,59.0,193.0,131.41386,13.241039,0.0,132.0,77.21439,13.051729
955B,0.13884711,0.8410264,0.5376115,0.11613504,16.0,125.0,41.90945,11.620547,53.0,182.0,133.0373,13.195816,0.0,133.0,78.29409,13.184959
956A,-0.49265906,0.94668007,0.6078633,0.22632293,0.0,255.0,53.075226,35.43405,16.0,255.0,115.02102,17.00253,0.0,149.0,56.709606,19.092386
956B,-0.46583852,0.9362798,0.7005446,0.16876534,1.0,255.0,39.120102,22.523237,0.0,255.0,124.64896,17.456028,0.0,138.0,67.59058,17.34824
957A,-0.068767436,0.98630136,0.5373745,0.17478253,0.0,255.0,32.785267,20.1329,0.0,255.0,124.90702,50.197956,0.0,200.0,67.358025,45.431324
957B,-0.06470279,0.9911111,0.596695,0.19488582,0.0,255.0,33.60146,23.315052,0.0,255.0,150.2713,53.21367,0.0,201.0,92.43726,49.498356
958A,-0.021214338,0.9156035,0.81843776,0.08130891,6.0,200.0,24.912918,12.932616,39.0,191.0,138.49138,10.3664055,0.0,126.0,86.4078,10.009586
958B,-0.17426273,0.9190969,0.7936515,0.101877265,7.0,193.0,26.171331,13.913365,31.0,181.0,140.46967,10.944097,0.0,128.0,87.64697,10.929865
959A,-0.4169279,0.888977,0.48981673,0.18886147,14.0,255.0,78.59455,39.865326,0.0,255.0,110.636314,19.699398,0.0,248.0,61.770954,19.669035
959B,-0.36574075,0.8905254,0.60181785,0.18961428,13.0,255.0,59.176197,35.983368,0.0,255.0,121.970436,17.258759,0.0,255.0,72.60097,17.360786
95A,0.11821705,0.79023886,0.45029593,0.10925972,14.0,127.0,45.620747,13.663009,61.0,176.0,125.35532,11.828739,0.0,123.0,72.81918,12.232387
95B,0.12328767,0.78761756,0.47411734,0.10240897,14.0,119.0,45.419952,14.197333,66.0,217.0,127.16427,12.217599,0.0,181.0,75.2562,12.419909
960A,-0.5745063,0.96205086,0.571143,0.21455841,5.0,255.0,61.368267,33.49366,4.0,255.0,107.28546,20.40892,0.0,170.0,45.99535,19.15631
960B,-0.044112004,0.95870614,0.57513463,0.18199337,5.0,255.0,62.74245,35.957912,0.0,255.0,116.045654,25.840517,0.0,193.0,55.844193,23.141354
961A,-0.31088084,0.89429617,0.57343173,0.08729873,10.0,255.0,62.966644,20.182133,4.0,173.0,95.88034,15.663626,0.0,111.0,36.613937,20.305557
961B,0.11077216,0.9038536,0.6348169,0.11433086,11.0,198.0,54.092663,22.01108,44.0,202.0,107.95644,18.176397,0.0,113.0,52.6158,23.622736
962A,-0.04447501,0.8876462,0.7105669,0.12049991,16.0,255.0,44.941242,16.307714,73.0,255.0,141.54726,12.93532,16.0,255.0,86.96436,12.856852
962B,-0.23244147,0.8829517,0.6968312,0.11061855,16.0,255.0,46.54131,16.07005,65.0,230.0,139.7201,14.682011,6.0,201.0,85.40542,14.067462
963A,0.10625,0.8965566,0.6707975,0.13356142,11.0,101.0,35.463787,9.695044,69.0,179.0,136.95111,11.528913,19.0,125.0,84.089355,12.1126795
963B,0.28673086,0.91194266,0.6493256,0.15218131,10.0,127.0,35.373276,10.263317,65.0,201.0,135.05486,12.479407,20.0,147.0,81.88648,13.724735
964A,-0.012398158,0.9910314,0.5625267,0.17460515,0.0,255.0,48.271454,34.088684,0.0,243.0,118.77749,21.674414,0.0,174.0,75.262566,22.790346
964B,0.020194234,0.9527326,0.5562631,0.16923119,0.0,255.0,54.347027,43.03194,3.0,255.0,124.25649,23.54158,0.0,169.0,78.42428,22.812963
965A,0.01519262,0.743197,0.1501454,0.034516543,21.0,255.0,129.57086,37.25041,14.0,255.0,106.137695,23.576468,0.0,152.0,26.326319,23.376469
965B,0.00747198,0.84764105,0.12240614,0.051928684,19.0,255.0,140.37248,40.81429,27.0,254.0,104.2606,22.8551,0.0,149.0,19.936924,22.31882
966A,-0.21456103,0.8801114,0.60734427,0.18720822,10.0,245.0,48.827057,26.876923,38.0,204.0,131.73721,16.511671,0.0,140.0,74.417915,14.931012
966B,-0.2259887,0.8824001,0.61427706,0.18387346,9.0,242.0,46.76189,24.872116,22.0,243.0,131.98798,17.491047,0.0,153.0,74.670135,15.930234
967A,-0.32644957,0.90880275,0.79852706,0.11786878,9.0,255.0,33.32236,13.297553,0.0,255.0,150.46684,34.199467,0.0,212.0,93.15212,32.136677
967B,-0.30456227,0.9103713,0.80508393,0.10457805,9.0,255.0,34.067303,12.029606,10.0,244.0,144.80579,28.924103,0.0,182.0,87.23199,26.70269
968A,-0.20268457,0.9300139,0.38726902,0.3052033,4.0,255.0,46.62666,26.837845,0.0,203.0,84.29811,41.00383,0.0,127.0,33.18992,25.482727
968B,-0.17013463,0.8535565,0.023444891,0.16334225,7.0,128.0,21.461557,9.648354,0.0,192.0,26.057123,25.34414,0.0,127.0,2.9579887,12.116369
969A,-0.604,0.8870432,-0.2523844,0.27257857,11.0,177.0,30.447893,13.539773,0.0,174.0,35.385704,31.363329,0.0,113.0,6.829174,22.26675
969B,-0.49466193,-0.07079646,-0.321626,0.040141996,11.0,50.0,25.038015,7.923981,0.0,75.0,26.546991,10.464368,0.0,0.0,0.0,0.0
96A,-0.33490846,0.9712426,0.33701694,0.26863682,8.0,255.0,129.08188,63.651722,0.0,255.0,85.263016,21.989477,0.0,189.0,23.335457,23.194149
96B,-0.38048345,0.9673289,0.2779146,0.23569638,0.0,255.0,134.75975,59.156548,0.0,255.0,99.184814,31.193521,0.0,255.0,34.886555,30.398825
970A,0.12773722,0.87542087,0.43609208,0.14973097,10.0,217.0,56.058216,20.938965,43.0,194.0,109.82014,16.127735,0.0,117.0,49.19106,18.940367
970B,0.15689532,0.849381,0.43225962,0.123916246,11.0,198.0,52.574978,17.15205,47.0,224.0,111.80662,15.331525,0.0,127.0,52.196896,18.365705
971A,-0.1627907,0.9309655,0.77579546,0.13649204,8.0,255.0,38.82033,17.987728,61.0,246.0,126.9671,15.329575,11.0,132.0,76.93278,15.336293
971B,0.10071942,0.92676336,0.8168162,0.08800267,8.0,192.0,34.73858,15.844965,42.0,194.0,130.70284,14.951233,0.0,148.0,80.67594,14.487804
972A,-0.98039216,0.914557,0.55796546,0.281721,5.0,182.0,21.693003,9.387313,0.0,192.0,116.53098,50.987118,0.0,132.0,69.165504,37.017986
972B,-0.35576922,0.9047619,0.4850888,0.3170515,6.0,191.0,22.047628,11.583399,0.0,194.0,105.80355,53.422867,0.0,130.0,60.4516,39.337086
973A,-0.35229903,0.9810147,0.29673627,0.18084775,0.0,255.0,129.54729,52.78822,26.0,255.0,101.20953,23.327206,0.0,255.0,25.351105,23.275164
973B,-0.275817,0.9144737,0.26074883,0.11235072,0.0,255.0,131.2998,50.487946,0.0,255.0,94.55088,16.08951,0.0,153.0,14.035999,15.193859
974A,0.012166627,0.89672947,0.4543543,0.16174448,0.0,255.0,67.940865,31.827549,0.0,255.0,127.23181,39.043823,0.0,246.0,69.079094,34.848354
974B,-0.07934352,0.9054746,0.49518436,0.18431091,0.0,255.0,61.78014,35.363373,0.0,255.0,125.1688,35.49306,0.0,255.0,70.52178,32.57677
975A,-0.449182,0.9304572,0.4391473,0.17738062,0.0,255.0,64.1251,36.211704,0.0,255.0,133.98509,30.584187,0.0,184.0,80.77331,26.949566
975B,-0.4927576,0.9204244,0.41664964,0.17791806,1.0,255.0,67.59088,38.103348,3.0,255.0,142.42621,29.174784,0.0,211.0,88.19824,25.709858
976A,-0.09330144,0.78918624,0.33595178,0.11515969,9.0,255.0,62.315334,20.614965,2.0,255.0,91.82792,18.209309,0.0,133.0,22.034262,18.498245
976B,-0.5039902,0.81964386,0.3196836,0.119172916,9.0,255.0,69.572845,24.572775,0.0,247.0,82.51021,20.052494,0.0,186.0,19.128807,21.930422
977A,-0.058453802,0.98476076,0.7295301,0.1262058,0.0,255.0,38.132153,19.15023,8.0,255.0,129.66302,16.686144,0.0,175.0,76.621895,15.828401
977B,-0.18809777,0.9471002,0.736318,0.12031816,0.0,255.0,35.847168,17.4706,32.0,255.0,132.88191,16.767548,0.0,226.0,79.3118,14.783414
978A,-0.033502538,0.8918387,0.7677082,0.09120189,16.0,155.0,38.244274,11.145331,80.0,185.0,143.8878,11.591827,0.0,128.0,87.1298,11.926542
978B,0.0061652283,0.89493304,0.75718284,0.08346506,17.0,147.0,38.4927,10.302272,66.0,185.0,143.58434,11.748975,0.0,127.0,87.82554,11.758405
979A,0.17129822,0.84103894,0.5770219,0.1280418,3.0,172.0,38.577835,17.905022,37.0,193.0,114.58358,21.47263,0.0,127.0,64.39692,25.930311
979B,0.07602339,0.837441,0.54606164,0.1251301,4.0,147.0,40.435047,16.961588,33.0,171.0,109.50327,22.27445,0.0,120.0,57.77713,27.96538
97A,-0.43606558,0.91901946,0.29845333,0.15466243,2.0,255.0,66.99833,27.952631,0.0,217.0,87.60873,16.475346,0.0,111.0,11.605328,16.988708
97B,-0.40233722,0.8793017,0.32680303,0.1398036,1.0,255.0,63.47156,24.809566,14.0,218.0,91.2406,17.68943,0.0,140.0,16.029934,21.106977
980A,-0.37937558,0.8390476,0.32560575,0.11969247,24.0,255.0,74.37817,24.004448,8.0,232.0,118.6669,16.493343,0.0,161.0,66.35528,19.626682
980B,-0.07765452,0.87580615,0.32510003,0.14270167,25.0,255.0,78.27157,29.640612,32.0,255.0,120.46885,15.001377,0.0,230.0,64.43434,18.721136
981A,-0.21799308,0.8959881,0.72645605,0.2247026,7.0,79.0,27.288452,8.408885,0.0,205.0,125.91981,36.654007,0.0,152.0,79.99888,28.23715
981B,-0.34894612,0.8814277,0.32136208,0.4277978,13.0,105.0,42.613445,20.611673,0.0,190.0,79.2476,54.54427,0.0,146.0,40.547523,44.5715
982A,-0.85393256,-0.34308943,-0.6979995,0.034704372,14.0,132.0,83.8807,27.927437,23.0,103.0,70.57946,8.32616,0.0,15.0,0.13420486,0.7677285
982B,-0.78479195,-0.5824176,-0.6873775,0.020523543,47.0,134.0,96.26264,22.399391,32.0,106.0,73.28875,8.373019,0.0,13.0,0.14255524,0.72176015
983A,0.064935066,0.84051955,0.5040016,0.091679834,19.0,255.0,44.471355,14.254997,43.0,175.0,119.835915,13.669823,0.0,124.0,62.593006,15.607638
983B,0.07911715,0.81851095,0.48917863,0.12837422,17.0,147.0,46.48946,14.529956,61.0,247.0,126.143585,17.520018,0.0,160.0,69.04018,17.49616
984A,0.2900201,0.8939581,0.78972995,0.048904434,12.0,107.0,29.380491,9.517306,39.0,216.0,147.78072,19.129503,0.0,159.0,92.05076,18.462074
984B,0.29374337,0.90916735,0.80804086,0.039969534,12.0,113.0,24.849174,6.558391,42.0,210.0,145.92421,18.203835,0.0,154.0,90.522156,17.581575
985A,-0.518283,0.92396456,0.8675989,0.087012164,0.0,143.0,24.40593,9.6199255,0.0,188.0,140.75041,14.800218,0.0,137.0,86.74033,12.9015045
985B,0.40560594,0.9314542,0.8774378,0.035475552,8.0,84.0,23.143213,9.018449,49.0,220.0,141.77908,12.892136,0.0,159.0,87.62561,12.511127
986A,-0.2319842,0.8613576,0.31980014,0.14124426,23.0,255.0,85.685974,27.335262,0.0,255.0,94.15127,24.014496,0.0,130.0,36.587566,29.405582
986B,-0.22605364,0.85403097,0.4461187,0.17089906,23.0,255.0,69.54702,23.282452,0.0,178.0,113.401886,21.850798,0.0,135.0,61.02753,25.51613
987A,-0.17172775,0.8731322,0.40416157,0.13845031,16.0,243.0,57.766262,22.602781,0.0,196.0,111.47488,29.15984,0.0,164.0,61.388683,33.99632
987B,-0.1589896,0.8662352,0.41514862,0.11905536,14.0,216.0,55.643482,19.183928,0.0,188.0,110.60746,22.24871,0.0,155.0,59.272106,26.075287
988A,-0.31126535,0.8500598,0.5200793,0.19860883,16.0,255.0,58.551605,37.888958,20.0,248.0,135.89513,16.84362,0.0,179.0,81.17825,19.948711
988B,-0.14025915,0.8516335,0.47183084,0.14582898,14.0,255.0,64.053314,29.494558,20.0,255.0,127.94738,19.338448,0.0,194.0,72.321014,21.401354
989A,-0.0037523452,0.9115567,0.3891326,0.17970508,15.0,182.0,49.97617,17.187197,26.0,190.0,104.07494,21.651342,0.0,131.0,40.35235,24.984344
989B,-0.08407382,0.89709765,0.40928668,0.14044826,13.0,153.0,51.920124,17.568924,37.0,209.0,106.52297,20.946075,0.0,138.0,41.76511,24.323599
98A,-0.49359813,0.9638875,0.45819288,0.15474722,0.0,255.0,60.656433,26.782473,0.0,204.0,75.30141,21.468561,0.0,143.0,14.535728,20.606434
98B,-0.39958012,0.9599466,0.4552737,0.13890366,0.0,255.0,57.792633,27.909334,12.0,206.0,90.754456,18.131721,0.0,132.0,27.75135,24.232594
990A,-0.2866016,0.8901358,0.3824422,0.112913944,5.0,255.0,58.546124,24.219051,0.0,232.0,128.82942,22.230751,0.0,165.0,76.981705,21.299349
990B,0.08459384,0.8773869,0.4027431,0.072366476,4.0,254.0,49.578785,17.55941,0.0,234.0,132.92793,16.588488,0.0,172.0,82.62586,16.431955
991A,-0.05928854,0.8955078,0.46941864,0.17968449,14.0,255.0,64.66134,26.216318,12.0,181.0,115.586815,15.106087,0.0,126.0,63.116566,19.283854
991B,-0.20267048,0.90301174,0.51607877,0.23288517,13.0,230.0,59.313496,30.8979,16.0,179.0,117.535255,17.866415,0.0,120.0,63.752544,21.013008
992A,0.21517509,0.92904764,0.71701944,0.07277623,2.0,120.0,31.42446,11.575545,70.0,172.0,123.819984,11.917931,19.0,121.0,75.45083,11.376916
992B,0.19853836,0.9302629,0.721905,0.07671828,2.0,153.0,29.699823,11.3059635,65.0,205.0,125.76517,11.896175,16.0,117.0,75.9141,11.579309
993A,-0.65536726,0.93154144,0.52471334,0.15839204,11.0,255.0,65.560936,35.50648,0.0,255.0,87.108215,16.732773,0.0,217.0,33.24799,19.55622
993B,-0.5174377,0.91845864,0.4888805,0.17071356,12.0,255.0,67.57766,31.99466,31.0,147.0,87.30509,16.258253,0.0,91.0,35.676678,19.162731
994A,-0.445215,0.8942226,0.52692616,0.10472714,2.0,255.0,38.299454,14.590417,21.0,219.0,103.121544,21.19139,0.0,158.0,47.609528,21.44743
994B,-0.6063561,0.87323403,0.46412438,0.113723576,4.0,255.0,42.834095,21.153854,0.0,240.0,93.256386,21.25449,0.0,171.0,36.4553,23.251362
995A,0.13857229,0.8464123,0.48976296,0.10694443,24.0,142.0,52.865616,10.119183,70.0,212.0,134.51208,13.288143,2.0,161.0,82.89973,13.984824
995B,0.09115646,0.84338295,0.4345563,0.11996145,21.0,117.0,52.061176,10.137126,54.0,193.0,131.277,16.577791,0.0,141.0,78.43948,17.762503
996A,-0.020704573,0.9003247,0.80773866,0.083646834,9.0,255.0,26.28871,12.7522135,6.0,255.0,129.49959,21.195395,0.0,166.0,83.49453,19.441296
996B,-0.6858345,0.9053666,0.65388024,0.37429422,7.0,240.0,23.364386,10.686905,0.0,246.0,114.205444,36.265137,0.0,198.0,65.894646,34.177
997A,-0.009719223,0.84374094,0.61141855,0.092395574,10.0,241.0,39.69183,13.96387,53.0,161.0,121.299164,8.868704,0.0,113.0,72.969696,11.200133
997B,-0.060009602,0.89322823,0.60759926,0.093959376,5.0,254.0,39.544613,14.085161,61.0,169.0,124.05686,10.053544,0.0,117.0,75.11192,11.646987
998A,0.07672634,0.9582543,0.811648,0.104885206,2.0,235.0,25.149923,14.063982,7.0,243.0,131.37097,32.052906,0.0,176.0,83.24769,30.810616
998B,0.094076656,0.9289645,0.75693154,0.1368648,3.0,231.0,29.44874,16.918884,16.0,218.0,124.316,24.167772,0.0,163.0,76.36633,23.147009
999A,-0.39645946,0.9433962,0.5712817,0.1718326,0.0,255.0,51.506744,26.338463,0.0,255.0,125.42578,44.22656,0.0,255.0,67.07598,38.192913
999B,0.012315522,0.9770492,0.5965308,0.14361352,0.0,255.0,45.15335,25.710344,0.0,255.0,126.37131,49.01689,0.0,255.0,72.82606,43.557335
99A,0.13163744,0.9414141,0.65453696,0.13507329,0.0,241.0,36.916325,18.529066,0.0,244.0,118.27302,23.237713,0.0,163.0,63.814014,21.282846
99B,0.10730349,0.9066293,0.5938541,0.15303515,0.0,255.0,42.143833,20.50446,0.0,255.0,116.75396,25.66694,0.0,172.0,61.51297,22.55465
9A,0.07866365,0.9052155,0.3508564,0.10367353,17.0,255.0,81.50036,29.270233,54.0,183.0,113.5839,15.08384,0.0,125.0,59.212524,17.172192
9B,-0.06554798,0.8780638,0.33343863,0.11913248,20.0,228.0,79.44258,29.656324,36.0,186.0,112.70327,18.87942,0.0,133.0,58.301727,21.52921
