record_id,latitude,longitude,cloudiness,water_percentage,vegetation_percentage,year,month,duration_days,ndvi_A,ndvi_std_A,rgb_A,rgb_std_A,vv_A,vv_std_A,vh_A,vh_std_A,ndvi_B,ndvi_std_B,rgb_B,rgb_std_B,vv_B,vv_std_B,vh_B,vh_std_B,prediction,ndvi_change
0,-27.1785779671063,-61.34427626764057,0.5570701666666668,0.005318499999999999,35.27646966666666,2021.0,5.0,92.0,0.4198741136983024,0.1880536877771423,59.35852305094401,29.101707410846174,98.9433708190918,25.14933489151797,36.22052001953125,35.76971106516845,0.44205444752591916,0.2052064480641628,62.65995407104492,27.149958339856866,95.60449981689453,22.078628595375367,29.585189819335938,31.129162830412227,Extreme,0.02218033382761675
1,-13.50140578583611,-69.01370740833134,2.92952775,0.53335325,93.8245715,2019.0,6.0,92.0,0.8479388640962497,0.027210247207588464,22.972393035888672,7.246453623665638,149.34417343139648,10.463075041925231,91.6890754699707,10.06611984715075,0.8431199365468274,0.02313979574110149,23.3527348836263,7.24321654308078,145.8311653137207,9.612871439295636,89.50124740600586,9.281852438972571,Low,-0.004818927549422369
2,-4.504010547391019,-59.31350446428398,1.934562,7.026944,79.78183,2023.0,9.0,91.0,0.8636714364217823,0.02304820308398009,25.099583943684895,9.942988128782547,145.06049728393555,11.205521471446325,91.321044921875,11.314026932383225,0.8567171391931296,0.04043845042110489,25.9172846476237,10.263857730928546,144.4608917236328,11.39228749005653,90.59439468383789,11.54752517600798,Low,-0.006954297228652706
3,-18.44132429464842,123.3851659174868,0.199029,0.036947,27.204141,2021.0,2.0,89.0,0.4823009407914469,0.09491263266279726,62.53206125895182,23.960320987435757,102.6309585571289,11.436234233040825,54.57465744018555,13.466742187281053,0.44457671675419874,0.0648146751905855,66.03675079345703,23.783820765255445,95.91312026977539,10.302580588704156,47.29131317138672,12.281597503848111,Extreme,-0.03772422403724818
4,-12.40010033423593,38.72498744168047,2.4521778,0.005001,81.946476,2023.0,4.0,91.0,0.7029588249864105,0.06745817732664176,38.13316980997721,11.779902630376618,130.89577102661133,11.118627056153604,78.28407669067383,11.567455997638467,0.7125353573430857,0.06367193871643663,37.872172037760414,11.569141780738596,131.02580642700195,10.875727560241875,77.86372375488281,11.274268134175552,Low,0.009576532356675216
5,20.22086573199036,81.86085171965078,0.2834365,1.470507375,38.952451875,2019.0,1.0,90.0,0.4465696760013981,0.18029619931883722,64.30407842000325,26.39320265121196,119.95117568969727,21.64699711029274,61.35306930541992,24.12387340626456,0.506451073296839,0.18877892318713185,57.36831919352213,26.72834489309593,128.39873123168945,20.945725524131838,68.68250274658203,24.91619473126187,Severe,0.05988139729544095
6,-14.65014003543239,35.5245968210551,1.271118,11.07766233333333,56.61534166666667,2019.0,4.0,91.0,0.4987728481601863,0.15531930012429174,50.217333475748696,23.27304515057907,123.75481033325195,14.431031391795324,70.83211135864258,14.312857151556804,0.4803420432831924,0.14600857653391572,53.79681142171224,24.425567957811072,118.88628768920898,16.665163482876768,65.22703170776367,16.11713036506499,Moderate,-0.01843080487699389
7,-15.76483939001386,-61.42044035988746,1.205603142857143,0.01809171428571429,52.87471157142857,2020.0,8.0,92.0,0.5186382827972693,0.0707700726335749,62.89491399129232,10.178642330667998,136.52087020874023,8.662365857931237,86.2198371887207,9.529058886739525,0.4185544300097179,0.13129236712834566,74.6599833170573,22.436541368809173,124.80181121826172,20.51264668656028,73.45956802368164,22.600294035415217,Severe,-0.10008385278755139
8,-33.42275174656106,147.6921839739811,1.273031285714286,0.08905942857142857,43.803983,2020.0,3.0,92.0,0.4940447642848731,0.2387275760724613,67.50619761149089,39.33277739319741,109.9083137512207,16.478733960683094,43.91473388671875,22.851580539842967,0.5621893678636902,0.22913283803920448,60.12338638305664,37.680948225927345,116.48044967651367,17.67709700349259,54.09308624267578,22.499629082017723,Severe,0.06814460357881713
9,-9.438757269715223,-47.27968584420512,1.1396225,0.006627,30.11159533333333,2020.0,9.0,91.0,0.35085638674877373,0.10367352854755743,81.50036112467448,29.270231980214618,113.58389663696289,15.08384045826915,59.212528228759766,17.1721918261627,0.3334386348326215,0.11913248174926674,79.44258244832356,29.656325448328143,112.7032699584961,18.879419333066316,58.30172348022461,21.52920962661666,Extreme,-0.017417751916152246
10,38.48755670117792,21.27797261065865,0.3935711111111111,23.975583,52.64512966666667,2022.0,9.0,91.0,0.5764756228399661,0.29141148263346944,43.84523391723633,26.984377260828058,117.47404861450195,24.298124673694538,65.8111572265625,22.682746118218603,0.7280651928791099,0.17058789222274687,34.414310455322266,24.32211412957576,127.77811431884766,23.336874140766582,77.24826049804688,22.4438171170526,Moderate,0.15158957003914375
11,39.88774496544666,-6.264626757483512,1.764261346153847,1.162375153846154,50.6049866923077,2022.0,4.0,91.0,0.3131724684503447,0.09993396578171544,89.43436813354492,33.55465669887896,97.98861312866211,14.803542766051622,41.146705627441406,16.93382104930753,0.4069280783565673,0.10479884511371147,71.64576848347981,27.06543200809662,105.69757843017578,14.400874808387142,51.75648880004883,17.1990236207657,Severe,0.09375560990622261
12,-29.34545421199409,-58.88051110552038,0.3249526363636364,0.859852909090909,86.86020754545453,2022.0,4.0,91.0,0.6101784539936244,0.20160222148962045,48.859057108561196,35.919618612557684,102.20145416259766,23.79915128249844,44.77547073364258,24.214749971455046,0.5681588143124725,0.20086857977132314,47.34130350748698,27.115422025233766,108.47482299804688,19.75865484267122,51.923336029052734,19.486214512205432,Low,-0.042019639681151855
13,-18.20541018853688,122.0815490458154,2.051834,5.674401,23.20328900000001,2022.0,3.0,92.0,-0.2945649404832551,0.07073436931993175,56.521436055501304,23.670883178237027,51.5759391784668,8.18624804964606,0.0,0.0,-0.43968744089846723,0.07961986426507502,79.35738627115886,35.56788082370599,53.95585632324219,10.96275007589005,0.0,0.0,Extreme,-0.14512250041521213
14,8.217347506029675,30.30058602417924,1.142778,0.9290121666666667,35.978957,2023.0,4.0,91.0,0.6058980044432086,0.34320797749912424,31.14369837443034,21.689969168031972,114.5230941772461,31.676888831701103,71.75322341918945,27.017390886420582,0.5745305921213207,0.2268561615975792,34.43014017740885,19.982789451530646,131.06967544555664,25.08538370128966,80.92287063598633,21.961371887222185,Extreme,-0.03136741232188789
15,-28.61683851051665,151.4305803635831,1.10632425,0.09334400000000001,41.94065925,2019.0,4.0,91.0,0.33001611065458214,0.13482601061416188,79.15476481119792,33.605172387104595,85.73424911499023,23.702216935959274,25.461441040039062,24.544431626406528,0.2942434167802066,0.13295108383051074,86.20749409993489,33.4607628658022,85.10382461547852,27.021439355356463,24.164913177490234,25.842262060166515,Severe,-0.03577269387437554
16,8.375928545904365,35.60704970014146,1.998468846153846,0.006226615384615386,93.21534761538462,2023.0,9.0,91.0,0.7570647141548221,0.10597362809687612,34.30120722452799,13.866019029678672,149.03479385375977,22.30321761770773,94.73966979980469,21.087202400483477,0.7991952410946168,0.09132489144802453,29.85017267862956,11.160904854249795,151.55524063110352,26.58730876015715,94.91446304321289,25.577332388596894,Low,0.04213052693979469
17,32.39668034249902,-5.98797839213222,0.3248916666666667,0.3243026666666667,20.13465733333333,2019.0,2.0,89.0,0.41546744248654655,0.1773915544585781,80.0513687133789,49.362204301977926,113.39157104492188,24.73966934040035,48.514286041259766,21.28734999731175,0.42275001972008486,0.20739312884107344,70.54033788045247,49.707122093398624,115.1050033569336,22.281066780575877,50.77664566040039,20.12052833493498,Extreme,0.007282577233538312
18,-7.112880664768618,-62.79394309395148,0.663802,2.657053666666667,94.781252,2023.0,8.0,92.0,0.8364583669209558,0.04283194248521466,29.8523432413737,7.991070516521794,143.5577735900879,12.863398540608717,90.69958114624023,12.836455506622041,0.8433476419347699,0.02419860196175624,28.94344202677409,7.767768864435452,143.8066291809082,12.212460173997304,90.91416549682617,12.185111513162749,Low,0.006889275013814089
19,-18.87575993340457,-60.49087088043929,1.0683648,0.0002062,81.232253,2023.0,5.0,92.0,0.392203271530974,0.09040130574203908,22.841223398844402,6.272004217843774,138.27835845947266,7.945249167991996,90.86095809936523,8.579585063869839,0.45153598657658645,0.11931285644287004,23.743268330891926,5.937398419770776,138.42832946777344,7.900832529272542,91.73348999023438,8.562409681899764,Low,0.05933271504561244
20,-38.14248402661726,-62.08739237688449,2.596246666666667,2.871363,27.899759,2019.0,8.0,92.0,0.4641500177912743,0.20783951535576164,69.1860237121582,33.4943561005538,93.57838821411133,25.580886100873386,27.872825622558594,25.993272076729216,0.4234965009065732,0.16826852991393018,76.04358164469402,29.417330847659,96.24634170532227,28.392632941407843,32.12006378173828,26.132863233944292,Extreme,-0.04065351688470109
21,-18.64724549651047,-54.48704595692874,1.2393763,0.1813388,77.8971655,2020.0,5.0,92.0,0.6397375517692936,0.15463809835314815,41.62374623616537,23.890350713160554,127.79999542236328,15.572835256850011,73.63002395629883,16.041095187768025,0.5744956783138,0.15834978838056638,50.16133117675781,25.9195298034112,117.96720886230469,17.764612134030358,64.2409896850586,19.457310210169386,Moderate,-0.0652418734554936
22,-4.605182306333901,-41.55392110196172,1.3630598,0.408089,83.0324684,2022.0,6.0,92.0,0.6211917061353951,0.1459288182394995,43.06034469604492,19.539658060695587,134.1861114501953,11.577185958620904,84.44433212280273,12.333152163919241,0.6448724371139463,0.14809822110785734,42.59778722127279,24.904632908196128,134.85455322265625,10.463009008656819,86.25050354003906,11.683654141554976,Low,0.023680730978551168
23,-22.07162592338491,45.61541276016067,1.129276875,0.07057625,41.914724125,2019.0,2.0,89.0,0.4139195840742128,0.1368414331882011,54.97525278727213,25.7780018464058,110.37444686889648,23.212989938342254,48.75278091430664,22.09888131885218,0.4688469408162059,0.14741700470912017,53.1101442972819,25.093803667069214,102.42535781860352,18.609432752844643,43.207515716552734,20.78743835114672,Severe,0.054927356741993116
24,-34.60354402018218,150.6320345515174,2.2442,12.463465,67.745018,2020.0,6.0,92.0,0.8620484656163336,0.10801093437520382,17.569236755371094,17.6392933150312,138.4821014404297,27.718735688728742,84.37377166748047,25.441089206662333,0.8315351274498095,0.1185933369249902,23.261173248291016,19.61293204040309,133.1453399658203,25.080035046039036,81.59968948364258,22.610554066796652,Low,-0.03051333816652413
25,-21.21222681194088,-46.01331240896687,0.881622076923077,3.384093076923077,46.90792246153846,2020.0,7.0,92.0,0.3276810773439771,0.27234342262588457,69.67928568522136,38.37657487742913,101.55068588256836,32.11644565887046,45.28578567504883,32.33401763264806,-0.0019940799545321575,0.35001221924611475,42.77870432535807,31.982763516554705,56.056705474853516,51.51872372566973,23.418392181396484,33.85462322831304,Severe,-0.32967515729850927
26,-29.54136549050612,152.3614978055347,1.522943714285714,0.2565964285714286,95.61993885714287,2021.0,3.0,92.0,0.8343763350803286,0.07309991181971008,16.478099822998047,8.051996121275298,153.6539306640625,36.43700787271622,99.61911010742188,33.07691885793417,0.8095988360531159,0.08112122509656396,19.78170903523763,9.44591847513857,138.79335021972656,30.38641766798153,88.44982528686523,28.42521747999095,Low,-0.024777499027212713
27,-8.075419421909665,36.68469776403779,1.299655,0.0438075,36.94880449999999,2020.0,8.0,92.0,0.3493160930697172,0.10827708171099094,74.07436498006184,21.841677206916824,128.05156326293945,21.07766313837211,69.81484603881836,25.327382188784963,0.38078189940236484,0.12545899022948986,70.80771891276042,22.57759070087803,130.97896575927734,23.091447729766056,73.43576431274414,26.37456612146123,Extreme,0.03146580633264762
28,-6.867468191445212,-74.95764255529382,0.240155,0.21778,99.119085,2020.0,6.0,92.0,0.8359899401073108,0.029625415945973496,28.158187866210938,8.571780392886092,150.93162155151367,11.010161356338816,94.11614227294922,10.452616622693498,0.8333997782581264,0.02202794349492655,27.068108876546223,7.5719341258865756,149.36542129516602,10.053749629575892,93.06402206420898,9.91001277043117,Low,-0.002590161849184369
29,25.57155772173957,-108.58574430955,1.245281,12.3311824,26.7093604,2019.0,2.0,89.0,0.6184378448425221,0.23666681330101666,61.898295084635414,38.56692486476906,117.56980514526367,12.16121505671852,56.437538146972656,14.384702012336344,0.6451955001882368,0.23121776737241376,56.993797302246094,36.34072169289783,120.9802360534668,16.071721807672755,58.712493896484375,16.110444262562126,Extreme,0.026757655345714726
30,27.71012500237518,76.78874051450987,2.903332333333333,0.09982266666666667,51.50593933333334,2022.0,7.0,92.0,0.49381628783494147,0.15973342185908143,71.87200037638347,25.60189870145787,144.94605255126953,26.725022755082726,85.94524002075195,25.901374453487602,0.4212447475769423,0.14534088928244612,78.61743291219075,27.460036878787037,143.44210815429688,15.727914667218863,81.37667846679688,16.298095805039594,Severe,-0.07257154025799917
31,37.93545147242769,-120.8022596706875,0.4485060588235295,1.830277176470589,46.0781754117647,2022.0,4.0,91.0,0.25156029234642263,0.06804999681606869,85.43928146362305,30.069430997746206,90.27549362182617,20.328400020032085,17.683822631835938,20.83568117868879,0.3102226181046035,0.08030530726953908,78.46784591674805,26.373682333761128,107.16571044921875,20.438626183149864,42.95412826538086,23.104137300533058,Severe,0.05866232575818087
32,-14.32410278717701,-45.86843290637486,2.958767857142857,0.001598571428571428,81.73380657142857,2021.0,1.0,90.0,0.5743291294951973,0.11183863011173392,46.85670598347982,17.544738369651277,127.97308349609375,10.448768257876042,75.4203872680664,11.59224598340922,0.6481647079251978,0.16110303413425742,50.28648249308268,21.34848450369823,127.13465881347656,11.798829667823851,71.61699676513672,13.132453721549783,Low,0.07383557843000044
33,10.98228600654741,76.7652752882141,1.298967833333333,0.514879,68.624139,2023.0,2.0,89.0,0.425263737907426,0.1508013861403758,73.3017946879069,32.07991592398939,133.32462692260742,23.420532071897856,75.73994064331055,28.014100337310122,0.416639571605307,0.1563867742042654,74.98936971028645,32.871352137301955,132.12761306762695,22.597543481653375,74.62843704223633,25.159893167540687,Moderate,-0.008624166302118985
34,38.68991705131752,-3.768571635611295,0.1027285,0.414312,45.6030565,2018.0,2.0,89.0,0.31746285445915856,0.16793817930020533,84.824281056722,44.897271373499656,118.16888809204102,17.76863128456082,47.10443115234375,15.344440028913537,0.3925873886134603,0.16126109025887012,63.85626220703125,32.67017527078122,114.5576286315918,17.517655039527614,49.75397872924805,15.289626913538054,Severe,0.07512453415430176
35,-13.81208120817522,-58.68332331940002,1.1502513,0.0051614,54.73171979999999,2020.0,5.0,92.0,0.39377715973474026,0.19446550397147322,67.6148287455241,36.62701845112385,98.46087646484375,27.216086518934453,35.8383903503418,32.56459799582939,0.5170375407646883,0.24892151613427085,54.57220586140951,37.37551790710274,116.30977630615234,23.91442956993295,59.34908676147461,31.100766700626547,Severe,0.12326038102994807
36,-17.84055642036545,-48.99909467184409,0.4388438181818182,0.6141992727272727,30.01882690909091,2019.0,8.0,92.0,0.3136999884674032,0.19020623090692143,87.27252960205078,47.37079383369769,98.3498764038086,26.752062569077022,38.45505142211914,33.04554486110554,0.31946082364692163,0.18112786366178754,93.33470789591472,53.986560014540615,102.4370002746582,25.590396465551272,46.46084976196289,28.94826590403402,Extreme,0.00576083517951842
37,31.99496487312936,99.69492413444168,2.598523333333333,0.153762,88.88003433333331,2019.0,7.0,92.0,0.7286431406150022,0.0992243113257752,43.66352081298828,18.336899943953433,113.84408569335938,33.344855677309596,54.040557861328125,29.80081458218941,0.7346591178665705,0.09423178278557429,44.418173472086586,17.639595801591256,112.63877487182617,39.11954825977813,47.960506439208984,34.860865316061556,Low,0.006015977251568216
38,-13.29271510965497,-51.92021944498013,1.340038764705882,0.351634294117647,52.98297758823529,2023.0,7.0,92.0,0.38695652415148807,0.1968325923924936,73.86467361450195,38.40617217702487,106.06221771240234,27.066342914239176,48.27519226074219,33.74620507445463,0.43186205448894555,0.16753611053654596,68.6622200012207,36.81816842018404,113.76725769042969,24.523790130653058,58.11799240112305,29.757422370917766,Severe,0.04490553033745748
39,-16.98204146538343,-48.09192538814247,1.251764,1.365815666666667,77.10181666666666,2023.0,1.0,90.0,0.6995364166268183,0.1774398041299796,42.67077763875326,21.350369596274344,138.47087478637695,15.284674778011722,84.11297988891602,15.613281356846489,0.6557711752627028,0.17583190322758466,53.76383717854818,25.898933495316818,135.12847518920898,12.406406212749442,81.31023406982422,13.163534784031107,Moderate,-0.043765241364115526
40,-31.6480892883802,116.606373881351,0.8276549000000001,0.1978299,70.0652105,2019.0,8.0,92.0,0.6900251197533747,0.1645874852188954,48.666648864746094,22.99583926321348,94.62006759643555,21.01844530408474,34.07863998413086,24.83146836730719,0.7210587665376595,0.17890206505967018,43.63638814290365,25.704953961487085,91.7433090209961,19.49109889244943,33.82860565185547,21.685990184981357,Moderate,0.031033646784284885
41,27.8772443145545,77.31349745350735,0.0006085999999999999,0.232885,66.9765902,2023.0,2.0,89.0,0.7138905343189075,0.22314444873368833,40.32646942138672,29.136242363275585,105.32300186157227,17.333004864861753,46.61842346191406,18.098275908878797,0.5912446559105882,0.28339448565089614,53.777156829833984,37.3429617530548,115.38744354248047,22.621773919448064,57.50727462768555,23.0125742936298,Moderate,-0.12264587840831931
42,-26.48886752247485,150.6557162230663,0.8034266923076925,0.1237768461538462,40.30499415384615,2019.0,5.0,92.0,0.5688569160855792,0.07240278029797509,28.533973693847656,9.945297943022931,100.16838836669922,9.470249976414184,52.525943756103516,10.224356520817384,0.5554655124122405,0.06646473385401687,29.58428446451823,9.359216265712119,99.10920333862305,9.76081421270505,50.814456939697266,10.537764868087894,Severe,-0.013391403673338687
43,-26.74746024129318,150.6462327002661,0.113113,0.0592345,33.4272475,2023.0,9.0,91.0,0.49327281764185604,0.1447539731428456,70.60667928059895,26.169973841548906,88.83388137817383,20.812810950021248,29.99282455444336,25.64785919349828,0.4346882647634108,0.2114405908640024,79.23958587646484,30.685510630889567,83.32442092895508,17.808056152915103,16.10373306274414,20.424075153271655,Extreme,-0.05858455287844522
44,35.36698752849388,-120.3394876440156,0.137027,0.87799,20.106609,2019.0,6.0,92.0,0.429977583627263,0.11293122487250128,65.29054768880208,22.031260649125777,119.49797821044922,23.201903683435415,65.27804565429688,21.369954171347988,0.3071076818629219,0.09421524891066659,79.93399302164714,28.30503250635375,105.20695114135742,23.51065306509184,42.54391098022461,23.418365768624447,Extreme,-0.1228699017643411
45,24.01484562223929,77.4313714796395,1.165846666666666,0.8518629999999999,51.746623,2023.0,8.0,92.0,0.35770771567369586,0.17632579643675506,70.28610102335612,19.67586650938424,124.37479019165039,11.067306980815342,53.55921936035156,15.682486373996383,0.45958567772600045,0.1836438452191838,59.56312561035156,20.659232233687746,124.60504531860352,13.436905726869478,60.42750930786133,16.270047595931292,Severe,0.1018779620523046
46,34.91077246255159,72.1523429605761,1.904933071428571,0.207459,46.99131071428572,2023.0,2.0,89.0,0.6139790742595963,0.12397797010602667,57.53680547078451,25.52872650775609,142.56399536132812,49.58282986649514,84.7432746887207,41.2881722037003,0.6432759277668303,0.16217030756288303,57.213366190592446,30.85102857980104,129.39171981811523,34.01891588710823,73.15265655517578,28.735773895046844,Severe,0.02929685350723399
47,26.91230759868501,73.6611965625874,1.850318,0.005112999999999999,30.52205233333333,2021.0,8.0,92.0,0.34660392440172494,0.09303976625751965,103.04534022013347,32.55891790823737,115.00418090820312,18.79399049136033,56.554222106933594,18.429577309037228,0.3571071003743618,0.09036142401394431,97.6727180480957,32.04095309110325,117.93441772460938,14.963840708123827,59.218021392822266,15.39151136894514,Extreme,0.010503175972636836
48,33.65950321709788,96.35363688311644,0.8800599999999998,0.384252,31.426033,2021.0,7.0,92.0,0.39385982451185253,0.20120894037934783,49.663848876953125,28.116075856694074,143.9634246826172,59.2283754866134,71.75343704223633,48.787725724907354,0.42775928252785245,0.19359572628724067,49.09089660644531,30.26911234953081,129.41397094726562,61.74279520336398,61.29963684082031,48.63374372090327,Extreme,0.03389945801599992
49,-15.85076528278005,34.41251314849205,1.06090075,0.15389475,90.43438575000002,2023.0,3.0,92.0,0.5925519767254857,0.10997374805634366,47.72060521443685,15.961705593603593,129.40576553344727,16.983777117382655,74.94942855834961,15.504854804733311,0.6016600887590927,0.11577711253202112,46.6949462890625,15.245148200444884,125.35908508300781,14.902058151107891,70.8902587890625,15.186557940221348,Low,0.009108112033607063
50,36.36669214050009,101.9475390142233,4.8136495,0.379375,62.32770650000001,2021.0,7.0,92.0,0.53047348892893,0.16426541493270805,63.5020751953125,27.736092289604137,114.42066955566406,28.22484016772442,52.4389762878418,23.11698797904376,0.386556334256438,0.19463519078986935,83.68069458007812,38.55089040400639,114.92110443115234,35.754854541272245,43.217864990234375,28.935998159678356,Moderate,-0.143917154672492
51,-36.58885727913951,148.3518114369096,1.240360333333333,0.5829223333333333,80.37367866666666,2021.0,4.0,91.0,0.7490508371503211,0.08368008404099496,15.795152028401693,8.63810921983145,123.79411697387695,20.642534539275676,70.8922348022461,20.651103350293813,0.783047505169634,0.05788749675147375,14.434307098388672,7.83222754290398,124.85409545898438,18.253130442391033,71.86590194702148,18.814871000622052,Low,0.03399666801931289
52,-35.3064592262858,144.9416407542321,0.4744605,0.08624319999999999,71.5787531,2020.0,4.0,91.0,0.6204288615900948,0.1697943962532379,50.679097493489586,25.94614105237112,100.95710754394531,17.291455609424048,27.578128814697266,20.69242112038542,0.6570229556923701,0.16177900224439912,49.20889663696289,30.605245991435623,101.06088638305664,18.519983292652448,33.53175735473633,24.063585895560898,Moderate,0.03659409410227532
53,36.80702525765901,30.04998575984567,1.662871142857143,19.79437514285714,27.06797108571429,2018.0,8.0,92.0,0.15799160787057076,0.05322434130790104,148.1002400716146,49.94455813776555,119.13794708251953,22.139587555294195,54.93136215209961,34.04023549784025,0.16161101500605923,0.023048962116689546,158.1836840311686,49.14676819972226,144.10661697387695,34.78162734998346,84.56844711303711,33.142360635170824,Severe,0.0036194071354884727
54,17.11745707879022,121.0646721145981,2.841734,0.025665,91.549122,2021.0,1.0,90.0,0.7411153880292745,0.15972242199768724,39.76957321166992,20.789911399945876,129.7605323791504,43.29017133718521,77.40204620361328,40.848723980290174,0.8353173577422126,0.06184984849582288,30.34888203938802,15.103153752338141,118.77214431762695,49.021260727018046,69.26668548583984,43.739214020671156,Low,0.09420196971293815
55,-1.774962367231154,-58.96922601203288,3.953547333333333,7.634635,86.774961,2020.0,7.0,92.0,0.8520799040541078,0.020986742994129923,24.18030039469401,8.69986234869051,143.24406814575195,13.242319331819616,90.95555877685547,13.107452325750646,0.8505785149566236,0.023371095886649193,23.87102762858073,8.542575540236456,142.31178665161133,13.110208913272453,89.73598098754883,12.925928512680306,Low,-0.001501389097484207
56,-9.997738709558035,-74.17423470968504,0.9043805,4.036879,93.1167635,2020.0,4.0,91.0,0.8777668204364772,0.01894129568665429,22.706419626871746,8.366817965655885,147.63515090942383,13.439801500879732,91.81473541259766,12.898360374407451,0.8429558889129266,0.2063338070296663,25.473529815673828,13.919892367999779,143.97591400146484,24.97731453046418,86.99417877197266,19.74464200091163,Low,-0.03481093152355064
57,-16.33327430866623,-56.03148869914644,1.229749857142857,0.6932195238095238,90.31550485714286,2020.0,3.0,92.0,0.7529457002805344,0.12251979303023776,31.971598307291668,12.293036689216338,139.85718536376953,12.605741304776947,90.58638000488281,12.713754035240125,0.6208639480476986,0.2511616518476172,43.88640467325846,21.340581565443998,130.7741928100586,24.347623157559777,80.80776596069336,21.047773040444714,Low,-0.1320817522328358
58,-10.26713658429472,-47.85216888760925,0.1183462142857143,0.08222842857142855,64.03415921428572,2021.0,6.0,92.0,0.5365551884279169,0.20697911217292397,49.30249150594076,33.313537879185276,126.45429992675781,19.051707981980236,70.60153198242188,23.06513657008733,0.5922903905304175,0.1360862441632306,39.74764633178711,17.117338490759685,127.90229415893555,16.353693542020622,74.08281707763672,16.721620806345957,Moderate,0.0557352021025006
59,-21.73475243175087,-53.79580868494868,0.1714551052631579,0.05154857894736842,57.79613631578947,2023.0,6.0,92.0,0.4018649253198854,0.15341470536133203,65.32547124226888,24.111427430545064,116.34060287475586,15.620973552388874,62.222965240478516,21.700072316050054,0.4544584087569419,0.18066394040293252,59.99374643961588,26.407577312630174,119.76914596557617,16.92156349876308,66.33993911743164,23.204877485822575,Severe,0.0525934834370565
60,-27.31533799686657,-49.62603993443011,2.028249,0.0612655,89.649585,2020.0,6.0,92.0,0.7430673905273297,0.171629365649144,32.5247917175293,21.3970646183697,127.53622817993164,22.77060612532915,74.70135879516602,21.397650181113452,0.7568742473228625,0.1696318490667326,29.943960825602215,20.592090137991114,129.8163299560547,21.79255150182026,76.6430549621582,20.61940243642912,Low,0.01380685679553273
61,6.995391233067835,22.35876292240101,2.108793,0.072265,94.871926,2021.0,7.0,92.0,0.7856696008558401,0.051097668460417196,24.923681894938152,7.724451959887676,143.67153930664062,9.701375014478653,90.12905502319336,9.648492246553298,0.8071490794033025,0.046743188904906675,23.91153844197591,7.745321590039973,145.71626663208008,9.931190108511053,90.85354232788086,9.75592175174674,Low,0.02147947854746235
62,-21.06192776409067,-55.10466265341002,1.586219333333333,0.01852433333333333,41.90632799999999,2019.0,8.0,92.0,0.27024507908410467,0.20148459795804075,79.50433095296223,33.23482328157169,103.35897064208984,17.933074952403665,26.675762176513672,27.299979459155193,0.2328303953744979,0.20452854312732055,83.97236506144206,35.57824259206017,102.69465255737305,18.75764019388203,26.479515075683594,27.573250332445536,Severe,-0.037414683709606766
63,10.73591340173569,-74.43045885363247,0.8470133333333333,5.374135666666668,88.76774133333333,2019.0,4.0,91.0,-0.40404380234552484,0.1021255882989301,23.63201395670573,7.460660061702521,26.076995849609375,12.77236352216635,0.00450897216796875,0.5030829575117194,0.3947660134307631,0.6410201908767739,32.55221048990885,19.79967160441571,110.48023223876953,55.84057674990895,66.1876106262207,42.88487908888756,Low,0.798809815776288
64,-11.42634555863006,-53.63845334533816,0.8558795384615384,0.8214371923076921,91.31694369230769,2023.0,7.0,92.0,0.8630617034546049,0.018745996211065215,24.770997365315754,7.909577587060278,138.43989944458008,17.402103840122273,85.76693344116211,18.873193245865995,0.8594758212714169,0.017838105747697106,24.60082753499349,7.888847083811922,139.49748992919922,16.874915494170168,88.2906723022461,18.11805743163724,Low,-0.003585882183188005
65,-15.53297569853264,143.3443312785363,0.6928058333333335,0.03354008333333333,47.66807175,2021.0,6.0,92.0,0.4001566029017214,0.0934953218774122,56.298301696777344,23.265984136224052,97.29816818237305,15.596555319786951,43.630767822265625,19.243141961998532,0.4207691313581705,0.08447600560078113,52.57321802775065,19.45889723705486,100.77594375610352,13.420354514138838,48.73367691040039,16.798385839289658,Severe,0.02061252845644912
66,39.78801004800486,-4.681574812083284,1.21132,0.1861632,25.168966,2017.0,5.0,92.0,0.29470372494392505,0.2004507031771142,94.58122889200847,54.31662212825894,119.5008316040039,18.008222801842443,61.252197265625,20.41176678887715,0.22846250382674071,0.15088668805566416,114.11813863118489,58.66204600462759,111.40199279785156,16.619745786510965,50.210357666015625,19.286729924754855,Extreme,-0.06624122111718433
67,23.83087230885561,83.61384234679036,0.9624878571428571,0.5918212857142856,43.39773885714285,2022.0,1.0,90.0,0.487724080993964,0.16385330804627443,54.328320821126304,28.157130105234835,122.54729461669922,19.373841049611663,65.62646102905273,21.560968555007122,0.506944820118934,0.13717675673782334,51.609299977620445,21.650261353106014,124.92422103881836,18.564364628082576,67.16712951660156,19.623711972251716,Severe,0.01922073912497002
68,-22.79941552976513,-64.43640108635496,1.25699,0.10990425,66.70271775,2021.0,9.0,91.0,0.7112206519771576,0.06885711520930693,39.02903620402018,9.537327694669665,142.49909591674805,33.47766164382883,92.24102020263672,31.369400549798808,0.6484095220221349,0.11754898850895529,43.99534352620443,14.035135817640956,144.09077072143555,20.384716231732273,94.54376220703125,20.020042291491855,Moderate,-0.0628111299550227
69,33.43656107082991,-95.60638110753548,1.087378875,1.2765945,76.253449875,2020.0,8.0,92.0,0.5356068958405144,0.16286746785554793,51.184454600016274,23.975733882722597,121.5105209350586,22.828447091506906,66.2573356628418,24.892709946682913,0.5661702139689939,0.141419755687756,47.489724477132164,16.811880068159013,122.7945327758789,25.332061151044176,68.46664810180664,25.94596503347051,Moderate,0.030563318128479566
70,-26.49809469274537,-49.00467473941606,0.3966065,0.3616265,90.8557265,2020.0,6.0,92.0,0.6283276880071423,0.29334572933681097,41.1319694519043,31.17661452795224,146.78164672851562,26.429541106058945,85.15999221801758,25.47678416213153,0.5871684387858005,0.28463903515455075,45.043399810791016,29.675067377719547,141.97786331176758,24.230374489478773,79.6747932434082,25.704229679106852,Low,-0.04115924922134184
71,37.07629706857939,39.94542851145874,1.0196604,0.1116084,27.8234032,2022.0,5.0,92.0,0.395817971178694,0.29579750911913455,107.84146372477214,67.35130749385827,102.1850357055664,15.824419877935886,22.29278564453125,21.918718356042906,0.5220739849217684,0.26855576274409265,80.19217427571614,49.905678555776916,101.34779739379883,10.592389002912839,24.62548828125,15.662425142552289,Extreme,0.12625601374307438
72,-14.21212048064674,-53.67553372752026,2.164062,0.095733,91.7794564,2019.0,2.0,89.0,0.600238799063834,0.13922541957270168,46.582950592041016,21.602042732607845,126.95683288574219,15.524009508480317,80.18188858032227,13.49235153699004,0.6817247908779354,0.10110397033837297,36.774496714274086,14.734687036323846,138.10501861572266,12.826428814914252,87.8068733215332,11.32155783101752,Low,0.08148599181410132
73,-22.35957722992261,-59.87339575228019,1.4922264,0.1547158,76.09747349999999,2019.0,1.0,90.0,0.5944044045406469,0.1486443042066136,58.670841217041016,27.45354288970764,123.4693717956543,11.492782000429122,77.08569717407227,11.704930949275823,0.5731058420382009,0.1611281838024162,61.13137690226237,28.84542131567854,122.18814468383789,12.12899014854494,75.34289169311523,12.774331828876363,Moderate,-0.021298562502445995
74,35.54240284064693,106.1996302554899,0.47547875,0.052216,84.81361275,2019.0,7.0,92.0,0.8537034217826971,0.04083802969926143,33.9769172668457,14.53821246430379,132.2922134399414,35.05026972178911,84.33866882324219,34.18866572828215,0.7935738539416468,0.15019491598298634,39.48717498779297,23.035919962288695,139.12872695922852,31.58337371460471,86.4793701171875,30.38605153378268,Low,-0.06012956784105028
75,-5.261888827467089,-64.35096399518866,0.276685,0.133463,99.173552,2022.0,6.0,92.0,0.8058676208997895,0.0218655492361407,33.908636728922524,8.154594045359268,144.65494537353516,10.95516751585117,90.080810546875,10.883887876572905,0.8073246725959962,0.02225292427653433,32.99951299031576,7.99446397711927,144.57712173461914,10.379397061186742,90.31568908691406,10.355101627074646,Low,0.0014570516962066904
76,-18.59437265576141,143.6572380373294,0.146886,0.04516557142857142,29.21796714285714,2022.0,6.0,92.0,0.4307676237468536,0.08586339222993987,51.76503372192383,17.63838646096612,105.66620635986328,13.699961717774967,52.043853759765625,14.090302087589597,0.42687691691065055,0.095079609023508,51.607000986735024,19.489928162299243,107.76435089111328,14.261539673893541,53.68627166748047,14.629314908249864,Extreme,-0.0038907068362030728
77,-4.260813245817346,-42.45201239302901,0.9164767142857143,0.5092597142857143,81.04619728571429,2023.0,7.0,92.0,0.6360891897006917,0.1347992405730348,47.268866221110024,17.973622902085886,129.40435791015625,16.233427789162793,75.07996368408203,18.80154391921684,0.6062806138883019,0.13975957956246257,50.07715606689453,18.50043440039593,126.32952499389648,17.398202417679027,73.15779113769531,20.13850368007737,Low,-0.029808575812389826
78,-0.9518233392936396,34.74860646795474,0.044807,34.926793,62.941676,2021.0,4.0,91.0,0.7393023745822358,0.12767803095355396,36.65025202433268,18.976165738692707,138.56966400146484,16.403421421436555,84.19932556152344,14.644217209863557,0.7162194363403429,0.14661046199803632,38.86083857218424,22.044596900723405,136.46121215820312,18.150671055394653,81.92021179199219,16.621741085853902,Low,-0.023082938241892892
79,-27.94754095854987,-58.51800496336737,0.64702765,4.507100499999999,89.13286145,2020.0,1.0,91.0,0.6749044632362597,0.08637884931272394,37.069183349609375,14.221649159291273,110.75854110717773,13.481472635914484,59.61332321166992,14.55482975182395,0.6718540504685961,0.07845560055152148,35.21931838989258,12.052836508426207,105.51272201538086,13.246363529062407,56.92417526245117,12.92479045877979,Low,-0.0030504127676636017
80,3.307739676095103,19.34148267598217,1.799562,0.0,92.560589,2019.0,6.0,92.0,0.6970228877419515,0.17820949858246962,50.29801940917969,22.87143551916463,138.7161979675293,16.399141524128236,84.52152633666992,15.061485734641131,0.7276614428903656,0.1745171599581564,42.468804677327476,17.913171685233813,140.17585372924805,16.242642226854926,85.01515197753906,14.668037124344583,Low,0.03063855514841407
81,17.4446795719212,-100.9805716997148,2.509463,38.88849433333333,31.50874033333333,2019.0,1.0,90.0,0.5480680012917105,0.17294338269432477,51.956475575764976,26.78577270546088,132.78017807006836,29.01033031769254,82.79938888549805,27.442596244639727,0.42805021446303826,0.14293483023939565,66.2897122701009,28.70996790202381,131.11830520629883,22.924186647239825,80.18951034545898,22.601253994234987,Moderate,-0.12001778682867226
82,38.03673363941131,32.27391022708002,0.926004,0.3023130000000001,21.300198,2021.0,4.0,91.0,0.30455284415316086,0.12230469388609291,106.13846206665039,34.91416538102283,110.89452362060547,19.114053381207746,42.087890625,19.450697855455186,0.24707808486374638,0.10632945555920326,117.21881612141927,37.56159105004605,123.69271469116211,25.1151453113789,57.63080978393555,23.963390593812026,Extreme,-0.05747475928941448
83,-36.17457905162138,143.47931880129,0.7699529285714286,0.8143177857142857,63.44255478571428,2020.0,5.0,92.0,0.6112252422006105,0.16586784503409036,44.52808125813802,17.731872251266267,106.89018249511719,14.510268498475412,42.585044860839844,15.39062549694048,0.5423446917408095,0.19653208255718413,46.05825551350912,21.90414124216473,108.18014144897461,13.919857635805258,42.31793975830078,17.19138727712921,Moderate,-0.06888055045980102
84,22.93821074595773,72.63410468831637,0.0004845,0.4634625,71.6982485,2023.0,7.0,92.0,0.4546180819627744,0.24170887132666802,82.34960047403972,47.03013933487151,145.81022262573242,28.394356449302425,86.84220123291016,25.68340441471626,0.5746996833838715,0.186869120004995,66.1884880065918,36.23492702061674,133.38816452026367,17.381466253087236,73.95015716552734,16.52110383028184,Moderate,0.12008160142109703
85,-37.43430124800184,-60.01334409557751,0.5533955,0.3488896666666666,50.42263366666666,2019.0,5.0,92.0,0.48909754312711584,0.09315363737640568,49.412298838297524,20.07878214751164,97.07368469238281,13.298460629870434,24.925914764404297,15.240145665701567,0.514655276143344,0.1285554861508894,45.7034657796224,18.775399498130014,99.22654724121094,13.811578063913121,26.594383239746094,14.531878290175733,Severe,0.025557733016228212
86,-16.40426230882967,33.41795094275574,0.2472775,0.5935705,56.1948325,2019.0,9.0,91.0,0.34500538011453763,0.12998069485474747,78.0354855855306,25.34327969388738,106.82238388061523,19.759267927642245,50.30878829956055,27.2021246861094,0.3246653767476886,0.13852870902973824,77.96959431966145,26.779694542109542,111.74675750732422,26.774064994883666,57.04338836669922,30.410611881717145,Severe,-0.020340003366849047
87,-17.06761395191519,137.5006134822777,1.501942166666667,1.649337666666667,34.09054183333333,2019.0,3.0,92.0,0.5087422874672711,0.08118614409769276,49.96822992960612,17.304092265175107,104.45510482788086,10.062692510759659,51.66796875,13.261602252341774,0.5131402501691582,0.0675674851935515,48.213616689046226,14.910329049832274,109.63973617553711,10.496932775940477,57.9147834777832,12.90032325577812,Extreme,0.0043979627018870815
88,0.860404146345175,21.69239445709422,0.193067,0.025561,99.577504,2022.0,9.0,91.0,0.7606159856741215,0.03161078551994206,33.34833908081055,5.821201087714755,149.06672286987305,13.286704984734195,93.3669319152832,13.08725858915681,0.74885529167409,0.03336678240380282,34.35144933064779,5.733997974171963,148.96283340454102,12.945127866173225,94.11489868164062,12.822918968341055,Low,-0.011760694000031435
89,26.23305969872719,82.96701113650926,0.01570357142857143,0.8486635714285714,65.59531685714286,2022.0,1.0,90.0,0.6280237871849903,0.19309329861938848,57.21856689453125,28.381219100540676,122.17562103271484,17.215606098800574,67.02455520629883,16.246422117070964,0.6210894002131646,0.188264323184678,56.60533014933268,26.447114799286034,122.39845275878906,17.202761203609377,67.31019592285156,16.19233709208175,Moderate,-0.00693438697182569
90,-33.83840888877969,-53.94016229321842,0.888705125,21.19811762499999,69.519471,2021.0,8.0,92.0,0.5832802900384477,0.19751645475090499,62.342211405436196,26.52564438222757,111.30106735229492,13.665697245636313,49.9033203125,16.87739577064431,0.5183264344590839,0.2202203546878188,64.01918029785156,26.54794179895813,113.68668365478516,15.79120152411908,53.9456901550293,14.62455993912813,Low,-0.06495385557936384
91,14.76885571598175,108.536952766394,1.4533015,12.37285725,78.43605449999998,2020.0,1.0,91.0,0.6426922641875517,0.17590198408960397,51.96386464436849,21.400921282603967,132.72369766235352,28.612109893991356,74.50320816040039,26.78213206113235,0.7759425202059447,0.0825551635940479,36.72252400716146,13.782882319205168,145.00500106811523,36.41372865507917,88.58045196533203,34.3302173707433,Low,0.13325025601839302
92,28.95752977469313,74.5076604026491,0.3740443333333334,0.05726,36.80839433333333,2021.0,5.0,92.0,0.1938986035113841,0.09992133450838803,163.4570566813151,43.34684784839291,82.71625518798828,22.591009118302328,16.610733032226562,20.86539733054446,0.17379891248668256,0.08150189597178743,168.4670206705729,42.02480290197601,79.36739349365234,21.048820271597116,11.857379913330078,16.784540672849072,Extreme,-0.02009969102470155
93,-19.52669591099759,139.7324688058652,0.270927,0.01305666666666667,22.92946833333333,2022.0,2.0,89.0,0.35796044549729,0.13349864611838053,84.93411254882812,38.131542373648124,87.93478393554688,20.096575175362585,32.97177505493164,21.845632330751076,0.2800294005900241,0.0840328652091744,85.20616658528645,30.630699592164927,108.77045059204102,20.767667291529378,55.379703521728516,21.41774740156666,Extreme,-0.07793104490726588
94,24.23434335511737,81.11153288742497,0.08863145454545455,3.341697272727272,67.04335636363636,2022.0,9.0,91.0,0.5960094955234336,0.16643292982127678,57.92545827229818,18.999633190390096,129.93987655639648,20.4700242806926,72.68860244750977,18.98461786375252,0.5487337759870161,0.21369594553127538,61.38727951049805,20.610732371831386,128.08917236328125,27.360371448356986,71.35026931762695,23.100872994394113,Moderate,-0.047275719536417515
95,9.327514768443583,22.6705778126375,1.281146857142857,0.001072571428571429,62.120093,2019.0,9.0,91.0,0.45029590201622227,0.10925971698084325,45.62074661254883,13.663008379628366,125.3553237915039,11.828739529869443,72.81917953491211,12.232386468770855,0.4741173371377556,0.10240896711842806,45.41995366414388,14.197334231097756,127.16426467895508,12.217599425118664,75.25619888305664,12.419908886944626,Moderate,0.02382143512153334
96,37.69898239568298,-113.1437857342057,0.2018,0.03829,24.433145,2021.0,4.0,91.0,0.3370169493474855,0.2686368342476702,129.0818837483724,63.651719604082956,85.26301574707031,21.989478247297615,23.33545684814453,23.19414830859582,0.27791461467061296,0.23569637499439425,134.7597452799479,59.15655120178779,99.18481826782227,31.19352176239537,34.88655471801758,30.39882333202163,Extreme,-0.05910233467687254
97,-33.55081694922645,147.3409958182401,0.017701,0.091874,21.589079,2019.0,3.0,92.0,0.29845331817409404,0.1546624327099825,66.99832661946614,27.95263075069489,87.60872650146484,16.475346159851746,11.605327606201172,16.98870943654912,0.3268030470861323,0.1398035997643281,63.47156016031901,24.809565832075837,91.24060821533203,17.689430145244152,16.02993392944336,21.10697774163543,Extreme,0.02834972891203824
98,-35.36345421533942,143.7875690303351,0.3477085,0.79323,45.325336,2022.0,2.0,89.0,0.45819289107517214,0.1547472223792688,60.65643437703451,26.782472969913584,75.30140686035156,21.468561051484794,14.535728454589844,20.606433197891228,0.45527370297341463,0.13890366283469038,57.79263432820638,27.90933357482826,90.75445938110352,18.131721069884218,27.75135040283203,24.232592638788304,Severe,-0.0029191881017575083
99,38.52539048178161,-108.5151763638163,0.8734719999999999,0.1127282,47.9629332,2019.0,8.0,92.0,0.6545369405542374,0.13507328999758342,36.91632588704427,18.529067629941434,118.27301788330078,23.237713929872058,63.81401824951172,21.282846770868655,0.5938541359310818,0.15303514815163105,42.1438357035319,20.504458701976905,116.75395584106445,25.666940700671084,61.51297378540039,22.55464858935927,Severe,-0.06068280462315556
100,23.37430526960896,99.78115431740387,2.065427666666666,0.066268,71.48799283333334,2019.0,3.0,92.0,0.5158724396740437,0.1977123606040709,66.48044077555339,35.146943160833125,118.03017044067383,28.754947427864067,64.37062454223633,28.514531645840705,0.6964695591489232,0.1354233993931006,44.94178771972656,19.5867418407176,119.60570526123047,33.357804967720035,68.91524505615234,33.110024974232765,Moderate,0.18059711947487944
101,5.674294529809231,28.06797170041705,1.907205,0.000252,96.37708525,2023.0,6.0,92.0,0.7894214768106167,0.03177488389822384,38.96452204386393,12.852628617124312,139.30068969726562,9.646521830973612,84.63398361206055,8.706374946698539,0.7907472281306127,0.034983886578788946,37.9584846496582,12.545131617794954,138.66768264770508,9.527958170551328,83.9360237121582,8.699798891588035,Low,0.0013257513199960158
102,-19.89970891470082,146.0929068650294,0.7703404,13.909844,44.79790799999999,2019.0,5.0,92.0,0.40870737117440603,0.10707579284769259,52.80458450317383,21.360138881312583,106.36084747314453,16.382836249745907,52.028011322021484,18.837363740936997,0.3907785539042663,0.15774247086892917,58.787349700927734,30.890079381991097,104.57675552368164,18.091609911507884,48.47887420654297,18.45665539933908,Severe,-0.01792881727013973
103,25.75008395696232,73.18634718732156,1.036552142857143,0.2631615714285714,41.529497,2022.0,8.0,92.0,0.294971621457667,0.12733160465526006,103.80306625366211,32.523129314956186,111.28913116455078,15.591190666907805,54.546356201171875,21.14729538161098,0.28913315098916054,0.1282370503302941,103.4703737894694,33.41512759409684,117.43046188354492,19.713328867637287,59.617408752441406,19.997037896475877,Severe,-0.00583847046850644
104,-14.07895310552109,-64.97495460268426,0.6044725000000002,4.60773995,86.27716385000002,2021.0,5.0,92.0,0.6642584401559599,0.0890361564390973,39.864054361979164,13.303807808684837,130.94354629516602,11.186780775020171,85.46823501586914,10.87597958644586,0.6442241116296685,0.20322022625160263,38.22394816080729,13.685027446406574,130.17766952514648,24.057741327112286,85.32191467285156,19.985695326205654,Low,-0.02003432852629139
105,8.076821371220461,30.96859948324627,4e-06,1.372039,63.70587299999999,2022.0,5.0,92.0,0.5812372069040066,0.08359529778193547,24.065645853678387,12.590006608704137,144.46483612060547,19.25282939175465,67.44181823730469,13.445147744747736,0.6868803827162253,0.0711802429484545,38.51987965901693,15.533792194855897,111.27186584472656,19.41169941535164,44.79417419433594,28.959071411427143,Moderate,0.10564317581221871
106,-32.23550484214594,146.8728338037382,0.5005684,0.007087599999999999,21.8195162,2023.0,2.0,89.0,0.33281688458219527,0.1214594493894389,56.446998596191406,26.046859885720774,85.39255142211914,18.681675388745386,27.97674560546875,21.046145849812323,0.27521447970015744,0.1425224372504283,62.6747792561849,26.75602759409676,81.46781539916992,21.057573910245544,17.107532501220703,21.895038757492287,Extreme,-0.05760240488203783
107,37.92113718784097,-7.277265519157822,0.6634497142857142,2.083464571428572,78.76521907142858,2019.0,2.0,89.0,0.5925938831942537,0.1137252969992999,47.96065012613932,18.46182540383599,110.57311248779297,16.44911795411613,52.508934020996094,16.57199539368414,0.5738305992263601,0.12836379464568365,50.15697352091471,22.00335190339671,110.01184844970703,16.60411804764464,51.29011535644531,17.030122900602983,Moderate,-0.018763283967893507
108,34.21696622168977,-5.242538481798079,0.24046875,0.2029025,40.03437975,2018.0,5.0,92.0,0.3163851950131136,0.14085500080840851,102.80144500732422,39.02574937298311,104.46864700317383,16.43395195554877,35.82212448120117,19.932866227556477,0.31593567723181715,0.12426194712313672,110.06514358520508,41.99008760539561,103.96145248413086,16.586012648378592,40.01653289794922,20.825904570683388,Severe,-0.00044951778129642683
109,-7.906512014985445,23.86388534732427,0.6237265714285715,0.04262628571428571,34.52006742857143,2022.0,5.0,92.0,0.4226464967040755,0.1385116453529668,43.084957122802734,11.298145988290203,110.40687561035156,18.315914593166934,54.521846771240234,21.57735410323787,0.3955386998011319,0.19731583533151228,41.084032694498696,11.337282387467283,108.17658233642578,21.382822490732174,51.954647064208984,25.749736732614554,Extreme,-0.027107796902943626
110,37.93618640495807,69.82241169187284,0.26829,0.966052,21.525161,2021.0,7.0,92.0,0.21901177660556925,0.09752809106619865,148.7466926574707,50.18483657575682,81.93735122680664,37.67782211007056,21.612213134765625,24.705897264183744,0.2425603031885979,0.10515899621073656,146.06223932902017,53.64526219812326,91.13331985473633,33.073654030030006,25.419368743896484,24.63112952900181,Extreme,0.02354852658302864
111,-8.871662147712396,23.48436594808476,1.090894666666667,0.0005308888888888889,47.466672,2022.0,5.0,92.0,0.5106045138528827,0.1514881064199194,36.03053665161133,11.014023694093405,119.43767547607422,17.931022483781387,64.15122604370117,20.372029837705536,0.5124316076963567,0.20025438892052225,36.614444732666016,13.18822013880929,120.75381851196289,19.623460228418555,66.05260467529297,21.61428378574898,Severe,0.0018270938434739037
112,-21.53312721372686,141.4625926193341,0.8452912857142857,0.006555857142857144,30.71396214285714,2022.0,4.0,91.0,0.5878783813539057,0.13495621511557568,62.26797739664713,21.02409127851617,113.30991744995117,11.631898269193643,55.83915710449219,15.863265645691532,0.5832180739342814,0.12272575528603831,63.17956797281901,21.515591069982165,111.00365447998047,12.296128983356612,52.44600296020508,17.29693076100051,Extreme,-0.00466030741962431
113,-36.22762873429907,140.2035924876847,0.017974,0.09916,57.2920175,2021.0,8.0,92.0,0.712779648985439,0.10960075600971687,45.1188850402832,17.778229302083506,92.91195678710938,13.372115915194655,39.21757888793945,14.695479017365766,0.7273538321746429,0.12841904314896604,45.699633280436196,20.5680886253911,92.84482192993164,16.91839699252264,40.784481048583984,18.895151138549316,Severe,0.014574183189203893
114,-4.710674257168535,31.2763911371134,0.811380857142857,0.5524057142857143,87.32831828571427,2022.0,2.0,89.0,0.6154074289034952,0.07659502576633083,41.24678421020508,9.367746445712292,123.53060150146484,17.108756556624176,75.90885925292969,10.081309768352199,0.46509839999646374,0.04602767468918516,35.726688385009766,9.381287708628555,158.75473022460938,16.873435182090617,80.80698776245117,10.68404348770182,Low,-0.15030902890703146
115,10.42563173194621,40.50772000105593,2.327239666666667,0.4264286666666666,48.34520800000001,2020.0,7.0,92.0,0.37623117253349503,0.30077443053990316,87.58890279134114,50.218321628764464,114.2514419555664,30.960170043393376,55.180885314941406,41.514489954785226,0.37509823623136046,0.23193205525018049,90.3870023091634,46.62742580427351,121.97431564331055,18.62722089874776,58.26443862915039,24.178604410329154,Severe,-0.0011329363021345684
116,-7.167986382989461,-61.90029751369393,1.638004625,3.198894375,93.208687875,2019.0,7.0,92.0,0.8434308629434781,0.019460759645104107,25.944224039713543,7.128480424218409,145.6080322265625,10.249838949165238,92.49497604370117,10.21158516818374,0.8490709463380881,0.01931542655414151,25.334828694661457,7.127740603557695,145.8682632446289,9.773359554797056,92.7123031616211,9.782437184562415,Low,0.005640083394609974
117,-36.12224383903664,-71.72264727747992,0.9976086153846155,7.155588461538462,51.40366107692308,2022.0,2.0,89.0,0.5427978735083012,0.19080423944773373,50.00140126546224,31.597232342808443,111.39112091064453,17.346263187695822,55.55031204223633,21.6698410243178,0.49606304174015436,0.19762482443107787,51.99270502726237,28.753049542748297,110.32837677001953,17.85080203339575,51.90900421142578,21.221559173877118,Severe,-0.046734831768146856
118,-10.82390544642767,-50.89627484981452,0.7312280666666666,1.316906266666667,60.58451300000001,2021.0,6.0,92.0,0.44537329987530505,0.08261475748372642,44.15911102294922,8.339309058235537,95.19786071777344,17.781420056678975,37.29732894897461,21.237425397029476,0.4292270782669547,0.12033481574721897,47.250806172688804,10.283929662383468,104.91296768188477,18.966454995364305,46.060951232910156,24.82473922862982,Moderate,-0.01614622160835033
119,-32.72690320817782,-54.09189041262577,0.2810635,9.012471,76.709913,2021.0,8.0,92.0,0.7092253899631942,0.09660784941134122,45.25152460734049,17.248479054502113,111.59469985961914,15.264273180232586,56.15343475341797,17.74553296977648,0.7394746487673274,0.09485353769168949,42.99704233805338,20.27301999862633,112.11660766601562,17.643052781922492,54.17623519897461,21.869166450649075,Low,0.030249258804133206
120,-35.99020333936945,143.8619695158342,0.6399962499999999,1.268778666666667,68.74648183333333,2023.0,5.0,92.0,0.7178468697948401,0.11392271243110298,35.79117202758789,13.385965072108586,92.1351318359375,17.94078274130766,36.344486236572266,18.681695468670146,0.7385208373723073,0.1347136288224658,37.03957494099935,17.110636878420436,95.52508544921875,23.222114579049073,36.67145919799805,20.00705608098307,Moderate,0.0206739675774672
121,-10.08297337275984,23.27917956289869,0.9664124285714285,0.05178614285714286,93.37607785714285,2020.0,3.0,92.0,0.6649992507317393,0.07214621745555609,31.261464436848957,8.804816366937464,140.35325622558594,10.294042553334721,87.68220520019531,10.15225867162708,0.6504981130740362,0.0851308424607613,32.248521169026695,9.514735039754862,139.83330535888672,10.601065171466072,87.69661331176758,10.706642248500417,Low,-0.014501137657703111
122,35.86290134642026,118.4573321600917,2.586557,1.275264666666667,56.03827133333333,2020.0,5.0,92.0,0.4613616425499536,0.2906829949491357,68.25489679972331,29.89268544017664,117.5977783203125,35.98831875992806,58.555267333984375,28.25217606843537,0.2527653359929253,0.3986403792718647,59.203233083089195,32.5471782982781,91.0978012084961,53.173374423161135,41.28418731689453,36.905726190259955,Severe,-0.20859630655702832
123,27.55686572795751,95.61287164607052,2.3687065,4.905381999999999,84.41881550000001,2023.0,7.0,92.0,0.7992319100329297,0.10444358094465048,37.28631591796875,15.5964779071965,144.80462265014648,12.226020598494294,90.13546371459961,11.792896057172674,0.804220993588773,0.10944648632346086,35.6792958577474,16.399226956906585,147.99309539794922,15.44927943042147,89.7886734008789,16.358169750750932,Low,0.004989083555843266
124,21.81459732233463,84.98997096044343,1.408508666666666,0.3741926666666666,31.632642,2023.0,5.0,92.0,0.49152009145755016,0.18766064893374307,80.72486623128255,33.27885546754066,126.68011093139648,18.27511770963259,67.57189178466797,20.5779408396042,0.6082820762681465,0.15748775580580052,60.546976725260414,26.428710353933553,137.5919418334961,20.39005813855344,81.68460464477539,21.33219026291518,Extreme,0.1167619848105963
125,28.26129640691062,-109.0512724053846,0.56985,0.3128835,82.17129059999999,2020.0,7.0,92.0,0.7079980240187109,0.0702746679637451,36.20990880330404,10.212262128499898,129.85862350463867,30.07230992423893,78.09804153442383,27.359836174722872,0.7122856278173799,0.06734891932111083,36.527121225992836,10.337445509273536,138.39717864990234,30.153288451144316,86.67215728759766,26.818391915798788,Low,0.004287603798668993
126,38.8604401532797,20.74661991820298,1.542210285714286,31.459302,54.07631742857143,2023.0,7.0,92.0,0.05595336574122578,0.3761453570573251,39.00341033935547,32.25109851264379,46.014583587646484,43.801351143491964,17.92116928100586,28.151401315721174,0.5514650111521604,0.29929588513837524,49.0920778910319,36.03887097221472,103.75429153442383,39.39477016923823,58.77906036376953,29.640353806925127,Low,0.4955116454109346
127,35.96608981827474,61.52981620393948,2.278604,0.18629,23.122105,2019.0,2.0,89.0,0.3057916475044067,0.07177483700506958,121.60206985473633,34.144552938050275,94.20010757446289,10.695416282796321,19.939903259277344,15.082818756648727,0.3410962163395084,0.05838290586705479,105.0868746439616,25.821550474742804,90.4963150024414,12.021979934998717,23.481014251708984,14.237082466779265,Extreme,0.03530456883510169
128,35.62889266242139,139.4451331526137,3.880596,13.78309,25.92822,2021.0,3.0,92.0,0.2474409620036056,0.161032978128724,78.78797785441081,37.80304809161243,154.02681350708008,41.12066286761818,87.8829345703125,35.59833454865968,0.20873367657474545,0.13017800953406367,80.299134572347,32.75674892882822,161.6129035949707,39.623001500333494,92.75334167480469,35.03643956793923,Extreme,-0.03870728542886015
129,36.63163818800895,-106.1863990183377,0.5123365,0.179345,25.33205025,2022.0,3.0,92.0,0.4929253979625976,0.10933465026291123,48.95935185750326,18.752820276746263,115.53437805175781,16.607476449513314,59.87548065185547,18.21008968486601,0.4399982990030402,0.114038860212861,54.502488454182945,20.385885474798798,116.54034042358398,20.635727874809124,59.50501251220703,21.808492771276043,Extreme,-0.052927098959557384
130,21.75401150057787,-100.6361429021969,0.109323,0.032631,26.719403,2021.0,1.0,90.0,0.25828769017854025,0.09410170539833283,60.565057118733726,23.167451716671035,129.29602432250977,27.237360496674864,67.92061996459961,23.287050417582822,0.2541584139828288,0.07491543327551682,63.72954559326172,23.76348076673228,123.4687271118164,24.429594248944984,63.999061584472656,20.250459997264795,Extreme,-0.004129276195711462
131,-14.0226224680238,-58.79701580226522,0.2045136666666667,0.002468333333333333,85.56401933333332,2022.0,2.0,89.0,0.6169508804836488,0.1510626748840337,43.070472717285156,19.03364416006914,133.46425247192383,14.053512890222242,83.1786880493164,14.282717158293268,0.5550538041380471,0.12695880179228897,54.48086929321289,20.87135950741908,125.90879821777344,11.986346352634289,73.35441589355469,13.753644970337826,Low,-0.06189707634560171
132,-6.601603569487082,-51.97176661651086,0.7497386666666666,1.966729111111111,82.74998000000001,2020.0,7.0,92.0,0.589640339508799,0.20486442660804616,51.84990692138672,27.592064496049915,120.92655181884766,23.399677312592058,68.9034652709961,24.848504689790833,0.5282463876357282,0.1866987484695869,56.823865254720054,27.23457539551275,115.82533264160156,19.716903607913043,63.212059020996094,21.60576357408076,Low,-0.06139395187307084
133,-17.0306970611875,-67.19866225581058,1.731822,0.1083915,36.661234,2019.0,6.0,92.0,0.44333459324287716,0.10231978132635654,50.31574376424154,23.138084115178906,80.40528869628906,44.2743761630511,20.44681167602539,31.586243317121827,0.5093595099718252,0.15350561264192433,41.748671213785805,21.68966863635036,109.7946662902832,52.32032899607333,50.605899810791016,48.90301499522438,Extreme,0.06602491672894806
134,-34.07519007381769,-57.63313390956223,0.553671,2.532809636363636,66.0486541818182,2022.0,9.0,91.0,0.5435174639427203,0.12785206382360445,60.66831080118815,21.385926412881712,96.509033203125,16.525941813187604,43.23601531982422,21.250877786988912,0.5545898882990059,0.14949408530735664,57.615665435791016,24.15891688974169,97.82258605957031,17.607796662207555,44.852867126464844,21.75520114184681,Moderate,0.011072424356285637
135,36.40530524584011,116.861837728809,1.354928166666667,0.7404855,69.42883666666667,2019.0,8.0,92.0,0.6455677296720094,0.1667091063130408,52.95132700602213,25.365179128766595,130.81188583374023,28.286225075919194,71.82278823852539,24.2235106387406,0.6399432311742972,0.18893627813602518,53.016371409098305,24.572955654744117,122.8910026550293,34.58409807559076,66.3434066772461,26.234501348220153,Moderate,-0.005624498497712183
136,25.61003981782279,-103.8728693356436,2.712679666666666,0.4819236666666667,21.315604,2022.0,8.0,92.0,0.4854577134701401,0.1331904776296517,65.42815017700195,25.885116150714403,141.2546844482422,33.755564718171485,89.83513259887695,31.342329400151414,0.3264333127111385,0.12154474325318483,109.45216623942058,48.45185248379595,117.17739486694336,16.903166101525542,62.6614990234375,19.998728785869872,Extreme,-0.1590244007590016
137,-2.02228128610966,-66.23757500064846,0.418466,8.642135,89.097708,2023.0,5.0,92.0,0.6438907692336824,0.37189677101272617,27.064306894938152,15.081661580242692,122.92375946044922,45.12677844895324,74.12979507446289,36.62931932218326,0.6678429734125748,0.37231114233355234,26.804954528808594,13.62838768214297,126.25713348388672,44.971148488751574,78.32135009765625,36.08249946558681,Low,0.023952204178892433
138,22.317797088948,79.51044644698243,0.27406275,1.041051,27.736967,2023.0,2.0,89.0,0.38106664055615813,0.14088758977994972,70.16471989949544,25.93808022016638,111.97911834716797,17.42773357538894,43.565242767333984,24.181683624390573,0.2988701758815938,0.37250112422514176,62.29164250691732,19.267746733479566,103.39484024047852,34.116137520433945,39.88036346435547,25.39306102789557,Extreme,-0.08219646467456432
139,-39.99731410897236,-72.83508682833714,0.9337229999999999,13.454245,71.739137,2023.0,7.0,92.0,0.7726567306718801,0.15211373286414798,20.852550506591797,19.11463068361251,129.21988677978516,21.86694408078105,78.81771850585938,22.66601081675109,0.8286783717465749,0.13407430918100088,16.356767018636067,15.6148542014221,124.47831344604492,23.708723697744567,74.50849914550781,23.806418220556925,Low,0.05602164107469476
140,-22.4621285033568,143.9742706350258,0.9882267500000002,0.00917225,29.52203,2021.0,2.0,89.0,0.27855142323278237,0.0908629674328777,101.7651252746582,32.80457308657015,92.53070068359375,12.843937547473438,24.23200225830078,17.683731603615392,0.26312066762497466,0.0796363315553867,100.2971789042155,28.14099270015439,92.64417266845703,11.227971043269836,10.877029418945312,11.423384818190131,Extreme,-0.015430755607807711
141,-32.74629880640961,136.8156963741591,1.49180275,0.7339601666666665,28.72383325,2022.0,7.0,92.0,0.03669527315740273,0.04056045690879314,163.38343048095703,44.57961925030114,70.6814956665039,28.204018012987913,0.8320732116699219,2.4554119319630217,0.04711722349922798,0.07977376551099469,133.3381118774414,38.32733712292709,28.222003936767578,30.16457917054364,0.7496223449707031,3.940576453572983,Extreme,0.010421950341825248
142,-8.04611062196414,18.48495894294848,0.5848962142857141,0.005845857142857144,69.45661985714285,2022.0,4.0,91.0,0.6078662483371886,0.14047243699263587,37.877098083496094,13.040751190302025,132.66497802734375,18.35258092273117,79.67157745361328,17.877876187914488,0.5615996217238632,0.14549457871238428,41.064963022867836,14.283124920737034,124.68498229980469,18.95338280896714,69.6296272277832,19.77165783994415,Moderate,-0.04626662661332537
143,36.26791271103811,118.2577259595269,1.385594125,0.703742625,65.05646925,2019.0,7.0,92.0,0.6820799392361856,0.12592653376330626,51.33296585083008,19.060688478108943,131.4697036743164,28.438468456274318,72.88024139404297,25.19440831546821,0.6835922336968432,0.15132490324620204,49.19696935017904,22.185404184615937,133.88250732421875,27.274523363963514,75.80397415161133,23.792692647815503,Moderate,0.0015122944606575928
144,27.42633075458686,-99.9016448694228,1.328521857142857,0.07504114285714285,40.70057885714287,2021.0,6.0,92.0,0.4229610632644878,0.10331964609911432,79.41720072428386,30.501660753954724,116.79914093017578,10.229578276885931,66.36316680908203,12.475909982863753,0.45909741010077987,0.1213355397402998,78.41618092854817,32.27546476712456,115.01248550415039,10.374286330152492,63.81245422363281,12.219480136522359,Severe,0.03613634683629208
145,-8.912416617499161,-56.34743091446266,2.9104665,0.0825625,94.766274,2023.0,9.0,91.0,0.8495399968990114,0.01662557712329846,26.58958689371745,7.234068652834536,144.3819580078125,9.695755780896476,91.18294525146484,9.856390753656992,0.8369081122827993,0.02934042030588179,28.159295399983723,8.118745344346506,145.09470748901367,10.109606628532259,92.21414947509766,9.90271743253851,Low,-0.012631884616212119
146,28.93628651719733,78.38285896620545,0.5221048947368422,0.7642050000000001,37.31589389473684,2022.0,3.0,92.0,0.4565497383556587,0.10865878605048793,74.87854258219402,24.432826919920355,120.28228759765625,13.909540395620024,64.56968307495117,17.17336300476925,0.4566780598855189,0.12383910581294169,72.50771204630534,26.818518311633206,120.99145126342773,16.28466524907183,65.73789596557617,18.731919188934526,Extreme,0.00012832152986019807
147,-16.13954244070793,34.12422593717775,2.426908,0.0694195,30.8867695,2021.0,9.0,91.0,0.3611609575551995,0.10692513964878712,68.60269419352214,18.03473921652377,100.88274383544922,17.704314179172915,43.49510192871094,21.68486404545877,0.3366974054412708,0.10016247565056328,68.52154286702473,17.845724501725027,100.03412246704102,18.793851692630668,39.18386459350586,21.048504254844016,Extreme,-0.0244635521139287
148,8.127818362395573,37.37060868394357,1.4988755,0.091138,36.685023,2022.0,3.0,92.0,0.5203749999918237,0.0958134829798806,50.74103673299154,12.12830527007692,133.12290573120117,30.93982844059474,74.69560241699219,27.504147323713298,0.3466178684264989,0.14063032861959404,62.32000859578451,19.05118165699971,121.7334098815918,17.776644451144588,51.57786178588867,22.83051404108521,Extreme,-0.1737571315653248
149,35.71877423298928,140.842622056203,3.541916,6.750243,28.089818,2019.0,3.0,92.0,0.040955488506688176,0.18787516434838222,97.4309450785319,24.1342735014587,88.79555892944336,42.15850278360652,21.1689453125,40.13389986632148,-0.03177339247225586,0.04124698824009209,97.83568064371745,10.996938433530927,66.41996002197266,10.353936306753107,0.002227783203125,0.11356206732154722,Extreme,-0.07272888097894403
150,-33.31095224241528,-59.76041772175937,1.068895666666666,15.37085207407408,68.95214803703703,2019.0,1.0,90.0,0.3619539827418876,0.5409953615113118,32.47502009073893,13.025190999475525,98.98112487792969,39.288598518701974,41.44193649291992,34.71343432727716,0.3609091391210876,0.5254069946144081,29.899014790852863,14.116644802774358,96.82476806640625,41.39679987540382,41.073909759521484,35.54380207562559,Low,-0.00104484362080004
151,-3.088485229268571,-64.56966617877924,4.873186,6.304763,84.044951,2023.0,5.0,92.0,0.7300220630144931,0.21581006358511076,33.01598993937174,12.293354565600316,134.13591384887695,35.76971641595966,86.68656158447266,28.421195721203443,0.748814710530378,0.17981769402471107,32.553672790527344,10.627539983881425,137.3219223022461,29.19972139623497,89.1861686706543,25.04529248396134,Low,0.01879264751588483
152,24.06336439286986,-105.2586489607372,1.5785276,0.0028572,49.83925000000001,2019.0,5.0,92.0,0.4255664287151095,0.12423380337971236,61.450408935546875,25.22747230747992,119.93774032592773,21.156142792410375,67.09830474853516,21.815008478211574,0.41047558407362317,0.1324060930386543,65.17783610026042,26.652125873773443,120.5571403503418,27.598424640884584,65.24728393554688,25.82576679122863,Severe,-0.015090844641486356
153,24.33829685300905,81.85266920305082,1.296531,0.650891,52.2359645,2020.0,2.0,90.0,0.552340489937821,0.2083765653756668,50.438865661621094,18.33974664064799,117.83722305297852,25.084393317755644,60.1450309753418,22.678903601394786,0.5256032256950507,0.16930504958307271,48.91679128011068,18.17097514170437,123.96403121948242,20.999719876770595,66.45315551757812,21.729218365545783,Severe,-0.026737264242770342
154,7.561999453986672,40.41112250686331,1.373622,0.000621,49.159816,2019.0,6.0,92.0,0.3926284654023675,0.10899688773366732,64.23919677734375,33.259598691514924,119.28890991210938,20.253474666826303,68.4886589050293,19.50520316744221,0.4321790633922262,0.10516987984685162,53.12829081217448,27.977646408004258,125.70365142822266,10.799415718248303,75.3233757019043,12.512894368449473,Severe,0.039550597989858716
155,33.37407874165918,-81.83384785079419,1.684619142857143,2.536351714285714,87.68045485714286,2020.0,7.0,92.0,0.718997935703189,0.15242288196173995,35.49199422200521,20.113097392022336,119.40814208984375,24.22558214348518,70.45499420166016,23.20371463088346,0.7078131733875654,0.1482872513287602,38.27857971191406,22.5752763903015,117.76642990112305,22.643584968322724,69.12944412231445,22.34876068678233,Low,-0.011184762315623598
156,-21.43977351849326,144.21465380957,0.1223504,0.0160218,28.5126162,2020.0,1.0,91.0,0.23361418058229333,0.0628850327911969,101.99259185791016,29.93314564766055,92.76822280883789,12.133811100904625,14.143321990966797,14.720549357969327,0.3438553586357216,0.05713639898333012,87.92877833048503,23.670286603874963,102.94687271118164,10.480822369626967,26.630001068115234,18.007154070205786,Extreme,0.11024117805342826
157,-24.89776028627374,151.9648794784985,1.57058,1.766825,90.15867333333334,2022.0,9.0,91.0,0.631547672127887,0.11231407159994919,46.73847579956055,17.37938764892157,123.7948112487793,15.136421884974565,73.88640213012695,14.732165940257879,0.5941813579866668,0.10332618648815516,49.699951171875,16.539069422433755,115.54180145263672,16.447142112130724,65.46553039550781,16.186540674794486,Low,-0.03736631414122016
158,-10.82060113867176,36.10179923359405,2.76913375,0.001613,55.2779025,2023.0,8.0,92.0,0.45757688204838587,0.10619362472957186,53.06634521484375,15.838362595961703,120.1971435546875,13.70575707047589,62.847129821777344,16.228796624398576,0.49447271851164487,0.08418786322260743,48.91339874267578,12.478786419055828,123.44521713256836,13.384354111972028,65.96076965332031,14.95217347884976,Severe,0.036895836463259
159,-30.9694136944314,-61.57067859191102,0.5231095652173914,0.06968491304347826,51.23053395652174,2020.0,3.0,92.0,0.5104986013798433,0.205886977174357,66.75375874837239,39.405425361544054,121.79105758666992,22.462564360002133,64.07223892211914,22.511521929477446,0.5558146884824171,0.1954391284758042,58.03384780883789,28.285677231499523,110.83081436157227,12.623028508381493,51.01710891723633,15.213405072097903,Severe,0.04531608710257384
160,5.549660668934948,17.19285042473825,0.274745,0.00044175,79.4348595,2021.0,1.0,90.0,0.6927263490323412,0.0674322560902876,39.905347188313804,11.438048538034078,136.82658004760742,11.202910677815918,78.6118049621582,13.170249193648543,0.6341359273376383,0.07788827818459615,42.7440439860026,11.305137534394168,135.22921752929688,10.747796968828066,75.21915435791016,13.547779667393366,Moderate,-0.058590421694702854
161,-18.36625785487688,-58.66848056305314,0.7199571666666666,0.0007428333333333333,65.04140433333333,2019.0,8.0,92.0,0.5873265201164486,0.062223700547297055,41.545485178629555,7.938919937578591,141.9322280883789,12.46908438315443,97.27838897705078,12.95896917523847,0.5103973128142343,0.06259867185280013,45.52846908569336,8.488770536227623,141.50568389892578,14.444829694403609,97.04281234741211,14.993326166930986,Moderate,-0.07692920730221431
162,14.31552264770556,32.14774167910321,2.396263,3.895601,22.407649,2020.0,6.0,92.0,-0.25414405428697284,0.30799646935805497,84.1750119527181,26.32478431716884,67.22204208374023,27.45944015107483,8.625152587890625,19.67140106225552,0.19714958481533684,0.20448307515532482,124.7345339457194,44.91684079845576,79.10925674438477,28.49657525199245,15.90243148803711,24.855216089464587,Extreme,0.4512936391023097
163,-14.93273547123263,-51.66824491377793,0.0086675,1.077432,92.8748545,2021.0,2.0,89.0,0.5611249146553909,0.11477671540002257,32.30807749430338,12.1320248926327,125.68429946899414,13.402922664546798,78.9205322265625,14.167809694531663,0.5255029835658649,0.12168642461039181,41.00097783406576,20.06278375911923,127.78973007202148,13.972441485315361,81.90314865112305,13.339940696868073,Low,-0.03562193108952605
164,-5.698031599689415,18.23322766427469,4.997472,0.003464,88.376665,2020.0,1.0,91.0,0.7436973428717621,0.1247726786689637,34.24370574951172,15.235157892688276,138.02661514282227,25.36886306787485,88.06553649902344,22.195161777064595,0.7999978812966586,0.12053970108627193,29.25737126668294,13.670509314638926,145.11362838745117,23.047564240159144,91.16308212280273,21.64454350559754,Low,0.05630053842489646
165,37.24461735166308,128.0146962323068,3.102314,5.604886,21.414357,2019.0,1.0,90.0,0.36875382448240046,0.12878455923799031,50.470157623291016,20.992758202504703,128.9727783203125,34.39344030791398,75.60158920288086,32.30561295258544,0.43818986151996375,0.1429896757422517,44.764914194742836,18.76149185902843,131.5628318786621,31.81014322997106,78.323974609375,30.566375142529537,Extreme,0.06943603703756329
166,-23.33366305004921,-61.23798120544812,0.08724733333333332,0.04470222222222222,74.38844522222222,2019.0,6.0,92.0,0.48612981210032924,0.12619927650668378,58.14846674601237,25.78970619120097,124.17766952514648,14.164260994749533,76.50725936889648,18.47149195684046,0.5353182333442277,0.11374558439575966,46.43394343058268,18.174664679499703,129.68207931518555,10.934273584568858,84.76285171508789,12.561949791328564,Moderate,0.04918842124389844
167,36.4944598818384,139.0241807716376,1.597397,0.541962,80.400473,2020.0,7.0,92.0,0.6047633995310738,0.23659337847416803,58.86249923706055,31.57388844218603,131.49254608154297,21.892360702638083,73.04777145385742,20.82128892583194,0.7887092336085681,0.1736655438504391,35.71856180826823,25.018679563280976,129.44068145751953,18.723941812464414,76.51193618774414,18.48837478473277,Low,0.18394583407749432
168,26.58710060503367,110.2234536008715,0.146078,0.414546,95.070988,2022.0,6.0,92.0,0.8413707694666641,0.035365182463223094,36.24571100870768,12.817432032803927,142.29230117797852,41.382657609478805,91.17739868164062,41.38401748037112,0.7892558528067428,0.12509531031448534,43.09626134236654,22.70232400208222,131.05067825317383,58.66548635153272,83.48302841186523,45.615740633120986,Low,-0.052114916659921295
169,-35.34957614554331,-71.6875146931809,0.34832425,7.716883250000001,60.246487,2018.0,9.0,91.0,0.5813839277249206,0.2166966083966075,47.88282903035482,30.502124150557943,113.5572509765625,30.326693251704956,61.674556732177734,28.86310484033053,0.5143096438083625,0.2012679116504274,60.78478240966797,38.2864737806571,115.9278678894043,29.30720124356534,64.33069229125977,28.594201697676365,Moderate,-0.06707428391655812
170,-29.96528352868693,152.4103634833362,2.4959739,1.5066129,89.4841002,2020.0,9.0,91.0,0.7331642543560406,0.0666912113960216,25.536348978678387,7.852456329986604,125.19090270996094,20.078027007678127,71.73458099365234,19.32377682192762,0.7307008676925761,0.07284574174788863,26.26376215616862,8.06459058145989,124.12812423706055,25.502073741533223,69.67917251586914,24.55424989528302,Low,-0.002463386663464462
171,-21.31962536612786,147.9786861284742,0.909645,1.936794857142857,45.98171614285715,2023.0,7.0,92.0,0.3525441364905735,0.06303605155382762,62.14057159423828,15.975114296846312,93.9561996459961,11.767910732516683,41.121246337890625,15.118054307654173,0.33930732178809286,0.06299019438665181,62.470498402913414,16.604478969217926,89.71657943725586,13.95661384766962,33.22189712524414,18.309974831285338,Severe,-0.013236814702480615
172,-23.18040416580701,-61.39329450571728,0.09538344444444444,0.04827633333333333,78.5631731111111,2019.0,6.0,92.0,0.5500641897461094,0.09786887496073422,42.79640452067057,16.539587504084732,129.20486450195312,12.025241682322289,82.31834030151367,12.816425475185236,0.5854406063365332,0.08678888062914963,38.229010264078774,13.463642471768987,130.5212059020996,10.258442098783378,84.40029907226562,10.822041655986876,Moderate,0.03537641659042379
173,1.537936570253045,30.3185655399719,1.4505025,21.620087,75.342816,2020.0,4.0,91.0,0.6922338082415536,0.10313962994453095,46.70404307047526,15.515865369894556,125.75035095214844,16.31983893367727,72.96751022338867,14.244946073410965,0.7265319183325039,0.1003882697361397,45.97645823160807,17.142578019214074,126.1885986328125,30.242270352775588,73.32234191894531,27.27539559752077,Low,0.034298110090950296
174,-6.344990039835061,-57.96228959677669,0.9949383636363638,1.253543636363636,95.79024527272728,2020.0,6.0,92.0,0.800382487792,0.24451142898680395,25.952938079833984,11.803307736220425,140.0752410888672,27.52667828430109,88.51172256469727,21.968537459152174,0.4346412764336871,0.5707841978697444,31.94620641072591,31.14685396994526,100.89253616333008,58.73011019868212,57.503501892089844,45.27106279772845,Low,-0.36574121135831295
175,-8.68992140683778,37.64142767206724,1.747371,0.3352476666666667,94.03396433333334,2020.0,3.0,92.0,0.6332744589579704,0.10619465510366716,42.936859130859375,17.69520387332864,131.36552810668945,14.662118316038878,78.92622375488281,15.295588303272138,0.6577315756462951,0.08041647744030889,39.106117248535156,11.4971694830402,130.75121307373047,13.050056132088816,78.10874557495117,13.62263328083732,Low,0.02445711668832473
176,-16.1371909319212,32.77065215657808,0.9690636000000001,0.3357135999999999,40.775907,2023.0,5.0,92.0,0.45880313212717283,0.12439328727628499,59.413455963134766,27.077288356418126,109.32336807250977,14.88045208324471,55.87228775024414,19.66012436292771,0.43667995312853236,0.09718136336115604,59.85627746582031,24.468211703220398,111.13687515258789,12.684589790001176,58.894317626953125,16.62314935873243,Severe,-0.02212317899864047
177,-34.12615938556782,-58.743562534251,0.3608787999999999,16.3172768,72.5760712,2021.0,1.0,90.0,0.7181796494755872,0.08607274781381119,39.10220082600912,13.803774450685628,121.35340881347656,10.685895260604779,73.68815231323242,11.102154497476329,0.7697639577803557,0.0940432228422757,34.17392222086588,15.318286918800077,126.81340408325195,10.416942276354506,78.21195602416992,10.10250504794091,Low,0.051584308304768456
178,-18.99649444310437,33.86269605012569,1.1153755,0.1577175,84.74718433333332,2019.0,4.0,91.0,0.6289096225935582,0.12364474917485344,37.65469614664713,14.97733951760843,127.45235061645508,15.646709870390689,74.92970275878906,15.541318711408545,0.68661894708303,0.11720818789954913,33.85420227050781,14.269134561409556,130.19046783447266,15.95840076228735,77.56474685668945,15.867350866814032,Low,0.05770932448947175
179,-25.33553713628249,-50.90165557898092,2.5309165,0.1937835,76.68539,2021.0,4.0,91.0,0.6190179783612493,0.17341957724667242,44.469871520996094,22.59298982334766,113.90031814575195,20.251665796920275,53.43429183959961,24.062018069263985,0.6430904248488796,0.16829223394886256,39.10436884562174,21.12894026775789,119.26820373535156,19.366500578302986,61.65673828125,21.90020798688915,Moderate,0.024072446487630295
180,-32.52934033807815,-58.87263389504905,0.8747237999999999,1.62912,61.0090102,2020.0,8.0,92.0,0.4370598262189844,0.19354608135764423,70.073548634847,24.81239122479742,97.46932601928711,12.937282593677276,30.640621185302734,15.185008943602986,0.4620559144540266,0.23112284450363912,69.6546745300293,28.663438894036126,89.93718338012695,14.765174766655987,23.58453369140625,19.02771291284607,Moderate,0.02499608823504218
181,-8.587580952690253,28.26116016272755,2.906441333333333,18.840318,76.65856066666667,2021.0,2.0,89.0,0.706093388993736,0.05090134362012311,32.07059097290039,8.894651917920172,127.66388702392578,16.62062842300835,79.39773559570312,11.874744371710461,0.7109489214374776,0.07657012023307434,31.986474355061848,9.578388859923141,133.5389633178711,16.18806179985531,82.40678787231445,11.829070299504501,Low,0.004855532443741595
182,-17.20692027485378,-54.10683766355649,0.5999225,0.005389071428571429,62.48492035714285,2023.0,5.0,92.0,0.5787040467288814,0.17496153358307967,44.87158711751302,26.130446645674557,131.10047912597656,22.209652901867127,75.10981750488281,23.139854532579957,0.5645918201179339,0.17891396627113104,45.657700856526695,25.195185313947206,128.35332107543945,22.637457356967012,73.46787643432617,24.008750551106544,Moderate,-0.014112226610947576
183,-8.203890618608824,-38.37513452668392,1.623352,0.5543063333333333,53.53469533333333,2021.0,7.0,92.0,0.4132997170071948,0.13640254784131658,63.33320236206055,23.525889273846566,127.04138946533203,14.12123191661491,80.68741989135742,16.312248125529333,0.37061833523593335,0.14783310660688037,67.6213010152181,26.087342312444605,125.88897705078125,13.683463669484501,78.25499725341797,16.023480882646883,Severe,-0.04268138177126146
184,32.79763641322961,71.26404970551434,0.68889975,2.3031835,24.544389,2020.0,8.0,92.0,0.30465503921593795,0.19085161744839874,106.13547007242839,40.74768451890388,118.68921661376953,18.103263973506554,55.91561508178711,23.441571775312987,0.32890217406229527,0.17894144169079731,105.03748321533203,38.982145429538065,117.75703811645508,17.72873031410439,53.77866744995117,21.01552508036641,Extreme,0.02424713484635732
185,-19.20513552431149,-51.6488200773509,0.1249273,0.1359837,59.9037612,2019.0,6.0,92.0,0.481722188644337,0.17195544814694685,49.52349599202474,22.570866122036737,98.73424530029297,21.55765166537891,43.96440887451172,24.351820967715362,0.4771745345802829,0.16838389251650904,50.48396555582682,24.16819361470639,99.3904037475586,21.049529503905003,44.94841384887695,23.85430629732052,Moderate,-0.0045476540640541074
186,-18.84110570498834,-63.3702136426446,1.068252125,0.1590575,79.32720850000001,2023.0,5.0,92.0,0.7325239651283726,0.13864303889142246,30.859320322672527,19.59672355591793,142.38555526733398,13.978759530657861,90.32753372192383,14.265247235794977,0.5466177682828677,0.2617147873107863,49.10361862182617,34.700256773654125,129.83356475830078,23.366850257852857,80.6849250793457,25.81623864146283,Moderate,-0.1859061968455049
187,34.48001904500302,103.6712580227247,1.978162,0.133998,25.890601,2023.0,3.0,92.0,0.5083280560568085,0.20060560079222486,57.782752990722656,37.72645729623301,132.0914649963379,42.51667422395385,71.18904876708984,39.7404704215165,0.4803653126644042,0.19624484046991705,64.27144877115886,36.05329863494872,126.5216293334961,43.28107219834936,62.572509765625,39.441863034023015,Extreme,-0.027962743392404343
188,-26.40032418261241,-54.58268444886203,0.7524177692307692,0.3904452307692307,95.22623461538461,2020.0,2.0,90.0,0.81540450842593,0.11642329588155548,24.791720072428387,12.65441158625439,121.7382583618164,19.946571592747137,73.48977661132812,16.995848721196847,0.8252473564865426,0.08658133837698624,25.794165293375652,12.627250420803351,122.99338150024414,18.72145771872912,73.42988967895508,16.872534840829115,Low,0.00984284806061253
189,-6.59510557476726,-65.9983819169009,1.741768,0.3647564444444444,95.82927477777778,2019.0,6.0,92.0,0.8393622389996835,0.020636787922995687,25.375203450520832,7.340309752100723,146.41098403930664,10.60811014178887,91.97644805908203,10.497667069858647,0.8421944756396442,0.020975233451478892,24.540486653645832,7.364106222517951,147.01420211791992,11.331832994551204,92.61563873291016,11.072793691284057,Low,0.0028322366399606835
190,1.415342400070301,42.00736492463363,0.004399,0.136526,37.55202,2020.0,1.0,91.0,0.31362812399794393,0.041874097474196015,98.40244547526042,20.721168790892715,117.56612396240234,10.941506975148405,77.31414794921875,12.241682270868022,0.28998568134168323,0.04806832451129281,109.5098482767741,23.102358502104323,117.99628067016602,11.193846431323783,77.53387832641602,12.724857017235868,Extreme,-0.023642442656260698
191,-13.53451364130812,29.76090735320713,0.7354650833333333,0.01379075,46.875302,2022.0,7.0,92.0,0.34627245823715214,0.10076867100891271,60.97317632039388,19.266422455233595,111.04748916625977,16.307143438432657,54.06304168701172,18.671411451191446,0.35117795482508996,0.10960161326443467,63.60329055786133,19.794508782172866,111.79632186889648,19.01586733496247,53.71187973022461,22.486453031360462,Severe,0.004905496587937819
192,31.49627691225428,72.22893111323049,0.2748265,0.564303,30.36667975,2020.0,4.0,91.0,0.3281461282174761,0.16753657137822278,90.52887852986653,28.46835971490121,118.99017715454102,14.381565844336913,51.95782470703125,19.267723515943718,0.3194565531647502,0.16862004893491195,89.18418375651042,27.474926455760286,118.64437484741211,17.221959844876885,50.724918365478516,19.425473196214273,Extreme,-0.008689575052725884
193,-7.382090478534181,-71.59372414322567,1.4760004,0.0111194,97.4351526,2020.0,9.0,91.0,0.8385774762248275,0.02018217530916504,26.868890126546223,7.724407178405663,144.06187057495117,12.109322631115477,89.6128921508789,11.59804026881756,0.8432154707165864,0.01899190930457733,26.57567596435547,7.832038411508421,144.9410629272461,12.357105213139672,89.99311447143555,11.886890854114508,Low,0.0046379944917589455
194,-24.10631766764403,-49.10323088563598,3.571587,0.379724,63.36763500000001,2021.0,9.0,91.0,0.6171028324878955,0.24484341071072502,44.67821756998698,32.39568956489861,122.36413192749023,16.25924968528063,67.82457733154297,18.540286044819254,0.49070032452371715,0.24187243192927096,54.49405161539713,31.291647462938823,120.87596130371094,19.717544809766828,58.30792999267578,21.073828960852627,Moderate,-0.1264025079641784
195,-0.5448222612948541,-55.35093943011015,2.6016005,0.190808,96.57911075,2020.0,8.0,92.0,0.8302371769842694,0.03780095176308012,29.186201731363933,10.348676542813548,140.34412384033203,12.569603969730112,89.04273986816406,12.756358209477854,0.8557140932759921,0.02667554340852153,25.894913991292317,9.018787157981524,137.61825561523438,15.275841512263911,85.04634094238281,15.208501547691709,Low,0.025476916291722773
196,-17.37314406664402,-43.4759517611009,1.0952475,0.0900875,79.798296,2020.0,5.0,92.0,0.7388910054834099,0.20890233930111426,26.202191670735676,16.02885654133667,131.4959373474121,11.785072038302479,78.6137466430664,11.768713200993803,0.6249283004852089,0.1923149718822111,33.698951721191406,17.059238205560096,128.2556610107422,13.259673650166297,74.16036224365234,13.744316825887749,Low,-0.11396270499820105
197,-7.920019708340647,22.27567322430573,0.9641385000000001,0.137743,67.09942366666667,2021.0,3.0,92.0,0.6027186003754521,0.17678662303157314,39.70951461791992,15.025677319499064,146.23835372924805,13.924065783399165,96.18666076660156,13.33476699175956,0.5731514110942106,0.17759193914475785,40.56442133585612,14.688716247061938,142.40412521362305,13.816186249589464,92.98356246948242,13.336396048949513,Moderate,-0.02956718928124147
198,-6.832241954510074,-49.13242599501029,0.2345956666666666,1.566656666666667,66.76460933333334,2022.0,7.0,92.0,0.5207661802058798,0.1670703947973095,57.62945810953776,23.795292170967002,110.13203430175781,17.54376959872645,56.59070587158203,21.149048176063488,0.3194595711682513,0.3659313741168626,58.855902353922524,32.22631635445876,90.15670013427734,41.59882258215641,44.179386138916016,31.617488006110385,Moderate,-0.20130660903762854
199,23.7264938124789,95.97878081383692,1.100288,1.380029375,52.029204375,2019.0,4.0,91.0,0.4860774655547573,0.09356524181420493,58.66498311360677,15.889990420592708,146.22417449951172,18.09001056843346,94.75731658935547,17.593588138659047,0.4753343888996327,0.16703965747394073,77.62813059488933,27.898529403934823,127.12869644165039,14.111242993924119,71.5633316040039,17.071971521828228,Severe,-0.010743076655124584
200,-22.7479276170553,32.33238558203487,0.3017166428571428,0.06389899999999998,53.65091364285714,2020.0,4.0,91.0,0.5118599988859955,0.14629801895646274,50.332828521728516,21.620569091471786,113.44546508789062,11.490060635680864,61.196319580078125,14.263468298327034,0.4134238632425422,0.094725068629731,67.13739522298177,24.20874279167581,107.15297317504883,10.651477203131899,52.42489242553711,12.855331835707881,Severe,-0.09843613564345333
201,-31.0272237301145,151.642100917051,0.7193100000000001,0.04178677777777778,53.37731933333334,2019.0,7.0,92.0,0.28825357139558827,0.08291867831495053,73.470521291097,25.698417196134486,63.70751953125,22.261528452086484,5.615322113037109,14.223721778601034,0.28743790559024873,0.0878341903448192,75.61097971598308,24.832619810304,59.189056396484375,22.03323423413266,4.189598083496094,12.33614354060579,Severe,-0.0008156658053395383
202,25.02768220231506,98.53986847800098,3.994786,0.225461,76.387298,2020.0,4.0,91.0,0.6773385203666314,0.21706355778378975,44.65746053059896,30.98413527726522,134.34194946289062,33.369683783107014,80.87179565429688,31.755702028363345,0.8171927166437456,0.07042387460769464,29.41436004638672,13.138784292155288,141.18101119995117,35.71249181769647,89.09943389892578,33.89446519415365,Moderate,0.13985419627711415
203,-11.47502720386638,31.03408204673528,0.1524754,1.0058012,41.69258599999999,2021.0,7.0,92.0,0.4629929721814534,0.0989636400253583,48.85313288370768,16.53783685793146,113.54678726196289,13.45861947412823,58.28509521484375,15.35809825340198,0.4391150897331215,0.08365519775931667,49.202964782714844,15.031498502280499,110.05342102050781,13.929815648184992,53.916385650634766,16.17013080507171,Severe,-0.02387788244833189
204,26.67000500117872,106.0885295607834,0.1953645,0.9277299999999999,77.8990685,2020.0,9.0,91.0,0.649438721826761,0.12576023304690861,37.731789906819664,16.075523854140105,143.71925735473633,34.46305183049208,90.62696838378906,31.401103797531484,0.6329977852578375,0.14318844920878315,39.09663645426432,15.249050999812855,142.60225296020508,36.184463774674654,87.77988815307617,32.4632399392108,Moderate,-0.016440936568923536
205,4.449223602684825,18.96540841518333,2.6817345,0.6905055,94.85409250000001,2020.0,9.0,91.0,0.7384986101246795,0.0452217906850957,39.27129236857096,11.611267070342983,146.7275390625,14.708134315736434,93.05167007446289,13.88313469165862,0.754572042685254,0.05197074825636217,36.038265228271484,11.330623573034252,146.49700546264648,13.550472097764596,92.56769561767578,12.450620342191721,Low,0.016073432560574474
206,-28.1466091029532,153.0579095219596,0.3741763333333334,0.3582473333333333,96.349619,2021.0,9.0,91.0,0.6730334475239477,0.10252383090019661,42.76734924316406,15.741528499849503,115.06649017333984,16.4885481282214,66.44161605834961,15.725485046592722,0.7656297992020935,0.08856247688603155,33.970689137776695,14.517845193941834,129.6985092163086,29.683949339053616,78.48057174682617,27.723752439473362,Low,0.09259635167814584
207,-11.8742033006874,-48.07402522476235,0.3836573076923077,0.9429332307692307,74.6525003846154,2022.0,5.0,92.0,0.5215591669337973,0.14127138733759967,46.66167704264323,21.32229759225441,122.88507461547852,14.063635295283248,66.9794692993164,16.066149761251886,0.5736384421133192,0.1411797637896075,41.4556032816569,18.714326207815237,125.66510391235352,14.42622445627655,70.54455184936523,16.204526179347894,Moderate,0.05207927517952182
208,-17.37314041516509,-40.86006517775093,0.609588857142857,0.04253657142857143,42.90330814285715,2021.0,7.0,92.0,0.35639220614066525,0.10402441997806679,66.95799891153972,21.967983000201134,108.36432266235352,21.911433140439705,55.28233337402344,23.72308092484187,0.3436501439661974,0.1002207096736288,68.45394515991211,22.454281790704695,104.0242805480957,22.74554302902458,49.92731857299805,24.16700623203062,Severe,-0.012742062174467828
209,30.66474198583468,31.28210735931665,0.718371,15.6029185,42.09125883333333,2020.0,3.0,92.0,0.4970046091799525,0.2358179051138331,77.20236587524414,35.11039017495642,120.45870971679688,19.155214373074266,59.282470703125,15.569993461330048,0.4911845347873216,0.23178077905081382,79.36185455322266,35.09383311210922,118.66384887695312,16.55080941091284,60.14850997924805,14.187533254441316,Severe,-0.005820074392630881
210,10.04909037959039,31.41603065922433,2.5912275,0.1575945,92.6778585,2021.0,7.0,92.0,0.7873637164329921,0.03314341472295379,46.364733378092446,19.210055787172276,128.97919464111328,12.777698503208512,81.95216751098633,13.853398077439644,0.7010773059042776,0.07805567531144564,44.54181162516276,16.085868061866883,134.0178985595703,13.126606001183829,85.246337890625,13.942530590155144,Low,-0.08628641052871444
211,-19.65567698720236,33.92224010258781,0.54753875,0.830319,35.90220675,2023.0,7.0,92.0,0.33160239850028006,0.07851979224281812,50.29535929361979,11.183658782533435,114.2962875366211,13.266771656101389,59.35245132446289,18.530740608280464,0.3850331934750102,0.08531901317189095,51.01184844970703,11.953415816144233,118.7014045715332,12.429567261746813,63.820064544677734,17.49452206836812,Extreme,0.053430794974730134
212,-20.140377409179,32.4373999863241,0.5464486,0.1287363,41.3271569,2019.0,6.0,92.0,0.30362211342661016,0.08980494600606093,78.27711486816406,29.307213232409868,123.34862518310547,18.6371593487209,69.27251434326172,19.009475766472757,0.3905062393326322,0.1118374705025873,61.68023808797201,23.17226209196801,124.25814819335938,22.203453547578235,70.44490051269531,22.15118566771232,Severe,0.08688412590602201
213,34.55248736611584,35.91941060823848,2.31242875,13.8532655,39.46225125,2021.0,1.0,90.0,-0.1703747416002761,0.08667282805491291,12.107158660888672,6.229872214022808,81.87972640991211,8.209197179216009,0.5026359558105469,1.4683164286844907,0.027282055646058123,0.5101226442564784,38.442525227864586,34.58113983687018,90.11556243896484,35.128507128250085,27.35785675048828,32.41865674082037,Severe,0.19765679724633423
214,22.92781608862413,83.60874881707628,1.398197,0.213712,93.273395,2021.0,7.0,92.0,0.6836197159364181,0.12206072494438609,44.480265299479164,17.870589762554488,143.18584823608398,15.76335167392673,82.75859069824219,15.737217472773036,0.6569245715453358,0.11568913174278375,50.63840103149414,16.79559679065382,140.24822235107422,14.427538079131129,81.50753784179688,14.459245313261878,Low,-0.026695144391082337
215,-10.38655532738524,-57.59546953196566,1.540185666666667,0.1207383333333333,78.55780716666668,2021.0,8.0,92.0,0.7789594672153299,0.14823448342245182,34.27135721842448,12.256503878106733,138.00015258789062,11.425246046809447,83.55770111083984,12.050075194096108,0.8188602674676702,0.07538136524350948,31.35373814900716,11.04179604300787,140.44417190551758,11.043788271401006,85.62207412719727,11.10144970780792,Low,0.03990080025234022
216,-6.897264124119893,-68.96101637514343,1.808166,0.8731148000000001,95.5421748,2020.0,5.0,92.0,0.8339191275160829,0.023294290002892577,25.799917856852215,7.151447122549508,146.67969131469727,12.047363847741126,92.02119827270508,11.508961577779747,0.8401978394447234,0.03382056582550448,25.663645426432293,7.3132502494909835,147.68390274047852,12.408435117186821,93.05775833129883,11.914174961224118,Low,0.00627871192864049
217,-10.2246214591428,-62.41722719182808,1.579152333333333,0.02462611111111111,57.51251377777778,2021.0,7.0,92.0,0.4920254568939295,0.21074490807721774,59.22758102416992,28.050423751210488,118.24923706054688,20.133610734720182,62.91887283325195,22.214065651876776,0.4667397449032089,0.17021577247092987,64.25851058959961,27.100456221251765,118.61996078491211,17.65079030039286,64.36400604248047,19.53400994322153,Severe,-0.025285711990720605
218,16.973164089089,-98.93925943010218,1.9012645,19.96165058333333,56.53134658333334,2022.0,1.0,90.0,0.7581396026498588,0.10917324669949854,27.900978088378906,16.09241794711065,129.96398162841797,27.412781995620374,80.36896896362305,26.14980523636328,0.721454148135706,0.09911433943368163,28.469039916992188,11.248961686652901,127.50781631469727,24.48445165289832,78.30027389526367,23.096416804870355,Moderate,-0.03668545451415284
219,-11.23177710563424,26.89717445366722,1.137037833333333,0.9724656666666666,91.46831433333334,2019.0,3.0,92.0,0.7017647022504434,0.07308556380943511,29.698123931884766,9.856439465962785,135.26988983154297,10.438981787188048,81.80501937866211,10.333614850044986,0.6480501930397793,0.09059060118128608,33.43671417236328,11.778568155606731,134.05671310424805,10.681193287203516,81.53955459594727,10.540394395400943,Low,-0.05371450921066412
220,-12.69597836446621,-48.25820903008358,2.816154666666667,1.426173833333333,50.8496965,2023.0,9.0,91.0,0.5088272953991406,0.19928519727274696,59.6514778137207,20.857762905580284,124.31480407714844,29.014466532128196,70.55596923828125,22.38549974489387,0.5405688959560528,0.1421778728507887,63.942691802978516,21.59618591545401,127.74809265136719,16.073018950885277,71.97825622558594,15.991757184192018,Severe,0.03174160055691222
221,7.663920649652866,40.76110381661996,0.179443,0.000652,31.3427,2020.0,2.0,90.0,0.4968294733635794,0.12504748829543297,55.36522547403971,25.563515668325255,129.63325119018555,19.0325636038776,82.17737197875977,19.326224254514628,0.48093204137040857,0.10696547712153219,56.28310012817383,22.588899699327232,124.4715347290039,10.993773621542607,76.92538070678711,12.349407106446776,Extreme,-0.01589743199317084
222,5.070591516366889,38.86947371828899,0.003958,0.001805,23.308742,2020.0,2.0,90.0,0.4501511975630972,0.12375651658963939,109.45248413085938,41.38267303690267,153.55730819702148,23.19952796743217,105.18889617919922,21.896120196214174,0.47443338486753417,0.12440316074230721,101.24412790934245,39.64139949789576,143.57476425170898,27.467786800812494,95.09378433227539,26.22185681180743,Extreme,0.024282187304436986
223,17.83919811944234,96.23994749783486,0.8623666315789474,2.662630526315789,44.19717047368421,2020.0,2.0,90.0,0.5274342404777315,0.1494069718655011,56.771322886149086,15.97359265963374,135.6696891784668,15.165998108020995,88.83739471435547,14.254425002535752,0.6844926719775799,0.10571449176798471,44.376200358072914,11.463653339301777,139.32758712768555,15.345151812244014,88.40349960327148,14.534459022433495,Severe,0.15705843149984844
224,33.26946895418271,-96.37139341502152,2.053903428571428,3.160217714285714,69.44412414285713,2020.0,7.0,92.0,0.556681894711095,0.16276910493247618,62.848925272623696,25.116146946081226,112.72082138061523,21.899424780754444,55.41336441040039,24.247532230864685,0.5996217699016007,0.16338827076029636,58.46453348795573,24.985736052460595,114.83832931518555,22.17732088956958,57.160194396972656,23.82114161856073,Moderate,0.04293987519050568
225,16.22631844647,77.77312295100785,0.0006065,2.949367,20.76512,2022.0,2.0,89.0,0.3619928049848695,0.24749480352121808,87.98029454549153,48.04089864307704,119.00284576416016,24.387466441360445,58.559043884277344,23.028659555311854,0.3465334008143963,0.23770303999742656,85.11092758178711,49.302645460657956,113.45823669433594,23.37539058708455,53.97589111328125,24.66137190590987,Extreme,-0.015459404170473201
226,-21.98427511280975,-43.20144523933664,0.058311,0.248742,96.085906,2021.0,2.0,89.0,0.7326417596372288,0.1507084068970967,39.49972407023112,22.202196064722717,138.72124862670898,27.320606263116524,87.6764144897461,25.275438659627586,0.7652626529318705,0.14115830874215868,35.201246897379555,20.062839279626886,136.68926239013672,27.02459881478759,84.88043975830078,25.255297472834847,Low,0.032620893294641684
227,-17.83485088018461,-44.77988649132541,1.0426934,0.238852,34.79394120000001,2019.0,7.0,92.0,0.3089887380555538,0.10815276641006011,79.0419807434082,39.53299321900117,116.43545913696289,23.47103883134919,60.7564811706543,26.54167205951358,0.345708007270904,0.13141569243922122,69.30188242594402,33.640650326759726,105.78914260864258,20.59257759683456,52.598506927490234,25.106225757287003,Extreme,0.03671926921535018
228,39.47783410308027,16.34195317058132,1.516857142857143,9.443734142857142,45.27012014285715,2017.0,5.0,92.0,0.5793126810003539,0.24957973499413966,64.72178141276042,43.9447759772386,126.28914260864258,24.6319818703191,75.77882385253906,21.879110088118868,0.6351898408905636,0.25562080705030443,60.934828440348305,45.29633959369485,125.86849975585938,22.715180373854572,75.09125518798828,21.28842055667339,Severe,0.05587715989020969
229,-24.58670678941402,-62.75663941374242,0.9586225714285715,0.009176142857142857,97.040071,2019.0,4.0,91.0,0.7118239821068642,0.0614713991373663,32.156124114990234,11.950868902447857,126.5150032043457,10.39373943581055,80.18580627441406,10.12449583479392,0.7331618833164271,0.07969587909415278,36.62488810221354,12.565828150870079,120.07008361816406,10.307464003215259,74.35336685180664,10.526592108562307,Low,0.021337901209562915
230,-14.81448321457942,-64.07889723335256,0.9983274999999998,1.703473166666667,92.71105933333332,2019.0,4.0,91.0,0.8728424379728494,0.030671087331420273,19.55477778116862,9.151029084080383,145.97373962402344,11.754343280948708,90.1872673034668,11.840754850142098,0.879802293949524,0.02769896652718702,18.96290461222331,9.300750271210235,145.48335647583008,11.734114827131458,89.89553451538086,11.76182516478238,Low,0.006959855976674589
231,18.78721387997129,-95.33819456158166,0.8256835555555555,25.69348427777777,61.31042577777777,2021.0,1.0,90.0,-0.14614505945101453,0.04688350122809311,30.476430257161457,10.033439491482183,31.074508666992188,7.030166121080523,0.0,0.0,-0.14940226121615385,0.044206145774140934,30.285772959391277,12.233544753358645,26.81771469116211,7.217834810054509,0.0,0.0,Low,-0.003257201765139328
232,-8.983996021170448,-63.74597074961241,1.2782685,6.21204975,89.25641325,2019.0,4.0,91.0,0.746085606805743,0.2044760519405687,35.58510971069336,19.99387842436557,136.06651306152344,16.98583958725144,85.58574295043945,15.432705494464404,0.8056155684936988,0.11501115099891983,32.347852071126304,18.314572262103397,139.3798484802246,12.621595711214738,88.49367141723633,11.56982610442938,Low,0.05952996168795577
233,39.76230309358586,28.96746650902617,1.081533529411765,16.86433352941176,61.2309848235294,2019.0,6.0,92.0,0.4630528924248063,0.19291624404318602,71.35775502522786,36.42462956218828,107.4672737121582,17.62532738360466,50.88764572143555,19.105262278037994,0.48721103255624953,0.18661904048324235,67.24310557047527,36.79603792537755,107.59067153930664,23.753589626139412,53.47038650512695,22.668064513710856,Moderate,0.02415814013144324
234,21.40800047668768,-98.96765977028284,1.460418384615385,0.02172007692307693,57.16067392307691,2021.0,1.0,90.0,0.6850863599505761,0.10392337245091432,46.075400034586586,16.091161269256848,149.2475242614746,25.38471414771731,94.0477294921875,24.107636745372723,0.6078127392141526,0.11834921626572512,53.47072092692057,18.172686538486307,140.1335906982422,23.605358024209767,86.3479118347168,21.65554842755735,Severe,-0.07727362073642352
235,-15.13517755642527,-47.1714218547547,2.668967,0.230364,76.165485,2021.0,9.0,91.0,0.5883875314703522,0.18057363463043274,61.81418228149414,28.65502432083231,121.25328826904297,18.48684886489972,64.74703216552734,24.158145307364023,0.5384786849156898,0.2144225558366272,66.31976318359375,31.45792587412576,113.98453903198242,22.70518005157705,51.31952667236328,28.718847882349582,Moderate,-0.04990884655466232
236,2.794080762729749,40.18431089349736,1.302372,0.000827,59.73978699999999,2020.0,1.0,91.0,0.4589584868543284,0.1173543203503312,64.25847244262695,26.82621823349015,120.86549758911133,13.767024730238496,77.09319686889648,14.798436967341908,0.4455011419856021,0.11913389077045854,66.04188410441081,29.40800929449728,123.53202819824219,12.465382223569144,79.66489028930664,13.276099446093005,Severe,-0.013457344868726295
237,39.29680435898985,20.46420720456081,0.985359,31.33228071428571,51.88909257142857,2019.0,8.0,92.0,0.6117776671883339,0.17888060727977037,50.905574798583984,27.765210701556526,132.87714767456055,23.510551562608182,80.70227813720703,25.07342732477112,0.5592680463563495,0.18214688757648417,58.18952433268229,28.877363799631254,136.38688278198242,28.086761503956705,81.2857666015625,25.795157577848464,Low,-0.052509620831984405
238,-4.103309194730151,-50.62735397634936,0.08019825,0.01326325,96.68257824999999,2021.0,6.0,92.0,0.7905274938959437,0.12401264805346951,31.38409423828125,15.635303201235647,143.85568237304688,17.66088376171522,87.40264511108398,16.795879263486384,0.8369825826923147,0.09693925667352529,25.928728739420574,13.636475154824213,146.96437454223633,19.352272366883994,89.99240493774414,18.45971374750921,Low,0.04645508879637106
239,23.57751728510024,-99.31087802657802,1.447204625,0.097569875,57.44646637499999,2019.0,2.0,89.0,0.4035011136428466,0.12536975338620784,58.42455546061198,21.622280757646546,132.53142547607422,29.005614369744162,85.70880126953125,28.692765497986077,0.5066021824198117,0.1686182839809813,45.0614013671875,17.788789624056406,138.77021026611328,32.12100206284764,89.28033065795898,31.98193853051622,Severe,0.10310106877696512
240,9.160887732915498,19.89234872089264,2.399411,0.029044,47.602099,2022.0,4.0,91.0,0.5587539345401229,0.06869254008351691,55.41100056966146,12.921078431079293,121.80018615722656,11.85542366247661,67.09592056274414,13.197752679984548,0.5351801711252051,0.07652929620942323,56.626136779785156,13.214597104504074,121.1876220703125,11.778337112843657,66.0298843383789,13.865872501208738,Severe,-0.023573763414917792
241,39.43095851985032,20.70940411203253,0.5943715714285716,31.34618071428572,58.79904142857142,2020.0,2.0,90.0,0.7090535312558899,0.1408179457206242,40.829549153645836,23.08083235590517,128.20352935791016,28.832303729273693,75.72673797607422,26.132559902508106,0.6246976293964082,0.1734199746013367,58.60350672403971,39.43093813367739,122.1834716796875,32.253026406049024,70.92299270629883,30.864467443111387,Low,-0.08435590185948172
242,33.37052555454133,71.8085854014816,1.550090111111111,1.032533333333333,30.28347511111111,2021.0,5.0,92.0,0.14418373399117768,0.1270255287512643,118.30298105875652,31.440819738636108,104.85174942016602,31.55775458516067,41.97164535522461,25.8975801022235,0.1556535460627173,0.1328610445816103,120.75852711995442,34.95993957012981,108.51217651367188,33.956985142275656,41.37276840209961,27.582231543784648,Extreme,0.011469812071539631
243,-25.91338527200524,-58.98185625449156,0.1339403703703704,0.2825670740740741,79.6438711111111,2020.0,2.0,90.0,0.43697177668903464,0.14973766262209626,61.665635426839195,22.415391495664554,114.71186065673828,15.181632418863325,61.942604064941406,19.74370314457082,0.47986282490188614,0.18045614498960338,58.00354512532552,25.11097050061721,111.53091049194336,17.867873635382132,58.01968765258789,24.18964886187152,Moderate,0.0428910482128515
244,-26.12747082759248,-56.00009039392597,0.7614175,0.012139,88.14903774999999,2022.0,7.0,92.0,0.6839826018779744,0.12318877813752914,39.55495071411133,16.132552526756466,120.77121353149414,13.892535911782925,68.48005294799805,13.350430990522161,0.6703639466050747,0.14579567309399186,42.62199274698893,20.769923504038115,126.25093078613281,15.491044413446737,70.10526657104492,14.090477292384183,Low,-0.013618655272899738
245,-15.78095014075415,-63.85197238497088,0.9342085714285714,1.551088857142857,85.42699485714284,2020.0,7.0,92.0,0.6850508989459632,0.15488799944938517,40.1842892964681,14.903104748275396,136.2147674560547,17.45740738227245,84.28453826904297,16.34550350438398,0.7201823622132508,0.07952865092823876,37.02431106567383,10.577262851352152,141.45492935180664,10.931990711081822,88.3024673461914,10.951355858756163,Low,0.035131463267287666
246,-14.33016046363589,30.79444609603641,0.00032,0.319058,24.520552,2022.0,7.0,92.0,0.3566316258164406,0.11022576191402365,51.39664204915365,17.55784734101915,119.40723037719727,18.5452087153163,64.65283966064453,23.611413859919605,0.3469656767497469,0.11845975673616574,50.78372446695963,16.42809311972089,123.54931259155273,18.128179288289086,68.09101867675781,21.677523848111484,Extreme,-0.009665949066693713
247,-33.39754213741034,-65.60048969289953,0.33396125,0.20445525,32.74046925,2020.0,3.0,92.0,0.4905436241267571,0.17468377119609116,46.85871124267578,27.29709693930018,101.01539993286133,23.357023197487646,46.87592697143555,29.982397988920994,0.538979969844469,0.09079667403995713,41.36485163370768,13.83347711553752,113.48189544677734,17.238674932722937,55.02483367919922,16.940194604103603,Extreme,0.04843634571771194
248,-12.8462622004106,32.29406065532839,1.799741625,0.011253,85.39774775,2020.0,3.0,92.0,0.6651852420927753,0.07657338079951187,38.701714833577476,10.852243808912943,128.65199279785156,10.296803128113494,76.73332214355469,10.79652469746409,0.6465059573188086,0.08461504141120352,40.426160176595054,11.501132307918036,125.51841735839844,10.302679961533155,72.9579086303711,10.808778254826626,Low,-0.018679284773966742
249,-14.42630528456961,-73.85184941604561,1.5413455,0.208838,49.1891295,2023.0,2.0,89.0,0.4574278290564877,0.18027950685868577,64.30248260498047,22.63341950992295,114.17437744140625,41.62616079084958,44.388553619384766,32.8927976112845,0.23094021630375675,0.16704073592001706,111.39014561971028,65.94791198146089,122.3519287109375,40.90578784911056,40.135162353515625,30.498800843694312,Severe,-0.22648761275273097
250,20.41234609922907,80.9150722461037,0.667725,0.056815,22.453758,2019.0,6.0,92.0,0.45668188289948664,0.17856592174918426,59.01134236653646,24.63213958323992,148.68284225463867,20.25335573134311,89.93992233276367,20.6044994622454,0.4950364336451871,0.1571866205201092,59.39846165974935,24.455120835992442,151.24420166015625,19.06082488022506,92.9562759399414,19.05288592276427,Extreme,0.03835455074570049
251,-10.41350470211356,-66.91844440999938,0.001189,0.021647,98.838019,2022.0,9.0,91.0,0.8343461308265887,0.020933898303774595,31.288392384847004,7.821522566559625,145.00728225708008,12.6686843784812,90.54729843139648,12.575631416917748,0.825405172549381,0.020474824775396906,32.89537811279297,7.939219364797202,146.1070785522461,12.75191203796821,91.70820236206055,12.707442600899023,Low,-0.008940958277207756
252,39.93431132267615,20.90097020719526,1.475678571428572,1.931617714285714,76.47577942857143,2022.0,7.0,92.0,0.7645212340992784,0.13825809601475836,30.090171813964844,18.36959321819107,126.29378890991211,30.579121933743718,81.61479949951172,28.14429779731786,0.7433736228454086,0.1420346443235269,31.110942840576172,18.943205200808976,113.62361526489258,30.75058220086356,70.23741149902344,28.07149712834557,Moderate,-0.02114761125386977
253,-19.17201929348437,47.35125609308233,2.0236885,0.3873335,63.125566,2022.0,3.0,92.0,0.3262348899441999,0.12675045216306577,64.65648778279622,29.710962012873484,108.33327865600586,24.70092743925174,42.232364654541016,25.297879362514124,0.33752872891534336,0.10593003009338493,71.9505386352539,31.921311747827314,98.0453987121582,29.33022741570517,32.888572692871094,25.13499936514989,Moderate,0.011293838971143444
254,-24.11843195292759,-62.95964793113437,0.9421869166666665,0.27924275,87.9578935,2021.0,3.0,92.0,0.4922352092644289,0.14792565277883943,53.176005045572914,28.04875828981669,121.33219146728516,14.095330343370136,72.32664489746094,16.01293494590126,0.5249267610324777,0.18697486478122116,55.762959798177086,37.116123494002125,122.53493881225586,16.166639163577447,72.62493515014648,18.323505752749686,Low,0.03269155176804883
255,20.54768161880936,77.30854409773218,0.009419,1.5353995,22.265067,2020.0,2.0,90.0,0.29417038008092367,0.15768848859262982,71.1446139017741,20.90137830401343,113.57796096801758,14.97467684538129,40.586509704589844,18.30686349753552,0.3129328037311573,0.23757364239282322,64.31601206461589,21.480883773204358,110.22024917602539,22.978789498584025,39.42131805419922,19.882917744589797,Extreme,0.018762423650233617
256,-12.85296623030924,-41.19492590828889,0.006062,0.095899,46.500871,2020.0,8.0,92.0,0.5199884910292443,0.14146427955915428,58.457801818847656,24.607993192727807,133.20304489135742,12.370414967953543,83.77728652954102,12.868753391090038,0.5053277714004791,0.1608982438502131,60.89947636922201,27.55408477004291,130.84979248046875,14.272215465558055,82.77000045776367,14.852023500928867,Severe,-0.01466071962876514
257,1.1227737095086,22.74874775411928,2.164956666666666,0.002124333333333334,93.831406,2019.0,5.0,92.0,0.8225195357112511,0.051697888791741115,23.711851755777996,7.746940748505337,145.45435333251953,12.832072243557423,89.05240631103516,12.152368241274308,0.85848053218524,0.020736345865756407,21.037569681803387,6.402984031383424,146.09653854370117,12.391758816474907,89.28264999389648,11.736677050957805,Low,0.03596099647398887
258,35.79186174191607,-0.2137912403367465,0.3692756666666667,23.68579158333333,38.62857491666667,2018.0,1.0,90.0,-0.05578893736625651,0.1856319313161422,29.845195770263672,45.57366268923415,55.504154205322266,45.136499074713164,10.531097412109375,29.949177258095087,-0.058925168173550035,0.09737774470649183,15.670173645019531,13.683915441326652,35.82123565673828,13.432931628474174,0.6615638732910156,7.3450997360434345,Moderate,-0.0031362308072935274
259,-30.66895834243324,-57.98573725210567,0.21253,3.31258525,88.67558975,2023.0,6.0,92.0,0.6683001286553384,0.16200719315592582,39.440720876057945,18.691570964398306,108.57491683959961,21.227633628347082,57.18745803833008,21.596753597415713,0.5449062729166532,0.38313066660805084,39.414894104003906,16.34570627022489,100.15690994262695,26.660029820508505,44.940860748291016,26.83290331539491,Low,-0.12339385573868522
260,-26.48459149554627,26.84062030254753,0.144425,0.2529386666666667,55.77936666666667,2021.0,2.0,89.0,0.45882807594473984,0.1135741408566069,52.273824055989586,18.97797206517793,97.60934829711914,17.023727859163703,44.9006233215332,17.96523914178514,0.5090698959390973,0.10365200211551369,46.837319691975914,15.121968458692962,101.41127395629883,18.795831875765963,49.444053649902344,19.828426998193972,Severe,0.050241819994357506
261,-8.352751958189266,-63.51257627825218,1.8860158,4.5017826,82.04042560000002,2023.0,7.0,92.0,0.6693299708218192,0.3958278819233312,36.528036753336586,9.494096080414778,127.50274658203125,39.05818023099355,77.93378067016602,30.84496149614784,0.7604785802634852,0.15304488277883058,37.32435099283854,10.641997174756563,132.32362365722656,21.757507174225893,75.52214431762695,27.04037984340246,Low,0.09114860944166603
262,-36.83388408680463,-65.59189888973688,0.698575,0.06405066666666667,22.49456333333333,2022.0,4.0,91.0,0.4144251850929379,0.06721840822697976,53.83780161539713,18.312616108721137,93.19952774047852,14.686842974512146,40.783973693847656,17.708771056177465,0.430742845104362,0.05024380474081023,51.65055592854818,15.560165041239799,95.82977294921875,14.313707830524823,44.55724334716797,16.568772651179994,Extreme,0.016317660011424096
263,-23.4724148769264,-52.89187197305712,1.025628666666667,1.486139888888889,49.2942488888889,2019.0,6.0,92.0,0.5306996241043508,0.18356511721014013,58.317769368489586,29.952082240380832,108.72373962402344,17.202221059842156,53.78044128417969,20.774523945900743,0.5157023550348031,0.17404543470092693,56.768698374430336,28.26094766994616,107.5882453918457,16.971623986354885,53.94257736206055,21.96598324166757,Severe,-0.01499726906954768
264,-35.64897107561455,-61.02669410213419,0.0865205,0.7671245,52.626675,2023.0,3.0,92.0,0.44961807494816386,0.15966233734362115,51.10572942097982,22.638530913013852,86.81713485717773,13.228711713727888,17.12957763671875,14.755293656795496,0.47070793680194356,0.15388131325475624,51.437564849853516,20.47544532734674,87.83988571166992,13.102293667372482,16.579151153564453,14.29631435844618,Severe,0.0210898618537797
265,9.606790878229589,20.44318598608555,3.46095,0.015658,35.509735,2021.0,2.0,89.0,0.39623279026605474,0.10128725220890349,71.81995900472005,20.72630470735316,105.38300704956055,15.199226774224835,49.635677337646484,18.082550468752217,0.3156131733025398,0.09502317308530248,78.42663955688477,23.73767004331364,94.68973541259766,16.62559140408865,36.4172477722168,20.754351134970243,Extreme,-0.08061961696351494
266,-11.00857622110507,-59.03854956870727,0.674791,0.04932825,83.8088645,2021.0,8.0,92.0,0.379398112194286,0.157783031700982,81.0063247680664,24.492990504175697,126.71312713623047,12.55441564364475,75.36795806884766,13.195999299370396,0.4958200695788264,0.17842069030256966,72.21438471476237,25.21871147676511,131.18001556396484,13.693055449879282,79.01893997192383,12.953338652654917,Low,0.11642195738454042
267,25.44648367287799,72.51680996203967,0.9340700999999999,0.0139864,41.5782627,2022.0,7.0,92.0,0.5252563000934373,0.18820603234743827,78.54471206665039,35.086931186828714,130.72249603271484,15.989953784839562,70.37797927856445,16.142067435961064,0.6249848803455922,0.16761330441402858,68.28896586100261,31.785004309180543,137.68365859985352,13.226940279035235,75.43550109863281,13.37355781731219,Severe,0.09972858025215492
268,-11.4653556384106,-59.41795498513308,1.333809933333333,0.01344066666666666,93.95129326666665,2019.0,8.0,92.0,0.7949044064927193,0.03333350470694231,36.17036437988281,8.674995228906857,147.39761352539062,13.03013638238703,93.1085433959961,12.465907411963501,0.7875998316236519,0.042248495182542485,36.0538444519043,8.733847028607924,147.12948989868164,12.00764435874377,93.29053115844727,11.560530517515653,Low,-0.007304574869067437
269,19.23978963252432,97.3412298041584,0.7544289999999999,0.31023725,55.34805625,2023.0,1.0,90.0,0.38666660802331876,0.08234215393636161,58.03886159261068,18.93576502850547,128.3973045349121,23.163918842384327,71.67518997192383,25.378010568447124,0.37801463711518535,0.12066452135913354,60.06915791829427,18.473365259148903,142.51127243041992,29.551645149222644,87.40291595458984,28.552108992131842,Severe,-0.00865197090813341
270,-13.02181813381521,-59.76662577472443,1.103362846153846,0.0007083076923076923,85.43919053846153,2022.0,8.0,92.0,0.8175243370306755,0.028977991845454024,33.96599324544271,9.070650808485166,140.96881866455078,8.486800126169236,89.51599884033203,8.65336894781283,0.8240848203445239,0.020241824759963126,33.38206354777018,8.695060350187237,140.69208908081055,8.032269092862274,88.88945007324219,8.235880071200038,Low,0.0065604833138483976
271,36.08600519177421,117.9308893779133,1.336918625,0.7387597499999999,61.878532375,2020.0,7.0,92.0,0.5895018735607951,0.1360839633599568,56.078617095947266,22.03630285275611,117.6656723022461,19.634885288455532,62.8626594543457,17.739625540067475,0.5663110530601496,0.17388224785407516,55.65826543172201,22.91463416574863,119.46895599365234,23.307003517798126,64.38661193847656,18.974365976997674,Moderate,-0.02319082050064547
272,-30.91871281839653,-65.92345114340044,1.267245285714286,0.04862385714285714,48.31877885714285,2019.0,5.0,92.0,0.542584717017462,0.054384965913830005,30.511559804280598,10.083482362459433,119.94978713989258,7.8285606517359465,71.49020004272461,8.349333836807256,0.5327787680311364,0.046634697932242244,30.185928344726562,8.669810303826617,121.4057388305664,7.192663525714521,73.39301300048828,7.700896075390625,Severe,-0.009805948986325586
273,22.55255932991384,91.2179387317002,2.3766895,4.53235,71.8404175,2023.0,3.0,92.0,0.1684903728064967,0.3312903098791583,100.67762756347656,34.49454301901419,82.07179641723633,48.7942377612458,38.57134246826172,38.486905125299494,-0.052965768036850935,0.18841543545017947,118.08071390787761,24.673308481909363,41.12994384765625,32.54989887419744,8.0955810546875,23.657067963469093,Moderate,-0.22145614084334764
274,-16.25602176371473,132.3441967382674,0.7113957222222224,0.000192,52.943535,2020.0,2.0,90.0,0.36784012445241476,0.10845640549759478,69.26918665568034,27.12495680171386,103.75346374511719,14.278437412011836,49.45244216918945,19.00444792800198,0.38203570355620387,0.0954031399512632,64.66476821899414,22.835682235307655,104.58426284790039,13.571857471944373,52.24831008911133,17.331287725030702,Severe,0.014195579103789102
275,24.7816640464472,68.38756112720972,2.041876333333333,4.313809833333333,37.13337566666667,2019.0,8.0,92.0,0.46269946487295643,0.24243764911807933,78.6048215230306,40.42711927980696,134.56575775146484,13.699380599990487,51.39330291748047,26.168568885353363,0.37952690459919985,0.23948606180846396,70.69658788045247,25.739675950263926,132.33300399780273,15.441491654639739,50.71006393432617,27.818201910233082,Severe,-0.08317256027375658
276,-13.49144283239774,35.38090797716018,2.355936666666667,0.3476596666666667,39.276897,2021.0,7.0,92.0,0.2999933365091705,0.09995889710032915,62.2613639831543,25.177015747772927,109.23233795166016,17.463254358218336,43.797088623046875,18.918743122003765,0.27725522340384146,0.09789845203400954,68.71024322509766,26.590999904009337,110.32833862304688,18.06138963691032,40.47893524169922,18.38421500278523,Extreme,-0.022738113105329028
277,-9.26355297903834,-50.62426728047748,0.9196182222222222,0.7498255555555555,59.55857311111111,2021.0,7.0,92.0,0.5207672140030866,0.1962711755007745,61.335096995035805,27.888225674988433,123.00881958007812,20.597325998577276,70.79290008544922,23.228814474821277,0.45404317345112055,0.19719250804273677,69.83294932047527,29.50661596656201,114.28353118896484,20.32854687107741,60.37324142456055,22.471100446979015,Moderate,-0.06672404055196601
278,-31.57763978039455,-60.08631589392201,0.8505717142857142,4.604993642857143,61.74278792857142,2020.0,4.0,91.0,0.45657809034067354,0.21996376496559897,53.245129903157554,25.335963706961312,117.70026779174805,15.667453817394264,42.87348937988281,27.478350103911165,0.4603823563284859,0.22433384339800388,55.387063344319664,26.425728976668925,111.66360092163086,15.356272094769544,37.46525955200195,24.93741813158561,Moderate,0.003804265987812361
279,10.7876588878915,26.87472620843448,1.301065,0.001887333333333334,50.538987,2021.0,8.0,92.0,0.5825119218737598,0.09399309334329407,66.83693186442058,23.117643428634278,118.30764770507812,10.445234496666,65.08652114868164,11.419282108234393,0.5309931845685298,0.10264923986427006,74.9621213277181,26.08375417267633,112.9432487487793,11.69296523830819,58.80327606201172,13.219104222309062,Severe,-0.051518737305229934
280,39.09105279845848,-122.1118772213863,1.3387114,2.3595234,48.4145002,2020.0,2.0,90.0,0.4225475197632639,0.2516622778371819,66.01580429077148,30.423202353891813,103.88932037353516,19.2216596919785,33.79164123535156,26.234718993504828,0.3811407887354581,0.2513906329458226,54.24381637573242,27.39442027722674,96.39502334594727,25.1150524239755,32.89608383178711,24.32975052865675,Severe,-0.04140673102780579
281,38.87355870727284,28.25798734635492,1.125080357142857,0.08317400000000001,51.879127,2021.0,8.0,92.0,0.36211122925344563,0.20409777336222687,93.9214350382487,50.51128326596013,117.32128143310547,21.125826941123705,56.91874313354492,23.232370903840124,0.4030691491560088,0.19608288190159998,81.72010930379231,45.27104398595354,108.38576126098633,19.052561175020312,50.83946228027344,20.906163139274856,Severe,0.040957919902563145
282,-11.12161681860491,29.77137152583862,1.21527375,11.0508205,30.306768,2019.0,9.0,91.0,-0.13921574490173816,0.04075030273109181,51.222344716389976,10.177056888390258,61.02714157104492,9.557090253839467,0.28174591064453125,4.0523850614386365,-0.017368038082316684,0.21024768319343232,67.37385431925456,32.27681301072096,74.78974533081055,28.16558110133867,16.26010513305664,27.439130364051834,Severe,0.12184770681942148
283,-14.7869111387343,32.40118805359813,0.5172325,0.01710425,81.96237375,2020.0,4.0,91.0,0.530166502962391,0.09992402230461483,46.81700134277344,14.96485562735264,126.54535675048828,19.55256383023714,71.9476089477539,18.586367123145287,0.5376184777676647,0.10552566008800353,45.66558965047201,14.604917821837633,126.7284049987793,22.187190889226382,73.09094619750977,21.60129325948504,Low,0.007451974805273709
284,-29.84624904946607,-56.36169038095585,0.3941395000000001,4.20673575,56.8620665,2019.0,6.0,92.0,0.5071767546388335,0.24275861293649412,38.068861643473305,13.485240912198956,99.2402229309082,25.014770984365477,31.15978240966797,28.542699539436576,0.4762800597765511,0.24349252004086416,46.08794021606445,15.569517670806404,93.02268600463867,24.091898931806092,27.619556427001953,20.999151756050843,Moderate,-0.030896694862282414
285,25.63643599908909,84.67471964813882,1.1235275,6.678349000000001,41.80407483333333,2019.0,8.0,92.0,0.13886830469055622,0.23940516031425166,90.08757654825847,24.5462992539259,123.25879287719727,26.238566804830736,50.46259689331055,26.87217898178876,0.444101162407702,0.24207430886776837,69.3099479675293,23.3242692940756,132.90655899047852,20.01971266709642,74.85383987426758,18.830209589725435,Severe,0.30523285771714576
286,6.472952014287344,22.44537829555398,0.424922,0.051631,98.618662,2019.0,4.0,91.0,0.7163284013457769,0.07600855957452349,39.622745513916016,9.757366772099521,144.35078048706055,10.681717760536772,90.58472061157227,10.172212598492614,0.6936118585235818,0.06693685695647503,41.137612660725914,9.078309199292644,143.30528259277344,9.959195781523798,89.92273712158203,9.717074453804635,Low,-0.02271654282219515
287,22.05397304272195,70.18983779041301,0.697416,3.180498666666667,59.80387116666666,2019.0,8.0,92.0,0.5427197186499738,0.17188965749214605,55.61520767211914,18.107636295412313,138.9351043701172,16.397358778838992,72.99913787841797,15.107885820935572,0.43587887161056504,0.17466384805906818,65.22492853800456,21.352699504765862,130.36294174194336,17.27220843114957,68.28407669067383,18.03429474064507,Moderate,-0.10684084703940877
288,29.31192892970931,104.5770024774026,2.315272666666667,0.82028,88.246441,2019.0,6.0,92.0,0.645664869269418,0.17273994705159526,50.69717661539713,19.242350544241322,138.17840576171875,23.15726511507288,82.06534576416016,20.492613659835637,0.6398200411641742,0.18951794702127864,51.03971862792969,21.395387659596718,139.81762313842773,22.0189914006566,83.8069076538086,19.996915202814588,Low,-0.005844828105243782
289,-9.027850460817035,23.98151936038488,0.3836165,0.018619,23.61714925,2022.0,6.0,92.0,0.4202553233419346,0.23487003704982018,35.53410339355469,12.3774049700268,108.51607131958008,25.734029635163402,51.03868865966797,31.104289789939568,0.4520572998847645,0.19097223651782527,39.065467834472656,14.86625227484943,114.36441421508789,22.32570643098199,59.2294921875,26.451464542881514,Extreme,0.0318019765428299
290,29.23770179731167,78.52354145370032,1.390261714285714,0.4204113571428572,37.85018378571429,2019.0,5.0,92.0,0.41560128737253743,0.15716063122129167,85.76502736409505,32.0994362336286,133.0536766052246,15.571427166809745,80.45906448364258,18.457474854227435,0.4401887466644189,0.16946731009454657,84.85440317789714,33.95061022608812,132.47463989257812,16.82129100780171,79.33415222167969,19.285620848611003,Extreme,0.02458745929188144
291,0.1821276532436542,37.46321590657709,2.279618333333334,0.01665766666666666,63.383191,2020.0,5.0,92.0,0.6069477624085522,0.0817787362902688,55.18440246582031,14.590585934066594,107.07351303100586,15.138111620690129,57.08355712890625,16.36898014737313,0.6173756811518758,0.09623144782660784,50.42202885945638,15.334220538012481,122.49424362182617,12.368754236626398,73.03193283081055,13.692238976196673,Moderate,0.010427918743323605
292,25.87872601375525,74.88184789629679,0.08622136363636365,0.4530533636363636,32.71844909090909,2023.0,1.0,90.0,0.5148048363123685,0.20969479008152267,68.29862848917644,33.59364511022355,116.51283264160156,16.730792158357627,51.24473571777344,18.672967444760737,0.438078048976831,0.19559354618498714,77.81024805704753,33.99365483497501,115.40826416015625,15.750312188887143,49.19757080078125,19.357528922456936,Extreme,-0.0767267873355375
293,23.57930460857258,85.7430485955727,0.359553,1.218767833333333,33.0475805,2020.0,1.0,91.0,0.3813477765462038,0.0994016940863895,69.00430425008138,19.514139133371447,121.5041275024414,19.260341049894595,60.06719207763672,19.47482988420305,0.3873049254997709,0.11356564482584856,69.95386250813802,22.98829839576624,118.2447738647461,21.08395405496918,55.90439224243164,22.9346282394258,Extreme,0.005957148953567137
294,7.424223496104567,22.76255818554464,0.7521111666666668,0.005359166666666667,60.61581516666666,2022.0,3.0,92.0,0.48757580093546715,0.10472812559808006,60.418471018473305,15.032480745165934,140.89226150512695,12.44967655568943,86.0143814086914,12.954420409300617,0.4623919049228469,0.1135566097143299,61.64839553833008,15.077166023731797,136.38690948486328,14.155658946192277,82.3727912902832,14.294579890057443,Moderate,-0.025183896012620277
295,-15.86125565083789,-53.17808596840091,0.5825800555555556,0.04781422222222223,45.98569677777778,2021.0,7.0,92.0,0.4892473018561656,0.1295488118089668,54.13930892944336,26.542098110769338,121.3629379272461,17.058087387977253,68.47481155395508,19.53411948459105,0.4682999879478942,0.17596496135286172,59.427285512288414,32.01553654650252,114.41759490966797,21.33513684365337,59.70722198486328,24.969560882604306,Severe,-0.020947313908271425
296,-3.156590141068285,15.41259370391765,0.7262375000000001,0.34860425,53.80966250000001,2022.0,5.0,92.0,0.4970378456266644,0.07303889680151969,54.36155700683594,11.67536668443562,87.23405838012695,20.75753021381109,27.578369140625,17.70137520144767,0.47617472036461095,0.07452787685416942,52.750205993652344,11.031739248267364,86.93534088134766,22.73383369166858,24.030445098876953,19.636346733633122,Severe,-0.020863125262053472
297,-29.25885831005761,147.1274703630664,0.8984830909090907,0.3068188181818182,35.81830354545454,2021.0,5.0,92.0,0.4986157669917475,0.07890324270053652,47.99074172973633,16.30551350926894,101.20773696899414,9.206887119491519,49.758575439453125,10.758857931770354,0.4706580003640908,0.08073385729529528,44.755096435546875,16.27154722737912,102.21585845947266,11.05275308709034,47.7736701965332,13.528507598088463,Extreme,-0.0279577666276567
298,31.1948627714637,31.01425254134094,0.9094165,12.53771925,49.31972908333334,2023.0,2.0,89.0,0.5756113798250606,0.2172511522630904,61.678338368733726,32.9973734160124,123.8215103149414,15.509268231476376,65.92026138305664,14.997686108925752,0.575401761030746,0.21496152987361164,58.30133056640625,29.008618310407503,120.8373908996582,17.85319987254199,62.48664855957031,16.87286807346881,Moderate,-0.00020961879431458108
299,-38.49458625018371,-59.97881747973366,1.185272692307692,7.295826538461539,52.47009523076922,2020.0,2.0,90.0,0.4934634354692662,0.18041378635754668,49.44705327351888,20.12917432600003,113.90523147583008,10.778297734930733,52.87894821166992,13.507233506277537,0.5170061098963927,0.2111500272483833,50.359989166259766,22.788218148574238,115.24238967895508,12.402582938978208,54.44524383544922,13.91817650849154,Severe,0.023542674427126542
300,2.370178541907194,32.82949105222778,1.91017325,3.471317,78.61967675,2021.0,7.0,92.0,0.6038562582032244,0.12157616932874517,47.64941151936849,14.216931699985063,142.84404373168945,8.87411645921335,85.9106216430664,9.501588360382263,0.5794743181471915,0.12893216622130432,48.46012496948242,14.58590234819371,141.24236679077148,9.046270368267338,82.11753463745117,10.267959053525114,Low,-0.02438194005603289
301,4.785880236038622,19.44628362516457,0.743541,0.8356129999999999,90.46528649999999,2019.0,3.0,92.0,0.5883185331554728,0.15307777052559227,44.750054677327476,12.030334622664554,129.89007186889648,15.789857984710627,75.52009963989258,15.893542908141445,0.586320137795667,0.12400797440700544,47.340834299723305,11.921022490601402,129.15294647216797,14.993982476775756,76.42095565795898,14.014356081155949,Low,-0.001998395359805727
302,-32.33702200079894,-53.37716441855261,2.2694026,0.6647378,87.91636120000001,2020.0,7.0,92.0,0.6364518190354058,0.0959682232780449,48.15500005086263,13.836006746930662,98.55323791503906,15.881938110439666,42.393470764160156,18.951599418414585,0.656911266452969,0.1036250319069512,45.56894175211588,15.470615225334207,99.77155303955078,15.729242509441827,47.207576751708984,17.613084995477692,Low,0.020459447417563226
303,36.33910102711114,-105.4084605720917,1.639718833333333,0.092071,44.40231966666666,2019.0,7.0,92.0,0.6103702289509307,0.12693430305361686,35.03325653076172,18.995772182787984,112.04508209228516,23.354234353145777,61.56415557861328,24.437295900666523,0.6208059499453378,0.113191215943145,34.34338633219401,17.855340368600864,113.90887451171875,19.407027538340362,63.11684036254883,19.65174377862843,Severe,0.010435720994407038
304,37.73973149145763,31.52397898768833,2.93365,5.0369755,48.891662,2017.0,4.0,91.0,-0.35154137613844416,0.1257063322981529,70.15517171223958,30.915007090051013,36.61942672729492,12.606889952265245,0.9131584167480469,7.5195378579915335,-0.1521801632073675,0.3715976943214885,72.83685811360677,33.26259118210114,52.381874084472656,35.91945114621773,14.132991790771484,26.008248158453927,Severe,0.19936121293107667
305,-34.20395368744941,-59.65323302766376,0.3743572857142858,3.023008285714286,56.7333937142857,2023.0,8.0,92.0,0.5735520769616755,0.25034335991951967,62.945281982421875,29.601741655640403,106.92823028564453,13.905091754756564,47.96082305908203,16.919250978346437,0.6458885075280321,0.22588132683480686,56.39989471435547,29.106172058540263,102.6036262512207,14.223173487864031,45.4325065612793,16.682230009513702,Severe,0.07233643056635652
306,39.28605101105283,-0.1891061197161434,0.0,5.576226,20.812984,2017.0,4.0,91.0,0.0026859862761430264,0.07919376108104055,30.196661631266277,7.404955625282763,59.01140213012695,6.189271898674002,0.0,0.0,-0.0024525397773316193,0.09002714843493971,32.603249867757164,8.017150790319683,59.825767517089844,6.171541879847488,0.0,0.0,Extreme,-0.005138526053474646
307,-28.38179589864058,-54.64103738939781,1.01776375,0.44123775,73.1167705,2019.0,2.0,89.0,0.6753944578155314,0.1586466721375912,42.080038706461586,19.582120697038274,124.61376190185547,15.48509846126832,71.0241470336914,14.434901564206196,0.710631393972804,0.14737894390844147,38.43082936604818,19.085797299536065,127.43576431274414,15.07731973633763,73.62589263916016,14.491455361170994,Moderate,0.035236936157272525
308,6.476160968467035,38.54285759867551,0.261691,0.848504,60.441446,2020.0,2.0,90.0,0.6475727844330663,0.1038018827907209,50.10621007283529,18.420688825991085,128.06846618652344,19.468372927313855,74.03700256347656,17.759951214415572,0.618194141424846,0.12973460420050378,48.789468129475914,18.024467702677818,140.99382781982422,25.039586579000428,84.3403091430664,21.894719681440193,Moderate,-0.02937864300822035
309,-18.60987175529301,47.41887389713128,0.6555355,0.6530775,64.92067025,2023.0,4.0,91.0,0.5053813952020829,0.13098575144996363,50.04727300008138,23.299219176007252,107.05362319946289,29.573474949750235,46.66550064086914,24.95295024504948,0.5242778729976054,0.1258191859783525,47.607678731282554,21.461967882894363,106.34223175048828,23.313850835836988,50.98396682739258,21.948781787597984,Moderate,0.018896477795522504
310,21.86404915265703,73.71745943456122,0.8021421428571428,1.445706571428572,25.447261,2019.0,1.0,90.0,0.30910456375021766,0.15982619759942857,70.16249974568684,33.69094765586516,118.24756622314453,32.24958289104388,59.76369094848633,30.697572402352133,0.2748557000085228,0.11127875309105945,86.40727361043294,35.11535146586511,119.66872024536133,26.51151052080994,56.97675323486328,29.081464742098504,Extreme,-0.03424886374169489
311,15.25487358296616,101.4529407388948,3.747386,0.486422,67.357433,2019.0,6.0,92.0,0.42994750798612236,0.22155175071901861,98.36273701985677,51.228248095494415,132.9880027770996,12.567579355641397,75.61339569091797,12.224609094106324,0.37499421588868864,0.18823418487003493,102.27026494344075,45.848638481156236,131.0380516052246,13.783627458224737,69.28823852539062,12.89447396032942,Moderate,-0.054953292097433715
312,10.30324462978265,22.36201645021725,0.6300806,0.0026188,45.02521640000001,2021.0,9.0,91.0,0.41449201084961373,0.10818007794772852,51.75880813598633,16.430414120035934,123.4254379272461,12.92057727128264,69.24512481689453,15.099419110160468,0.3773797379548398,0.10782402836378112,48.484666188557945,15.151350332983556,128.0320930480957,14.95266464640062,77.6485481262207,16.00967631847566,Severe,-0.03711227289477392
313,1.845413329207304,30.90469852876276,2.81209675,13.3522635,50.1873115,2023.0,1.0,90.0,-0.08814711174359591,0.021053742697101446,41.08086395263672,4.702057681253032,18.425331115722656,15.001626553562284,0.001918792724609375,0.2023727322924104,-0.0972148928611396,0.018530580349251004,40.97621281941732,4.752775219865128,7.119693756103516,8.346285972595334,0.0,0.0,Moderate,-0.009067781117543694
314,30.89255960479402,95.6253992505322,0.6785129999999999,0.1163,35.915308,2020.0,9.0,91.0,0.5399115234880609,0.26619567370488256,33.78200912475586,29.60735897256423,120.45908737182617,41.85597253164062,57.396583557128906,37.09311981464068,0.38616671893255194,0.26862766368573127,42.69713465372721,30.405781111376104,152.83235549926758,59.22386711866751,84.4080581665039,55.12264144654155,Extreme,-0.15374480455550898
315,-0.9012680380256484,-57.39416342963485,0.6629964444444445,0.3090993333333333,97.8066428888889,2023.0,7.0,92.0,0.8747509272429852,0.015080550624707208,22.462331136067707,7.670596353819338,144.88461303710938,18.33748755322851,91.29203796386719,17.90038271251255,0.8566971991426726,0.01872369310148306,22.659486134847004,7.156334262804854,143.74614334106445,14.9400981863232,90.55961990356445,14.493108256070437,Low,-0.018053728100312583
316,-12.20395987899445,-58.22086609381637,0.095404,0.2209895,97.741589,2022.0,2.0,89.0,0.7019797421219001,0.13141789957620817,43.04164377848307,17.985663326505687,133.85158157348633,12.95691856124562,83.58893966674805,12.960952270818701,0.6978940441576551,0.13613735152126827,42.90026346842448,17.899628540724425,132.01556015014648,13.134551074303053,81.7356071472168,12.318844502832777,Low,-0.004085697964244961
317,34.11590096072911,103.9368428183484,2.022277,0.005996,64.288685,2021.0,4.0,91.0,0.4923140398653061,0.11268364110263651,47.02133305867513,17.583715151889226,122.69404602050781,49.81188111602221,70.86981582641602,43.41517050755237,0.4157975423581486,0.13632997032435218,64.3958002726237,38.906403367876486,124.0521354675293,43.875503166098596,66.82652282714844,39.50405172268888,Moderate,-0.0765164975071575
318,36.49621216020466,4.70846295975096,1.4014045,20.29833625,20.950242,2023.0,7.0,92.0,0.2668816280776205,0.11514891707311466,89.85271708170573,37.432355040260866,115.07424545288086,30.912050817028188,52.962955474853516,26.21592602699574,0.2933533058579234,0.12219620131629588,83.03924051920573,34.662540086948454,124.56192398071289,29.55109976308364,58.946128845214844,24.683044899356776,Severe,0.026471677780302905
319,10.55686780562263,25.45836250944578,1.416272125,0.001213125,57.784592375,2021.0,9.0,91.0,0.6048159784104428,0.08090028057527987,41.8447151184082,11.227535704794722,139.1867790222168,8.91874375078806,93.38970184326172,9.473693330611853,0.545254876605398,0.1018793398482157,43.47367858886719,12.594878829548334,132.55685424804688,11.470988731353986,85.1438217163086,12.765700249126137,Severe,-0.059561101805044814
320,24.26736077860095,72.50726262232314,2.742012,0.4737378333333333,22.80199383333334,2021.0,5.0,92.0,0.3404624904292639,0.12492556552003543,110.06616338094075,30.0125267222692,125.98429870605469,18.991640497962283,72.35113143920898,23.751571475142757,0.3374781002510794,0.11466794417389012,109.76600519816081,27.73242265544692,129.59733200073242,18.09211500343593,70.65267944335938,21.316711292330798,Extreme,-0.002984390178184526
321,-29.91066085046571,-62.59428962755665,0.0320675,0.4189536666666667,63.90481983333333,2022.0,1.0,90.0,0.49701399932393997,0.07187778684347265,52.90286000569662,11.23417404269688,98.40066909790039,10.791206609353528,54.42416000366211,12.646999148703962,0.480429963792119,0.057554245039593444,55.9950917561849,12.252173564613642,100.40223693847656,11.045226414668104,51.09999465942383,15.66187078455634,Moderate,-0.016584035531820973
322,-5.150974696671341,-76.67658052639477,0.004399,1.618482,98.024982,2023.0,4.0,91.0,0.8644165007640368,0.02318345848843898,19.65809377034505,7.690121434921173,149.82573318481445,14.955819484137782,95.61011505126953,14.391441087666683,0.8726399364404642,0.0245568930913253,19.14659881591797,7.743131701048072,150.0494041442871,15.610415699269947,95.76849746704102,15.028793141252422,Low,0.00822343567642747
323,35.04736117537503,117.7878898822249,1.8330622,3.0817352,35.6743992,2019.0,2.0,89.0,0.22659802662393136,0.0945636313954552,97.88168589274089,27.8501405664586,103.59138870239258,22.362263435563055,34.22503662109375,24.78863227937076,0.24678395962475896,0.10583425903349317,99.959290822347,28.647092724202732,103.0741081237793,22.491621814350108,31.6632080078125,28.328968862167343,Extreme,0.020185933000827605
324,1.528040103191017,30.54525538320422,1.5001994,23.3456924,57.0903516,2019.0,3.0,92.0,-0.03466941620710662,0.18823592946287124,39.49773661295573,13.42480360872155,56.15251541137695,37.80808590590622,10.107940673828125,29.4143714001857,-0.11238108455555063,0.032997329583244375,37.98865254720052,7.71136184738497,38.070404052734375,13.012584848382383,0.00357818603515625,0.15139734656074827,Low,-0.07771166834844401
325,38.51658833238739,-5.300293176296094,2.596433333333334,0.2917453333333333,38.08244,2017.0,4.0,91.0,0.30545984823058586,0.11960112740952672,81.26010004679362,39.54233036121245,105.09040832519531,16.518377914907862,48.71184539794922,15.311796382718923,0.28971695310165746,0.1421077923194836,104.62082417805989,48.824332786159005,98.4080924987793,17.289327232524382,39.54090881347656,16.026669602313945,Extreme,-0.015742895128928402
326,-23.69231275692296,34.8682603466753,0.2451353333333333,0.415753,31.162579,2020.0,8.0,92.0,0.34341791315947034,0.09840945095761901,82.26902262369792,32.15774366426594,115.66269302368164,17.29957812299084,58.89891815185547,24.4476233025937,0.38186925142608175,0.10297286099901017,75.66090520222981,28.775211213362844,117.8761978149414,13.771381763381019,63.084049224853516,19.960866134694314,Extreme,0.0384513382666114
327,-7.383219402827478,-48.80252931572917,0.02170666666666667,0.5806153333333334,97.59332733333333,2020.0,3.0,92.0,0.7077206744049711,0.2167825016732342,40.47351964314779,26.332073468356317,130.86316680908203,17.739590646332434,77.88754653930664,18.40958849483095,0.8026078622865498,0.15476618131441094,25.06171417236328,17.101733987365183,136.7408561706543,14.643146516100009,85.08102416992188,13.480357969640501,Low,0.09488718788157868
328,-9.560626195915862,-76.59965116135814,1.486878,0.223348,82.59424566666667,2020.0,5.0,92.0,0.508348505410467,0.09379207897217218,35.98115030924479,14.198890653993617,110.56392669677734,53.00293128765599,29.04096221923828,33.38387418617165,0.5422477244025572,0.08385438693934928,32.83415095011393,14.624451867692722,122.36345291137695,55.78910668177612,38.378719329833984,36.951723726180326,Low,0.03389921899209014
329,18.37345052615529,76.99560499551507,0.2463238,1.6016674,29.2892754,2022.0,1.0,90.0,0.4175369313905426,0.2167337608908036,56.377724965413414,25.148879004874587,117.5750732421875,16.635598675887277,46.48263168334961,21.181249449085605,0.39649110895612705,0.20546879724940453,58.10661824544271,25.76282673772111,119.35365295410156,17.56447642239416,47.14015579223633,21.71876646947771,Extreme,-0.02104582243441555
330,33.94622386175959,-84.37009810202012,1.2206585,1.927225,86.447531,2020.0,6.0,92.0,0.6549540768874691,0.22405735818957503,42.3443349202474,35.88090594975094,137.31475830078125,30.611675659338523,83.28439712524414,29.13069669102674,0.6956766278227315,0.1899678569079917,34.46583684285482,19.071729621112915,137.04629516601562,29.28232738825144,83.20960235595703,27.639769127494986,Low,0.04072255093526245
331,-35.87283777856764,149.5084431645482,1.2379742,12.5749782,71.02334479999999,2023.0,8.0,92.0,0.7221587688145519,0.08634219043596916,25.485753377278645,14.553326136375931,125.90360260009766,19.252677041490834,75.13410568237305,19.80463535060166,0.5997778753254561,0.14495169181262757,47.27493413289388,30.449089701629383,110.82326889038086,21.85358948232783,55.954769134521484,26.621541309748576,Low,-0.12238089348909575
332,11.98364793361185,21.76189648520526,1.528228,0.04333966666666667,63.41264733333333,2021.0,7.0,92.0,0.5033307972358578,0.18642743977931125,80.48506673177083,41.76797897148106,119.87841033935547,18.956483945641857,64.74697494506836,22.21395801755526,0.549870853686448,0.20881653854822751,69.28034845987956,40.34935802362329,123.6728515625,23.720685495406943,71.44541549682617,25.682098262540364,Moderate,0.04654005645059012
333,-15.17669397753532,-45.99952375668443,0.040239,0.044094,85.23289,2020.0,3.0,92.0,0.6867074729444482,0.09906640775032867,33.83253479003906,15.499090714880282,134.8583641052246,9.828335797228673,84.22029495239258,8.896216847907613,0.6843758099739716,0.08663752305063638,32.793619791666664,13.62322275623222,133.26107025146484,8.91530962132626,82.19059753417969,8.571928301527441,Low,-0.0023316629704766
334,-13.31221217592891,-49.04668490256242,0.06862,0.951261,51.254547,2019.0,9.0,91.0,0.46017729007535335,0.21273470112339407,76.38605372111003,31.595832475047445,121.44876861572266,19.429442274313242,65.97074890136719,23.373897563422272,0.48259965042598263,0.22770708763837288,76.10628763834636,34.636524648965725,122.07149505615234,19.975201113232245,65.81745910644531,23.50745752814231,Severe,0.022422360350629278
335,-0.4794052929203332,40.32976275465472,0.92534625,4.25e-06,38.17773,2020.0,1.0,91.0,0.27539248441001857,0.07478223985836613,98.51637522379558,30.76869785082791,114.68159484863281,16.716596559121196,66.94171905517578,21.43066453720638,0.34223771817887894,0.06374117330404655,85.37344741821289,22.007429627035783,125.85400009155273,11.015758522556244,82.20133209228516,13.060648093453784,Extreme,0.06684523376886037
336,38.54285663096221,115.7735092715935,0.780818,0.22591175,46.46812325,2020.0,5.0,92.0,0.36792658704310865,0.18367136912924867,94.74784088134766,42.182270806647495,119.78221893310547,64.54018270826916,64.22778701782227,34.61280509694711,0.3468556463617951,0.18786827877414214,98.5206693013509,41.77026384080666,137.18093490600586,40.40317117484543,75.60799789428711,23.54884914101856,Severe,-0.021070940681313544
337,-28.57640122769944,-54.76919615386176,2.114009833333334,0.4468006666666667,84.75776816666668,2023.0,7.0,92.0,0.6694655079042373,0.21361035841679782,43.16681671142578,21.229389602013512,117.15936279296875,16.89108983870437,64.71416854858398,18.908773553089482,0.6378665542430194,0.24656784854932717,44.352787017822266,21.179822244045763,123.84698486328125,18.669082420700896,70.04074096679688,19.395999567411693,Low,-0.0315989536612179
338,-18.80389736216153,46.15467813798293,0.009396,0.266536,25.407615,2019.0,7.0,92.0,0.3494766747215552,0.1204551666620752,51.846869150797524,26.76986208673498,93.21556854248047,30.007859676859827,26.38653564453125,26.25972699218893,0.3640927971475021,0.11423858457070442,47.756842295328774,23.666126943933566,91.18010330200195,29.495113535958705,24.316913604736328,25.23486590446059,Extreme,0.014616122425946898
339,-27.52290445915469,31.63107055302777,0.013746,0.736696,20.732908,2020.0,8.0,92.0,0.384630904019559,0.12270823571043206,59.303473154703774,12.226817287255642,122.1191291809082,16.21272918313412,67.5154800415039,19.757946220068316,0.3110107490065497,0.08901185916795824,59.8601442972819,15.273315811786503,122.00890350341797,19.504650169822533,67.53347778320312,22.12285385490076,Extreme,-0.07362015501300934
340,15.93769251316164,-91.3571809623672,0.31845,0.172507,84.77636,2022.0,1.0,90.0,0.8324401206246126,0.09616006645700319,19.413118998209637,11.355354630616706,145.35601043701172,29.652246940732308,88.72459411621094,27.315563792780043,0.8269941056606278,0.15602937484437474,18.579996744791668,9.289931102068211,147.12326431274414,35.33550502678328,90.36409759521484,31.191176346706676,Low,-0.00544601496398478
341,-7.168009330499117,-64.56597923809484,2.097074333333333,1.074368666666667,94.67143733333334,2022.0,7.0,92.0,0.8436948283099355,0.018377187825871083,28.238995869954426,7.673108347221105,144.2738380432129,10.107914491329494,89.36102294921875,10.137535866197375,0.8412926609582883,0.0181670541305683,28.394978841145832,7.704038293637029,144.91001510620117,9.343636981464861,89.61707305908203,9.409955387276625,Low,-0.002402167351647222
342,10.09728800343062,12.9963961938646,1.715148,0.004165,71.46566533333333,2019.0,9.0,91.0,0.5488801266859586,0.1184299749288572,61.19489669799805,22.88484745925228,134.9531593322754,16.82285892681807,87.77935791015625,18.152589419007537,0.5584088965793157,0.110530771140692,58.80377705891927,20.308320873569976,138.5393524169922,20.426453014641265,89.40154266357422,20.690581475752666,Moderate,0.009528769893357047
343,4.559913061510734,-54.98164324564699,2.580377,11.326112,83.327925,2019.0,6.0,92.0,0.42310434831311816,0.5883072732514594,63.23037338256836,54.58363035743203,117.87880325317383,49.25950044728517,67.24656295776367,42.36062686200695,0.4754852762448284,0.605763786050518,58.619468688964844,55.286533773142814,121.14778518676758,51.57898734888343,70.11108779907227,43.33759949107244,Low,0.05238092793171023
344,37.6061804757988,23.04803610503771,0.7409326666666669,26.834246,42.9198426,2022.0,7.0,92.0,0.4504056380676431,0.1562549811847424,63.98561986287435,29.291093621724453,138.23775100708008,32.5802088034763,85.31645202636719,30.217860426689107,0.5396797646208711,0.15750074823035107,53.70953877766927,26.303059519739527,133.6639747619629,27.24343313796324,80.33414459228516,25.163618096361898,Moderate,0.08927412655322797
345,-31.30669967281807,151.2733705042795,1.195850333333333,0.061084,89.19175266666667,2021.0,3.0,92.0,0.6726435842088492,0.09145028873529279,33.90463383992513,16.83751596162075,114.7223129272461,24.097358803217265,65.37654876708984,23.808636439217825,0.6860292764664679,0.09823703269563877,32.41062800089518,18.117466994082836,113.19514465332031,18.95186452224309,65.44219207763672,19.537622981620462,Low,0.013385692257618764
346,39.64406720333345,66.59266767581445,0.015925,1.113653,20.788325,2022.0,9.0,91.0,0.4480140480215029,0.21967939946207732,83.66939798990886,46.40316661245369,131.65897750854492,21.930324553601313,66.466796875,19.416541376105318,0.4427284400840421,0.2105412674936542,82.15808614095052,45.63191161176372,141.4573860168457,23.566444933626926,68.65831756591797,16.78039906701049,Extreme,-0.005285607937460801
347,-25.34900013492702,27.95833104587288,0.047774,0.199027,25.950125,2021.0,5.0,92.0,0.3243261917422524,0.06530362137719019,64.50178654988606,20.355962662680692,100.16732788085938,14.099624976430764,49.35565185546875,18.89953876176887,0.31639616224999356,0.07301020175714204,69.50126393636067,23.017755558544813,94.92361831665039,19.839486078554398,40.982234954833984,24.241608594846156,Extreme,-0.00793002949225885
348,38.45815576652485,47.97401624620306,0.9158639285714285,0.07576064285714286,29.73758314285714,2021.0,3.0,92.0,0.23926955211066409,0.10770163318803941,114.08090337117513,31.98228817805645,106.96295166015625,21.76695101182476,32.26685333251953,18.732421624722328,0.2508812668338172,0.12037782112822751,106.75541687011719,30.613954566969646,110.27628326416016,37.40037873776622,39.41456604003906,32.44726042981598,Extreme,0.011611714723153088
349,12.22149509990431,39.14857315898757,0.7872733333333333,0.169475,46.67679933333334,2020.0,7.0,92.0,0.44964490341764574,0.13286491995382707,65.85190073649089,26.348746272904215,133.68086624145508,57.30266739090479,73.10027313232422,43.6228906605929,0.5132645934373096,0.13317404849216652,61.552084604899086,25.74222253576119,139.4462776184082,58.723733863731724,79.4774284362793,46.94127705638375,Severe,0.06361969001966383
350,-23.87963667154875,45.86427196926931,0.6818225909090909,0.006251545454545455,31.33808395454545,2022.0,3.0,92.0,0.40243087657553644,0.14121389515146177,63.60601043701172,28.98330944609137,127.90591049194336,31.79993616507282,56.77111053466797,22.80561671878626,0.41064906831589987,0.1528240372020266,67.10007222493489,30.33312224533142,108.97766876220703,24.93803640552087,45.20484924316406,20.507182058356697,Extreme,0.008218191740363423
351,-7.190654008586478,17.29493191067795,4.774157,0.081509,92.552179,2019.0,1.0,90.0,0.7725103190994105,0.040169174203704076,32.511226654052734,9.993549484068538,136.74021911621094,14.600858527483435,85.19232559204102,13.7315759189528,0.7816497846285984,0.037923555129173565,30.92561976114909,9.812321695893948,139.58594131469727,15.68247045957454,87.72911834716797,14.623744903419102,Low,0.009139465529187873
352,18.53081461851873,-98.27578855122256,3.066055,0.106873,33.212802,2020.0,4.0,91.0,0.3449649185382446,0.15194812525977633,76.6439832051595,34.53903478450989,134.9759178161621,22.18741119531818,80.78232955932617,25.004030170377366,0.34417982212961284,0.1237051731444065,76.82127507527669,32.045021221856125,135.433837890625,15.483699531719294,87.69635772705078,16.758790477449466,Extreme,-0.0007850964086317802
353,34.89506300418221,44.55568675839646,0.1341846,1.6964464,55.14019020000001,2019.0,2.0,89.0,0.6821192877089655,0.2554199848474059,59.689598083496094,43.28723120519245,115.577392578125,16.85808612574195,64.62849044799805,15.889920416169952,0.43651294569644467,0.21480878944010617,90.83923212687175,48.14096951935006,113.57563018798828,24.375904442534218,57.20721435546875,24.908480870309045,Moderate,-0.2456063420125208
354,1.949406285870566,-65.86221960551981,0.032704,0.182149,99.604738,2019.0,2.0,89.0,0.8557286717775696,0.022751684891632994,25.94939676920573,7.995710032818761,146.52347564697266,17.316188766961456,94.32241439819336,18.396288818587898,0.8470843152618985,0.04593152602595318,26.615319569905598,8.284373455348069,146.4725341796875,17.92783089751099,95.0488052368164,18.85898194222063,Low,-0.008644356515671081
355,-5.197070337081975,-55.18032465642644,1.358174285714286,0.4855388571428572,97.74244514285714,2021.0,8.0,92.0,0.8697837848010295,0.02193798677799164,25.207564036051433,8.57024523566113,147.9117317199707,13.479438744283351,92.91904067993164,13.129447372490585,0.8737269281812132,0.02095871316263881,24.521642049153645,8.303693090097559,148.37396240234375,13.245536155602297,92.9534797668457,12.917850582408086,Low,0.003943143380183756
356,-5.693819396553209,-66.06691063844481,1.620873,0.2744378,96.05018620000001,2021.0,6.0,92.0,0.8393112808610113,0.02825754611774855,25.39366404215495,8.259063485374288,146.6943130493164,15.945434041363647,92.95207214355469,16.11422509480143,0.8146777598853432,0.19037475288559524,23.46600850423177,8.060181698083026,144.74853897094727,25.160608134692556,91.4532585144043,22.814930012627322,Low,-0.024633520975668066
357,-4.088298041513795,-60.37421599537825,0.7350424444444443,3.526544,93.76214277777778,2023.0,7.0,92.0,0.8431858151002416,0.016755776919074577,26.496050516764324,7.70866195936936,141.3413543701172,8.560782878928435,88.57597351074219,8.6755703942624,0.8432607788888618,0.016812043841656958,26.08404795328776,7.381185284739939,140.9928436279297,9.073884235370496,88.40092086791992,9.182979092728067,Low,7.496378862015263e-05
358,-32.65790097074684,-63.57743107309757,0.5499332,0.4847532999999999,25.7837567,2021.0,9.0,91.0,0.36704328647256157,0.19301767618474702,87.32613627115886,34.834709954286524,82.27209091186523,20.27121175345482,24.612327575683594,22.742104168488236,0.306597746112395,0.16510173119306973,96.30541610717773,32.89060113511251,79.49077987670898,17.039009184681902,16.94240951538086,19.511659467625087,Extreme,-0.06044554036016658
359,-15.2265248706245,-62.75579411585554,1.0487958,0.0011608,97.6600098,2021.0,2.0,89.0,0.8859505456950956,0.01512204124024292,20.04739507039388,7.115934835222181,149.762451171875,13.436561354300782,90.72309112548828,12.802217730207623,0.8897286928392987,0.015088277481976388,20.099720001220703,7.21176013012984,149.80592727661133,13.086159564084456,91.24934005737305,12.540249132457447,Low,0.0037781471442031034
360,-9.478525889109662,-54.53559842269667,1.009071,0.07743549999999999,76.56014166666667,2020.0,8.0,92.0,0.5936992036987996,0.2608236535768623,53.70967102050781,35.07829241674286,125.78888320922852,25.269602440041552,72.26118850708008,27.27673286255746,0.7015788514802868,0.22623684701294705,41.95199966430664,29.900554948573546,134.1811866760254,21.52868204526139,81.15871047973633,22.69281295489044,Moderate,0.10787964778148718
361,-7.254315094416484,-48.79041964417155,0.09149466666666667,1.711924666666667,91.09988616666668,2022.0,4.0,91.0,0.6749982953414824,0.11596421578010344,39.465040842692055,15.035961229372967,129.40165328979492,13.809044111106404,78.00995254516602,13.653693691335521,0.7161503287554538,0.15735873706508058,35.17038218180338,19.995155059485764,128.8545265197754,18.236692762787747,77.48576736450195,19.47174910300379,Low,0.041152033413971445
362,-7.835267946225024,-59.50794364279056,1.70287275,0.06366691666666667,91.37975233333333,2022.0,5.0,92.0,0.8708589384302741,0.021540108538647667,22.066805521647137,7.247300285218829,145.56918334960938,16.409555016199075,91.30978393554688,15.7339809111427,0.8665604790999168,0.02338779322727182,22.081873575846355,7.41170804491339,142.79619979858398,16.79849499071999,88.69749069213867,16.104147471564385,Low,-0.004298459330357218
363,-21.92435408270114,46.03458343657087,0.045759,0.142702,26.990214,2021.0,4.0,91.0,0.36358642980637845,0.11024400452397899,61.49487431844076,28.304014467530966,84.46206283569336,21.034727964943166,22.001605987548828,20.838624642531887,0.3809068684227572,0.1271381155548138,61.51012166341146,26.675449850467025,74.83035278320312,17.111645853082784,13.320976257324219,17.146127230811725,Extreme,0.017320438616378775
364,30.86288969784922,70.13169142057723,0.5136170000000001,2.061481666666667,23.89306766666667,2023.0,7.0,92.0,0.3030648093725663,0.1597888708416693,99.88551203409831,38.005228500168016,131.26709365844727,23.95647217643823,68.71739959716797,20.967973574499585,0.282050626946278,0.15896312386665332,113.49306615193684,42.448267371823675,141.57526397705078,38.22365331088757,74.26548385620117,28.946078495145855,Extreme,-0.021014182426288275
365,-22.99699460098707,46.55407548432916,1.1770822,0.1341724,22.9454798,2021.0,7.0,92.0,0.29987221034186917,0.12573028380265858,68.6700439453125,30.81847315675659,113.32645416259766,46.897987637554166,37.373687744140625,30.624822720296137,0.3094801109667218,0.13598444443258742,68.13281377156575,30.43475397785821,111.44111251831055,42.74998924540536,38.19854736328125,30.86282145551541,Extreme,0.009607900624852617
366,-4.924779683420979,28.26199013346084,1.967400666666667,0.003240333333333333,71.54648916666666,2023.0,4.0,91.0,0.663359092037723,0.1605358603312674,37.76284917195638,11.854108008721312,141.64298248291016,13.449003287695055,88.08882141113281,13.043161177642014,0.7257109375029245,0.12012726450126776,34.82147343953451,10.40053092197022,140.02687454223633,14.625136894022281,88.66080474853516,12.539786449090972,Moderate,0.06235184546520145
367,-15.53291775356506,-40.89195795126693,1.272105166666667,0.2161323333333333,81.07834566666666,2023.0,8.0,92.0,0.5955055978621879,0.12748016141369162,46.70694478352865,20.247872893159748,123.0915298461914,14.82450976442452,74.4484748840332,16.223518749535383,0.6141321719701383,0.1347294054286761,46.10209655761719,22.50341472747556,126.87835311889648,12.44478003868958,78.18995666503906,14.669910942840655,Low,0.018626574107950322
368,-7.715114616997816,-65.25512663007594,0.4096215,1.68179375,96.72402425,2021.0,4.0,91.0,0.8581834407525548,0.02035515305178163,21.37331263224284,7.157867827212714,144.14085006713867,10.55701378867715,91.30547714233398,10.53985492206869,0.8637735021482058,0.021187722581834108,21.032713572184246,7.272780430288349,144.7784652709961,11.361964978361323,91.95004272460938,11.293689201038736,Low,0.0055900613956509915
369,35.86514383094128,105.114204637651,2.3174006,0.0513432,34.03572920000001,2020.0,4.0,91.0,0.2752969047525702,0.10510387082939797,117.03734970092773,39.225001251422235,113.39358901977539,33.472449726492165,40.106842041015625,24.18502862556876,0.2791946956465583,0.10005129801567778,112.14908854166667,37.73031850369935,116.7955551147461,39.86200069239519,40.42356491088867,25.59175569508734,Extreme,0.003897790893988118
370,-12.53501051700493,-51.06747715529704,0.020866,0.3146205,37.75221,2022.0,8.0,92.0,0.3247066599484185,0.074537335802061,68.92723846435547,24.634422098877202,101.56512069702148,12.159593501791242,39.55814743041992,16.201263545494648,0.4004366044563632,0.2779838627177318,68.08217493693034,35.99973901803645,112.60686111450195,32.26606057819731,61.316959381103516,27.87956653101905,Severe,0.07572994450794468
371,-25.25346618502948,45.079921545221,0.8237371111111111,0.008029666666666666,39.8455151111111,2019.0,4.0,91.0,0.3435961189811678,0.12219328247028105,98.89590835571289,45.71172375531727,112.7718620300293,15.289681660112658,61.20301818847656,20.148131481461235,0.36252388515066514,0.13555343564341826,93.57631174723308,47.02999513595658,113.48628234863281,15.03754338301183,60.22068405151367,20.176235418008815,Extreme,0.018927766169497318
372,36.15557216894538,5.110714065279296,1.086736555555556,21.849332,36.39709855555556,2020.0,3.0,92.0,0.21300752923381805,0.12001966075162532,133.54770787556967,59.296769559979396,107.94563293457031,30.259474423577515,41.60963821411133,18.71545614394353,0.23079826706375073,0.12445600555211653,133.6540756225586,58.37552318196215,107.85029983520508,22.524523303986747,41.22003936767578,16.787803428923535,Severe,0.01779073782993268
373,-4.565140488427076,-61.88955506467046,1.873985,3.905906,91.687238,2020.0,9.0,91.0,0.8092293619240536,0.017660740350448706,35.43584442138672,8.677989197321903,144.5049705505371,9.580142337675953,91.78990173339844,9.556043377968374,0.801788710639812,0.017957432957248512,35.22761789957682,8.229256573041686,144.45670318603516,9.042957061016317,92.1098747253418,9.13268766753622,Low,-0.0074406512842415395
374,-32.47483465287943,116.0937249502315,0.4650844285714286,0.1913068571428571,53.48639828571429,2022.0,4.0,91.0,0.535896622851496,0.31977881003639586,40.29921213785807,47.63820705220212,125.50563430786133,28.474065369639384,67.41331100463867,25.05057019044133,0.48813392469413974,0.30234314473512836,49.29963048299154,52.08789657385192,125.62749862670898,20.33511629803434,63.76317596435547,22.814197006040732,Severe,-0.04776269815735623
375,-19.15328678710211,48.19570115241862,1.616078454545455,15.28246172727273,79.7685341818182,2021.0,5.0,92.0,0.7225192743112245,0.08139716701383559,33.655523935953774,11.193699432771002,137.91953659057617,23.28399599286702,83.55339050292969,21.237587455988944,0.7327243940102903,0.07853899949120037,33.11609776814779,11.735412899895504,138.14908981323242,23.68464004223985,84.25067520141602,21.37928973250955,Low,0.01020511969906579
376,-12.60964066927576,-48.51484875697105,0.032352,2.305075083333334,71.53920025000001,2022.0,4.0,91.0,0.6521629425912074,0.1594968557948232,38.68602752685547,18.48703430238781,137.23627853393555,22.36657540420677,80.20374298095703,22.12159453546157,0.5892230603226434,0.14971297696421998,43.95308176676432,19.731906983156055,128.07955169677734,17.072992253025706,70.73811721801758,17.690735051093924,Moderate,-0.06293988226856406
377,-19.85146892345137,144.8667322234419,0.8515675,0.0924315,67.71373425,2019.0,3.0,92.0,0.5070951544560103,0.05946991498457436,39.73996098836263,12.687733326637943,104.33656692504883,14.008445649596792,47.413368225097656,14.68025796362068,0.48203834247382815,0.06048582813294442,40.56733194986979,13.262387256033584,98.08018493652344,12.801498902391367,42.776065826416016,14.66154926104988,Moderate,-0.025056811982182126
378,32.74627043905079,130.7758452621381,1.031487333333333,18.200791,62.00969799999999,2023.0,8.0,92.0,0.3753605444702752,0.21558916586161464,83.57190704345703,44.525238504496635,134.7270965576172,25.700238671863058,81.09038543701172,24.593781208368913,0.7420559126694539,0.2260672867973099,36.89351272583008,36.45604974287604,126.15890884399414,23.886106241371277,73.83338165283203,23.107059463865614,Moderate,0.3666953681991787
379,-4.361734179333901,-65.11973446015745,3.627800333333333,0.5045393333333333,94.58829766666668,2019.0,9.0,91.0,0.8475224590424659,0.019533701726744068,30.22402826944987,10.238496793654978,147.20460510253906,12.252739082486796,93.6307258605957,12.16025603204951,0.8467844207730195,0.017567199596297513,30.03677495320638,10.34104623984773,146.82969284057617,9.8038236587342,93.42292404174805,10.074661900503287,Low,-0.000738038269446406
380,-19.2225276861118,145.7727616041382,0.4889124444444444,0.137053,49.18238266666666,2022.0,6.0,92.0,0.4650219069174695,0.14237278929088862,53.27988052368164,22.616570782466123,104.39307022094727,17.481145309376256,50.9130859375,17.097870185460096,0.43651123274318593,0.07463391731620875,52.89077123006185,18.05949945888469,103.61875534057617,14.528093815123105,49.9840087890625,13.91826406792433,Severe,-0.028510674174283546
381,-11.36788153530758,-37.2905290547437,4.464753,20.259909,67.677522,2021.0,9.0,91.0,-0.029316662535871618,0.1285823548567843,97.99614715576172,29.182826587959493,50.947723388671875,25.079798303894183,4.545257568359375,17.27932204949891,-0.02951409072395217,0.03986813454858092,84.36926651000977,12.368883305002337,41.261234283447266,9.401554477283922,3.814697265625e-06,0.0019531212747061488,Low,-0.00019742818808055063
382,21.28049224920985,106.0247366270311,0.349737,2.665415,64.968139,2020.0,8.0,92.0,0.4358214022454767,0.18214389600091918,66.30763117472331,25.608375118173146,140.48763275146484,25.03538266895958,82.62728118896484,22.100833702401836,0.42245147700312347,0.23532361637532484,63.13656361897787,28.18801812508049,133.05644607543945,32.20482847650587,76.12376022338867,28.227740124334783,Moderate,-0.013369925242353253
383,21.74645498087575,97.48324754340018,0.5592461999999999,0.0243164,89.1690196,2019.0,9.0,91.0,0.7893795129185008,0.11073749314969226,27.115828196207683,15.217701717204763,143.48554229736328,36.05958390398922,87.96095657348633,32.73195665935298,0.6879568721949028,0.15288588147734733,35.15548197428385,20.120800655444967,139.00331497192383,24.72143556451729,84.35468292236328,22.310399598599602,Low,-0.10142264072359808
384,-17.91882589725736,-56.12980445304086,0.605011375,0.256743125,94.34680399999999,2023.0,4.0,91.0,0.6644597599125888,0.13204807848018,32.86554845174154,19.967384399033634,132.5264549255371,13.726593977720766,78.40304565429688,13.822459474587966,0.6144540109946206,0.167337447337312,39.99776840209961,28.24528552039173,130.7247200012207,13.622542409097244,74.5297737121582,16.132966623074026,Low,-0.05000574891796816
385,-20.76526124832285,30.3745069179059,0.8433105,0.9942943571428572,65.90129042857144,2019.0,2.0,89.0,0.5235278911528471,0.13510601386282176,58.86761347452799,23.095941265775693,116.14508056640625,17.088757141337076,62.105777740478516,18.709141465315287,0.49139016601120744,0.14883584618943863,63.90408452351888,26.33928138418092,116.23302459716797,18.662535404798483,61.89493942260742,20.893321651013856,Moderate,-0.032137725141639706
386,38.77053219218678,-8.214387139221486,0.350045,1.2448455,77.752641,2022.0,1.0,90.0,0.5750421237157153,0.1216806409106607,48.6703135172526,17.9356044855902,101.57600021362305,19.44867876441473,49.291236877441406,16.311701756306327,0.5759111385169238,0.08435586775549805,47.25649642944336,16.510240837362375,106.74767303466797,13.391951552364825,50.9232063293457,14.473613416525412,Moderate,0.0008690148012084897
387,6.662996082151864,32.03191254688687,0.9277925,1.017908,44.1529065,2021.0,3.0,92.0,0.3012952974287373,0.0485692017816152,64.40277481079102,18.768121941351893,101.44168090820312,8.389832168765679,25.919376373291016,14.042068085964585,0.3603061889630226,0.05913183074404112,61.56797663370768,15.956909728551684,96.47954940795898,9.75401934685353,21.730205535888672,14.714257565760468,Severe,0.05901089153428529
388,-26.31935480704556,23.5042968223004,0.000581,0.004535,22.132617,2023.0,3.0,92.0,0.406928719991015,0.0519375926161741,63.85180918375651,19.989362289191796,102.89727783203125,10.633710436320545,54.70851135253906,12.771218803611875,0.4194708588857736,0.05064117919090204,61.41941833496094,17.00351885780031,100.78472518920898,12.152327803016258,54.36791229248047,14.617915901834577,Extreme,0.012542138894758637
389,19.06866729131828,-96.54588778398708,1.49023225,20.095318,40.07564825,2019.0,2.0,89.0,0.25124944162559615,0.06965299971556127,77.36404418945312,18.909830713075365,114.0882568359375,21.073126500331572,61.55760192871094,26.111958015253613,0.286159697310719,0.08960556411037149,77.6931266784668,20.113362479167638,116.67936706542969,18.335922537469376,66.67278671264648,21.300541596475952,Severe,0.03491025568512285
390,26.20183637461808,92.18907359946404,3.733953666666666,2.941906666666667,42.78571200000001,2023.0,2.0,89.0,0.513427953493736,0.1212601646101833,69.7421162923177,16.790870608042543,125.08015060424805,16.529319025132093,68.26235580444336,18.944387408908693,0.4902666055688105,0.15934909388128457,70.24913660685222,23.330498638908413,133.52774810791016,21.534618997550336,76.68947982788086,24.926970845492505,Severe,-0.023161347924925524
391,16.05522266842328,35.44262104431454,0.7479305,0.0965255,24.1800965,2020.0,7.0,92.0,0.26162652808508824,0.11537005562322286,117.83445994059245,34.65138513644835,50.398494720458984,19.097344547044695,1.2485580444335938,5.846208662642878,0.1402632711974675,0.11597395861990516,140.50705337524414,32.00614971186499,80.47666549682617,27.83766549761166,17.936084747314453,24.226242076099645,Extreme,-0.12136325688762073
392,-19.53156972198964,44.77410552486009,1.929072857142857,20.55629414285714,64.53589628571429,2023.0,2.0,89.0,0.5987662311922577,0.18390028843420086,40.37120564778646,17.7643933275323,128.30174255371094,15.157870574704834,73.74074172973633,17.081973525989625,0.6790620562704976,0.19080480173538233,36.55984878540039,18.696535342925607,134.0962257385254,16.11240524438685,81.10671615600586,16.524685238370893,Low,0.08029582507823996
393,20.09332009295656,103.3032462331485,3.2407705,0.0001915,80.33986700000001,2023.0,2.0,89.0,0.6357852874480359,0.16778978149090848,45.82470830281576,17.189597785800974,133.83037185668945,29.731502658128985,82.94394302368164,29.639212454059912,0.6187074421553334,0.16570255980908608,46.80491256713867,18.11393249409919,137.44526290893555,32.58513515526216,85.10977935791016,31.955848440919272,Low,-0.01707784529270251
394,-7.749014097424705,-46.93322113586348,0.252262,1.030196,43.012327,2022.0,9.0,91.0,0.4557180656979085,0.17112843971209832,72.32539876302083,40.53543696102537,126.5444450378418,16.689613028013614,74.4425277709961,18.40466220123916,0.48436352108845426,0.17276106654021278,64.95625686645508,31.364880112774337,128.7291603088379,16.134697138136083,77.05364227294922,18.266412089321328,Severe,0.02864545539054575
395,22.76329678293762,88.25865860237724,0.8026704,5.416187,39.6311334,2021.0,2.0,89.0,0.45682732218964617,0.16426110897721433,64.4739252726237,18.961475846130156,138.22664260864258,25.017564591016686,77.57778930664062,21.286207854093202,0.3281965254506072,0.24898394501451301,75.53914642333984,21.855831004216036,139.21904754638672,44.154915493519006,70.67056655883789,29.72250695180637,Severe,-0.128630796739039
396,37.19696902386775,27.98882051844313,1.59578464,6.6010746,43.04196196,2018.0,5.0,92.0,0.5889256181297178,0.16474863653721464,50.04322052001953,28.298402734766242,125.88982391357422,29.468903519152068,81.3828239440918,26.51300497715969,0.5589407083567224,0.17438278088498685,54.61941146850586,32.03739862123895,136.77649307250977,30.708287891994434,89.2651596069336,26.985044275990855,Severe,-0.029984909772995394
397,-33.90246700512947,150.7025020314189,1.39666125,0.94087575,87.28365000000001,2019.0,3.0,92.0,0.6135968346166669,0.1727853974809042,46.81482696533203,28.566794708859398,107.07868957519531,16.319246940563872,53.02861404418945,19.140440684505432,0.5956465376211937,0.20118063006345263,46.463696797688804,30.93393964824596,113.79251480102539,23.92913382701719,54.32211685180664,21.34877530330073,Low,-0.017950296995473236
398,-3.094734312292417,-67.18299583747509,2.03070275,1.72214425,93.97072212500001,2020.0,8.0,92.0,0.5402215149352454,0.49721530848431894,46.66714731852213,33.80697653444535,120.57851791381836,52.894250485400654,74.05759048461914,40.31643972412133,0.6997076002814088,0.3309762651124843,38.134647369384766,13.737556192928576,138.0555076599121,34.32869058082719,86.78413772583008,28.311602917300544,Low,0.15948608534616338
399,-6.638938760619524,111.2758266032705,0.275324,36.652872,40.921485,2020.0,5.0,92.0,-0.41710871173484065,0.05962565316428115,80.80258305867513,23.6371651744687,65.98040390014648,10.331723754661,0.6031913757324219,2.071307774195617,-0.3537294312435755,0.06397446022946332,73.7968355814616,23.63513193478281,66.13138198852539,10.401501017773796,0.5921478271484375,2.0688213943077765,Moderate,0.06337928049126518
400,-3.216099896722312,25.39960052983341,2.270886333333333,0.0008046666666666667,87.85842066666667,2021.0,4.0,91.0,0.807833669833018,0.0494317962487208,25.152965545654297,6.470306425837594,146.9094352722168,13.922418195826681,90.63956832885742,13.291698212971319,0.7943228065060453,0.09089293515357605,26.498006184895832,9.49162786052372,143.56050491333008,16.23875488078795,87.22779846191406,14.898162860011478,Low,-0.01351086332697271
401,36.1427967681223,8.582740241221614,0.8838246666666668,8.480042,49.19281850000001,2018.0,4.0,91.0,0.26572036277798877,0.09271325774384306,118.40804799397786,53.666930582048806,112.83633422851562,21.40976979820473,57.67061996459961,25.361921928277425,0.2564488122396109,0.0904799397626963,135.19036738077799,56.889780089126674,114.9398422241211,24.156057601251288,57.0225944519043,24.73640848390068,Severe,-0.00927155053837786
402,-21.05389393843609,-59.05955630661718,0.4607092307692308,0.02605238461538461,53.99948292307693,2020.0,7.0,92.0,0.5708799792713535,0.05958515198849891,52.45266087849935,10.733515652901646,132.92345428466797,10.186178116240114,84.9224739074707,13.334271667126078,0.5005987206079698,0.08091214253018442,60.24917348225912,18.0111870956395,123.9992446899414,12.216310200021098,71.38349533081055,16.788854352171974,Severe,-0.07028125866338364
403,20.26820532049201,-76.06822479155632,2.53386,16.31622,76.409715,2019.0,3.0,92.0,0.6996065584154962,0.14472393244368217,53.02212651570638,23.1332787337149,120.06377792358398,15.16470481106013,63.83843231201172,19.962257914274296,0.6204966893737719,0.186903922168976,58.431304931640625,25.1069905230845,117.71782684326172,16.81035928268449,62.16602325439453,20.226977255299964,Low,-0.07910986904172435
404,-31.97067430572547,-62.12713480327528,0.9979585,0.00048025,23.783018625,2023.0,6.0,92.0,0.3538089752108533,0.1321136927714669,73.20032246907552,26.579146782748893,90.63103485107422,14.131155776206603,23.221363067626953,18.631576864098967,0.3759767463847936,0.22576205438658503,70.78446706136067,27.07189817535607,90.84227752685547,15.297965589742374,13.247478485107422,15.280061682092118,Extreme,0.02216777117394031
405,-26.1879448323116,-55.84802546360746,1.5730785,1.792719375,76.80237275,2019.0,1.0,90.0,0.7441140714362013,0.11616438939294507,37.15226491292318,16.678656355567714,123.09567260742188,16.704450538617277,71.5572509765625,16.103566529035646,0.7025574135734747,0.17617753910292397,37.76984405517578,18.38967929595972,126.83627700805664,15.208527272785343,74.2208366394043,14.737251921077023,Moderate,-0.041556657862726665
406,-9.222359691337523,-37.0254101195876,0.6077865,0.201636,49.98449650000001,2019.0,9.0,91.0,0.30663460090728734,0.08167608942758768,82.34635543823242,32.839835521449444,117.03100204467773,24.087981847181588,62.704620361328125,27.840684110236797,0.2725849510247702,0.07055357318719233,86.46076329549153,27.931999268604788,106.98628234863281,19.53194399854182,51.279747009277344,24.133644494843214,Severe,-0.03404964988251713
407,-9.529950697654606,-52.65024142369393,0.6927708571428571,1.402699214285714,93.75656628571429,2019.0,5.0,92.0,0.8655701851506592,0.021908078685824017,21.943480173746746,8.561242282707658,146.73733139038086,9.81098497249261,92.85539245605469,9.828133193112231,0.8696071301581014,0.020623856974270112,21.22113037109375,8.273232359694854,147.01516342163086,12.014024919208598,93.4127311706543,11.855302966656305,Low,0.0040369450074422275
408,-34.59457947329231,149.6856610331755,0.7118185,0.57019575,90.11943625,2021.0,3.0,92.0,0.679753227495155,0.10450518034307643,33.80549621582031,17.38250628545672,101.20561599731445,23.7929471129925,50.6642951965332,27.2292014706279,0.6642158179042927,0.11571876642611455,40.48327382405599,19.297489525572892,99.98575592041016,20.33826911213879,47.94567108154297,22.396750358109603,Low,-0.01553740959086225
409,-16.45619320826612,31.43624434290064,0.2006676666666667,0.1399696666666667,39.38891566666667,2023.0,8.0,92.0,0.24946951353544478,0.08396876762037268,91.26311747233073,29.79303158949962,117.88302612304688,18.391574895426526,63.46862030029297,21.604828163403845,0.26910638979131773,0.08365158153932789,94.7775510152181,32.76378649213359,116.90306091308594,18.58776601039716,62.89866638183594,23.03437973755373,Extreme,0.01963687625587296
410,-11.64070304953026,-65.98089259736497,0.6070740909090908,1.698375636363637,93.33431681818183,2021.0,6.0,92.0,0.832931205196644,0.02095425608506951,26.13162612915039,7.314415289840901,142.78121185302734,9.912641731512856,89.0595703125,9.964881983630958,0.8313752272350712,0.027887761053998327,26.181467692057293,7.458539200488423,143.56907272338867,10.050951150740275,89.27547454833984,10.103257724817096,Low,-0.0015559779615728075
411,-23.6749808941916,32.00820810073688,0.912817,1.128052,46.6620865,2022.0,2.0,89.0,0.5086111845276946,0.06867938078669024,50.93657684326172,13.619157131169162,122.47504806518555,8.249050846268794,75.67305374145508,8.756383565559318,0.5623602794559588,0.07059301550726307,47.53044637044271,12.607532919329772,123.34261703491211,8.390410601558743,75.97217178344727,9.182333393856904,Severe,0.053749094928264185
412,32.13293411777542,-116.0882729037401,2.272299,14.8020475,28.9236605,2020.0,3.0,92.0,0.3576703299687267,0.08597367319874714,55.54784901936849,19.206006776818267,112.36823272705078,14.716811325118593,57.54728317260742,12.766144038554149,0.3383289512193457,0.09182907295248799,63.08236440022787,25.689577510343316,113.18549346923828,14.72765276377041,56.98112106323242,13.513805757278861,Severe,-0.019341378749381022
413,36.61989491648882,42.05373898764876,0.101,0.017455,21.165211,2017.0,4.0,91.0,0.2750342789200819,0.14485220211920052,138.64417266845703,47.75027576805632,93.69512557983398,14.529130958389896,12.021106719970703,11.590400350355399,0.32515507848660263,0.1356092237733658,115.04947153727214,37.97080359345183,96.65071868896484,11.335729718540254,14.738349914550781,10.639145967985256,Extreme,0.05012079956652071
414,-26.2843385871011,-56.08963819990245,0.8697053,0.0214135,93.67551390000001,2020.0,4.0,91.0,0.7116872278849584,0.11616869380463676,33.78221766153971,15.701372806646317,124.25030136108398,14.88362570010536,72.41952514648438,14.55771283914591,0.7265477921233696,0.11372720171118467,30.46553675333659,14.103052781084497,121.5400619506836,16.810237379944635,70.71341705322266,15.917543151128392,Low,0.0148605642384112
415,-5.986423232732776,31.63468778857961,0.2315017142857143,0.342703,68.61146771428571,2020.0,6.0,92.0,0.48793560478048903,0.06197601233678127,44.778944651285805,9.033021157577585,117.06476593017578,11.283917040099292,63.1872673034668,13.253249415689872,0.5106427266786682,0.06442204093263337,44.87953313191732,9.494116858091164,117.15908432006836,10.399309969275238,62.670658111572266,11.90968818071591,Moderate,0.02270712189817914
416,-11.90156279542445,-47.32215767065219,0.6942467857142857,0.4642015,88.12875507142857,2022.0,3.0,92.0,0.6208331701345342,0.1496481587705666,38.99898147583008,15.279449718153396,133.27139282226562,14.676875264519385,80.83249282836914,15.070410914370244,0.7019283173770021,0.11898139931528816,32.05150349934896,12.324561078753405,136.19649124145508,13.070129784731922,83.4564208984375,12.804108066610429,Low,0.08109514724246791
417,32.11348155591618,73.66868794095538,2.0034,0.7410706,65.3646614,2022.0,6.0,92.0,0.6314079846932507,0.25123834037098697,58.694618225097656,25.506383929570223,117.6066780090332,27.306371965926722,50.7342529296875,24.164691037199944,0.5833115405210539,0.2522590966559408,63.91423416137695,28.283878957159665,119.08768463134766,28.695545305458012,55.99970626831055,24.65761215082215,Moderate,-0.04809644417219672
418,12.82332970300808,105.4843673083118,1.934584,2.163918,90.002668,2021.0,8.0,92.0,0.7837944736367035,0.11283948793799195,32.86963399251302,16.46032238064203,144.16034317016602,9.359500390341077,92.50439834594727,9.160460026426831,0.7061210506934357,0.13305942932713138,43.444281260172524,19.619871743824802,139.79380798339844,10.06330042132639,88.71104049682617,10.577886375378501,Low,-0.07767342294326784
419,-6.674819350013372,-40.79414808336946,0.06506733333333332,0.1071411666666667,26.63817766666666,2023.0,7.0,92.0,0.4131335546835686,0.07275698875310581,50.61054484049479,16.549130041522083,130.19649124145508,9.645681368082831,85.90849304199219,11.317907725817202,0.463377478152438,0.06168689564572703,47.8218879699707,15.23179700382863,132.98749923706055,7.632858488008732,87.89384460449219,8.088139397618303,Extreme,0.05024392346886941
420,6.658179103554048,14.18666393953089,0.034582,0.002068,99.317443,2019.0,8.0,92.0,0.6629864581338434,0.09431370537498694,37.797993977864586,12.230548207355126,139.50188064575195,12.110276408114927,87.76385879516602,11.123251642752262,0.7120232317386126,0.05096137747871486,32.58563486735026,8.585306934565871,144.75627899169922,10.102517240109735,89.17455291748047,9.914104595911173,Low,0.04903677360476921
421,-13.31574610280708,-53.64943234161171,0.9658333478260871,0.1812088260869565,68.91548791304346,2020.0,7.0,92.0,0.55024339779402,0.2925762191056653,60.993951161702476,39.190760105865145,115.5456771850586,28.22902752082549,59.41164779663086,36.515638041443374,0.554952731819069,0.2829324463717002,54.36253356933594,32.934191210620696,117.11441040039062,28.811279575758327,61.989620208740234,34.175668221080116,Moderate,0.004709334025049028
422,37.17040142093931,-8.477932338973886,0.03818333333333334,22.65652683333333,22.602185,2017.0,9.0,91.0,0.40489308247535805,0.19777224969908283,57.93499247233073,39.08012314955603,117.86970901489258,25.320842275200032,64.30077743530273,23.971103883990796,0.4883888600369593,0.2141561040050424,53.927232106526695,35.98983643628731,121.46851348876953,20.08323725331041,67.28852081298828,19.81218750685746,Severe,0.08349577756160126
423,25.31752532551593,-111.7901777496264,0.6281236,15.666909,39.4863204,2022.0,8.0,92.0,0.4504351773699017,0.24619660246756558,88.95742797851562,48.07581795576637,93.12440490722656,19.656908558028814,35.86050796508789,22.9908629964506,0.40511325724155844,0.23619175513992371,92.63881301879883,46.98408038755541,93.74674224853516,18.91852106716444,32.51131057739258,22.362691591582912,Severe,-0.04532192012834324
424,14.07277089320431,76.77115415758496,3.5630125,1.197883,30.4603905,2022.0,4.0,91.0,0.32516283136681184,0.17979251398512003,91.6857172648112,43.02598882393526,120.72868347167969,17.36102379202002,56.29172134399414,23.067280938517047,0.3221524724253113,0.14204020767726486,98.7269172668457,42.65577229071986,117.70294189453125,25.474822348383164,54.81005096435547,27.58348766563759,Extreme,-0.003010358941500535
425,36.81687593284804,6.275125973137904,0.8939225,15.09882983333333,46.02484233333333,2022.0,2.0,89.0,0.7409542443235075,0.15200027039099204,29.68709945678711,19.999836920989797,129.62731170654297,25.318393283016178,75.66812515258789,23.55437883784001,0.6978689715322126,0.23304826648947136,30.311033884684246,21.352261826362408,124.75265502929688,26.831432436070664,70.12873077392578,23.563825401148126,Moderate,-0.043085272791294926
426,-27.07155189704157,-64.62567910062772,1.179829,0.116729,52.49777544444444,2021.0,4.0,91.0,0.37539939755989893,0.17018729465475813,70.2242825826009,30.89820192583207,100.37055587768555,18.723242175540133,34.04878616333008,30.104033907262547,0.3362273379463634,0.18167983766577292,78.8071797688802,35.286719362962366,103.51548385620117,12.163468072992059,24.832717895507812,24.122285549469268,Severe,-0.03917205961353554
427,37.96278621371833,-108.0539456096608,1.0955775,0.2271206785714286,53.83274735714284,2019.0,7.0,92.0,0.5904617189297667,0.18369632105010714,43.96675237019857,25.436119290163663,123.27533721923828,35.06047537550407,70.24937057495117,30.5006425756176,0.5631210392567709,0.1879642830710545,49.035614013671875,28.54073618144334,116.99023056030273,35.05053310780451,62.06543731689453,31.38602752137951,Severe,-0.027340679672995805
428,-36.6435075742103,-61.39536785689859,0.0229385,1.128762166666667,49.56304166666666,2022.0,4.0,91.0,0.5138656479638328,0.12882949988024114,46.59307352701823,24.34929234823359,104.86208724975586,17.993526676546747,37.05293655395508,17.52813860634488,0.49240203910306946,0.11239860094519807,50.661566416422524,24.11022347024747,98.55246353149414,17.039142253430725,32.75636672973633,18.279959438989334,Severe,-0.021463608860763372
429,37.24391525530163,9.346123393744875,0.273,26.707235,21.435934,2017.0,1.0,90.0,-0.02245678806603313,0.22872151061316506,38.64122009277344,52.38385527408499,51.522037506103516,10.948182333894326,0.9266166687011719,6.733203285009569,0.2210311371454456,0.35050782102040984,44.359640757242836,51.24705728565676,76.34600830078125,32.65246780107027,24.95636749267578,30.99685314150429,Severe,0.24348792521147872
430,-17.24754360977648,-55.33886632099644,0.9037065000000001,0.2139885,95.60663037500001,2019.0,3.0,92.0,0.6148979659350884,0.11500913570929411,42.61179987589518,19.220027104797982,128.03615951538086,11.973199519299316,82.03531646728516,11.654900773352352,0.6511213717453614,0.07812013104903134,32.59375,11.167409236377718,130.1957244873047,9.907605728714444,83.18497848510742,9.288588828063952,Low,0.03622340581027306
431,39.53258045744825,-111.2855935341923,0.001221,0.2460386666666667,29.67781866666667,2023.0,8.0,92.0,0.5639225840148656,0.2079519049253684,41.1380729675293,27.088319892881238,116.72724914550781,29.867067588836694,52.6991081237793,27.15132288170375,0.5967429630683148,0.19010571211665797,39.0957400004069,22.206829307298484,111.16508865356445,34.016458592549036,50.693721771240234,28.788120653485265,Extreme,0.032820379053449145
432,37.23067685290745,118.1338643489232,1.064073,1.213762,30.50368966666666,2019.0,1.0,90.0,0.37849125431716113,0.22133656157456685,82.50182851155598,35.94272641192733,93.96714401245117,22.33736506744252,11.76906967163086,22.56072307749436,0.27795217166300357,0.19832641216452296,95.39568456013997,40.449680170780105,109.25177001953125,31.728157350402405,21.838424682617188,30.4848699292107,Extreme,-0.10053908265415756
433,-2.034511941841615,31.25402075666844,4.846454,37.643564,49.25178,2019.0,1.0,90.0,0.3091328057469731,0.4200234301155823,50.584556579589844,25.259927268784864,98.41067886352539,47.31310553202134,53.00617980957031,36.66262717623049,0.6080416322661675,0.13703715583708234,52.293633778889976,19.44393275430606,131.2181282043457,16.072643382698946,79.74624252319336,15.92093061004565,Low,0.29890882651919437
434,39.49005723293907,118.1572955028202,1.894802125,24.819480125,34.38673775,2019.0,8.0,92.0,0.5140911270104058,0.22545843054148088,71.36418279012044,35.262275221941024,134.70331192016602,24.317902194555717,69.63521575927734,17.8020283370818,0.5123640719662208,0.21041281301427422,68.06876118977864,31.933982176017157,132.7225456237793,22.771909028799982,66.06882095336914,20.746888757146845,Severe,-0.0017270550441850219
435,19.04639508578577,-96.28139309824932,1.0673812,19.6087064,52.5448124,2022.0,1.0,90.0,0.5076334426361697,0.1323493890860212,61.76377614339193,20.123900507847825,124.89461135864258,17.501490439897335,75.85641860961914,18.07179488260952,0.5421269350473273,0.15937860543788995,56.378517150878906,21.050032634560626,128.02054595947266,18.4302479426701,78.58237075805664,19.11211857718585,Moderate,0.03449349241115762
436,20.63320823883811,105.4509804000782,1.573704,2.482481,67.561364,2020.0,3.0,92.0,0.7831224226941824,0.1384821846702359,25.90571467081706,15.552026038827279,145.1964225769043,31.858574498757992,89.45653533935547,29.629367217624303,0.7142454676644789,0.20198355329058484,31.524173736572266,21.03537660055025,150.07089233398438,27.443899918452068,93.43448638916016,26.903170339196134,Moderate,-0.06887695502970348
437,12.77180181097822,-87.29103621958461,0.77442,36.75754766666666,21.470857,2020.0,3.0,92.0,0.4672391635588724,0.14252362340610875,53.131726582845054,24.751476562750927,138.00050735473633,24.451147063678867,87.91390609741211,24.80531571752395,0.38471291256000484,0.1404554984207567,59.67504119873047,27.460474825392925,131.8318328857422,23.044349414793135,80.05912780761719,23.55600796974576,Severe,-0.08252625099886757
438,17.01137270231985,79.49385206201242,2.2700305,3.0369935,67.3101275,2023.0,7.0,92.0,0.6890377927775749,0.18198896610309712,51.61046473185221,23.281284234207547,117.03314971923828,17.288729981125698,55.0523796081543,17.810823893138185,0.648112698320952,0.30834127495399316,49.79120381673177,22.298379679875016,112.19800567626953,27.145571897814044,52.28360366821289,21.36509934713482,Moderate,-0.04092509445662296
439,-15.87471717869449,-52.21407909650669,0.2375288181818182,0.1856455454545454,34.97695154545454,2022.0,7.0,92.0,0.45194328141102913,0.1624453204758732,66.1796162923177,31.966840254962598,128.78675842285156,27.164210359911607,73.67697525024414,30.089686012950832,0.45159632642444336,0.17757358558275457,66.81349182128906,35.479575603316185,123.95164489746094,23.32399934956632,68.86623764038086,26.576513610314745,Extreme,-0.00034695498658576795
440,-9.827609323687206,-69.29370785031279,2.2229085,0.06368566666666668,96.12982783333335,2023.0,6.0,92.0,0.8184459820899974,0.03492902442160927,27.56811269124349,6.968670578629724,144.45883560180664,13.086741433295408,90.97380447387695,12.688368761405739,0.8085134892321661,0.07520247728118111,29.14401626586914,10.41976609132512,144.31502532958984,14.272780373530352,91.04420471191406,13.912230400194392,Low,-0.009932492857831265
441,32.76041430504628,-110.1679441114464,1.384432666666666,0.09970433333333333,39.845732,2021.0,8.0,92.0,0.5072658070161395,0.10754926104585401,65.16442235310872,23.06634627357084,111.8902587890625,14.253605833413427,57.628177642822266,13.847237121079004,0.5424571012148931,0.09631805106938557,58.48276138305664,19.50436040580063,117.34815979003906,20.143112102664816,62.97924041748047,17.97518471596152,Extreme,0.03519129419875355
442,9.107824031172,76.56964344766953,3.2097815,39.09532849999999,51.6840695,2022.0,1.0,90.0,0.6253111705463267,0.17583520929102595,49.585367838541664,17.964662788978075,138.36931610107422,25.874748710185404,79.17092514038086,22.215492008146313,0.7013915924948453,0.13980001227707275,43.849220275878906,16.13570932969636,144.01044845581055,16.343913193151426,84.46056365966797,15.175136266044861,Low,0.0760804219485186
443,-31.94304347920258,-56.98297381654834,0.9819884285714285,0.2713056785714286,91.68685675000003,2022.0,2.0,89.0,0.6171306665475065,0.08569382752014276,50.91821161905924,13.051910941061315,101.83294296264648,12.89381220528996,31.715259552001953,16.003953101898666,0.605187698250262,0.08407420542432413,51.465667724609375,13.034796924897488,103.61850357055664,13.950406201451756,32.46957778930664,16.229891425933587,Low,-0.011942968297244505
444,37.50134454468312,14.51950600871092,0.7649762222222223,5.342065000000001,25.61790922222222,2019.0,5.0,92.0,0.18266294083802448,0.10644135194137133,119.34851201375325,45.91616978609572,107.86152648925781,19.90670545038984,35.51931381225586,22.3985598011048,0.1777288825392347,0.08719958729443542,120.57673263549805,45.89957949001956,109.42950057983398,19.854783348088432,36.433128356933594,22.31593187285182,Extreme,-0.00493405829878979
445,35.91880201114743,61.57496564621266,0.652473,0.065813,21.764901,2019.0,4.0,91.0,0.4863963699500573,0.11174359739133477,84.062074025472,24.96551227181517,81.16928100585938,20.960363855960573,10.044235229492188,13.27954105622274,0.49225088261570704,0.0777788232372049,86.47671508789062,22.09348967407725,87.03363037109375,17.602214127185604,15.346240997314453,15.266575599006064,Extreme,0.005854512665649736
446,-8.399430232736744,-47.90360811552054,1.821844,0.549415,90.631187,2022.0,2.0,89.0,0.7160859354183948,0.09736927793161372,39.96658198038737,14.972147906620037,135.5068016052246,13.896517984732103,85.11428833007812,12.091672721363127,0.7211383663855875,0.10674593219017203,40.69718678792318,15.80180201881711,138.06251907348633,12.97209493862312,87.89690399169922,12.420390371567047,Low,0.005052430967192656
447,12.44970482292094,23.23482620344487,0.048975,0.000282,30.836901,2021.0,5.0,92.0,0.30767684508409987,0.14082576054447424,110.47564061482747,43.021050547210265,85.94857788085938,25.86649369405239,22.633625030517578,24.35661876802057,0.37962419718257934,0.13142851156435234,95.66079076131184,39.41429858815594,95.6073226928711,20.66469850961788,37.48410415649414,24.603243420323636,Extreme,0.07194735209847947
448,-14.44720444656443,-73.42717639742308,0.093185,0.245669,65.511078,2023.0,2.0,89.0,0.3526917601933981,0.18113592081826463,59.125186920166016,20.007232382658064,125.78216934204102,30.26497098191476,34.75821304321289,24.104199376598565,0.3310693735328267,0.2193101209087658,54.60256830851237,20.704959951251034,117.15496063232422,28.196366512238217,24.939743041992188,21.289704350012137,Moderate,-0.02162238666057137
449,-15.76993156602736,36.33447722372966,0.7184496,0.2862339,33.73774179999999,2019.0,9.0,91.0,0.29074656152693024,0.12165032341847148,72.09095637003581,20.744909828019328,106.33580017089844,16.272756069974758,42.3327751159668,22.350773774712913,0.304162782023667,0.11817893966860359,73.58114115397136,21.3788052633817,106.46317672729492,14.747936627516527,44.50923156738281,21.188255423487718,Extreme,0.013416220496736742
450,-14.32963373365158,29.31792339394849,0.8533284999999999,0.586629,80.6098045,2021.0,2.0,89.0,0.5340647376282561,0.1145271293643087,49.05365117390951,21.05197841550124,122.93152618408203,11.387043187749757,71.88779067993164,11.558076639323353,0.5178374482564108,0.10767911851737705,47.949755350748696,20.022602299790922,122.0566520690918,11.776187958309963,71.39391326904297,11.64359457193998,Low,-0.016227289371845366
451,-13.59100939210435,-59.93991992170322,0.7426727083333334,0.002935,89.98864266666664,2023.0,6.0,92.0,0.6235277654508664,0.21033086949934704,47.59574508666992,28.207876407760786,122.2116928100586,22.964190621492918,69.53937149047852,26.386279520687317,0.7001602098459898,0.2007631671794022,38.58904774983724,24.749379519152537,128.98368453979492,21.415866376408726,77.13851165771484,25.569813222080512,Low,0.0766324443951234
452,-30.65195967166598,-56.33064033480689,0.6790499333333333,1.423953066666667,80.82793473333335,2021.0,7.0,92.0,0.5953399470252208,0.1255147625745141,47.09027608235677,16.35955628795453,97.95919036865234,18.308400126090117,27.382606506347656,25.6613267404693,0.5822281261088027,0.07620725110891981,49.82922490437826,13.447093355166814,93.46902084350586,13.01990663636629,19.292247772216797,13.753063846260297,Low,-0.013111820916418049
453,39.13874488577969,-123.520803541949,0.751667,32.42115041666667,54.28175933333333,2019.0,7.0,92.0,0.838368799650766,0.11615978720771179,20.918075561523438,13.171379554744819,135.11610412597656,23.259242712898818,80.82578659057617,22.712520272917615,0.8706781869226319,0.06546756642609325,18.452662150065105,9.761044219035423,135.12459564208984,24.61105435561061,81.22883987426758,24.00574735527179,Low,0.03230938727186583
454,-4.41179845249323,-63.69563804538723,0.4221043333333334,13.974903,84.32606866666667,2020.0,5.0,92.0,0.8489064597517881,0.020192537484069396,23.773160298665363,7.616773756651966,148.45530319213867,10.38600958633757,94.770263671875,10.460202747549046,0.8491698669231482,0.020235232816226554,23.171558380126953,7.473880682734843,148.3375358581543,11.002061965267023,94.44239807128906,11.019830378505445,Low,0.00026340717136008607
455,18.62958784258549,81.25371324090167,1.037261571428571,0.220016,38.86567128571428,2023.0,2.0,89.0,0.3494828250004478,0.12482841519315638,70.6703503926595,25.26827604209905,126.61861801147461,23.679704702840798,62.557804107666016,22.391258095083554,0.4555962491980734,0.1289016405100183,61.168688456217446,21.548731187021062,130.8843994140625,20.392877782777987,72.67121124267578,22.020947427715047,Extreme,0.1061134241976256
456,8.601617495439612,27.15781403554666,2.934693,0.007551499999999999,45.462772,2020.0,5.0,92.0,0.4419546535616803,0.11331671409572704,67.58915583292644,18.65781983719256,125.63904190063477,11.678529295260534,68.6689682006836,13.988970324887237,0.5007199620052631,0.10791749932660794,65.84107462565105,18.950961856068073,127.25759506225586,10.942586425103723,70.01302337646484,12.456521910979655,Severe,0.05876530844358285
457,-19.92790089724267,-50.64361659661913,0.6491034999999999,5.957704000000001,51.22356425,2020.0,4.0,91.0,0.36457540450168524,0.28105249673193017,61.25060780843099,36.038119280095245,101.97163391113281,25.639526051275702,44.7205924987793,26.151650724047013,0.4900797419049683,0.16094336780419155,60.2355842590332,26.665409425711644,107.09846496582031,17.68787229137287,49.43618392944336,20.87025538641999,Severe,0.12550433740328304
458,10.59500270677575,-71.13149315997406,0.960607,31.02518,25.993049,2019.0,4.0,91.0,0.28506326987973507,0.10969681338541107,100.56086858113606,39.90825708820061,120.89007949829102,21.029992043293074,68.69233703613281,24.543027686139656,0.3391280774300065,0.1534429450464302,95.47077051798503,40.3260746790303,123.61519622802734,19.632494745860388,71.12210464477539,22.38228250425992,Severe,0.05406480755027143
459,-9.199881012016398,39.61852576495437,1.143352666666667,32.613898,34.155205,2019.0,8.0,92.0,0.12073703887307019,0.3022131002530511,32.57509104410807,23.398140115903114,64.93061065673828,42.02778078226738,21.802040100097656,37.99455970514844,-0.07043292441224747,0.049327258608934776,20.08098602294922,6.3338505717963285,34.62372970581055,10.22782337912843,0.0,0.0,Moderate,-0.19116996328531766
460,-19.15501859004605,140.3747548240695,0.10537,0.00574,28.965196,2020.0,3.0,92.0,0.3438817037794504,0.10180338310192015,73.73843002319336,30.283929806108695,87.96443557739258,13.969746658017051,28.11457061767578,17.62339147557579,0.309529956372133,0.11756774859925437,88.712158203125,39.040337818398115,88.40834426879883,15.139557166803739,25.007965087890625,18.327669948788113,Extreme,-0.03435174740731739
461,-17.31525546100296,138.6608905115713,0.9459735,0.1642580625,31.9967333125,2021.0,4.0,91.0,0.43129766261712754,0.06672659428622384,57.804901123046875,21.59092257662812,98.74402618408203,11.049320563405182,50.37823486328125,12.644733568605197,0.4234475905421302,0.05357407021638662,56.22739791870117,20.876196630843932,99.19935607910156,10.79839514558212,50.7166748046875,12.07699123590875,Extreme,-0.007850072074997327
462,-23.79284710558384,148.8474934701695,1.249352,0.805619,20.63965933333333,2023.0,8.0,92.0,0.2573919158108524,0.13108615987324904,69.02919387817383,34.21049048646233,93.94818496704102,26.044448360285315,27.499465942382812,23.086220050786512,0.29712285520992676,0.045278268906200306,65.3400052388509,17.24977644841572,70.02392578125,17.11129768751172,8.931602478027344,14.964978295342169,Extreme,0.03973093939907435
463,-31.92742312405823,-61.79790095027947,0.4535741,3.2088376,39.4835698,2019.0,5.0,92.0,0.3951306659536158,0.12181870437051147,60.14894994099935,21.431392030208745,108.22102737426758,13.910876168946507,40.30687713623047,17.693732140243913,0.49846858035896524,0.16877319219620648,52.50024668375651,20.68632480789663,108.83175277709961,12.988239023696922,44.901573181152344,15.127687375157883,Severe,0.10333791440534945
464,38.51725747613236,29.04437232838182,1.357958,0.311532,46.203789,2023.0,3.0,92.0,0.4789067534427256,0.1560676755797688,66.37154134114583,25.05910408922226,112.64151000976562,19.672562280181612,47.51480484008789,20.36006792623131,0.47987796442976466,0.1780397858905295,68.9393539428711,31.349065582508395,112.25011825561523,18.057129744289497,53.10991287231445,18.229191670412657,Severe,0.0009712109870390617
465,28.85158247706596,-109.0024615917351,2.22393325,0.453663,85.64333775,2019.0,6.0,92.0,0.7675759435757334,0.08760166336473599,39.62774531046549,15.078147024203792,123.82339096069336,30.6324286053782,72.54929733276367,28.318109217268486,0.672517811671554,0.10108565733892322,44.23674774169922,14.126480919951995,131.8575553894043,32.38430652227502,76.08321380615234,27.990560764395855,Low,-0.09505813190417944
466,-11.89351959772942,-62.43564891665052,0.4350397777777777,0.07961566666666667,89.68505922222222,2023.0,5.0,92.0,0.678304608589855,0.1579528949726283,40.819112141927086,19.63116616139345,126.45490646362305,17.876434369917323,75.2203369140625,17.587362952315203,0.675070874927048,0.14693205494069778,44.07380930582682,21.247660120325715,126.51585006713867,19.584949045684326,75.71471786499023,18.92463697193962,Low,-0.0032337336628069924
467,-19.43604051036077,-63.18864465698417,0.995491,0.057487,80.480331,2021.0,4.0,91.0,0.5930549406100454,0.07725395921123626,33.97342300415039,11.025971905936542,133.13957595825195,8.239190170543463,83.63330459594727,8.808213439097809,0.438622526201506,0.1393463772270319,51.88827133178711,30.387119125373033,121.9158706665039,17.724701232079372,71.68860626220703,19.861203658668778,Low,-0.1544324144085394
468,32.84661739703654,-109.0721547213893,1.575731,0.01245225,34.336993,2021.0,8.0,92.0,0.3933925205508242,0.0917036005236229,76.9189567565918,26.52536907002516,113.79534149169922,18.87715612271114,54.129005432128906,17.127738042570787,0.4689598618406894,0.1099520843328645,67.19010925292969,24.458827583456845,116.71452713012695,24.95611440756213,59.299705505371094,22.00816430731835,Extreme,0.0755673412898652
469,-3.443159120216713,-54.87128988235207,2.003248,1.707252857142857,90.81605485714284,2020.0,6.0,92.0,0.7792651910351127,0.19553753107610813,37.8596560160319,28.198867864724917,144.19732666015625,17.92455829055097,88.00922012329102,20.575741544777927,0.8151835359258861,0.10947780331322174,32.65326054890951,16.264134589589716,144.12646484375,16.007257655792273,89.4763069152832,15.706309296313602,Low,0.03591834489077339
470,-10.89400656138594,-60.56587551576312,0.1313945,0.1840405,99.273753,2022.0,3.0,92.0,0.8649130858045737,0.023237439268390305,20.019713083902996,7.008137594875068,148.54357147216797,11.361587552681307,92.38925170898438,11.469308908027365,0.8676994622367147,0.02083366201665867,19.350699106852215,6.679751636398567,148.5104751586914,13.329088538590534,91.89415740966797,13.087715202753918,Low,0.002786376432140969
471,38.47037845572501,65.85330939456196,1.2881725,0.51747875,41.594644625,2020.0,3.0,92.0,0.4549689462823068,0.11267020303761352,76.77998479207356,26.516386673968626,56.60171890258789,19.44933953676123,3.0506134033203125,9.02759907699316,0.5009200660910835,0.12662800870324262,71.02858479817708,26.266731123362774,49.18888473510742,17.578632628557955,1.8807716369628906,5.628953186309884,Severe,0.04595111980877675
472,-14.01774279654987,-50.70642982443812,0.8679303333333332,0.5443348333333332,35.91005216666667,2019.0,8.0,92.0,0.3425134304871307,0.21369712124776635,95.11888249715169,49.32785474992917,106.81342697143555,20.946231663342612,50.17973327636719,25.256507993196553,0.3223213331739436,0.19921694152144992,98.33822123209636,52.99962089464068,106.8856315612793,22.47404611702651,50.71712112426758,28.15399236178825,Extreme,-0.020192097313187052
473,-4.910754758568629,-58.89976040268817,0.4793914,2.1271062,96.30570759999999,2023.0,5.0,92.0,0.8530845002944716,0.01971233783138561,22.695616404215496,7.74444681114898,143.47353744506836,10.180334354533771,90.5031852722168,10.009561800572996,0.8545526050313583,0.02016960575408223,21.983510335286457,7.400599488214996,142.888427734375,12.919039873046282,89.5146369934082,12.377335120066823,Low,0.001468104736886744
474,-21.25090636806961,-44.40996739406205,0.423684,0.7719035000000001,89.88296975,2020.0,4.0,91.0,0.6601644026938067,0.15494013221476596,40.059452056884766,20.46259180106496,124.63582611083984,20.328627891143057,68.33882904052734,20.908936152252956,0.6391762012478073,0.17252186551302107,37.14289983113607,20.839255661746673,124.43327713012695,24.749584537470238,68.48435974121094,24.830904411942385,Low,-0.020988201445999444
475,-15.87360496742816,-59.92824505160293,1.045985571428572,0.3643941428571429,40.86665871428571,2020.0,7.0,92.0,0.4284195677127727,0.13275726134539617,62.995320638020836,26.839356027618646,109.49706649780273,26.300588906090343,55.909019470214844,31.758763229684142,0.5007438954639554,0.12553736188261932,54.546251932779946,21.64822010221627,120.79903793334961,21.263236746999485,69.6280288696289,24.692502915304296,Severe,0.0723243277511827
476,38.55795176210799,-106.7259776258554,1.172396,0.232514,39.10927325,2020.0,4.0,91.0,0.525642556928517,0.20005456427036236,56.65341822306315,25.72973565376959,116.13827514648438,24.976440299757314,59.592308044433594,25.803023796160517,0.4878942118749876,0.1570818108859922,57.40043512980143,26.04014696016018,115.42874145507812,23.19517755129888,60.04268264770508,23.960000196900694,Extreme,-0.03774834505352942
477,2.358811338834045,19.80576935859622,2.945903,2.9257,93.172914,2023.0,4.0,91.0,0.871294463893264,0.0496534301771899,23.89207712809245,8.882076265200334,150.0257339477539,14.410981155494953,94.64583969116211,14.04899150483893,0.8691919851702323,0.0453712418231904,24.054588317871094,8.936319092565224,152.04669189453125,14.008528222401003,96.18607330322266,13.61910459261323,Low,-0.002102478723031709
478,37.16219180541644,118.4170447501185,2.173881,12.8394965,36.740236,2019.0,9.0,91.0,0.4173578196385799,0.21789750480063166,87.50670369466145,44.4070640044891,117.54168319702148,24.317744262863595,35.72323226928711,27.05016418737435,0.44545110343945415,0.23698610997530598,82.50439834594727,43.467557696112536,110.9197769165039,17.215654642137853,30.085872650146484,22.493890222769856,Severe,0.02809328380087428
479,-33.07226909693035,137.672392660191,0.1287515,24.818098,25.915225,2019.0,5.0,92.0,-0.895774790126211,0.08581852760653495,18.114153544108074,11.075138895427134,26.86548614501953,9.443774182260668,0.0,0.0,-0.8751793398375298,0.09964054463537152,15.164747873942057,9.397435297749333,27.954635620117188,9.582391637143028,0.0,0.0,Severe,0.02059545028868115
480,-33.11335791582884,150.5949785450746,0.2077755714285714,0.1669632857142857,75.89898271428571,2020.0,4.0,91.0,0.6845979646804494,0.11861621070568722,22.15518315633138,10.031981526412194,121.4596061706543,25.517972579182885,65.52582931518555,23.515026329532482,0.7077901051850866,0.11023630596464269,25.046274820963543,11.69750243733587,110.31836700439453,19.068015552136224,52.55512619018555,19.095654019277696,Moderate,0.023192140504637138
481,-20.25340206946215,-48.61263055971668,1.167597166666667,4.3313685,80.02140533333333,2019.0,3.0,92.0,0.714320497379391,0.23314767181555282,38.49689610799154,14.220952211458538,129.38204193115234,19.47025245520418,73.41231918334961,16.19734189118747,0.6708749472831927,0.29973889522995417,38.48043314615885,14.648708543727347,124.83036041259766,25.921667216772626,72.33477401733398,19.453648333099725,Low,-0.043445550096198216
482,-14.78821203443847,130.3193365582424,0.5723393333333333,0.5375044444444445,39.42822866666667,2023.0,4.0,91.0,0.4488269203589539,0.09527520730984163,54.09055201212565,17.526935031213807,102.8899154663086,11.374238909824523,44.844058990478516,12.579262899730017,0.48385974925361097,0.09888806927441521,53.80938975016276,19.00152023465325,111.31441497802734,18.01768782663515,54.318092346191406,17.572605638654096,Extreme,0.035032828894657086
483,-12.0948370996298,-57.06410082916346,1.601829916666667,0.21797625,74.97912141666667,2021.0,8.0,92.0,0.5569106823601868,0.28214004450596736,63.95121765136719,44.8709815662327,126.53005981445312,24.06881996516375,67.67033004760742,31.050765192615664,0.7152826263860543,0.1869957819751901,43.348899841308594,30.033874222788167,136.94113540649414,19.19410007153414,82.57339096069336,23.29168475775806,Moderate,0.15837194402586752
484,22.25186627279572,98.73512764045635,1.077828333333333,0.1032618888888889,72.03292777777777,2019.0,3.0,92.0,0.7396151843636005,0.0932580192722286,38.83035405476888,12.718956832327065,124.14305114746094,33.220820857841844,73.85197448730469,31.826173614054625,0.7386990744247708,0.1397632234958895,37.928321838378906,16.784379796372026,152.4784812927246,27.929500560247163,97.52879333496094,26.513635018671703,Moderate,-0.0009161099388297345
485,35.12428652226427,-118.461120864545,1.553836428571428,0.267786,25.15093814285714,2023.0,8.0,92.0,0.3536084267410393,0.13386896559407713,88.3529167175293,39.16335467783147,95.33308410644531,35.062208228335734,28.60352325439453,27.64144163666545,0.3135392831657777,0.11576481681964829,102.66744867960612,53.702659698127746,99.27744674682617,31.547986008957476,32.61465072631836,28.649130843822512,Extreme,-0.04006914357526159
486,7.642043927181945,17.04378139779175,1.0921945,0.1292455,96.9080505,2022.0,5.0,92.0,0.712956916967456,0.14898379362964556,39.096360524495445,13.978838172221916,138.3446502685547,16.932070327046866,80.9655532836914,18.07918561389925,0.6845381247467437,0.10922311650229474,43.97137959798177,13.954667940488374,136.72252655029297,14.078011347638519,79.10531616210938,15.695096239181536,Low,-0.028418792220712308
487,-24.09263541456822,146.0280589386805,0.2773562499999999,0.01108666666666667,38.93149316666666,2019.0,5.0,92.0,0.38996154576016906,0.10922517044451482,58.56769943237305,30.6818209180147,95.96598052978516,10.429231141694785,44.40310287475586,13.053938651466845,0.4582533769241195,0.10508100609047728,44.66784413655599,23.32884587986612,107.0951042175293,12.013385611725823,55.14156723022461,10.850901120384234,Extreme,0.06829183116395043
488,-25.23777022167621,-58.2143816601759,1.118507666666667,0.300754,96.69811316666666,2021.0,2.0,89.0,0.7437158606616574,0.11279887910877369,37.310115814208984,18.19524046333574,138.53508377075195,16.690507520288037,86.79949188232422,14.2876681864185,0.7498044653200289,0.12020466297440957,38.13370895385742,19.400408718299246,141.69633102416992,17.68178047268216,88.95490646362305,14.911112307718595,Low,0.006088604658371466
489,13.37569989354417,-86.880734346455,1.530503333333334,0.008663166666666666,39.434214,2020.0,1.0,91.0,0.3594704321885268,0.12096038552865349,64.47945404052734,26.409356230313854,121.24235916137695,22.49124443049468,67.13405990600586,25.416396756386934,0.37114368810631526,0.1016258141598727,56.61908086140951,20.71397422946203,118.38502502441406,18.96844438478085,65.37872695922852,21.66004640702473,Extreme,0.01167325591778845
490,36.31895622504048,-105.6535597197489,1.4656178,0.0605684,34.54603580000001,2019.0,5.0,92.0,0.26463018626077944,0.16626219154903332,106.7616704305013,39.41095579721407,99.20311737060547,17.40076131936262,37.94232940673828,20.446504540947945,0.3742651226228262,0.1583673745758288,84.36076227823894,37.47731646520564,109.3036003112793,20.343294749710495,56.4381103515625,21.28945490449205,Extreme,0.10963493636204674
491,8.25928156949064,125.7041472601522,0.372451,5.871654,90.788364,2019.0,6.0,92.0,0.8038370668037977,0.19716833001425924,33.025779724121094,21.156327994487818,149.31366348266602,21.648292655678905,93.22133255004883,20.437263236735273,0.8264118844435171,0.15238635124442845,30.656391143798828,16.40062858248537,148.79062271118164,17.11779554630322,92.5720100402832,16.324813541027453,Low,0.022574817639719358
492,-34.38334725099189,119.5463688530809,0.255669,28.783882,28.893885,2019.0,4.0,91.0,-0.5796696202053615,0.4153908818578002,11.335405985514322,13.010106712291533,75.87937545776367,14.725053119576557,1.97845458984375,11.1531551244641,-0.7235463389234735,0.33086535888360713,11.1848513285319,16.170903778950887,81.57502365112305,12.970157484019547,1.6138572692871094,10.246753402148288,Severe,-0.14387671871811203
493,-7.471934630371479,-75.17579978239765,1.973044,1.208067333333333,94.38165416666668,2023.0,8.0,92.0,0.7931363612374634,0.16952568634000012,34.054508209228516,14.54485147265927,139.67879104614258,24.175255033649492,87.7573127746582,20.11435313404913,0.847389981116103,0.0755576677032479,30.343372344970703,14.634692295756755,145.64118194580078,15.917479964718751,89.94125747680664,15.584588662445949,Low,0.054253619878639525
494,-29.28637981842297,-52.61471593232733,0.8517863333333332,0.458308,85.891646,2021.0,6.0,92.0,0.712149176240684,0.18987479435418578,31.331732432047527,21.583767870142363,128.06143951416016,23.760831306954003,74.0909309387207,23.2188702199882,0.7116491508747425,0.16514096680503876,33.39731470743815,19.24458684896521,122.03935623168945,22.9326097612288,68.23953247070312,22.4946436357304,Low,-0.0005000253659415144
495,22.90088279170846,94.68221207740896,2.810872,1.504809,90.225917,2022.0,8.0,92.0,0.70932778939396,0.13598925156016867,48.86398442586263,22.825222026893567,146.5263786315918,12.309094509621707,87.5135612487793,13.134596709787553,0.5304614512338859,0.36188341968977733,60.12509791056315,35.38164871589475,124.50074005126953,45.95628900074398,66.83512115478516,35.94873559113263,Low,-0.17886633816007413
496,24.53457073366388,90.85042721566872,1.1881543,8.643457100000001,59.3499322,2020.0,9.0,91.0,0.40884854937366655,0.3038070837220241,59.357348124186196,19.09915730402102,118.45214080810547,40.415876526477966,55.6972541809082,35.6834943395171,0.3550330417272719,0.317736073990813,61.55107116699219,21.242878001720026,115.90954208374023,41.39808973850685,52.62293243408203,36.949027049395006,Moderate,-0.053815507646394645
497,-20.46605536825088,-51.3805419766275,0.9004581176470589,9.770355117647059,43.56699082352942,2022.0,6.0,92.0,0.4723966674268114,0.20708013142167533,57.21091842651367,27.351378710000134,117.4018783569336,25.83124961272263,67.70915985107422,28.213194900180063,0.4140985930660326,0.13874469534789952,63.75944137573242,25.179937557888028,105.57479858398438,19.637901715746573,53.372100830078125,24.254852108118662,Severe,-0.05829807436077883
498,-22.89330691358521,-53.7146635739706,0.1861360625,3.3084341875,39.19499218750001,2021.0,5.0,92.0,0.7048439637936781,0.1401842928139733,28.94587580362956,10.502488050627695,129.8435287475586,18.213383964306068,81.8814811706543,17.072803864169614,0.4638265093140026,0.17190629020396914,51.14054616292318,25.595836821251304,107.34274673461914,18.427675227266754,61.341896057128906,18.931670872317646,Severe,-0.24101745447967549
499,23.3091702288716,-103.1216047275562,2.29556,0.059077,39.720964,2020.0,5.0,92.0,0.30915801009596944,0.16873027896736992,105.58835347493489,45.45525721281776,111.64319610595703,22.095425831007628,45.393951416015625,25.107747534213026,0.5294797646650897,0.24844266680744012,73.43894958496094,43.27783340718321,110.91428756713867,18.862218824364703,45.665531158447266,21.961899199016706,Severe,0.2203217545691203
500,34.33608424267311,37.90059658364103,0.5779015000000001,0.008444,34.6173465,2019.0,3.0,92.0,0.21193223832341346,0.05211859182938358,172.45818201700845,51.14087066584539,129.5836944580078,28.384523230010803,55.747459411621094,29.593551574362014,0.18921985480227477,0.04913649923354553,179.82613118489584,52.73575149960944,124.04401397705078,27.642225335266414,47.75553512573242,31.77596815772952,Extreme,-0.02271238352113869
501,-15.22230552531799,39.64325858371228,1.866561,0.04449866666666667,85.41345583333333,2023.0,4.0,91.0,0.6988786059251311,0.1198337662766168,34.11747741699219,13.70155857327673,130.86658096313477,12.34278462854817,77.64987564086914,12.043046281772348,0.7313640406446069,0.1015894336580652,30.986473083496094,11.777128359082253,133.37522888183594,11.434853333851944,79.93491744995117,10.968890610642076,Low,0.03248543471947585
502,-11.88697502887506,24.64057315813469,0.5592983333333333,0.02501204761904762,58.24123028571429,2023.0,7.0,92.0,0.49404918573580403,0.12023227952950105,44.42905934651693,10.009771927141193,122.02240753173828,20.484443193350018,69.06693649291992,23.949686118070712,0.47623354349519786,0.11695968008273246,45.37517293294271,10.722177858683619,123.49785614013672,16.92016579350062,70.61226654052734,19.592547949776918,Severe,-0.017815642240606167
503,-10.0240466586206,-55.3215301779987,0.6819789230769231,0.3941536153846154,78.41901507692309,2022.0,5.0,92.0,0.40923658307917865,0.19921767769282095,79.39998118082683,42.112109508456705,106.866455078125,21.177308536094547,53.00912094116211,25.831815291288507,0.38562130365021074,0.20267613285307623,79.71234766642253,41.87232688725069,104.10691833496094,22.85067700715822,47.54887390136719,28.16722063086522,Moderate,-0.023615279428967906
504,-20.64710855798956,33.20488139676459,0.6468351428571429,0.02159985714285714,39.40596571428572,2019.0,8.0,92.0,0.2359524948486751,0.07626129321956998,70.93876139322917,18.63164388958179,98.16910934448242,19.979368842454488,38.76686096191406,25.79673995147408,0.27523964711846816,0.08141049602259597,67.59862391153972,17.177765525438886,104.891357421875,18.69799284126966,51.11898422241211,25.23868343177431,Extreme,0.03928715226979307
505,36.33324446431217,-120.36929752024,0.5490809999999999,0.1350086923076923,31.77658761538462,2020.0,6.0,92.0,0.33150686818215735,0.25281300714517096,104.62975056966145,45.940747180474595,96.4260025024414,32.000553400293605,31.235332489013672,35.15045042785358,0.36804058775583715,0.29765377152121414,111.47485987345378,58.51811430085316,113.45679473876953,22.729627156823636,41.36643981933594,31.18374689432858,Extreme,0.03653371957367979
506,-13.12236980460082,31.08388113252371,1.086408125,0.6471459374999998,68.34730743750002,2023.0,6.0,92.0,0.5080026631355281,0.0777860643561567,40.3255360921224,12.158446379656551,111.58873748779297,13.366355282541294,56.91889190673828,16.05441038667961,0.5065403276207121,0.09352918582389126,41.48920567830404,13.806151177723532,111.62890625,16.122768277234115,53.914283752441406,17.878591958819985,Moderate,-0.0014623355148160044
507,26.66053465001642,82.52293887420694,0.187152625,1.471033,58.070988875,2020.0,8.0,92.0,0.38696461440007546,0.3027828171098409,77.89322153727214,40.72993969927539,116.0549087524414,33.433445288176614,59.42928695678711,34.082567666373116,0.5344855375175122,0.17162517790203458,61.62347539265951,24.693775726152943,131.99871444702148,16.305944134355865,76.03154373168945,17.433539283512633,Severe,0.1475209231174367
508,-25.79616605726005,-56.60328935395295,0.1073999,0.0306172,92.6725835,2023.0,6.0,92.0,0.6417556646767943,0.12760284879916975,44.14434941609701,18.047672589794672,118.48441314697266,16.226282072285326,68.75386810302734,17.793393145252516,0.6398297656165959,0.1453427737633546,47.1720822652181,21.085980886701304,119.2729721069336,16.721768704499112,65.91151428222656,19.08011036236058,Low,-0.001925899060198466
509,-27.65101964453778,-53.10695918599725,0.1947434166666667,1.26404425,82.59108516666666,2020.0,5.0,92.0,0.6965943956011131,0.20143568679646198,33.682989756266274,18.037866961760997,122.98979949951172,23.455075662967953,69.60942459106445,22.498238317026296,0.7377077106125931,0.1434453671091602,31.916549682617188,17.49716582545399,122.44720458984375,24.721249406925068,69.51211929321289,24.03994823705758,Low,0.04111331501147997
510,-5.634769714307126,-41.26439544916156,3.0520231,0.0143929,33.74801369999999,2020.0,8.0,92.0,0.3477024424898474,0.057779404910774816,71.31757354736328,28.707948531848274,129.8650016784668,15.779807757281064,83.54088973999023,18.380705040211524,0.3629930752384496,0.059911069510055266,68.64531326293945,24.822993054295754,129.34057998657227,13.59678088941382,82.0324478149414,15.314836596139509,Extreme,0.015290632748602206
511,-14.4430004003832,-42.59557245387697,0.95124,0.01511266666666667,47.07985433333334,2019.0,8.0,92.0,0.47191634650931835,0.11981916918002342,67.66260019938152,25.42733923284681,126.93452453613281,16.48522682965729,74.8216552734375,18.4835756984387,0.5045434690650268,0.10699410975799692,62.06941350301107,19.015067827833967,132.63024139404297,17.13564346222039,80.55133056640625,17.064380281787795,Severe,0.03262712255570843
512,11.04861139247088,19.40774841712138,2.932599333333334,0.001674333333333333,44.21239600000001,2021.0,4.0,91.0,0.4278796922390029,0.1477673720809059,73.17081960042317,25.625537660407776,115.84310150146484,17.104221715714445,60.04756546020508,26.10615465130072,0.4207181477359825,0.10431871653916341,71.01788330078125,19.382559090978027,114.8586311340332,13.73404364401319,60.56377029418945,17.451479098966622,Severe,-0.007161544503020423
513,-9.875741109435154,-64.70893949805291,0.3698867499999999,1.75709175,91.40033874999999,2020.0,6.0,92.0,0.6795098790150941,0.11305912587542348,45.04882049560547,16.381680650650758,130.27547454833984,13.388658181886658,78.16027069091797,12.723080867279737,0.6319744166975285,0.13173894573376715,48.809583028157554,18.205174445471553,129.33392715454102,12.483909629758841,76.94375991821289,12.00534762635454,Low,-0.04753546231756556
514,28.60879378337151,68.85003360142102,0.941948,2.796895,28.11476,2021.0,6.0,92.0,0.05111542008445369,0.019584152658434013,192.88571802775064,46.3266981470377,76.29141235351562,24.84825931550596,11.068962097167969,18.037208596354162,0.05232472099887886,0.012532324009778498,196.73405965169272,44.58546079754202,77.26478576660156,23.574652470052293,12.973724365234375,19.31029579530945,Extreme,0.001209300914425171
515,-4.27299274670218,-47.54272586998778,0.8954215714285715,0.02498942857142857,73.71019614285714,2023.0,5.0,92.0,0.5435924011206298,0.24532440031057606,64.00824864705403,36.05408765306278,123.83414840698242,18.334413536299458,65.17450332641602,24.333697913830925,0.6800468186939774,0.27295818803429256,48.61672592163086,37.156681006497266,131.34212493896484,23.54247667067596,76.10876083374023,25.81613585202696,Moderate,0.13645441757334764
516,-13.52555017612717,-74.57133594383068,1.017477333333333,0.06771533333333334,33.75269766666667,2019.0,5.0,92.0,0.33972348473511094,0.17507559078471585,78.59333801269531,41.9611392396502,92.82832336425781,40.88779633499771,18.509735107421875,26.250139301911776,0.3978925391900665,0.1543537058349697,61.5873908996582,27.117300599394884,93.29071807861328,36.68546531924049,20.210514068603516,27.500780668873322,Extreme,0.05816905445495557
517,8.262615104241029,12.51284527471628,1.7722448,0.424613,87.69019740000002,2022.0,8.0,92.0,0.7086932895712836,0.05782500513130705,40.615456899007164,11.089150298372203,134.31778717041016,10.866342614571492,83.02239990234375,11.02759013084837,0.694052854285701,0.057270474756916406,39.824745178222656,9.946853127858246,139.3332405090332,16.27757296155525,87.94628143310547,14.72866487800303,Low,-0.014640435285582676
518,-15.38866220561308,-72.0656046499928,1.944751,0.65235,23.944129,2021.0,4.0,91.0,0.18808076251889916,0.11026257582640638,86.37185287475586,29.320506559839988,108.31164932250977,35.83973870606301,23.41089630126953,28.447488876825023,0.16997592516369986,0.08948573367895753,97.5804328918457,39.53310764805991,104.01876449584961,40.19287684219615,22.10040283203125,29.98696434350116,Extreme,-0.0181048373551993
519,-15.52847185168694,-58.16376425961086,0.7273453,0.1008145,89.1411351,2021.0,4.0,91.0,0.5397199228566736,0.21997440467778112,54.257999420166016,28.648309430205135,122.41077423095703,17.56232330225363,68.46876907348633,23.903803706441053,0.6054660758586863,0.22522002932899846,45.92419179280599,27.482280975228367,124.28689193725586,21.252351762498943,69.72785568237305,24.93103493868022,Low,0.0657461530020127
520,22.93302327704841,91.83726936120746,1.316325461538461,4.799308692307692,85.26945746153845,2019.0,9.0,91.0,0.7557966419577369,0.12963133558968726,36.04797617594401,16.51995990429961,153.63014221191406,21.111636122407283,94.03412628173828,19.214672489108203,0.741583075386794,0.12922339705742794,39.06377919514974,17.10084240432063,150.21073532104492,19.09468571780687,91.12246322631836,17.372020390540698,Low,-0.01421356657094286
521,-30.77397652779512,147.7640590823093,0.718906,0.7555871666666666,35.4387235,2022.0,2.0,89.0,0.46758677202553645,0.08981659623959061,55.396933237711586,20.15918609521433,105.10514068603516,11.54446408468346,56.0244026184082,13.497936641606314,0.39539551426073843,0.17449852511580818,67.0811030069987,32.19605937025511,99.40337753295898,16.009898062569384,44.79973220825195,20.455913975786604,Extreme,-0.07219125776479801
522,-18.95703041562203,-43.0463233236903,1.611033285714286,0.1099398571428571,59.51648442857142,2021.0,7.0,92.0,0.565356073173465,0.20455265686439553,50.34192911783854,25.495438308406893,126.15750122070312,28.18884159724342,74.77633666992188,27.266307757755857,0.6219456717266034,0.19948328709907126,45.2377815246582,24.23433869350382,127.65061950683594,25.303033631735747,76.86492156982422,24.56185445332566,Severe,0.05658959855313839
523,21.02871892221262,98.86447179694926,0.573825925925926,0.1687421481481481,74.15891703703704,2019.0,2.0,89.0,0.6235715229931724,0.08292360596399863,46.30795542399088,12.681110621473247,135.91706466674805,36.018731854820665,84.77032089233398,34.2316126925913,0.5535822652869484,0.11106906591029463,50.89059702555338,16.80961518665417,124.24114990234375,28.683472957341156,73.0083999633789,27.89250321270733,Moderate,-0.069989257706224
524,25.38473785894729,72.22686612255018,1.5620415,0.0027715,22.8502435,2021.0,1.0,90.0,0.3561661254317414,0.16621607331735636,118.11859130859375,45.893766851510065,102.61349105834961,18.69087005414004,43.66192626953125,22.06339014034984,0.33308458637013416,0.1733792025615813,126.38301086425781,49.62370195501191,100.38592529296875,20.045002156970064,38.76413345336914,23.19550089912253,Extreme,-0.02308153906160726
525,-23.359451480841,-44.90664565491969,2.29263175,35.2243385,57.043068,2019.0,8.0,92.0,0.6322520765170928,0.4130115150072719,32.86965306599935,20.23364574686011,120.85892868041992,53.53859288586111,69.78547668457031,42.57136961115875,0.8713410024015502,0.03341136253040157,21.90806833902995,7.939684271438503,155.87568283081055,31.317469014311996,97.38330078125,29.03977776591464,Low,0.2390889258844574
526,-14.21844786377913,142.3477478454503,0.364525,0.0193346,81.197046,2019.0,5.0,92.0,0.5921243611757632,0.04872537372025776,35.193548838297524,8.80809689091736,114.18607711791992,9.198150968140297,64.82542419433594,10.283367407436094,0.5436428641419297,0.06489181390675373,39.93865839640299,10.546867514205777,111.04614639282227,10.211643329130565,61.654296875,11.689765751354182,Low,-0.04848149703383342
527,-14.47172364408727,-48.94489583020501,1.496204857142857,6.262375428571429,44.41396371428571,2020.0,9.0,91.0,0.44617835754572166,0.16545404807914577,69.19660313924153,32.09176205064361,131.00591659545898,14.401073106326876,75.90449905395508,17.061643489125466,0.35699732284502206,0.22373559895691142,102.35169728597005,63.70975826396658,119.68327713012695,17.536106295170704,58.41389083862305,26.55115439122677,Severe,-0.0891810347006996
528,-36.35135918185941,141.9351532941257,1.386488333333333,0.308577,76.77326800000002,2020.0,5.0,92.0,0.5558587759466374,0.20879724303374556,56.57019933064779,27.850343037233973,86.82308578491211,20.06055441000374,24.669055938720703,15.503410449972158,0.6240912006713049,0.18881915145709702,44.25631332397461,23.216608527130038,93.03046035766602,15.258914502489894,34.35603713989258,16.021622231938828,Moderate,0.0682324247246675
529,9.044218879985934,31.81163600840404,0.22923,0.517404,96.493298,2021.0,7.0,92.0,0.7457492294934092,0.10044042118449696,31.253028869628906,18.27970356405348,143.39949798583984,12.675931446218529,91.8487434387207,12.83903376376485,0.7160924285954919,0.186980687150307,30.22803243001302,18.126854970023185,143.36915969848633,14.098965079087884,90.43464660644531,14.162933505348375,Low,-0.029656800897917224
530,-18.74161049768229,-50.39447706283318,0.977151727272727,3.914286090909091,63.68128690909091,2021.0,4.0,91.0,0.36773638911067597,0.516425740402522,41.31267801920573,15.610359045305874,96.71265029907227,37.250955342021406,44.82255935668945,31.55685497290939,-0.08167663189607932,0.4001354164522116,35.36538569132487,17.43168089311015,58.71996307373047,36.38281766324319,17.917530059814453,27.57913820525864,Moderate,-0.4494130210067553
531,-21.14613055473743,-47.95719620351747,0.64290825,0.241138125,71.102093125,2019.0,5.0,92.0,0.5577311936925926,0.2088710423848148,51.35137939453125,23.20224189075841,106.03303909301758,18.01422752640719,50.19014358520508,19.6510854264034,0.6143024697120647,0.2193737764062265,49.88605244954427,23.684753820608353,112.33602523803711,18.361909476911137,56.107357025146484,19.271027972486795,Moderate,0.056571276019472094
532,14.07037414684049,105.1738171092379,1.5964162,2.0540636,58.6617398,2022.0,1.0,90.0,0.37840672887444393,0.1328512135776993,76.91266250610352,27.237637068356623,122.76025009155273,13.172637657884659,60.20409393310547,17.409909595163956,0.4219906276698616,0.1500586231915928,77.21769714355469,31.344212869402522,123.67635345458984,14.756159020859663,63.18800735473633,18.75179282785342,Moderate,0.043583898795417686
533,-12.80678977840167,-45.84155866708287,1.1757677,0.0159711,36.94163930000001,2021.0,8.0,92.0,0.19195430034066874,0.09009727110732381,128.79449335734049,49.0284170107712,76.6908073425293,24.66791617233965,14.584571838378906,22.48816819461231,0.19650072455254453,0.1124970582797977,136.5702921549479,55.04421858992152,80.58334350585938,29.47675268131518,19.641056060791016,27.811330032260233,Extreme,0.004546424211875788
534,20.66128947913331,81.58392529265097,0.03981766666666667,1.873696,88.73924800000002,2022.0,8.0,92.0,0.5109118086199371,0.18936836324117426,77.35151799519856,34.760614280903056,119.62530136108398,23.85121177827355,59.798675537109375,25.22835851416101,0.45521284327524447,0.23062884707141426,77.23064041137695,33.857268752174974,116.84294128417969,26.244181075496655,57.22779083251953,27.97244880628811,Low,-0.05569896534469265
535,38.996982811059,17.17021902042555,1.915146333333333,39.075269,46.09961000000001,2023.0,4.0,91.0,0.08088146237369531,0.16427699947008387,61.55820083618164,25.86526463589665,54.26076126098633,37.15097915275413,14.12200927734375,27.363639505656394,0.005842284097413941,0.02910167002143841,51.01577504475912,5.285802235221291,38.97645568847656,8.63784247121263,0.0,0.0,Low,-0.07503917827628137
536,-34.08647452312997,115.0915379051542,1.7857485,26.462129,56.7284495,2022.0,9.0,91.0,0.5440520232667818,0.1917942129645967,63.37186050415039,37.22833688780464,109.8494873046875,20.742815853378794,60.8864631652832,18.718387026131897,0.5724734396682223,0.1932196122708764,60.23420715332031,37.70130942982004,112.57880401611328,19.571085749389443,63.03870391845703,17.613630516534762,Low,0.02842141640144047
537,-19.24469735670727,-61.80922882171967,1.6741938,0.0003562,81.4077662,2021.0,6.0,92.0,0.5205454303001034,0.036823665723924565,38.251190185546875,5.6724433871651625,135.89810180664062,7.436455685800965,91.43549728393555,7.792981311563259,0.5342749350813847,0.04381500022112883,37.98479207356771,5.749639539969363,136.48954391479492,7.185483789653689,92.09322738647461,7.575964831833031,Low,0.013729504781281321
538,-35.88636489225038,173.9897910285384,4.115146,39.161208,52.924007,2022.0,6.0,92.0,0.7403411810259586,0.2023238227748554,38.854888916015625,17.86604038024885,118.00138092041016,20.57105682337112,69.39405059814453,18.601993495115327,0.808684678479807,0.08452805974242361,33.72866185506185,18.971320087193888,116.88723373413086,25.34034591496017,66.46954727172852,23.94269626051205,Low,0.06834349745384838
539,22.52810095100819,75.97573553866025,0.6545172222222222,0.7183961111111111,31.42683544444445,2020.0,8.0,92.0,0.5186927693144552,0.14456008211057386,55.12430318196615,17.65355166606631,140.63999938964844,24.191415555363132,80.23622512817383,23.882974681574396,0.5395046608742629,0.12508016614201178,52.64871342976888,14.561706412994814,143.47421646118164,21.38550436487489,81.94689559936523,21.505272838263885,Extreme,0.02081189155980767
540,20.73620535704318,106.7702809642787,1.6688915,9.042924,75.7759955,2022.0,7.0,92.0,-0.41648032739349006,0.3201490625406249,65.59799448649089,13.637628795921376,57.14201736450195,28.831052807711362,8.571338653564453,25.650442743167826,-0.5379003468874182,0.060722400880434554,62.17733256022135,10.004928849278915,54.55942153930664,12.339147924296013,0.02446746826171875,0.4174530700008227,Low,-0.12142001949392811
541,39.85752440208141,0.0529869847831605,0.019917,36.566511,37.903711,2022.0,1.0,90.0,-0.3613690192249983,0.14823707656957685,10.205540974934896,6.742519192539012,56.59584426879883,9.214943084943911,0.000621795654296875,0.04691155180155441,-0.34447836468982374,0.15780816340236023,8.802117665608725,5.7023847658832985,48.49848175048828,10.443528568193992,0.001922607421875,0.07849111008229755,Moderate,0.016890654535174576
542,-26.01278770559653,144.8827430535259,0.0104365,0.169525,22.103633,2019.0,2.0,89.0,0.4442265927251503,0.1644166839529258,46.512254079182945,26.777189415817293,92.34463882446289,16.42956056558666,35.40345764160156,20.86479501378046,0.4085946669956648,0.17513056698564156,46.828590393066406,30.1834823987135,94.29328918457031,19.076525797317444,35.71992874145508,23.975667734425514,Extreme,-0.03563192572948548
543,-8.71020224897439,-62.94296800401136,0.8857162857142856,0.6027437142857144,85.45742457142858,2022.0,7.0,92.0,0.785688846496555,0.08946728404562072,34.99353281656901,10.017566707831348,140.60527420043945,12.033260147474742,89.6201286315918,12.335436070617916,0.757318271369229,0.11813788893021436,37.69837951660156,12.174589098987152,140.65659713745117,13.127596284975697,88.50913619995117,13.717906899067057,Low,-0.028370575127325992
544,-21.9265008001113,32.76709863691156,0.1534731,6.14e-05,47.5709682,2020.0,4.0,91.0,0.3505102955026018,0.06293848017951144,80.3837521870931,23.37048449928833,104.4605827331543,11.129927789188525,51.22764587402344,13.506293208192579,0.3771369557376829,0.07072000114673875,71.81906382242839,20.48705645653993,104.11967086791992,11.798887582683005,51.3377571105957,14.306592983025244,Severe,0.02662666023508109
545,39.56379094168926,48.15089970995308,2.159452333333333,0.2132296666666667,32.679878,2022.0,2.0,89.0,0.5077048600103629,0.278905983983451,71.34572092692058,37.873737029955954,102.85388565063477,17.877318159340852,37.885223388671875,20.46657559804159,0.34719863504970894,0.26103045135430175,80.73376210530598,34.28511789441331,106.94020080566406,20.076309783490228,32.402217864990234,20.671839158587378,Extreme,-0.16050622496065392
546,-16.7858328927308,-59.70353215789864,1.6827555625,0.09717406249999999,73.78124106250002,2022.0,8.0,92.0,0.6086253861193427,0.04300845987796327,46.581644694010414,6.325735161264926,140.86928176879883,7.742039111919206,92.03348159790039,8.046057474213939,0.6228513008442178,0.04111159773678254,46.69849395751953,6.567618242976816,140.64951705932617,7.11150210679069,92.57754898071289,7.3343439145941005,Moderate,0.01422591472487511
547,11.81407860023587,77.84197576567061,0.8393067142857144,0.961660142857143,29.60229571428572,2020.0,2.0,90.0,0.31638330518756086,0.13197085241973028,89.2933464050293,33.572639867987526,132.38629531860352,23.068994516731905,66.57043838500977,21.604522301890906,0.2974499597198572,0.10080426990203237,91.66100819905598,32.276588240116254,129.68961334228516,22.827802742060555,59.38276290893555,20.228183150916873,Extreme,-0.018933345467703644
548,-12.66293310287709,27.86752046453515,0.1244664666666667,0.2236428666666667,58.21610040000001,2023.0,5.0,92.0,0.21682797634421297,0.26956439933452603,84.40848541259766,57.723138589092436,82.06388854980469,44.64408214325666,36.189247131347656,33.055146317880954,0.48148804895205677,0.18493008378141826,54.82191848754883,28.951100983319982,112.14495849609375,21.481337283216988,60.02940368652344,22.2404752216393,Severe,0.2646600726078438
549,-12.56569020391709,-60.0451100160186,0.3051045000000001,0.001256,93.98202099999999,2023.0,7.0,92.0,0.41222469853100563,0.28353999696631516,81.89932378133138,47.12207453841348,111.26016616821289,22.233528933453027,49.82741165161133,31.003539380806906,0.5787876951960946,0.3046648361103492,57.05024973551432,44.06612756437287,120.41905975341797,23.92649621140369,62.27229309082031,31.968186521763627,Low,0.166562996665089
550,36.22570742707478,-101.6125392202209,0.01340928571428572,0.062011,25.4445,2023.0,9.0,91.0,0.3387140675248288,0.23174841212463357,98.05047353108723,44.44746527556982,86.19621276855469,18.284189008214938,12.654109954833984,14.54762944471326,0.25153456597310964,0.15985708097581777,102.78173319498698,36.83134985713624,84.16891860961914,13.323193350702718,10.402877807617188,13.22306609250216,Extreme,-0.08717950155171916
551,23.79218933881497,90.63073431321368,0.0139945,5.901409,53.72457937500001,2023.0,2.0,89.0,0.5005716918095745,0.1525085177774252,58.410542805989586,16.72486519400404,150.1025390625,25.73276051944507,85.9417953491211,20.053940504552216,0.4708945147033221,0.17218293767109843,60.54243850708008,21.629874666462733,144.59811401367188,27.623928170625337,80.48842239379883,22.64238773637505,Severe,-0.029677177106252395
552,-9.769490490100845,30.56791926433664,0.5758005600000001,0.04408828,85.42840348,2023.0,4.0,91.0,0.557887938673133,0.09650245788481128,38.871028900146484,12.103469339087667,116.88637924194336,14.054524214669495,61.56892395019531,12.50665391170694,0.5688773344477909,0.10728604636501503,38.81518809000651,12.952961014768478,118.18243408203125,11.809178974005281,60.5714225769043,12.57059210620046,Low,0.01098939577465785
553,-17.45864807591783,122.3762719434876,0.9864521538461537,15.629388,50.07310638461539,2021.0,4.0,91.0,0.4979475622002383,0.06851020663105518,53.56202824910482,16.90027457621684,114.1894416809082,9.139962068784628,65.517333984375,10.045236738722965,0.516800688809326,0.06726436246138073,50.506849924723305,15.86469850084984,114.44251251220703,8.920395424370277,65.91081619262695,9.681278317230642,Moderate,0.018853126609087667
554,23.12182520084249,-105.4180368019606,2.332468857142857,4.624346714285714,34.44525314285714,2020.0,5.0,92.0,0.6003333009710019,0.1752561792135345,50.63534037272135,24.30607699037882,131.78335189819336,41.02322971280377,80.4003677368164,39.32701969790438,0.5722991279053957,0.14040803958058243,52.32082494099935,24.207379739726814,145.85491943359375,41.944250722480035,91.70929336547852,38.78136032147834,Extreme,-0.028034173065606183
555,10.85731472511518,19.07278382827619,0.679055,0.0,62.279528,2019.0,5.0,92.0,0.3298353293228047,0.0647100435095013,90.34802500406902,18.150030290998235,107.87975692749023,13.16577656248981,49.55735397338867,16.780252913137677,0.34882151168841347,0.06827487148195417,90.02942657470703,18.608934373576055,109.38520812988281,13.474033345534458,49.9069938659668,16.920658470652604,Moderate,0.018986182365608784
556,8.689943386902208,21.46193389217757,4.694772,0.001115,24.643348,2023.0,2.0,89.0,0.3427315467215346,0.11983325713042023,63.13334274291992,15.549395129071232,120.03605651855469,14.558767103064008,66.34197235107422,17.63675676847971,0.33841954799950713,0.09768511987862906,65.12591807047527,15.52572600477358,119.13809967041016,13.352784792266057,63.330867767333984,16.646043716874708,Extreme,-0.004311998722027477
557,28.06508958471977,103.9572339659604,0.038222,0.913243,97.178578,2019.0,5.0,92.0,0.852183153135762,0.0830645488466568,31.97762171427409,16.745814665556228,145.6754035949707,42.98595832473057,88.72563171386719,37.861168496134475,0.8601796820270664,0.05521830050078977,30.517751057942707,14.21979870159813,155.06042098999023,47.1578452998152,96.38299560546875,42.15137411034907,Low,0.007996528891304422
558,16.05277098886667,104.8652835118461,1.016798363636364,1.368472545454545,60.70015109090909,2019.0,9.0,91.0,0.6100292487771193,0.18652740697908174,55.063830057779946,30.750749570787587,130.98960494995117,13.995719074433573,74.78628158569336,14.807820597552443,0.5673080737641338,0.16975461986359053,58.338724772135414,29.007778727967565,130.7553825378418,14.266125426723477,74.83583450317383,14.102989958947752,Moderate,-0.042721175012985446
559,-6.128424416622728,-63.35867253725603,1.466676444444444,2.247664222222222,94.94535533333334,2019.0,7.0,92.0,0.8230185713300671,0.020263261206967177,27.682679494222004,7.3075570335831435,144.20826721191406,10.167945760293073,90.31834411621094,9.84904169113091,0.8252983121662965,0.020205611299440582,27.481990814208984,7.285727061660601,144.6949920654297,10.987021815874646,90.58912658691406,10.582187276504829,Low,0.0022797408362293936
560,11.39919423894401,16.23818351897859,3.795195,0.004345,54.001987,2019.0,5.0,92.0,0.3312464092606433,0.10952014118377254,103.75788752237956,32.74873826357845,109.46906661987305,21.411120600340425,48.03108215332031,26.80112760239943,0.3772780662856974,0.11650202751222402,99.9918212890625,31.187731692068926,111.15394592285156,18.657834531969904,53.505577087402344,23.453316428101644,Severe,0.046031657025054074
561,24.94196194815946,73.05625397515445,0.357975,0.115512,25.9670645,2023.0,5.0,92.0,0.27342787980331096,0.10896690140502294,119.43511708577473,35.18732161507829,116.94427871704102,23.450429789561195,56.73855972290039,24.051035912313363,0.2976926653241154,0.12013111612487289,119.7062505086263,39.275853832716216,119.80449676513672,19.94707433326596,61.51470947265625,21.181075326016266,Extreme,0.024264785520804466
562,16.72500311279911,-96.797862723502,1.793458,0.002814,39.556268,2019.0,5.0,92.0,0.2581358418002846,0.14748904242152305,83.05380121866862,28.65791257996922,126.24105453491211,16.36360698395703,66.31743240356445,16.279664004160427,0.3093182525056375,0.15595491978399434,89.93986002604167,36.22826355773165,135.60002899169922,15.223279593317201,73.94963455200195,13.438802118419797,Extreme,0.0511824107053529
563,-13.3856010938449,29.92124620493547,0.7497798571428571,0.3922418571428571,59.36740471428571,2020.0,6.0,92.0,0.3454913395528365,0.0987411082193174,58.57032775878906,20.97974812844995,100.21758651733398,15.726149418174739,40.56184768676758,18.32234018790443,0.3654673043319576,0.10382481977365124,56.075208028157554,20.66602395440506,101.24691390991211,16.224117971389344,42.56089401245117,18.96043794054544,Moderate,0.019975964779121114
564,23.36734591952026,71.91272181545958,0.4170240714285715,1.640314571428572,28.60641507142856,2022.0,9.0,91.0,0.3614630532559382,0.15503838107403073,84.44363530476888,26.160996785099986,123.31240844726562,14.696817632006727,50.736236572265625,19.44032687433889,0.44166343249278817,0.17413794893218854,75.33605829874675,28.615642881964316,128.02065658569336,15.351050248961513,56.78388214111328,18.022311482212555,Extreme,0.08020037923684997
565,-14.89551464885175,-62.90735112119282,0.270345,0.0009853333333333333,99.25012566666668,2021.0,8.0,92.0,0.7731954735752424,0.054064592533650646,33.960025787353516,7.048815437043101,140.49307250976562,9.435070694197684,87.22130966186523,9.321219791266081,0.7129592578617121,0.04787873631072672,36.66412353515625,6.122949607052208,139.16628646850586,9.280426791701137,85.24282836914062,9.18462893042955,Low,-0.06023621571353033
566,9.026274142016549,32.88784920381576,2.526405,0.07056,20.658319,2021.0,2.0,89.0,0.400430144047192,0.16854222013547746,56.396077473958336,20.834304724458228,116.34335327148438,11.696432762946527,58.81959915161133,21.880359770231607,0.6289142041841296,0.1333591589286382,45.23151652018229,15.236763189384805,129.66204833984375,11.678899068439124,87.21156311035156,11.894051571733705,Extreme,0.22848406013693756
567,24.76457934070061,77.84289542704613,1.907862,0.4869829999999999,90.907049,2023.0,6.0,92.0,0.5985972058276359,0.26084025652010334,51.295658111572266,38.84791404812932,136.94939422607422,16.777888145067,74.56742095947266,17.37553200786421,0.6652189993446844,0.21209775003864662,46.24346796671549,26.230500597817855,136.66680145263672,14.624245445111855,78.25401306152344,16.588334318364733,Low,0.06662179351704856
568,35.98355931952626,106.7360094732063,0.7091378333333332,0.042972,66.55754400000001,2019.0,5.0,92.0,0.4104043484112978,0.14370565217954248,94.444761912028,43.51034639755034,123.23462677001953,30.699844335470978,53.69833755493164,24.2303621540648,0.42896154969346867,0.12556445133179295,82.19562657674153,34.58462411280433,125.55606460571289,38.48304791563649,52.526981353759766,29.243946144138214,Moderate,0.018557201282170865
569,-37.8035883895749,-61.24809589363562,1.081611866666667,0.1350004666666667,69.0333804,2019.0,1.0,90.0,0.5443014925706393,0.14999064044950136,56.80327351888021,21.775305224231776,93.88142776489258,27.798814842924585,37.19990158081055,20.24202538822897,0.5626016019864011,0.1716836331361155,57.34921010335287,26.470634802989046,95.36599731445312,20.97182779739446,39.461814880371094,19.70624705828649,Moderate,0.018300109415761767
570,28.69839891470318,77.32033215293535,0.6946846666666667,0.187865,29.987084,2020.0,5.0,92.0,0.3446916744346781,0.21519112902506604,103.80624643961589,40.99710527133351,127.55095672607422,22.750630574976167,69.24044418334961,23.299648930821412,0.41047763267771664,0.21639257743495194,94.60121663411458,37.71940870797043,125.7244758605957,17.121603381706713,65.51457977294922,19.970829125147652,Extreme,0.06578595824303857
571,-5.536253372300763,-70.68408607428681,0.1932807142857143,0.07111642857142857,99.299562,2021.0,5.0,92.0,0.8559881002513521,0.02217253347647366,23.904443105061848,7.939261973894835,147.5472526550293,13.18986405884057,91.93621063232422,12.863090757246844,0.8558189916382162,0.021363684593084825,23.920843760172527,7.964019563714644,147.61714935302734,13.380335282851723,91.60349655151367,12.992874838983887,Low,-0.0001691086131359043
572,-22.89566458945527,-48.66758809331185,0.4972874,3.1711222,84.3879772,2022.0,2.0,89.0,0.7142864596919689,0.15865209885242268,40.0855598449707,20.49219432361024,122.61328887939453,16.45295638987741,69.98184204101562,16.142225373314577,0.7341161280255468,0.16663696359264976,37.45673116048177,21.976354886852036,124.52019882202148,16.211468017396616,73.0707778930664,16.589940415721127,Low,0.01982966833357791
573,24.12020371652258,78.67858870209659,0.2719060833333333,0.8160795000000002,35.60385758333333,2021.0,9.0,91.0,0.36665989550807954,0.19879115257666588,56.17267354329427,14.27257029219188,127.4899787902832,19.073179729026474,61.515316009521484,18.450778383021774,0.5038994331926386,0.18909158846055188,51.30525207519531,15.211105659205195,129.88209915161133,14.712646649387871,67.25388717651367,14.962157457166311,Extreme,0.1372395376845591
574,-28.21070574280035,152.1834325681785,1.197438,0.07649314285714286,34.49773685714286,2019.0,9.0,91.0,0.22686918503125053,0.10429289594932273,83.64136505126953,27.862684962328647,89.33661270141602,26.386454184708782,21.048934936523438,30.130875407068807,0.20826477378980868,0.08671542618209625,77.38891983032227,25.207722092535544,86.03034973144531,23.164924636933677,16.731548309326172,26.095976646521954,Extreme,-0.018604411241441854
575,-15.28784983173316,132.6379253562492,0.1412655,0.001558,24.101513,2020.0,5.0,92.0,0.36818572105970304,0.08479614483375827,69.4097048441569,28.436853334125242,94.86492919921875,10.879032030011967,45.58196258544922,13.108558886091688,0.33490612245703466,0.07340523848288154,78.01210403442383,29.115603343914408,92.50193786621094,11.109273191101131,42.381221771240234,13.430511730140699,Extreme,-0.03327959860266838
576,17.03580952800544,-93.24570018719857,1.720548571428571,1.123455571428571,42.12184714285713,2019.0,3.0,92.0,0.36859111863217997,0.1000590442393152,76.44210942586263,22.501080251569665,139.61016464233398,31.73365005606014,87.9371566772461,28.921108717968455,0.3678115910048012,0.11270005350458617,76.11118443806966,22.733650764566292,120.6876449584961,22.525423711459492,72.63809204101562,23.58273936188025,Severe,-0.0007795276273787621
577,38.61798313758801,-122.6041816069316,1.325962111111111,9.672101777777778,59.71251200000001,2020.0,3.0,92.0,0.6933437942147407,0.1738917532256024,36.03333536783854,18.504362264915084,131.18625259399414,28.69909122750166,78.44724655151367,27.831591037675494,0.6477051172519737,0.1798984080211151,38.06204732259115,16.688328653164817,137.29162216186523,28.69138520042305,84.0616226196289,28.081453548601466,Moderate,-0.04563867696276702
578,-19.18231770361269,-44.82557029659446,0.3619485714285715,0.2542568571428571,50.9015735,2020.0,7.0,92.0,0.4516834533132663,0.19954465020043524,60.098731994628906,31.133235875470916,116.68266296386719,16.488958347961553,63.18482971191406,18.33731913937512,0.44145149878865764,0.18514138000501937,58.10841496785482,29.607647701536447,119.30748748779297,17.957157081406724,64.71016311645508,19.748106031112055,Severe,-0.010231954524608677
579,26.65148479373664,87.86242589515814,0.7495428000000001,0.5001472,88.6598716,2022.0,8.0,92.0,0.7124044918165559,0.2593841569782117,41.029738108317055,35.121883765710685,137.58909225463867,32.9482652853206,78.0230827331543,32.89258231900437,0.7460292029956324,0.21271299814281472,36.63040033976237,31.6239304054281,141.3671112060547,23.381363002539644,80.10442352294922,24.982452605701397,Low,0.033624711179076505
580,-37.29909373857567,-59.42586536045268,0.2262511666666667,0.1797551666666667,66.54888266666667,2022.0,1.0,90.0,0.6422958970201194,0.13602617333108882,50.3405876159668,19.30642117126171,114.29285430908203,16.65719259142934,54.30072021484375,16.85148209571226,0.7033174656697172,0.13858194351603315,44.913281758626304,22.38716326213063,118.88465118408203,13.881327804148734,60.634674072265625,13.87212107805861,Moderate,0.061021568649597846
581,-13.85750297925918,-44.08101419673992,0.2479656,0.0020862,53.4602708,2023.0,9.0,91.0,0.34583521397722916,0.09068823449050471,70.9931640625,29.744902556078024,132.4354248046875,16.923600901791414,83.53928756713867,19.05708364886818,0.3084525215088334,0.08858563836425278,74.79065958658855,26.48759515277019,139.78329467773438,23.18170648088276,86.41934585571289,22.39250587113453,Severe,-0.03738269246839576
582,-28.19422845992352,-55.4904634449568,0.6503562857142857,1.622862857142857,68.65597799999999,2020.0,8.0,92.0,0.5393280012880517,0.11793855283958476,64.58786519368489,19.17797789297748,100.8438835144043,17.043359318241485,43.77793502807617,21.385411804724928,0.4566563490824471,0.15742449466763686,75.09001922607422,30.458619968557908,104.02530288696289,15.153590794165803,45.87892532348633,17.442705610505158,Moderate,-0.08267165220560457
583,-36.07915451761468,148.2302304697422,0.8210613333333333,1.409312666666667,73.99776200000001,2021.0,7.0,92.0,0.6374413765981932,0.2321189088143069,34.41790517171224,31.36577694138824,115.50167465209961,22.63668279366716,67.52758407592773,21.843838936471876,0.6387906772085956,0.15234188404027205,30.039071400960285,17.86763337588859,112.56608581542969,20.13170072748729,62.85408020019531,20.750018225587667,Moderate,0.001349300610402393
584,-11.01294433175848,27.10927020034865,0.550474,0.94600525,39.00864725,2020.0,8.0,92.0,0.3911875223872414,0.132645360445815,66.3320681254069,19.00621084262931,114.59975051879883,15.553794984518252,53.741939544677734,20.109705779206525,0.3720491246282833,0.11757941987835871,61.57617950439453,14.284313809193511,109.69210815429688,16.46361870736284,47.41276168823242,20.576084178578114,Extreme,-0.019138397758958092
585,-14.5468262245644,35.39358143857362,1.818043666666667,15.19475033333333,30.49993066666667,2019.0,6.0,92.0,0.47418255968628387,0.13452862843503088,49.009498596191406,15.374128406723306,120.2750473022461,18.567639654870224,64.72928237915039,19.15831323388268,0.6455085673433132,0.11185945275863401,35.350668589274086,12.63182022986838,135.8676300048828,22.60186164085044,77.6236801147461,21.116943632845892,Severe,0.17132600765702932
586,-21.73899635566059,-62.45162954918078,3.2257605,0.008699,91.51073400000001,2021.0,1.0,90.0,0.7341629566828942,0.027903589862470768,31.134297688802082,7.2577608172779415,132.40851211547852,7.06082048172795,84.90087890625,7.473927367320138,0.7379559245020815,0.054704806879577975,32.17337163289388,12.018516382188869,135.4453887939453,7.429169982400707,89.1979866027832,7.9041304443462606,Low,0.003792967819187254
587,-1.428571058261206,30.34646206954119,0.7138158571428572,2.205540285714286,45.67916657142858,2023.0,6.0,92.0,0.3209860536236705,0.11954509627663185,80.81073888142903,30.9474546747985,111.65188598632812,20.04654261087429,51.38218688964844,21.356579028213165,0.3218301031863111,0.09962420810874265,80.81769307454427,28.787945952743748,100.96224975585938,21.880764135200096,43.87187957763672,21.77518057392412,Severe,0.0008440495626406141
588,38.00763745647212,36.95248621646357,0.540642,0.145288,24.298927,2018.0,2.0,89.0,0.4691128840855579,0.19910657033165738,81.36380386352539,44.32404490380526,126.77947235107422,41.06710865264665,66.27879333496094,38.3330068381471,0.5793499721216331,0.19885386074603845,61.939133961995445,29.644447039226996,114.31138610839844,26.9611695546119,53.139610290527344,23.4587514771915,Extreme,0.11023708803607518
589,9.81434891779471,36.60480200457619,0.8783051666666665,1.066901416666667,27.014519,2022.0,1.0,90.0,0.4735363024330326,0.170444758778809,59.19324620564779,26.705253524464798,113.0142936706543,23.969149426141673,57.69548034667969,24.647599654341253,0.4317841727992686,0.1648108643801339,64.64916865030925,30.781130178284055,113.67024993896484,22.95763324338922,55.82953643798828,24.667102792573704,Extreme,-0.04175212963376396
590,-32.8721498528768,-57.40291427878937,0.8592344545454546,3.190876363636364,69.268575,2020.0,9.0,91.0,0.573078729463163,0.12884724479315854,60.055859883626304,19.766680536655933,89.9118881225586,13.902954093907098,33.044708251953125,16.90419273275518,0.5712890225219325,0.15464635151461678,56.78307851155599,20.68780045599366,98.297119140625,18.955700879329832,43.43829345703125,23.088069301536983,Moderate,-0.0017897069412304845
591,-21.60185308538994,148.6347170111622,1.348561,1.93492925,57.255509,2020.0,5.0,92.0,0.5615483165503292,0.11179330033332475,38.66801198323568,13.426143541022261,113.01969528198242,26.060047157787942,57.248348236083984,25.328925996367552,0.6098289696552683,0.09217632152855706,36.255069732666016,13.19639161270172,121.68319320678711,29.40211673516491,66.16820907592773,25.113237033568325,Severe,0.04828065310493912
592,-11.91945699475914,-61.93036909688898,2.1499856,0.07599120000000001,92.92358399999999,2022.0,3.0,92.0,0.6851034184937006,0.10672972490862366,48.19891357421875,17.22485234388774,127.12378311157227,13.899247211107475,77.03556442260742,13.585292727825264,0.6895525839524335,0.11823628110719894,46.4154904683431,17.85096684434926,128.10728073120117,15.698731304831139,79.10506820678711,14.606065162645548,Low,0.004449165458732862
593,25.071133088114,-106.8022119325869,0.2224063333333333,0.242794,21.23036466666666,2023.0,5.0,92.0,0.31702569837499084,0.0591425109015285,64.25972112019856,23.34107144015613,146.1606559753418,37.127154199727336,96.84643936157227,35.33916237420261,0.3070817573877518,0.07817171959247593,71.8918965657552,32.135251389470476,158.14967346191406,44.31459733062574,107.10583114624023,41.59224408394733,Extreme,-0.009943940987239053
594,24.05882401492789,83.10387671567543,0.919382,0.6655461111111111,69.49939933333333,2021.0,9.0,91.0,0.4878984918006968,0.11764705724957254,67.84261703491211,16.679277641861535,127.6384391784668,11.80540291921781,74.62558364868164,11.420684904531342,0.5033047999820925,0.1306989756486239,64.7489865620931,17.15310492596718,128.2135772705078,14.20295931588287,73.98473358154297,13.429157297305158,Moderate,0.015406308181395767
595,0.6103305427922194,19.36075047862241,0.2411305,0.009552000000000001,99.502173,2019.0,1.0,90.0,0.7932085401498625,0.02245228594053997,32.605637868245445,7.275145140819651,147.00734329223633,13.672983334562405,93.79252243041992,13.471903421097153,0.7929601639850716,0.022482614854723783,32.19084167480469,6.906018349568607,146.53986358642578,13.888636776593772,93.05674743652344,13.638337748240753,Low,-0.00024837616479089775
596,-10.84051707457277,32.62375136695823,0.6700958,0.04073640000000001,94.628366,2023.0,3.0,92.0,0.680637724379612,0.10252226116017436,35.161364237467446,12.840053428246447,133.58504486083984,15.366767479280401,81.11503601074219,14.7840267709241,0.6774188361876519,0.08290967578630956,34.47587331136068,11.478769260376891,130.01743698120117,9.561198485431083,77.54882431030273,10.020622179898329,Low,-0.0032188881919601453
597,-5.537485536451207,15.67542324938788,0.164334,0.00921,71.3126695,2022.0,4.0,91.0,0.640314342619206,0.13695834119368328,41.75188446044922,9.591145626108537,132.00852584838867,15.770019637953608,77.91248321533203,15.505097589554866,0.647066332773818,0.14661429890064712,41.42597452799479,11.397102905433751,133.5195541381836,17.744052778819043,79.79412460327148,17.933208110098263,Moderate,0.006751990154612031
598,-21.07201184581304,-48.94085815716329,0.8296334117647058,0.2802775882352941,76.97271629411766,2020.0,3.0,92.0,0.6427920010280843,0.21400725636357393,50.30990727742513,28.836247895991317,115.58013916015625,19.682163490038466,58.789642333984375,20.697214298210746,0.6160840517906401,0.21208768616085488,51.4461415608724,27.71088740929971,118.24966812133789,15.748078301208508,61.05599594116211,17.913469976510658,Moderate,-0.02670794923744424
599,26.05086259286998,79.89399596802929,0.9339522500000002,1.046661875,50.90676625,2020.0,2.0,90.0,0.45156800073587244,0.24321924897495892,68.97030766805013,39.78822928536351,103.19602584838867,29.691223284954877,51.45525360107422,27.235680072287852,0.4629740476481161,0.2977848956768665,67.1593132019043,43.262809176794626,98.80667495727539,33.9297574018445,46.55537796020508,27.328376682710044,Severe,0.011406046912243673
600,-16.97351507238892,-55.26608682848894,1.127211416666667,0.1582565,58.45337858333333,2019.0,7.0,92.0,0.5454486788560757,0.11198287129901431,51.88719813028971,18.850650204553425,132.08730697631836,11.39886867953494,81.52324295043945,11.698078835831843,0.5233853652639482,0.13777767332618251,55.980472564697266,23.367781209295366,129.0168914794922,14.961541937208814,77.95199584960938,15.440755266554902,Severe,-0.022063313592127543
601,-22.48142830221897,-58.78162347554125,1.3727724,0.6205102,83.33076300000002,2023.0,6.0,92.0,0.6557342485504676,0.06503823640595945,42.486986796061196,10.825077147814357,113.32587814331055,19.221625107273574,61.98578643798828,21.612573397410223,0.6454263663588762,0.07708931639217001,42.76395034790039,13.612457169335292,118.99831008911133,17.67897051806262,68.61550521850586,20.741194418601367,Low,-0.0103078821915914
602,-8.217511440047637,139.5049041729919,0.978995,8.038279,86.805379,2019.0,3.0,92.0,-0.3095942820268649,0.2653558157892781,127.00879287719727,28.427935819175044,90.05205154418945,14.970479113605478,4.8516693115234375,19.7252900569567,-0.42269032676415463,0.02808757726767893,119.29558690388997,17.344813744678003,90.07720947265625,7.769047932338226,0.00179290771484375,0.10322329989921028,Low,-0.11309604473728974
603,-7.54617540444022,-36.51805691155565,1.31772975,0.2989855,59.03619225,2021.0,4.0,91.0,0.48785612960148184,0.10970096131179853,53.413047790527344,18.790715005036592,129.3927993774414,11.639267474079444,79.37275695800781,12.6485665336324,0.47191383100013695,0.10410228767188853,53.30786005655924,18.10762403645361,130.69533920288086,11.501720012150692,82.30248260498047,12.185253220936863,Severe,-0.015942298601344884
604,-10.44249554461292,33.21156556684161,1.4059075,0.4668695,92.7993925,2022.0,5.0,92.0,0.7772566784894366,0.07771258868147218,25.473480224609375,10.314627682055075,138.1192169189453,27.762264547356878,80.69935989379883,25.429630290218487,0.7477526023073082,0.07766585271436846,28.93414306640625,11.093673498769713,126.72098922729492,18.599787896810582,72.09375,17.629232344854035,Low,-0.029504076182128358
605,-2.903703538665226,-41.12982455589383,2.514401166666667,18.61666516666667,65.71566949999999,2020.0,6.0,92.0,-0.25004820890541557,0.1589632010203628,95.16969172159831,49.19314871680612,52.870147705078125,13.84319031530032,1.5593605041503906,8.051309621488565,-0.26443405949186155,0.1441013881758011,91.97552235921223,47.05283044354928,50.3538932800293,14.494235499890353,1.629302978515625,8.504286895907914,Low,-0.01438585058644598
606,-24.46651679701032,-64.31303159288952,2.196712333333334,0.08853966666666668,84.946259,2019.0,4.0,91.0,0.8516766684766424,0.04220859366573568,16.939273834228516,8.602678903435805,141.31227493286133,31.424481761469067,88.97632217407227,28.692785904311336,0.8684694832187425,0.06417108381014229,16.572101593017578,9.906246766828689,146.1629295349121,17.824622823208667,90.73506546020508,17.003140443455372,Low,0.01679281474210015
607,35.27698536729986,128.3291309099055,2.61949,1.70201525,67.47986225,2020.0,8.0,92.0,0.5643660065346774,0.24112994167993979,53.70806884765625,40.57523355373027,137.16272354125977,29.226646014240956,82.19959259033203,25.222010966124923,0.45138265139691736,0.2206960064020648,73.92885716756184,43.400124617801545,131.20809936523438,23.61118148777031,76.04780197143555,21.496468719178566,Moderate,-0.11298335513776003
608,-37.63840675531563,-73.08995907040975,3.683641333333334,27.96751066666667,58.22337466666666,2019.0,6.0,92.0,0.6416575911655045,0.17275723991590466,28.415892283121746,16.401023887642584,123.28886795043945,20.1658288689193,71.98238372802734,21.8153041707753,0.5992192645189789,0.1878939802357779,29.883326212565105,17.370307946747104,122.92219924926758,19.618242813820594,71.92135620117188,21.833035980170095,Low,-0.04243832664652558
609,26.53174868225273,85.99096415934031,3.610659,0.636664,86.48175,2023.0,7.0,92.0,0.7057410614259856,0.16183147758270838,44.92790985107422,22.00840589790645,135.4242706298828,19.45736421364877,68.81718444824219,19.10770115081763,0.7378609870716384,0.13005245022510697,40.140586853027344,19.21619668965478,137.2510986328125,15.40666370677856,70.1898307800293,17.40375477090457,Low,0.0321199256456528
610,18.96548947034005,79.67357650098211,0.003135,0.755532,20.237547,2022.0,5.0,92.0,0.401428260745071,0.11606666752532367,70.25074513753255,32.273797741111004,142.12400436401367,11.006831733565118,86.46115493774414,13.549555556652699,0.45072699376482284,0.1556402108316444,67.76529312133789,32.29753903853978,143.5626983642578,10.84502893469255,87.51859664916992,13.69548315244473,Extreme,0.04929873301975185
611,-21.42532781230072,-45.33035346452081,0.8997528333333333,1.982729,36.3199095,2021.0,8.0,92.0,0.43177928731838744,0.198120293743109,56.56037521362305,30.1312469996107,114.3281478881836,25.62079284834558,57.10458755493164,30.73583183605166,0.383200664885214,0.1993888380318274,61.789188385009766,34.270647211217494,111.69366073608398,25.168332546489182,51.43999481201172,31.331418114597852,Extreme,-0.04857862243317346
612,-8.035929811840703,-56.97864214561088,0.689314,0.2794016666666667,93.38499133333335,2020.0,7.0,92.0,0.8218135362111525,0.11171529178888488,28.420338948567707,10.964897871586977,137.46170806884766,9.180675982682578,85.58737182617188,8.755047641559901,0.8165519536591432,0.11311736734733153,28.217606862386067,11.164245719846337,138.03886795043945,10.250668196777548,86.23290252685547,9.96580961750815,Low,-0.0052615825520092585
613,36.99903193930417,36.23417975752022,2.1320542,0.97587895,46.9247474,2018.0,7.0,92.0,0.5879632928237406,0.21289173293347155,59.38189570109049,36.85600490417826,120.13055038452148,23.898216836574875,72.27191543579102,24.155636055575947,0.6922502035975744,0.15845445017437573,41.513501485188804,22.64768023990449,127.93225479125977,30.100040077920255,82.43428802490234,28.30686830980415,Severe,0.10428691077383379
614,-3.195714800442545,-40.84868346352062,1.6774682,18.041646,59.7086394,2019.0,7.0,92.0,0.3529587962937759,0.12827359971039753,69.75277455647786,28.187013359880154,124.03717041015625,21.05620499549406,71.52363586425781,28.267517569840702,0.28643998349315414,0.10770812936291968,83.37771224975586,34.3077687907681,106.22683715820312,22.161887188508956,46.14019012451172,31.24474345517299,Moderate,-0.06651881280062177
615,24.67470365230754,-103.2240160143198,0.175388,0.329239,32.931587,2022.0,9.0,91.0,0.3419987198105199,0.19575636779675867,77.383238474528,33.95278304360336,115.37565994262695,16.144268397761497,65.05192947387695,16.05377460006141,0.33841179128270493,0.08425883456076741,83.6926498413086,29.40400470250594,116.27324295043945,11.05437328408325,63.9595947265625,12.097676119789604,Extreme,-0.0035869285278149476
616,-37.63096232400196,142.5578278270575,1.202818666666667,0.6458163333333333,68.726011,2020.0,9.0,91.0,0.4692584891791307,0.15633979879435903,72.49126561482747,32.775477082635575,95.32052230834961,19.331738392896874,48.6020393371582,22.590354784608255,0.376006984252534,0.13306389049042253,83.43210983276367,37.89024335470251,100.96879196166992,25.24327660264589,57.059181213378906,27.215578780505638,Moderate,-0.09325150492659673
617,-16.4367134933483,143.3775439344058,0.8804039166666667,0.09557416666666664,60.98305783333333,2019.0,3.0,92.0,0.4547699961925602,0.10738938203577633,59.31406784057617,27.48800116377418,103.9673080444336,13.8977567756183,51.848106384277344,18.079379621935953,0.45966709694883967,0.10003204662126132,59.39993667602539,23.606744827117947,106.64594650268555,15.180583648412197,54.992835998535156,18.982177260142773,Moderate,0.004897100756279471
618,-15.38782603349268,-53.21834284496907,0.98683075,0.068679,92.59213050000001,2022.0,2.0,89.0,0.6209097007030309,0.16459757817144752,43.24208450317383,23.58101811342,127.24624633789062,15.758686432194274,74.42656707763672,17.18117608449551,0.6510812478351653,0.1289227638132936,38.90046819051107,17.92258130341469,133.05904006958008,11.308029258640772,80.25406265258789,11.426047702100632,Low,0.030171547132134435
619,23.86153329423269,92.513685588108,0.6703239999999999,0.05263533333333334,97.17615433333333,2023.0,8.0,92.0,0.8813084305750465,0.054402791379156885,29.589659372965496,11.05650233257801,148.005126953125,37.24163955515847,91.04975891113281,34.914758965495295,0.8859055581908706,0.047333100508102605,29.881402333577473,16.559732362387773,151.20213317871094,41.19328512299016,93.19761276245117,37.762626005065,Low,0.004597127615824093
620,-12.35975686547854,26.49497308376829,0.231796,0.06504544444444445,63.24316988888888,2022.0,6.0,92.0,0.5228903292398499,0.13438298697196918,42.81744639078776,16.87191953478693,119.95481872558594,15.95812764853614,65.71408462524414,17.757967528807768,0.5030549943647813,0.11779938072581242,43.896846771240234,14.614945518653263,118.48692321777344,16.102137383787902,64.38575744628906,17.89473383750079,Moderate,-0.01983533487506861
621,29.65408470962818,-101.7868997652206,1.763581,0.980017,27.623782,2020.0,2.0,90.0,0.30714061454760255,0.055651687035768165,114.79501342773438,25.80668766878199,124.18973922729492,14.995464855056312,62.519989013671875,15.435642301477339,0.3319991652254739,0.0609112990523168,110.73348999023438,27.706910129046683,129.29209518432617,18.511543072974767,68.7566032409668,17.439894980826367,Extreme,0.02485855067787135
622,-10.89564150681904,-46.56460899471813,0.07911366666666667,0.001099166666666667,24.05975633333334,2020.0,8.0,92.0,0.2895629892772149,0.12288314050485573,123.34198633829753,43.82337463516286,98.8114128112793,14.769545948168911,50.31709671020508,16.19991134053732,0.2787588286258682,0.10779640985557845,125.5389518737793,43.884489082630566,97.1698226928711,16.74850136425043,47.414669036865234,17.642572095856437,Extreme,-0.010804160651346706
623,29.98556067192364,-95.83618532130734,1.418614,2.252599666666667,79.02373466666666,2021.0,3.0,92.0,0.508347113659873,0.18557878971390046,74.2857551574707,40.7647932867335,117.0346794128418,19.94189899472503,60.36433029174805,19.728885122666913,0.47332314091138344,0.22145610618888403,81.54550679524739,47.25393541155046,123.84678268432617,28.370945915727805,64.6428337097168,25.272721435395418,Low,-0.03502397274848951
624,-3.481131091209988,-57.33982050514757,0.574295,6.12288,90.612805,2022.0,3.0,92.0,0.8698980415452979,0.02275888151402007,22.202020009358723,7.978902102581518,149.0255355834961,11.524949759219352,96.0558967590332,11.238986230792042,0.868795679185439,0.03525172502120426,21.48623530069987,7.694066248916833,149.21337890625,12.45588933879069,96.62150573730469,12.256243270764076,Low,-0.0011023623598589438
625,-36.08965478805053,139.6907590392007,0.2601345,39.60906249999999,42.1877085,2021.0,6.0,92.0,0.6400466612582534,0.060139010682035435,21.628631591796875,8.939740209436996,104.90581893920898,11.728317670417516,60.081478118896484,13.986474821190903,0.5978155625960255,0.10947514682444921,27.068846384684246,12.712212481862611,102.38470840454102,14.929983575650978,53.94843673706055,19.80972530725032,Low,-0.04223109866222785
626,39.42943807901317,39.04723342416054,1.4123695,1.33765175,23.513234125,2021.0,6.0,92.0,0.11789752242180782,0.041842174152700196,191.45926666259766,42.51733408682732,167.80518341064453,49.27155288246593,112.88029479980469,44.80138969866501,0.12866011448133913,0.049258703088800024,190.1645825703939,45.31720295087529,170.97974395751953,54.16125692090982,116.72661590576172,47.64923038623698,Extreme,0.010762592059531312
627,-13.31903766541554,33.12547242678161,1.8526418,0.0149767,48.6224663,2021.0,5.0,92.0,0.37480654147505277,0.11920383578888245,63.70623779296875,25.236537047993274,112.48709487915039,13.571254501823551,54.81782150268555,15.983916150022994,0.3735988999708866,0.10796649859041446,61.68973032633463,23.481700626341446,111.58154678344727,14.091437075059844,53.77027893066406,16.238736071941986,Severe,-0.0012076415041661903
628,38.83130356394317,39.67317116143019,3.379473,1.782835,49.725387,2019.0,3.0,92.0,0.20834137503802563,0.5126554587314571,71.45103327433269,40.581516572579915,95.40401077270508,42.07549687614391,42.21571350097656,25.55853254372253,0.18777035190360247,0.5278038878198532,64.94911448160808,38.25646578363601,94.2495002746582,38.37514127696799,38.66996765136719,25.24924920514981,Severe,-0.02057102313442316
629,28.89939432675596,71.05909819027463,0.9866644000000001,1.5348936,47.1016896,2021.0,2.0,89.0,0.2501390150548277,0.20523535529749093,134.47571182250977,52.01827882268505,96.53617477416992,18.530782808032885,24.611328125,20.29415609871554,0.19251358424022413,0.19070016823337202,155.20111719767252,54.846754184018344,90.56074523925781,21.849932160506576,16.998146057128906,18.475166055656636,Severe,-0.057625430814603584
630,-11.2006708361205,-47.58419952170235,0.5948912916666667,0.07471708333333334,43.41951383333333,2020.0,8.0,92.0,0.45695410303684403,0.17269445399798244,65.44772593180339,30.61181387916928,118.2184066772461,18.739060869827494,65.55508041381836,21.40524745794601,0.4460239477214588,0.17957999047313378,61.4850107828776,26.787704213681298,119.14858627319336,21.026043629554938,64.00836181640625,24.96670464043037,Severe,-0.010930155315385215
631,24.11760546655267,86.98839266041057,0.218858,1.501349,21.555927,2022.0,1.0,90.0,0.4188998091255163,0.09303258289992201,70.23226165771484,19.86982130322994,115.40056610107422,20.509850173692225,51.86572265625,25.092696755658213,0.3994124430503547,0.09379808522483221,70.28100077311198,19.755083233163926,114.40544128417969,19.663659773310574,51.12925338745117,24.185072154143743,Extreme,-0.01948736607516155
632,38.65116228459159,32.88505566811818,1.779006,0.456979,31.6041654,2018.0,2.0,89.0,0.46655241501180444,0.28791859045137,110.47620900472005,66.59571284251246,90.62082290649414,23.25872074575631,23.523887634277344,22.073148187543364,0.4894717368142496,0.24759646332250693,108.40331268310547,58.768767283553,82.2237777709961,15.265280743893054,14.954753875732422,13.467317415344132,Extreme,0.02291932180244516
633,-18.02636459333445,123.2560720230614,0.169874,5.534012000000001,56.47018250000001,2022.0,3.0,92.0,0.4923908926342051,0.06340645506177683,66.24486414591472,19.427088190715068,82.05514907836914,10.853440534653629,26.113224029541016,13.316105227807078,0.4998850994555255,0.0702012869061241,65.67900466918945,19.696766269960342,81.13094711303711,11.120868040422192,25.11913299560547,13.517743562020893,Moderate,0.007494206821320404
634,3.10420513934875,19.59978647035337,2.0567055,2.5e-06,72.852683,2021.0,2.0,89.0,0.6745071912237961,0.09807002470164038,42.89198303222656,11.692173541193608,145.48724365234375,14.998209190632897,90.3490219116211,14.430278420464465,0.6240138419746586,0.14532668419126704,46.71394475301107,13.434874340050914,141.25516510009766,15.611527639909959,86.49309158325195,15.461862651651762,Moderate,-0.05049334924913751
635,-11.95295632357115,-54.17241181216765,1.405117285714286,0.6753757142857142,90.56536985714287,2023.0,9.0,91.0,0.7573133038591031,0.15787444453076252,41.412532806396484,22.469658842185027,135.95788192749023,17.766020513540678,84.06204605102539,18.946154320554992,0.47849274558911187,0.2821875664015632,72.6000264485677,39.30852115259971,123.43674087524414,25.89314857014149,63.87493133544922,32.612615200364985,Low,-0.27882055826999125
636,-12.23487671513194,-43.82029957554738,1.953414,0.6566415,76.07231999999999,2021.0,2.0,89.0,0.5244020358647729,0.15052488264010633,55.90330378214518,28.93968381911797,119.85546493530273,17.352383908886175,68.27603530883789,18.374120658440262,0.5857119079218349,0.18061566531577825,49.26830037434896,30.10918488604803,119.78076553344727,18.903588818712358,68.4843635559082,20.293866519690106,Moderate,0.061309872057062065
637,-34.70993936793137,146.7790848430271,0.482848,0.4823972857142858,32.96381714285715,2022.0,1.0,90.0,0.2929356068430433,0.12774989190610933,84.59611384073894,31.438788851703166,92.46987915039062,13.362318378605401,29.14694595336914,16.990009344830366,0.35481849384074415,0.12836071315037179,79.61314900716145,30.471895611459654,89.35195541381836,12.251629551719747,32.202545166015625,15.994597197748485,Extreme,0.06188288699770084
638,12.18403837600534,30.44080394872603,1.932587833333333,0.0013095,63.00097133333333,2021.0,8.0,92.0,0.5146379566564008,0.13439326594325626,54.64287439982096,15.243459267749643,119.27750396728516,10.14410946106665,48.348148345947266,19.76143761625401,0.511971178214651,0.1083663589917523,52.55156707763672,14.510678305565554,124.82480239868164,14.040441507500436,62.08134078979492,29.014759817563306,Moderate,-0.002666778441749784
639,36.00251543437349,128.2912961867879,1.052938,1.3386622,81.0932098,2019.0,4.0,91.0,0.7834760360665267,0.17107518648606282,47.33373514811198,29.4631645245956,138.87208938598633,29.79185747036822,82.1605339050293,27.535767980274844,0.5865298745305916,0.27295973809263946,70.10940424601237,43.57615274684359,138.58770370483398,29.27101773014727,78.29199600219727,28.059178768194407,Low,-0.19694616153593514
640,-11.42541331103935,36.82095573544666,1.936096333333333,0.224805,70.801706,2023.0,6.0,92.0,0.5236296752253367,0.11426783763559395,49.710882822672524,18.434574981854045,113.58426666259766,12.785007743224904,59.564151763916016,13.92111805577298,0.5249585430869246,0.11928126125711362,50.47958246866862,18.440537581772197,117.92120361328125,13.33324158059218,65.05319213867188,14.57442085186181,Moderate,0.0013288678615879235
641,7.114639023323939,17.68011255725574,0.8364043999999999,0.0823752,83.5508824,2019.0,3.0,92.0,0.49549375703224996,0.1201314666068424,65.88112767537434,19.568390020549295,134.62526321411133,11.109103168208383,74.33344650268555,12.891051737099925,0.48661571353832755,0.12612223224836988,64.61366399129231,19.786486878170003,132.16419982910156,12.388400778184717,72.1882553100586,14.404675127508257,Low,-0.008878043493922405
642,0.9138174297098872,33.23284825118191,2.4035234,8.3480006,27.35049060000001,2019.0,2.0,89.0,0.4378500274596444,0.13240676888916236,53.62161382039388,20.334979383597265,116.24794387817383,14.04585459522071,59.63715362548828,14.69935431827624,0.4572504916741771,0.13174171594092227,52.64246495564779,20.70949115861885,118.59355545043945,12.484126816301012,62.64860534667969,13.540382870132804,Extreme,0.019400464214532676
643,-13.46322628779079,35.23368014446885,0.7576305999999999,0.3517986000000001,31.9105214,2020.0,7.0,92.0,0.3089413618704242,0.11554515241789431,60.61882654825846,23.16789942449366,103.02103042602539,18.537298292657336,40.33723831176758,20.39181343884693,0.2864564631688049,0.09303716156958743,62.41757329305013,22.55700929155481,102.93061828613281,18.15048615672959,38.814666748046875,19.020083781927994,Extreme,-0.022484898701619294
644,3.878634522686049,23.14808129734311,0.0,0.759367,94.023669,2023.0,2.0,89.0,0.6874828312105383,0.250331949390756,34.58712387084961,11.289614212440169,137.82883071899414,26.854955567766677,85.2816162109375,25.34806408570945,0.7719593074507054,0.09553199248479023,31.09076690673828,7.270895202722957,144.6015625,15.585300885729811,91.60747909545898,14.634214680696038,Low,0.08447647624016708
645,31.00617857349097,74.7802785622232,0.3270875,0.6772425,31.2484515,2018.0,9.0,91.0,0.46940042727826414,0.1530987874376157,64.37608591715495,19.535977180951456,113.65849685668945,14.783206171722624,58.201324462890625,13.336771141972731,0.42109956366829643,0.20133614397876456,63.9981943766276,19.12376414562446,111.90728378295898,18.991432218970633,57.63350296020508,15.861504027558581,Extreme,-0.048300863609967715
646,-29.84139752323272,148.946026791911,1.227712625,0.541743,36.33301549999999,2021.0,6.0,92.0,0.5799348298371498,0.16100651665900675,50.38256072998047,17.554263881166353,109.73202896118164,12.320352881201305,37.50198745727539,16.18400046496581,0.518696159443991,0.22366924290557527,47.069891611735024,18.71191884168278,102.58477020263672,15.557736351643726,40.644962310791016,22.709488675046458,Extreme,-0.06123867039315889
647,36.35393838522273,-5.614628486479489,1.8886869,21.235131,26.515216,2020.0,8.0,92.0,0.7206987513198442,0.14026703438937418,32.50938924153646,16.853385162272833,121.01179504394531,17.261353615819814,67.81982803344727,17.011957484539487,0.7612785589442979,0.11427817426671406,29.051050821940105,13.809255200392084,125.61050033569336,19.233539344294552,71.00211715698242,18.242245615306782,Severe,0.04057980762445368
648,-26.99826625174242,-51.18342613021579,0.8679396666666667,0.2692073333333333,87.34284266666664,2020.0,7.0,92.0,0.6789018267726232,0.1969850690200634,35.39166514078776,21.160905171627903,126.86260986328125,24.78167822425448,73.60359954833984,22.499608052842454,0.6868318863379168,0.18391994954399668,34.2565549214681,17.908014702843367,121.33491897583008,21.980617318086633,68.30925369262695,21.533775423977236,Low,0.007930059565293579
649,7.570434831051344,33.14506196698201,2.620542,0.065697,76.884854,2021.0,3.0,92.0,0.558040155859544,0.14245321967987676,55.114027659098305,12.106132460784016,118.87653732299805,12.746037953002098,67.42714309692383,18.022983342554863,0.44186422930644653,0.12724505493062735,56.97350184122721,9.96132267975079,110.2381706237793,9.613377440945706,48.235477447509766,16.868711666151835,Moderate,-0.1161759265530975
650,-21.40384425151786,-42.21551812680039,2.3881415,0.1449065,42.68685075,2021.0,8.0,92.0,0.44587721740628083,0.18213383911562503,59.52259318033854,24.9260342419256,127.69140625,22.92325293020918,76.01981735229492,23.50974218236534,0.44522505978173244,0.18240603994428714,59.9757448832194,24.442259975089858,123.87234115600586,24.936844888120646,72.57185745239258,24.722717385079896,Severe,-0.0006521576245483995
651,32.53611691272424,-5.580625640685923,0.3465326666666667,0.1217683333333333,30.47270116666667,2020.0,2.0,90.0,0.26617691657994413,0.1102578438519412,130.55857467651367,56.016643091857496,106.0339469909668,15.368402185740502,34.46728515625,16.87603230321206,0.2616583692007346,0.10873870730950137,136.02236302693686,53.35379762276613,105.94771957397461,12.366370765848465,33.75395202636719,14.429193910553114,Extreme,-0.0045185473792095365
652,36.81843063337252,7.518761613293037,0.126635875,8.35273375,24.88060275,2023.0,9.0,91.0,0.3746148762817475,0.2379295507631307,75.05845514933269,45.331661349088556,115.32616424560547,19.491113085747877,49.526573181152344,27.883654761573588,0.5185962865247022,0.20365328039121428,54.81457392374674,34.51320047801647,117.7689208984375,25.65071907986315,59.91928482055664,24.427826990734374,Extreme,0.14398141024295474
653,-25.15643835840098,-48.54580902940134,2.89306,4.715172,89.698589,2019.0,7.0,92.0,0.8245623535041204,0.04782632331241521,21.24927266438802,9.617510475763419,157.48368072509766,31.948088751216137,102.002685546875,30.838759932700988,0.8616229992944113,0.02467515660330731,17.889789581298828,7.510014670331006,155.74360275268555,24.637345353260315,96.98704528808594,23.011547838975517,Low,0.03706064579029089
654,-12.23583891110703,-60.34523175822592,1.9709298,0.4231796,93.3567572,2022.0,3.0,92.0,0.8254305619233264,0.05780056399861055,23.482964833577473,9.242019632353673,141.94098663330078,10.840127576382939,90.13710021972656,10.740274442242727,0.8453194593550961,0.0225358859494813,20.792455037434895,6.287001930081809,140.90015411376953,10.400131238287921,88.72065734863281,10.4808185843599,Low,0.019888897431769692
655,-3.33659056279177,-41.61842620868762,1.833085375,13.7127035,59.702649375,2020.0,9.0,91.0,0.5851773239721325,0.12056920160084209,53.77570088704427,22.73181561711912,134.96173095703125,11.31931366719581,89.6632194519043,13.06788463371821,0.4938702994248416,0.1333125666702151,58.92911148071289,21.461019414368863,135.0522689819336,13.382851524020463,89.9603042602539,15.080851402802239,Moderate,-0.0913070245472909
656,-21.87544181827956,34.67205965394336,0.5290155714285715,0.001151714285714286,51.56855328571429,2021.0,9.0,91.0,0.3547636001692922,0.05758925325873428,64.55743662516277,13.069276045111861,122.89381790161133,10.67297615347179,75.06978607177734,12.46748905295423,0.3688043096275351,0.08800697279212384,63.41311518351237,12.959904153226804,121.39043807983398,13.929068477082838,72.21179962158203,17.150501110597734,Severe,0.014040709458242873
657,39.90837259420165,71.5644801288204,3.0377709,0.2469488000000001,25.3520552,2019.0,8.0,92.0,0.45767795354973373,0.14521360485959886,63.22899881998698,30.631473674880088,108.78375625610352,37.57897053884899,52.73588180541992,35.54119944434652,0.33372650833546497,0.14636556630477085,80.02998224894206,35.82792760096377,151.45428085327148,57.25637202407886,95.8729133605957,54.178317306646655,Extreme,-0.12395144521426876
658,-25.05942752499213,146.5578126533332,0.5927275000000001,0.0124025,53.355246625,2021.0,1.0,90.0,0.4576192875963061,0.09078554799578646,71.69329325358073,23.377242719690322,85.09157943725586,11.59685340370707,33.756797790527344,14.326575792908647,0.4539739110031269,0.10494301176146024,70.75712331136067,25.0210258845825,94.8864517211914,11.908646649730006,44.51519775390625,14.380281682465254,Severe,-0.003645376593179206
659,-18.57593841576775,-49.59740983792511,1.4766354,2.5761088,27.5270076,2019.0,7.0,92.0,0.3014771538005534,0.3380662689780926,62.182473500569664,44.09656106749469,96.28838729858398,36.112766779510785,40.85740280151367,35.33679781529493,0.30330441792863727,0.24809186217703588,64.32167434692383,35.232022788638794,91.4449234008789,25.74863443579996,26.290748596191406,28.759551723757255,Extreme,0.001827264128083872
660,-13.62107456939599,-45.91418417520856,0.8678034705882354,0.037091,76.70847970588235,2019.0,3.0,92.0,0.5460854497349885,0.16131960708994691,45.925001780192055,24.482577494238843,122.83445358276367,17.75362270965004,67.84635543823242,19.326535618456845,0.6191493247179478,0.10358186873051504,37.94207509358724,16.16125927274041,130.3745231628418,10.65957772039335,76.44855880737305,11.2223881111367,Moderate,0.0730638749829593
661,-25.24430237209744,148.962063296356,0.197264,0.0629935,23.8939765,2019.0,1.0,90.0,0.41549303015929695,0.15847850581955633,45.41825485229492,18.219981788436655,112.12536239624023,20.72949522070671,58.81087112426758,25.582742836359508,0.3409074362472424,0.08244486522160883,61.785107930501304,19.138222295186758,98.28121185302734,14.532928911198706,39.74272918701172,15.629339136493599,Extreme,-0.07458559391205455
662,32.54145607981853,93.52681457694148,0.396737,0.84873,41.952625,2019.0,5.0,92.0,0.43374990484330667,0.18991018577500884,80.55664571126302,50.152050663091195,102.66316986083984,26.38070780185374,16.267093658447266,19.698578339154793,0.3677160818070715,0.1991264492868764,93.09928639729817,53.212657909289256,115.34186935424805,38.35971595058057,29.068397521972656,33.44567780403285,Severe,-0.06603382303623517
663,-28.64854099822125,-56.46711778590425,0.4181713333333333,3.397990166666667,78.93108333333333,2023.0,8.0,92.0,0.6766302134383517,0.06235522841651406,39.55794779459635,10.9067341433794,106.57288360595703,10.452676028124474,56.27872085571289,10.589583713299008,0.6383333424519151,0.03713286354226748,36.9948476155599,8.898072612139657,108.28648376464844,9.304223614950734,60.850223541259766,9.223377233278406,Low,-0.03829687098643664
664,-17.16949558728845,-55.57821160417636,0.7149406363636364,0.1825161818181818,94.49635036363638,2020.0,3.0,92.0,0.7412919290776472,0.07117320865549719,32.23131561279297,11.72587145006919,137.94839477539062,6.592012405192142,86.54610443115234,6.0928374660560065,0.7293313052201427,0.10346811018393533,36.26728185017904,17.922951095805434,138.2385139465332,8.220735355790023,86.0027961730957,7.201882198576145,Low,-0.011960623857504515
665,39.7460969134101,41.30928705216019,1.65255,0.25022925,34.64322,2021.0,3.0,92.0,0.4101757680235326,0.15868198097051334,77.36196772257487,28.715437576539443,102.6484146118164,28.449743014357438,24.97745132446289,20.913534423160186,0.35774753104437285,0.14028314013625037,79.63082377115886,25.599816188726752,101.45751953125,30.205129269773373,26.556716918945312,24.408424718805705,Extreme,-0.05242823697915977
666,29.82157613699597,73.3679815383291,1.542297,0.144954625,34.229660125,2020.0,3.0,92.0,0.17343253480437149,0.08856051977338009,140.20961125691733,46.78230004340876,104.17965698242188,16.9899173315995,24.110092163085938,18.956277507071363,0.21232318489231605,0.10583804724187114,126.19236373901367,42.173133887220224,116.41950225830078,19.6903976329618,38.19509506225586,22.672597756892213,Extreme,0.03889065008794457
667,14.84794439342633,36.07874242565475,0.1887194,1.0370476,45.1295126,2020.0,9.0,91.0,0.299530834847312,0.15523192313898548,93.5585428873698,34.04113361998957,95.53136444091797,15.859533284304648,26.485923767089844,20.37944422819466,0.4009390951363345,0.1136830489511603,78.80206553141277,21.279787947904136,101.86765670776367,11.52194799929928,37.978267669677734,17.369484355666593,Severe,0.1014082602890225
668,18.80050484502227,96.46450073953496,1.8609305,1.278916625,57.735797,2022.0,2.0,89.0,0.3074811898202727,0.14016786988576801,88.71519470214844,23.88450034918611,114.6439208984375,21.729044160736816,50.960052490234375,22.576066662981084,0.2834878329945817,0.10282326858307739,94.2403195699056,25.588674258325156,109.87968826293945,17.96836430548661,42.84055709838867,22.118063039859482,Severe,-0.023993356825691037
669,39.19766409806252,28.90952205180687,1.357535833333333,0.06676933333333333,65.478318,2018.0,5.0,92.0,0.5274974064608635,0.16482793744285235,69.47653706868489,34.1107484648938,124.17889022827148,22.29970441739907,68.82476425170898,20.190054735544155,0.549985471783567,0.17134642848199158,64.50150299072266,30.252260785145268,106.90420913696289,19.694312243304648,56.55803298950195,18.879694994561135,Moderate,0.022488065322703532
670,-31.67087188387232,-57.44851518847705,1.197890857142857,4.686140571428571,88.39155528571428,2019.0,3.0,92.0,0.6341400874351564,0.11661834897921909,40.972145080566406,14.370677875861116,104.60551834106445,15.020772316599466,49.29695510864258,19.6270189672588,0.6461987973740508,0.12262208416733682,40.60684458414713,13.567060381933846,104.98797988891602,16.164758813786747,48.2459716796875,19.808340291421704,Low,0.012058709938894463
671,-28.52531206787446,-64.61463257057159,2.643995555555555,0.2648262222222222,74.42095277777779,2020.0,1.0,91.0,0.6999144196519183,0.038161523869174666,35.17277399698893,8.96075454046462,124.8100814819336,7.981241338609444,79.53030014038086,8.360601848034397,0.7082682470661439,0.04261492896365831,35.44435246785482,8.991082520580028,125.12845993041992,8.107452484999259,79.8232536315918,8.53730214070088,Moderate,0.008353827414225634
672,22.9163261939419,84.59286735308928,0.5973209,0.2897187,72.3983288,2021.0,9.0,91.0,0.5190551631564637,0.13527430140690927,66.28494135538737,24.116836124392368,133.8381462097168,16.939857426455724,77.57215118408203,15.86612739811999,0.497718240116843,0.13480781043169124,69.36205291748047,25.047430051363456,130.5271224975586,16.692403483988596,76.03754425048828,17.124167594948382,Moderate,-0.021336923039620703
673,-37.91101042880526,-61.81005375922706,1.515372538461538,0.9649800000000001,63.84129161538462,2021.0,9.0,91.0,0.506164266440436,0.12291344207525978,58.873895009358726,17.35018285787867,93.78471374511719,14.56506169326967,28.251171112060547,15.962618688378843,0.5284251723216187,0.15034834016714183,54.64054743448893,19.005703359577588,90.5474853515625,12.014908256409687,26.381725311279297,15.23079872051701,Moderate,0.02226090588118268
674,25.40744777107163,91.41293882383502,1.4297385,1.296132875,59.85413487499999,2020.0,1.0,91.0,0.4662422062740853,0.20414293437594824,48.18062973022461,27.537591152815068,122.26216125488281,24.33702981706622,62.11233901977539,24.82798908045822,0.5084011591694544,0.200658519698479,44.84099833170573,27.416774880070417,125.35884475708008,24.957493223872902,67.32469177246094,23.88994809776145,Moderate,0.042158952895369084
675,-8.717588349472383,-61.82301044866677,0.2996886666666667,0.2737511111111111,80.31271255555555,2021.0,6.0,92.0,0.5149604382559687,0.18590372138891914,44.39477030436198,12.012716740135598,115.85531997680664,19.418795374660842,58.42798614501953,23.213697458044813,0.5332660649534091,0.16750750149803287,44.68152109781901,12.29509790512648,118.34527206420898,19.41368602661301,62.616729736328125,22.18000001070354,Low,0.018305626697440402
676,39.56817905178429,-5.278151895945797,0.251866,0.8125093333333333,42.824932,2022.0,4.0,91.0,0.4567874737658387,0.1485892213665087,60.944295247395836,29.603686335265532,124.82569122314453,17.6453183127154,73.87261581420898,18.707966522256566,0.5363110208026711,0.15112267345223987,55.470924377441406,24.990100099694995,136.61200714111328,23.801366510856656,86.88687896728516,23.363199897589187,Severe,0.0795235470368324
677,-10.59372012170677,-70.30384092206184,1.058003333333333,0.005674166666666667,97.36276566666668,2021.0,7.0,92.0,0.7815805078363383,0.03215889603855735,32.33279164632162,7.557435785875957,141.59527969360352,15.471063762096831,89.68819808959961,14.93796596004639,0.7887996901383758,0.03179667639180761,31.262630462646484,7.52187168001257,141.75054168701172,16.512781327984186,89.14275741577148,15.980814946038558,Low,0.007219182302037552
678,6.345579029679612,24.28734807461646,0.374561,0.004212,89.8254935,2020.0,4.0,91.0,0.5840983375692304,0.16367802955550906,44.33052444458008,11.914307125247438,132.02384185791016,14.802599079228678,72.05585479736328,20.483311272912818,0.7033702719245412,0.0866105920717058,41.09173838297526,10.762656128984252,138.83620834350586,11.24609549309865,83.24908828735352,11.508468210568587,Low,0.1192719343553108
679,-23.95703656158154,34.93089247473887,0.881392,0.4491556666666667,75.03279633333334,2020.0,2.0,90.0,0.48799388917714737,0.14939714327138862,63.821770985921226,24.423524872809203,112.3313102722168,16.797440984689867,60.722537994384766,20.054030278363207,0.47304662056828306,0.1437216181157254,72.2939847310384,30.342737089153538,114.56353759765625,14.145758536753318,62.998226165771484,16.71618840070013,Moderate,-0.014947268608864306
680,0.1281198932651364,-76.34584073375844,1.230978,0.80296,96.479708,2020.0,4.0,91.0,0.8287019554179551,0.026555141112708094,25.210365295410156,8.260281684193346,152.71961975097656,14.004455681845194,94.14355087280273,13.274053231237847,0.8039748808217864,0.0871079651966157,30.870936075846355,13.967806722913384,149.1015853881836,16.71922467349588,93.15521621704102,15.060315417061087,Low,-0.02472707459616874
681,-19.46583723289653,-58.29241803755497,3.281425,0.004319333333333334,94.11034566666667,2023.0,1.0,90.0,0.8359316950054563,0.022528333097504523,29.667340596516926,8.863194284496126,141.1684455871582,7.981816356571734,89.76008605957031,8.033627723167736,0.8430580095644018,0.018493655577399976,29.33914566040039,8.808674571557509,141.83809280395508,8.166791553084895,89.71373748779297,8.136335778594354,Low,0.0071263145589455235
682,-17.54305035257961,143.4760206904196,1.525462333333333,0.02636366666666666,67.504217,2020.0,1.0,91.0,0.42296155346076914,0.12763543229966398,64.99095153808594,28.578208996601973,116.48365020751953,12.279011828644713,64.39374923706055,15.788876052956054,0.3588787296985849,0.1716845828921438,76.80350748697917,37.60994970157441,120.11173629760742,13.351399376510175,64.96990966796875,18.456132237474165,Moderate,-0.06408282376218422
683,21.29768995091389,79.04689967566304,0.8913686000000001,1.6123603,73.06957360000001,2019.0,9.0,91.0,0.6512775135124572,0.1682700149116801,58.17187627156576,17.362782696380844,145.3452377319336,17.153338664502414,85.9678840637207,18.033642653780305,0.644052405281189,0.18363464240943425,57.82042439778646,18.225783898899703,143.65526962280273,19.412751667240318,83.3836898803711,19.646697055011664,Moderate,-0.007225108231268207
684,-32.78736356988846,147.3769660609664,0.93380575,0.433394625,40.936173625,2023.0,6.0,92.0,0.5503699747862361,0.16796725305869328,35.037802378336586,17.96483359908027,102.9241714477539,14.286683456575187,47.92348861694336,16.247966041764943,0.4776682934403369,0.1746378306552218,41.09709930419922,21.24144022866964,98.74470520019531,18.791161144613948,38.358272552490234,20.566144013951547,Severe,-0.07270168134589916
685,-7.27467968357044,-63.0838862009826,1.94427475,0.57812575,96.40843275,2020.0,5.0,92.0,0.8381604912258354,0.024633084743798928,24.3189697265625,7.495515549269705,143.0523567199707,8.834116382467537,88.13409423828125,8.753155018379779,0.8420163170311525,0.024997315200059652,23.799888610839844,7.51050710455512,142.69053268432617,9.348716709791454,87.8313217163086,9.328867489942802,Low,0.0038558258053171812
686,31.40714878085108,30.81465831125635,2.8440299,19.6341753,33.9004424,2019.0,5.0,92.0,0.23688463807160073,0.2565018484444941,94.66515986124675,53.08776337796336,101.06727600097656,47.71262904514541,27.242820739746094,26.45344841503363,0.26856430478633775,0.2736910544944155,98.73372650146484,63.06298766167099,103.22122192382812,48.93649516619916,29.285602569580078,27.775942127117098,Severe,0.031679666714737015
687,39.03274881995928,-98.80909458366544,0.001161,0.654988,31.666601,2023.0,9.0,91.0,0.31146189864987184,0.0920717899694707,78.94701131184895,26.606153808290525,86.50857925415039,18.506984805123235,6.533638000488281,12.503621817233586,0.2942513710232646,0.11620504667848888,87.09348551432292,32.60229561461722,68.4940414428711,42.784819168003516,5.4452362060546875,11.950109692149766,Extreme,-0.01721052762660724
688,22.91517193816987,-103.7824778324079,0.015114,0.237513,21.91433766666667,2019.0,1.0,90.0,0.48841883970097877,0.13289107288897917,39.007676442464195,18.598641628901657,114.9463005065918,16.59516938854719,63.515602111816406,16.688723651425764,0.5115407426213707,0.13988213432764218,38.16957092285156,18.44893784399055,115.75060653686523,17.997064605796243,64.15790939331055,18.85950893712067,Extreme,0.023121902920391957
689,9.65384267041918,16.22932978610606,0.00077,1.18631,83.079338,2019.0,8.0,92.0,0.6043290523987048,0.10035843349055137,37.32987976074219,13.930230448009954,143.32700729370117,16.995953802447072,64.41764831542969,19.572079412797933,0.5875441132301589,0.0898312123784255,34.442361195882164,15.60692506350486,151.09446716308594,18.615755038667874,57.95539474487305,23.324820072404275,Low,-0.016784939168545954
690,-35.02039724280952,139.542098993137,0.03985325,0.65450175,51.59772225,2023.0,8.0,92.0,0.47915818883184613,0.07893827804378795,63.588985443115234,22.852188846631837,91.32158279418945,19.40634644207585,35.11758804321289,21.512794799253733,0.471536981147632,0.0904939408296849,64.92369079589844,25.376974909859072,86.55362701416016,21.458438900219782,31.160236358642578,22.77263414774185,Severe,-0.0076212076842141485
691,-15.88230008600326,126.278607696445,2.239178714285714,0.006283285714285714,34.70740657142857,2019.0,2.0,89.0,0.42786934108154884,0.07450650996971792,66.10443878173828,20.00735503774703,97.80140686035156,12.083390916189018,41.76093292236328,14.77362853347759,0.44858852980945585,0.060224237195598704,60.59692255655924,15.594921825750385,98.87655639648438,11.531148003846553,45.97999572753906,13.342535401944046,Extreme,0.020719188727907012
692,-29.31021099048164,151.9177839029967,0.7969526249999999,0.3200255,45.281130875,2023.0,6.0,92.0,0.4188318820692791,0.12934517185487496,60.375143686930336,28.950147601258408,90.14903259277344,22.88732041348727,31.02790069580078,24.733645492605984,0.4224164702599684,0.14466544253316108,53.52746454874674,26.711390187990208,88.75400924682617,21.787616366233266,33.280338287353516,24.035302679934762,Severe,0.0035845881906892973
693,23.96007504563847,-99.80145982777502,1.420728,0.017172,69.0734004,2020.0,5.0,92.0,0.3696432354796688,0.17764964570788183,82.7042744954427,41.65544335911781,124.14350509643555,25.65294678786089,73.70600891113281,24.49253518919716,0.577858309835932,0.1515852469205434,51.38965861002604,21.384808378087058,110.13372802734375,42.388035933803835,62.24720764160156,35.72869173765361,Moderate,0.20821507435626319
694,-31.17593268466602,-62.6528415163224,0.4567398,8.7082742,32.01984359999999,2023.0,7.0,92.0,0.46462303074774525,0.1748456664559037,68.3137575785319,25.56571505302668,88.36687850952148,16.378137705386557,26.4635009765625,21.063074010376564,0.4668009574294558,0.16491382657918305,63.660831451416016,23.909010426319405,92.90985107421875,18.714373665166605,34.311988830566406,24.921701550990708,Severe,0.0021779266817105736
695,4.118853310725072,33.15043734553112,0.4755175,4.650000000000001e-05,95.40515500000001,2019.0,5.0,92.0,0.7451016874629772,0.10576092560348528,43.771600087483726,15.429321246778612,163.7562370300293,39.39927028534345,104.75217056274414,30.56069923915029,0.6775221865819958,0.11511766894092033,47.48109436035156,16.5261115915952,147.23015594482422,31.905026031614142,93.22744369506836,26.225879022764836,Low,-0.06757950088098141
696,-33.84750560134678,115.0223199429874,1.8427848,25.4078512,59.1996204,2022.0,3.0,92.0,0.6092080896911767,0.14935898664648295,42.17642084757487,21.075810147159267,105.66584777832031,22.163996546821426,52.573822021484375,26.241369910261007,0.6023960057898767,0.17132486904091115,45.032721201578774,21.710469799927473,103.91912078857422,21.869976508757134,47.98655700683594,25.766735129469232,Low,-0.006812083901299948
697,-25.04855507069413,-52.52808751657156,0.5389047058823531,0.1234514705882353,71.37420494117647,2020.0,8.0,92.0,0.5983638127920579,0.2083858473360415,52.832916259765625,19.558449979282834,124.91528701782227,24.753922876275706,72.1422233581543,23.817649183380723,0.5314273300091665,0.22493310888323517,57.18339157104492,24.950757863866485,120.54243850708008,23.332542322869735,65.48970031738281,23.87148384372872,Moderate,-0.06693648278289133
698,-28.91874170455033,-55.82752117174545,0.5850821999999999,1.7739004,85.1486466,2023.0,5.0,92.0,0.6176614105457388,0.2575485119130014,39.00904973347982,15.886608959097197,122.29996109008789,20.048957428460277,62.46805191040039,20.573591533555597,0.6573656002766395,0.2184654480739955,38.203765869140625,13.691862293238241,123.18602752685547,17.439841731257278,66.36875915527344,19.480416934544877,Low,0.03970418973090073
699,28.51424488571997,100.974167655218,1.147731,0.1250985,54.93834116666667,2022.0,1.0,90.0,0.5893747190458227,0.20600696991418702,29.44395701090495,26.166512246973298,113.38793182373047,42.68355047902356,53.591983795166016,39.35048054978497,0.4400076227396001,0.20259048519743061,44.889452616373696,33.656044909756446,105.71184539794922,34.57823186666615,38.005523681640625,31.93660369043579,Severe,-0.14936709630622264
700,-17.55160834398503,-53.75286258661643,0.6994914000000001,0.0274246,60.25881944,2019.0,6.0,92.0,0.5151941883667064,0.14712480449372828,49.216715494791664,25.398043205819654,113.51662826538086,17.549416608693235,59.03704833984375,20.992447193013774,0.4565278110701172,0.09737524117122492,55.01242319742838,22.349381387652492,104.12789154052734,14.893529337989598,48.65483856201172,18.728641104333462,Moderate,-0.05866637729658919
701,7.409832925390191,32.36638013608155,0.3987439999999999,0.029814,96.65982133333334,2023.0,6.0,92.0,0.5853061836120617,0.06452994040465058,46.22343063354492,9.22152018905382,103.7881088256836,9.91620783741828,48.6916618347168,10.35957538015101,0.5876315734882382,0.06082773637766657,44.45282872517904,9.184937556150425,110.09490585327148,9.648755339621184,53.4683723449707,10.743063134608828,Low,0.0023253898761765868
702,-6.631332529306135,-54.64444998256704,0.4095834,0.2684502,97.3754274,2021.0,4.0,91.0,0.8600237944433502,0.023408222840136855,22.04013188680013,7.661146725237054,145.37467575073242,13.898496609961663,90.27438354492188,13.352535618551638,0.865547053496357,0.023210366065394554,21.723595937093098,7.766075134096107,145.58824157714844,14.987899069395763,90.11249923706055,14.309839430813836,Low,0.005523259053006768
703,-21.06295995791131,47.79076483537139,0.0,0.154299,90.530545,2023.0,3.0,92.0,0.7860951039707453,0.1307782188328724,33.72297922770182,16.61724867119725,144.32013320922852,31.440892734626235,90.07834243774414,28.487151484270765,0.8043857682946989,0.07615977882881317,29.814117431640625,14.12677850211659,143.70304489135742,25.078873574908698,89.77560043334961,23.058294037455134,Low,0.018290664323953543
704,-30.19279853264047,146.6073985274073,0.6637034285714286,0.1236505714285714,24.19633,2021.0,5.0,92.0,0.28682991384162637,0.1274357046600792,94.03522491455078,58.68145604046862,85.48265075683594,22.68573925200613,25.3165283203125,18.518430421252663,0.3186900245271005,0.12253294381560957,79.07729848225911,41.91091555445053,89.46845245361328,14.748338651269567,27.09783172607422,15.86512136691884,Extreme,0.03186011068547412
705,-11.037161405068,-67.37865658919709,0.2659,0.799304,97.363913,2023.0,8.0,92.0,0.7815496130289133,0.17478707148840203,31.020793914794922,11.114398088304412,143.27205276489258,20.953583146718007,89.7005615234375,19.524645883213022,0.8042785350422874,0.03609375631518464,30.99401092529297,8.050773336369701,147.95687103271484,11.33782659460142,93.00345611572266,10.852063226099999,Low,0.022728922013374064
706,26.4899512936971,101.00392393098,0.5479945,1.387527833333333,58.49984800000001,2022.0,1.0,90.0,0.49105606450617006,0.19162234619280813,56.42164866129557,38.64959260047633,118.82577133178711,31.00180857237422,61.00749588012695,28.82502459605876,0.6089998808443013,0.17905665164699067,37.86689376831055,24.202525373655728,123.96298217773438,34.32662482915126,68.57731246948242,32.47445185762878,Severe,0.11794381633813128
707,-8.494584805014476,142.0608610548219,4.021096,3.688815,89.344251,2020.0,6.0,92.0,0.7832841712850325,0.1191030572017034,24.63517888387044,7.256270866180884,135.98149871826172,14.988154027670115,84.84478759765625,13.30898882884389,0.7420608813677951,0.12266819038668313,26.371845245361328,7.601792663084304,131.36706924438477,16.750076722149753,81.94684600830078,14.414657073012904,Low,-0.04122328991723734
708,-28.06746495460244,-49.87036176951671,3.043394,0.278164,90.479517,2023.0,8.0,92.0,0.700152269708961,0.09934116265590809,41.679999033610024,16.24146566526471,115.8377685546875,23.069623358445508,62.829010009765625,25.7393314182174,0.684438127218165,0.10761309330918621,43.15356699625651,16.998846789640197,112.72153854370117,24.528384535218407,59.26192855834961,26.874621735462945,Low,-0.015714142490796057
709,-0.2958895649835042,26.88044211852198,3.820354,0.007974,95.925111,2020.0,3.0,92.0,0.7874604066587665,0.024691936806489713,34.979254404703774,7.03368940391697,144.39865112304688,20.100508802344983,87.6278076171875,19.138205954996916,0.7765668013433498,0.029250793412511987,33.989864349365234,6.719598591404481,144.49838638305664,22.76038813568781,87.05574035644531,21.9064629273703,Low,-0.010893605315416721
710,-4.99495914015219,-51.46367575052113,0.0661925,0.0599565,99.393797,2023.0,4.0,91.0,0.8594974521191358,0.181867965617123,22.49752426147461,11.12777922014018,149.3354263305664,18.263545609946252,92.82921600341797,17.017010424884642,0.8904849503758214,0.025868026243396767,20.607126871744793,8.064798408988349,152.0800018310547,13.18789921039332,94.13792419433594,13.232976840995816,Low,0.030987498256685675
711,35.73557394625846,-120.3835059817862,0.5892657142857143,0.9135871428571427,35.54105585714285,2019.0,4.0,91.0,0.4413811864409922,0.08843035304700218,67.98338445027669,22.218638399085822,94.40125274658203,25.36330891112886,24.577312469482422,23.021678585442842,0.3969205021458606,0.07524973430846796,79.4317995707194,25.866142687536776,86.70928955078125,18.33596179318129,12.04697036743164,16.130621428969494,Extreme,-0.044460684295131614
712,13.57184378690823,-88.88994533644166,2.628612,3.184648,63.121063,2022.0,3.0,92.0,0.7654409361047804,0.1435649745826819,43.38219706217448,24.780935567268163,135.3876495361328,28.913521774196596,81.0508804321289,27.889191670102317,0.6217051030955769,0.19954017964476972,52.46815872192383,27.98432380590776,155.0033836364746,30.577367119144572,99.63755416870117,31.372013265039985,Moderate,-0.14373583300920345
713,-38.21229413494847,177.7270619735864,1.20637925,8.50791425,83.57234725,2020.0,7.0,92.0,0.8812295330009192,0.04421113091440202,14.598008473714193,9.547957908093817,131.2266731262207,34.87508826329629,75.47026443481445,33.63915163129726,0.8697187978171428,0.08248572784742879,15.988764444986979,14.217584280113863,120.74850845336914,30.265782229986062,70.7601203918457,26.831662932468234,Low,-0.011510735183776433
714,-3.158905268566059,114.1636793857393,2.260686,26.094994,50.928873,2019.0,9.0,91.0,0.3895446934106339,0.23820307721076386,85.22165425618489,32.3599496098351,120.3573112487793,29.17085596821461,64.73380279541016,24.685306671959705,0.5231886060202078,0.2018837579634363,63.81316375732422,24.8730103328893,129.92658233642578,12.391541648509818,78.12737655639648,16.993020562531342,Moderate,0.13364391260957387
715,-4.724478419352714,-73.57835629915508,0.4072285,2.542404,96.17667800000001,2019.0,7.0,92.0,0.6773735572548224,0.3758572742988016,31.641146341959637,13.332803992592028,138.9579849243164,39.34462548581025,85.46426773071289,29.73604873995354,0.7136391619248286,0.3878022936189006,25.809669494628906,8.925259186878382,140.6245346069336,43.57235997807466,85.33550643920898,30.787062282953443,Low,0.03626560467000617
716,-6.282527234481549,17.20668282944564,0.518855,0.028334,95.379341,2020.0,1.0,91.0,0.8254905572417814,0.11015324025250754,28.42767588297526,11.958939789188632,141.05923461914062,23.607232589397572,88.42699813842773,21.722829133307364,0.8319945111010822,0.12137541431807788,32.00776926676432,13.484416422263452,138.6060562133789,25.26452924421222,84.98086929321289,23.99027238319148,Low,0.006503953859300804
717,39.27373966290836,23.07874317056928,1.6460845,29.248093,52.8473855,2020.0,1.0,91.0,0.12683072569829135,0.3684416373400051,26.449593861897785,19.733776007133674,60.22005844116211,51.533659684496904,26.182544708251953,39.22272207809991,0.5414244185784123,0.3481246640111457,34.766213734944664,17.98112337789956,109.88094711303711,41.91392231701509,64.45519638061523,34.038875333308106,Low,0.41459369288012093
718,-16.12905347548339,36.53235898036303,0.6330767333333334,0.6187234666666668,86.88896660000002,2023.0,4.0,91.0,0.7626486677372384,0.09649297705801768,28.033650716145832,12.997809859797083,134.74110412597656,13.606433958608271,79.40258026123047,13.200608247370754,0.8103746552773146,0.051506303267269585,23.459184010823567,7.753870159541211,138.4609260559082,13.595314341449082,82.91318130493164,13.108351125215952,Low,0.047725987540076176
719,28.10473362060347,70.74718745703686,0.4470673333333333,0.691088,30.38886075,2022.0,7.0,92.0,0.20460414570837315,0.06932789726757439,139.77606582641602,39.7022519735137,99.28855514526367,10.913382279454298,40.67583465576172,11.044461141573176,0.21188920903236408,0.0801643342814743,140.87767537434897,41.34768774679664,98.54165649414062,11.903594131592337,40.9045295715332,11.682568112186308,Extreme,0.007285063323990926
720,22.47395340243046,88.82233143014344,1.268293666666667,23.10580133333334,48.16142433333334,2020.0,3.0,92.0,0.24297912251707499,0.27673291923624865,67.06241226196289,21.768535202940868,92.47239685058594,40.62187714595504,33.422977447509766,29.476943289467286,0.25399947175743354,0.253301582391744,69.07591883341472,21.71073620871034,95.81590270996094,41.40495508849963,36.3848991394043,31.943548898721556,Moderate,0.011020349240358551
721,-16.92798626659625,-43.75354282576421,0.7226396666666667,0.037298,27.62460966666667,2021.0,9.0,91.0,0.30162216017597965,0.11456858513730805,88.04412206013997,40.44054689493217,136.73683166503906,14.191689907646591,83.2743034362793,15.781768084830999,0.25983574787871744,0.0968640214732777,91.91068013509114,41.07186855260728,134.0721321105957,14.710796830493729,82.80419921875,15.679147137965884,Extreme,-0.04178641229726221
722,11.122906260531,21.26129679568658,0.0006905,0.006040500000000001,57.94046349999999,2022.0,9.0,91.0,0.4534496154141081,0.09135164888291439,58.825880686442055,22.811128042275367,128.74402618408203,14.067025862005861,79.73970794677734,15.18603724992505,0.37627569025792695,0.10149420401289086,71.8698247273763,29.100446126444485,117.9559326171875,20.479874471860292,68.42416381835938,22.873905708254476,Severe,-0.07717392515618116
723,23.23545429032255,79.94330940222738,0.1911488,2.2801426,43.1107374,2020.0,8.0,92.0,0.45400575632180296,0.14056896104817734,74.36049779256184,24.253103768163946,136.74621963500977,17.214105357369487,75.94518280029297,13.931813028607204,0.46887893598771635,0.16033545981458158,69.81966400146484,24.001859868040658,133.03919219970703,21.12938101574888,74.91621398925781,17.5661315121836,Severe,0.014873179665913394
724,-6.952454793692056,-67.88352415609036,1.500219111111111,0.01393188888888889,97.44989744444445,2023.0,7.0,92.0,0.8219167349061465,0.07396179504739678,30.52048619588216,8.344223328833479,145.18664932250977,17.571328811560914,91.064453125,17.208301621131525,0.8262551900383088,0.044553645548666615,30.522193908691406,7.792575392406221,145.74131393432617,16.049702541390953,91.4059944152832,15.774791935048938,Low,0.0043384551321623555
725,-19.78326683462101,-43.00313341860735,0.651737,0.746799,90.906912,2019.0,1.0,90.0,0.7182293175293899,0.17865537513327415,48.971326192220054,29.631187799382353,134.5337791442871,23.546806219772993,83.5295295715332,22.529200396309694,0.810325826639497,0.13431073672650576,33.79192860921224,23.23238590063835,134.39073181152344,24.64383361647499,84.24663543701172,23.812746224516026,Low,0.09209650911010714
726,-18.43497367985428,127.5396015358468,0.16299,0.013222,21.04847,2021.0,4.0,91.0,0.32959132514233425,0.09919054719271808,65.28335062662761,30.552279568043698,109.25193405151367,18.06269245184418,52.00736999511719,19.00467782521716,0.29714219044016943,0.0935730227261481,67.73530960083008,30.889275071293042,109.82102584838867,18.259273322827315,50.98609161376953,19.852549154302075,Extreme,-0.03244913470216482
727,-12.79246394824891,-51.26415492131642,1.313365,0.5821106666666668,35.78213933333333,2019.0,8.0,92.0,0.3873145184878126,0.10774669705142548,54.84665552775065,12.672650467612494,87.24729537963867,16.057733276138993,23.266193389892578,20.614064757561362,0.3974844738292518,0.07739831079897656,54.03581619262695,11.804489307923058,88.7376708984375,14.166518795828814,27.35590362548828,18.510992228423387,Extreme,0.010169955341439163
728,-16.54520966904535,-68.45654922071822,0.059357,7.059514,24.059038,2022.0,2.0,89.0,0.4316814605523194,0.16943189695250757,72.95405705769856,35.74499425162502,89.88815307617188,26.372380177934584,23.76323699951172,18.597520981716592,0.4743248465414365,0.14261578960587407,65.10926946004231,29.869312572801864,86.08526611328125,20.89379293925965,23.638851165771484,19.51534684154887,Extreme,0.0426433859891171
729,23.40123118539267,81.84633995897678,0.7140971,0.2986693,84.93596439999999,2023.0,8.0,92.0,0.6305471758085621,0.15468341292231982,51.56292851765951,25.38976986066458,137.37571334838867,19.09899496825604,77.10921859741211,19.3758007216189,0.6151096516254942,0.1521381036786585,50.83149210611979,23.240943794791885,136.1583709716797,16.1912963505039,75.21135330200195,15.944241997772723,Low,-0.015437524183067874
730,4.943154852175852,33.31232456048997,4.817396,0.0,87.137437,2021.0,3.0,92.0,0.5373035747624044,0.12432781343159256,52.71487681070963,11.57855588026688,110.4420166015625,18.14125717361065,47.635841369628906,30.716574183469522,0.4829826163906432,0.10057739989427185,54.20501581827799,10.229777793136778,113.86184310913086,17.02431447578806,50.959922790527344,30.688951567452875,Low,-0.05432095837176121
731,-25.93387111190851,-57.25827954399178,0.1063072,2.1834398,89.4543098,2023.0,9.0,91.0,0.6446068150375873,0.14682058386198113,52.52360407511393,24.799814406017205,127.66221618652344,12.152949875218443,78.14639663696289,12.893710677125432,0.7571337231793791,0.1264269477352965,40.88785298665365,20.85039591857814,132.4399299621582,17.112423039032876,82.83063125610352,16.85321324860793,Low,0.11252690814179178
732,25.63467006266033,89.13944571432711,2.5836142,3.888419999999999,64.606371,2019.0,3.0,92.0,0.6186428126973516,0.12492921807050068,54.16438674926758,18.040894756720043,135.5239372253418,17.555672704607296,73.67502975463867,16.381198916424992,0.5721735725930444,0.14454943176614587,62.9982795715332,21.339492266604125,139.19540405273438,21.09775593316395,72.40140533447266,17.72101641466108,Moderate,-0.0464692401043072
733,-33.00585311245239,144.2701027304464,0.6575686923076923,0.02431892307692307,35.74206030769231,2021.0,7.0,92.0,0.4617152023099744,0.14750104139222608,62.149312337239586,43.79177229938699,81.6719741821289,12.54467679083215,22.53549575805664,15.260032444587114,0.4535662324449561,0.11377771001730988,55.81054178873698,33.97884027391328,75.68998336791992,12.234807813189201,15.52243423461914,14.323375326735217,Extreme,-0.00814896986501834
734,39.70097709519844,45.62054467449252,2.4810335,10.2945665,34.1644705,2021.0,8.0,92.0,0.24112426856634672,0.12857276689347769,95.20691045125325,33.98334503506258,91.77044296264648,31.1982823355223,29.379642486572266,27.478709118221417,0.28923508759318284,0.11338439230249077,89.2257906595866,32.43469727112712,77.81271362304688,24.880488187106184,19.593849182128906,22.03012234640596,Severe,0.048110819026836116
735,4.346014603217924,28.79367114642488,0.512681,0.17564475,64.175436,2023.0,1.0,90.0,0.5693945251267962,0.17092313953047436,41.11068852742513,12.132368630410037,138.13706970214844,14.784200659996932,83.86318969726562,16.22011076056846,0.5161100262997138,0.15685073176157532,42.28408559163412,10.65596703306022,139.3459358215332,12.573351646978674,85.90260696411133,13.518815168684949,Moderate,-0.053284498827082416
736,36.20523603648434,3.327670133719039,0.938438,20.58891966666667,40.15826166666667,2023.0,2.0,89.0,0.36128110932694035,0.13378159812134108,80.62766647338867,38.51697886156388,110.95405960083008,18.02687141129548,41.367835998535156,18.879192068262604,0.34803025747260313,0.13698845444888968,83.09887949625652,40.07084855117255,106.03285598754883,17.78201158352154,36.29143142700195,19.251131545983167,Moderate,-0.01325085185433722
737,-30.07805479880516,151.0842688571512,1.1995665,0.179361,66.3416835,2020.0,7.0,92.0,0.5034481824703023,0.12150169155162321,47.37212626139323,20.993551702501904,97.47781753540039,16.979419256481812,43.831329345703125,18.50166973706698,0.5491255926722491,0.10911840431158006,44.279492696126304,20.675469408973033,106.38737869262695,19.202297514418394,57.07388687133789,19.242537390597295,Moderate,0.04567741020194682
738,-13.9593185237495,134.4702434046421,0.37798475,0.00316275,36.02724225,2020.0,4.0,91.0,0.2947283730319725,0.0691847329257965,65.4379488627116,23.759601672355906,101.97990036010742,11.285893987755903,43.154632568359375,13.7709628874283,0.33190794586499806,0.08182564942057372,62.264288584391274,21.61249981935315,101.82305526733398,11.761684276510826,47.47174072265625,13.924486957635501,Extreme,0.03717957283302553
739,-25.57324371195962,150.390085566579,0.1321073125,0.01980012500000001,33.08162925,2020.0,7.0,92.0,0.3868323018913147,0.09471788672090303,49.53647486368815,17.21085725436664,94.98884582519531,16.38046166403927,40.889732360839844,19.182280148287962,0.36057240582284833,0.135926893912025,55.28816223144531,22.333715008803377,86.54182815551758,20.45417980897419,34.457061767578125,23.33718348196064,Extreme,-0.02625989606846635
740,7.645155925258429,17.22565969942579,0.8546554000000001,0.0570844,65.22912099999999,2021.0,3.0,92.0,0.4912150350163529,0.08719325275157483,58.208997090657554,17.143574271407562,132.87529754638672,11.115892686091719,76.53681182861328,12.942025947908792,0.48441974191320014,0.08309617950708234,57.79228973388672,16.938909475392254,133.71788787841797,10.86676672753767,77.24206924438477,12.595905585109756,Moderate,-0.006795293103152744
741,37.7618747721412,40.94220065821352,2.141223285714286,0.1510874285714286,53.25475528571429,2023.0,3.0,92.0,0.3648181006625537,0.3479974052389838,73.5754877726237,38.01611623146013,102.68345260620117,22.360881897480585,34.66386795043945,19.154148077291023,0.1422463522335342,0.4745484146345981,92.63906224568684,56.930126973045525,92.11568832397461,33.641995613618484,31.183422088623047,22.51684139363135,Severe,-0.2225717484290195
742,-22.53248080377333,-59.42921877688016,1.270645277777778,0.08420722222222222,43.49122333333334,2020.0,6.0,92.0,0.3338746368092398,0.11875201999608856,77.70731608072917,27.521618366686074,106.64223861694336,17.50877709021658,44.62114715576172,25.68853732489512,0.4760320807699632,0.1564978545878156,56.86809794108073,23.98305022975789,119.48038864135742,17.01102125906755,65.88871383666992,25.15087639502741,Severe,0.14215744396072338
743,-34.77191691724816,-61.63826843777075,0.1342288,2.8011742,32.3616874,2019.0,7.0,92.0,0.433569575110333,0.16006949065820472,59.71011606852213,27.882165965640166,84.97661972045898,28.774262495376174,22.359783172607422,19.161918963783787,0.41194262147276905,0.13422732500425902,62.593037923177086,30.990126167419604,100.64253997802734,23.05764594139155,33.59268569946289,19.7546222942396,Extreme,-0.02162695363756395
744,-31.36992047782162,-60.54880342294193,0.5427418888888887,6.057668555555556,79.02419166666667,2021.0,2.0,89.0,0.5218136114911549,0.29925161957464297,37.761905670166016,19.60909295645059,108.36201095581055,35.08004601995917,60.36989212036133,32.89180024126881,0.35136861791230345,0.3430919633837259,39.58168919881185,19.915855466982357,91.63787841796875,42.52812505213534,44.56767654418945,37.57813288510332,Low,-0.17044499357885146
745,-28.542615081568,-65.68468897455188,2.060887166666667,0.0881695,33.634705,2019.0,6.0,92.0,0.4648795338883582,0.11495447224408414,42.080361684163414,23.893745991176186,121.98947143554688,17.379936224154513,72.82429122924805,19.555026316878447,0.4772621712813816,0.16232773414839222,48.321702321370445,31.77218019948506,95.21456527709961,31.99733486681385,38.704524993896484,34.86340841584674,Extreme,0.012382637393023421
746,9.42552415647495,16.49751821772722,4.061164333333333,0.346097,53.22974733333333,2019.0,6.0,92.0,0.5115552404508321,0.09258957144009923,68.3279914855957,17.5562402067131,135.49760818481445,10.225836673508095,74.41787719726562,10.581345229611417,0.5654470779033431,0.08862401085586705,62.75552241007487,18.178058232158133,135.673095703125,9.582880302101012,80.52925491333008,10.141176397501493,Severe,0.05389183745251103
747,-21.75381386853722,44.58701459966196,0.8760481666666665,0.2443556666666666,61.59999550000001,2020.0,1.0,91.0,0.5359952813246707,0.22785688375251556,61.8265380859375,33.077393089360406,114.37913513183594,25.846873491463942,65.85023498535156,23.45536072592278,0.548261076869476,0.3141805029729181,58.396382649739586,42.25756705617809,114.12972259521484,32.91184532093499,66.94074630737305,28.27845361614677,Severe,0.012265795544805336
748,-6.135008382796187,145.0424590534266,3.026025,0.062671,94.779319,2023.0,4.0,91.0,0.7959627397568809,0.11086583991405813,27.44973882039388,17.545633068212314,137.24141311645508,25.76148546755496,85.11673736572266,23.66742974092753,0.793421357774005,0.10889966845001967,29.57199986775716,17.60043907598559,146.04641723632812,24.231373442389252,94.34062576293945,21.984690411439473,Low,-0.002541381982875901
749,26.66570808848368,86.07790487582889,1.745388,0.4895151666666666,35.22747066666667,2023.0,4.0,91.0,0.2789537020091177,0.13236746621179726,112.36158752441406,36.172985788077995,115.13985824584961,17.594775033054344,47.63896942138672,21.100150517652597,0.2728702285893978,0.12468653412754176,116.00931549072266,36.15383544798377,117.30282211303711,16.600669101903478,52.136104583740234,19.97828496097656,Extreme,-0.006083473419719876
750,-12.70605815520501,32.66782722294067,2.0190724,0.1542032,53.5350722,2021.0,6.0,92.0,0.597205264676802,0.08137397684411363,36.74382400512695,10.217839503000679,119.04115295410156,11.631615844733972,68.1782341003418,13.03550206151862,0.6170013703725772,0.0998830584060637,37.353143056233726,11.869746444198313,118.09122085571289,12.701804174946798,65.71832275390625,13.8099032695662,Severe,0.019796105695775168
751,-36.39394452217186,-58.08220915178141,0.951973652173913,0.6539893478260871,85.8924904347826,2023.0,3.0,92.0,0.5477657409390133,0.0879729413860548,49.17606862386068,14.892690807374613,85.47468185424805,14.289756590485501,31.546241760253906,17.424457603713034,0.4961751829940013,0.14130797436775983,48.72347768147787,14.951345745806526,79.05056762695312,27.29724265314922,28.725807189941406,20.716240830803397,Low,-0.051590557945011994
752,27.0802533784107,78.95107618983144,0.973628857142857,0.198631,66.50790885714285,2023.0,2.0,89.0,0.7006196438323169,0.2230039650807831,47.45708338419596,35.14473559127026,104.92572021484375,18.61459117324924,42.69034957885742,22.964225624159873,0.702155398834008,0.20714141385043774,46.73123296101888,32.602639254065906,106.58661651611328,18.16321962146615,46.836029052734375,23.94530372788656,Moderate,0.0015357550016911192
753,22.74117913160978,106.8218611550557,3.635875,0.179777,77.043903,2020.0,2.0,90.0,0.7154873327823499,0.176302350063746,31.370534261067707,22.987081640309693,136.48286819458008,53.434647585441645,83.92680358886719,46.668362067013014,0.7530038423953371,0.11415368166452042,27.20407485961914,16.337336931402984,135.70991897583008,56.282654718577014,84.23508071899414,48.50070575911214,Moderate,0.03751650961298725
754,-36.83798071774106,-60.5259802377349,1.055708555555555,0.1631046666666666,46.34155822222223,2019.0,5.0,92.0,0.36332461956958184,0.17925884994577068,71.51975886027019,33.673260719094216,91.40316390991211,13.426607170848833,19.527355194091797,18.81473219656381,0.46434491981191606,0.17238444494044888,60.5724983215332,30.246529929388867,89.57821655273438,16.564635200087917,22.695079803466797,17.150248806978734,Severe,0.10102030024233422
755,3.66994353987009,-60.83148739858736,1.749673,0.097467,56.840153,2023.0,7.0,92.0,0.41156969420612866,0.08431737888702574,65.26704406738281,21.44819525693747,102.77166748046875,15.240881639434225,41.32835006713867,18.373252761496897,0.4224862945475252,0.0888229912023093,63.4576784769694,22.065420774400636,106.09939575195312,14.670501110914158,46.003456115722656,17.597095543400474,Severe,0.01091660034139652
756,25.32277931134344,79.1224943326489,0.02662,0.82608225,46.59776525,2021.0,2.0,89.0,0.6042216811131369,0.1922697921221439,59.852044423421226,28.428290457392883,113.53588485717773,12.793680865072346,41.35719680786133,18.062515223143848,0.690776765480729,0.17399789555148343,49.11038080851237,23.96879607932771,109.14825057983398,14.264935284418751,40.71697235107422,19.033986167373552,Severe,0.08655508436759207
757,-15.31362770075092,-51.29077798367872,0.510626,0.8952726153846153,60.04026053846155,2020.0,6.0,92.0,0.4111603749142443,0.1794448723492624,64.92609405517578,29.315162834646408,100.71610260009766,21.65192265840129,45.44325256347656,25.838510026840925,0.41692300336070964,0.16671097631479684,63.41284434000651,27.561590874352817,105.48178100585938,21.630213377952888,52.59165573120117,24.865382020114527,Moderate,0.0057626284464653565
758,-36.33852941459942,141.6210618266611,1.0324856,0.3146272,46.7447864,2022.0,4.0,91.0,0.43358311834610075,0.1761279125512451,60.167669932047524,26.371671635366813,104.24005508422852,22.85077176897182,30.205123901367188,21.18964063043317,0.4968423486532543,0.16823405399064215,53.989977518717446,23.868843683022224,103.68956756591797,19.174688243632307,31.096515655517578,17.15295056659656,Severe,0.06325923030715352
759,-26.79582667608236,-52.80955730685299,1.376637166666667,0.6409161666666666,79.07299783333333,2019.0,5.0,92.0,0.6286008160183102,0.16218846435263656,41.864601135253906,21.894803584032513,126.9935531616211,22.673826451396344,74.0319709777832,21.99053344371278,0.6478349567735215,0.17226241440660855,39.55502446492513,21.76409539928797,123.49977111816406,22.096322821850194,69.80047988891602,22.183970296822487,Moderate,0.01923414075521135
760,33.5209753633568,-107.4109872805244,1.648256,0.016685,23.343532,2021.0,8.0,92.0,0.4281312790958367,0.11004448018133749,57.778830210367836,23.736092596869682,131.66823196411133,27.53989421409665,72.94423294067383,24.540262556012987,0.37193212490388206,0.10593175373786506,72.40221532185872,28.823564442179755,120.31332778930664,21.673284104602637,55.904056549072266,20.377204254017208,Extreme,-0.05619915419195465
761,-34.41627380409483,-58.7683689795103,0.5326807499999999,16.29705,71.8866675,2021.0,2.0,89.0,0.5833423685374655,0.21130631694408447,49.7057139078776,34.8083119840023,138.32786560058594,23.57317959075673,88.10283660888672,23.95989243519044,0.4887915950572167,0.29371166192932363,55.211310068766274,40.4572372620383,123.08569717407227,36.92285825542182,71.07065963745117,32.61731861474486,Low,-0.09455077348024876
762,34.77630932876696,134.4142226348475,2.267281666666667,34.13363200000001,48.33433133333333,2020.0,9.0,91.0,0.6768359623168796,0.233352691141705,37.380547841389976,28.51959845284679,136.7146453857422,29.79329066263547,78.91285705566406,27.32114993115893,0.5577425384723455,0.3229120258299902,45.33498509724935,33.95984371742862,135.43855667114258,38.52911219213361,76.04550170898438,34.30161551936763,Low,-0.11909342384453414
763,39.43872168957435,127.5165012281999,2.967117333333333,25.26474266666667,58.36500933333333,2020.0,3.0,92.0,0.015453461181543116,0.08739435293203258,38.29247919718424,20.665868612410083,41.2476921081543,17.343497730926533,1.6119499206542969,9.864591614240997,-0.022472674958601502,0.03477375525075898,29.35861333211263,7.12158916324482,33.73049545288086,9.21717593926795,0.0,0.0,Low,-0.03792613614014462
764,-15.2595044915603,-47.65740590973155,1.537161714285714,0.416705,83.46998142857142,2023.0,2.0,89.0,0.5648730665337993,0.19492551535762112,47.805301666259766,25.501385753981552,125.61444473266602,16.26985347064895,69.44082260131836,20.453576345665464,0.5755559907949989,0.19569091333467836,52.92913564046224,28.10191536547295,123.72560119628906,15.236347271327816,68.58452606201172,18.130540205888536,Low,0.010682924261199545
765,25.15283940154643,-99.3214914203582,1.702678,0.1547712,68.4334084,2019.0,4.0,91.0,0.4320436911053529,0.14894341472174766,80.85375086466472,33.63446619129751,115.71461486816406,18.999860639313738,64.64943313598633,24.88071013855134,0.4552678675830921,0.13690421078645088,73.18188858032227,31.763350137806373,117.81290054321289,17.99736685386005,69.00801086425781,23.059600331629163,Moderate,0.023224176477739222
766,-13.46828382022666,49.82638873927465,2.569038,23.84776825,55.67091574999999,2020.0,5.0,92.0,0.7537492903250822,0.1063068779226773,33.683424631754555,16.466106506687893,136.58315658569336,12.52780191746081,87.10167694091797,13.459400290215168,0.72906191020332,0.14668889238905694,37.82354609171549,15.662834023370676,134.9250373840332,15.375519275069495,84.13250350952148,16.0006795370038,Moderate,-0.024687380121762192
767,10.24608024043744,15.57654627428616,2.377831833333333,1.149028666666667,50.76596766666666,2021.0,9.0,91.0,0.49312663749900354,0.11377755985110256,46.253195444742836,20.989418042104095,123.83293151855469,12.719933617374648,71.37538146972656,13.549896848201927,0.5361858065164711,0.0911282176735718,42.585442860921226,14.947298192656536,129.05185317993164,10.596763548557163,77.55932235717773,10.786297129807322,Severe,0.043059169017467536
768,-33.23457828259339,-54.92214491565838,1.345890333333333,0.3882553333333333,92.828995,2023.0,6.0,92.0,0.6594681798062538,0.09286617259042274,43.03993225097656,15.365228125577621,110.27885437011719,16.42336367296617,46.50727462768555,21.588246429675692,0.7139301267954892,0.09224310793930554,37.53314463297526,14.95685331563236,109.84389877319336,16.304536029363717,51.07326889038086,21.25201709144576,Low,0.054461946989235344
769,-28.36679666356746,-60.17923875274299,0.4087096666666667,0.6803316666666666,86.01093283333334,2021.0,2.0,89.0,0.6147640937689722,0.12155442712507308,41.0611457824707,14.1704128031862,121.87433624267578,10.933019168739298,74.29861450195312,12.732934107872946,0.5527629491058761,0.13435803212436387,40.284586588541664,13.346315004616942,121.85688781738281,11.418447667079917,74.09537124633789,12.150272517577429,Low,-0.06200114466309614
770,-16.86163939306992,-47.9603353852807,1.502378461538461,1.346852846153846,52.31445346153846,2020.0,6.0,92.0,0.5115189433063101,0.17312258328238547,52.36661911010742,28.507944818058608,124.00316619873047,19.42409643205439,68.9663200378418,20.149078336666705,0.5762279647708629,0.20318713697521368,41.148170471191406,22.785381325580047,128.57442474365234,20.70696142716046,72.97088241577148,20.33665694197826,Severe,0.06470902146455282
771,7.460537063828347,40.32852379652167,0.9321187499999999,0.00057275,35.734267,2022.0,4.0,91.0,0.5262729545127911,0.13021076745274876,51.55604553222656,21.575411401589292,130.73508834838867,27.88394378806505,79.13606262207031,26.094511862474167,0.5503810712660311,0.1294357619039911,48.189806620279946,21.707565759692717,137.44632720947266,24.642766348737535,85.28263092041016,22.23041348475682,Extreme,0.024108116753239983
772,-30.65045348743063,-61.2401396075819,0.1498895,0.5407755,89.66301650000001,2021.0,1.0,90.0,0.5898990060962319,0.10658911530293096,60.30528259277344,20.865191640527506,109.39031600952148,10.378645338076659,56.46033477783203,12.652578852602431,0.6250588320691008,0.10422489755271626,54.308545430501304,18.76614367989905,109.12141799926758,12.645187763300001,58.514312744140625,13.8860182854753,Low,0.03515982597286893
773,24.69721373102652,79.3968359649271,0.982286,1.223391555555556,59.69020866666666,2020.0,1.0,91.0,0.5366347854417131,0.23144640662052335,57.42438888549805,26.973045644975638,105.44718170166016,18.683887214408553,51.66313171386719,19.368131917637008,0.5450484746873188,0.2294608194199551,57.36947886149088,27.084763893740483,105.45830917358398,17.218900688712015,50.38947677612305,19.380256757839827,Moderate,0.008413689245605704
774,-22.13274720218391,-58.94031045238678,0.1433523333333333,0.2030765,73.5813945,2021.0,9.0,91.0,0.5157113458233518,0.12951986777549593,75.42702102661133,25.008874043460185,116.82929611206055,13.346397286920107,66.08556747436523,16.74820069125596,0.7270225659607945,0.03838471921333831,43.31993103027344,11.975984175505928,138.68497848510742,4.6923258883280825,92.6571159362793,5.021362774567984,Moderate,0.21131122013744275
775,-8.99261395860071,-61.80340111155861,1.712863333333333,0.2904583333333334,92.40403966666668,2022.0,4.0,91.0,0.8540609868086904,0.021069191187599583,22.774336496988933,6.950156523754092,143.986083984375,7.912209232616421,89.06446075439453,7.8542028419086565,0.8473611932934091,0.0495923780078054,22.5378901163737,7.392519122527805,140.5370330810547,9.138102383536822,86.7748031616211,8.991489992208201,Low,-0.0066997935152812715
776,-16.32564204697556,36.7534036395021,1.0382376,0.3539885333333334,53.07232859999998,2021.0,6.0,92.0,0.5912767634400495,0.13774260282051687,43.02945073445638,15.927812048413974,134.46144104003906,15.717859837837329,80.35309982299805,15.845238492197518,0.586150368522226,0.12719201677135175,46.39898935953776,16.567740360293143,137.73609161376953,23.934683316004158,82.73495864868164,21.156759028156923,Severe,-0.005126394917823518
777,18.39855915209946,103.2883071217049,0.8217105833333332,1.985442666666667,57.69508458333333,2023.0,1.0,90.0,0.3526126487762282,0.30349411588599623,72.88526789347331,27.13141376561664,112.20165252685547,39.83215499580678,61.34947204589844,31.805923721515803,0.30996638684674827,0.3341926305856456,71.05920028686523,28.109150961796697,106.8143081665039,45.05342232379722,57.2434196472168,33.94734929367109,Severe,-0.042646261929479956
778,-17.66128759216532,-51.16730872278923,0.1954243333333333,0.066504,91.368244,2023.0,2.0,89.0,0.8452995940921952,0.09722497822473194,29.409573872884113,13.859301484044062,128.78476333618164,10.63925698993746,72.2498550415039,10.984333151246416,0.8465400451569085,0.08888025844968617,29.388301849365234,12.54883426046349,128.1869239807129,10.322652277013107,71.83713150024414,11.319158178206623,Low,0.001240451064713266
779,-15.24191530473651,29.78618203801472,1.344808428571428,0.002008857142857143,63.28854085714285,2019.0,4.0,91.0,0.6742191103832056,0.09497009936461155,38.513221740722656,12.603891106923355,133.4206657409668,25.49931589483609,79.20800018310547,23.950748021146666,0.5996310402619542,0.10942109907785347,43.80732727050781,14.1864911120293,128.1194839477539,17.79701834617146,74.12852478027344,17.458876082426375,Moderate,-0.07458807012125135
780,37.53981691744349,31.97396426477676,1.5780465,0.4149953333333333,22.22345766666666,2020.0,4.0,91.0,0.4007029325932021,0.17619630746316456,88.05881373087566,33.12618127194033,108.11359405517578,18.280141671905216,43.85655212402344,18.009210962220976,0.42655636045666756,0.21738783128467193,81.10612869262695,33.708550989120425,113.60506057739258,31.754151592608903,52.615150451660156,26.860709862753104,Extreme,0.02585342786346545
781,-11.89944586001287,-65.64152177824639,0.8170553571428573,1.668262857142857,65.08326100000001,2021.0,8.0,92.0,0.47573944903021737,0.23057209509484047,50.01193110148112,14.061829096882828,109.16260528564453,27.894126371380505,48.475650787353516,33.7464959807407,0.7250727524936436,0.15882060619880486,37.0972900390625,9.237222189816666,138.45098876953125,17.357316966323026,85.10240936279297,18.692917536033153,Moderate,0.2493333034634262
782,10.42475643607456,16.23759648714949,0.6195735,0.119009,34.081988,2020.0,3.0,92.0,0.42989701928956947,0.08956506731590991,86.08076858520508,20.628509489861123,116.57440185546875,11.342754707698655,61.522945404052734,14.823760438324916,0.3871603620969779,0.10807051246177268,94.5698013305664,26.681115281143523,103.94689559936523,14.223464048040643,43.98698425292969,20.853571472032225,Extreme,-0.042736657192591565
783,32.92627647302379,-89.02467524908789,0.34630225,0.6651015625,93.223064375,2020.0,8.0,92.0,0.7605156991899467,0.11760491313331105,26.11731719970703,14.399347361173886,128.00328826904297,19.804732684311908,80.43761825561523,17.78743094728665,0.7437955345900669,0.11819395958833566,29.53201166788737,16.438111736726395,124.68840408325195,21.212098634368264,77.14295196533203,19.422111186259038,Low,-0.016720164599879794
784,-0.8709297379377858,16.60317437333404,0.6326672499999999,0.28491275,96.42686975,2020.0,1.0,91.0,0.7456450650183797,0.02466166518320427,28.16254170735677,9.286809221363793,151.23739624023438,8.622551690989997,87.0223159790039,8.888757375097525,0.7646758934464515,0.03498502363827524,26.83162562052409,10.25523650265957,150.54912948608398,8.689894808306772,87.97420883178711,9.141340413774955,Low,0.0190308284280718
785,-10.96252630299726,-66.98872881401927,1.423601285714286,1.569191571428571,95.45990985714286,2019.0,4.0,91.0,0.8472774256722315,0.18246074983338184,20.769442240397137,11.064543151580109,147.7519187927246,21.204396718160822,91.99078369140625,18.086571066348476,0.8302341231220611,0.22212528056429223,21.176836649576824,12.039329680096236,146.93528366088867,24.0787746403539,90.8106460571289,20.246385873383144,Low,-0.01704330255017039
786,-8.114553272766631,-73.38568356294368,2.813507666666667,0.0005623333333333332,95.60743266666667,2020.0,8.0,92.0,0.8398490317351843,0.022838091342207368,27.36018244425456,8.235473951789938,146.6127815246582,13.064962144341134,90.32815933227539,12.590385967371171,0.8401670469988858,0.02216739856341255,27.411707560221355,8.104156467420333,147.0802459716797,12.780704394606364,90.69013977050781,12.315419531319968,Low,0.0003180152637014544
787,-25.95672427868162,148.729074486931,0.8093998666666666,0.01555506666666667,55.00778233333334,2019.0,3.0,92.0,0.41346816781515816,0.09033900051162139,73.22737503051758,21.459839829599904,89.80292510986328,11.586915785501109,26.057952880859375,16.417120605731427,0.4442730844277243,0.09093951980770956,67.92617670694987,18.688056147915184,93.77523803710938,11.429453707536215,34.60930252075195,15.757005877811029,Severe,0.030804916612566124
788,25.96396954875432,-106.1811339363147,1.256809,0.00217,84.79993025,2022.0,7.0,92.0,0.5778211274902674,0.1060684509042839,34.29122670491537,15.22005897643272,125.92354202270508,25.16350997912366,76.77780151367188,22.895085538113136,0.5373620261436258,0.10396024432797774,39.07378133138021,16.005818378469556,130.5838737487793,20.99025862483893,78.98323059082031,19.222436793232692,Low,-0.040459101346641546
789,34.26987035398371,-119.0598003736116,0.963487125,0.2142208125,37.30507225,2023.0,4.0,91.0,0.5262371941181805,0.1476928551720936,72.63639831542969,35.837760086907615,123.46304321289062,20.96056677811346,69.14405822753906,21.11152605529331,0.47768118177080876,0.1816668006312162,82.574951171875,40.87299832883032,122.20085906982422,20.591426454698205,65.50629425048828,20.028689370061407,Extreme,-0.048556012347371724
790,23.90469057478293,90.1138274977318,0.095696,6.626158142857144,45.78357385714285,2023.0,2.0,89.0,0.4943795969513376,0.18056872932611084,63.91281000773112,26.878183160847218,135.5499725341797,23.391880028522223,77.73429489135742,21.77561878696564,0.4752247498223974,0.15998859122926493,62.76955922444662,24.116671378401957,136.59204864501953,25.57248027438606,77.89908981323242,22.745745386611453,Severe,-0.019154847128940222
791,21.52254686803424,81.61180721876167,0.00031825,1.22632975,23.00394375,2022.0,1.0,90.0,0.5256193838061587,0.16171328493126053,57.19146982828776,19.885279297856208,116.8926010131836,17.564024975248866,58.527034759521484,17.755225946707988,0.4063336950663402,0.1834580612628219,63.713623046875,26.410593018411063,114.10151672363281,22.711355939650943,52.89168930053711,21.886942691935023,Extreme,-0.11928568873981849
792,-12.86372848425164,-68.99836618540854,1.824269,0.3817184166666666,94.50808074999999,2019.0,7.0,92.0,0.8524553819332823,0.03522205312912504,24.003650665283203,7.832895132938382,145.17086029052734,9.324986460900853,88.06658935546875,9.131832880968714,0.8476412929342132,0.02882150476690324,24.054134368896484,7.450231460416032,146.30597686767578,7.979287895669303,89.02327346801758,8.183048583555697,Low,-0.004814088999069099
793,21.07351394457921,-88.05931703436768,3.10291,16.486533,62.16698299999999,2022.0,2.0,89.0,0.6077068963765342,0.20124961690215468,52.801466623942055,23.44779546520385,130.9966697692871,12.227943040056337,81.2102165222168,14.293446560794806,0.7345545647515461,0.1473683934068718,45.43929545084635,20.290035716415144,134.5014877319336,10.806954860661914,84.71801376342773,12.6289531139492,Moderate,0.12684766837501193
794,26.35246744752482,102.4805524052804,1.7162208,0.253983,39.55805720000001,2019.0,3.0,92.0,0.3788846975190385,0.22615974154700308,66.86928176879883,38.101905590790984,140.65071487426758,32.10871108543877,77.55550384521484,32.04500874109291,0.2218571148157139,0.1098468213502303,78.69041442871094,30.714779205069537,131.59891510009766,43.968112884284885,61.50047302246094,38.277100776679085,Extreme,-0.15702758270332462
795,-31.16139162664395,-55.05658807470004,0.9778260000000001,0.43356725,83.682381375,2022.0,1.0,90.0,0.5680388155128848,0.19578360790322077,53.323412577311196,17.678565064734002,98.69523239135742,24.03012405368588,44.868507385253906,21.710543871249087,0.6378117332302036,0.1548522965999573,50.8040657043457,19.380727587667824,109.27420806884766,20.231455789022746,52.58440399169922,19.868013363361538,Low,0.06977291771731875
796,22.80233555206983,79.32999524848572,1.190878,1.071872928571429,43.34216742857141,2020.0,1.0,91.0,0.500700620945826,0.15766721888170873,49.24895222981771,16.5762324046825,120.95928192138672,17.121987558219864,60.68850326538086,18.436306683851054,0.5385351999250295,0.19584359169430465,50.78951517740885,18.002383887577647,114.0924072265625,16.2007843684048,52.854408264160156,16.946570339858145,Severe,0.037834578979203504
797,-17.83529563513107,34.89855319803266,1.563993642857143,0.7332510000000001,87.49003442857143,2019.0,5.0,92.0,0.7945797725230364,0.09554940615810195,28.40938440958659,10.826351662320915,139.4728240966797,12.041702351232939,82.85080337524414,10.976681315180938,0.7671942459111278,0.12823823424968095,29.227076212565105,11.62796260204454,137.08694076538086,12.145284384851212,82.74602508544922,10.392318584470853,Low,-0.027385526611908517
798,-6.726242185584411,-50.27259582970359,0.4107146666666666,0.02399733333333333,76.53614983333333,2019.0,8.0,92.0,0.45502269666993644,0.1137581999855108,72.03893661499023,23.819091544635135,117.17776870727539,13.993336426930865,67.56432342529297,14.891120366461449,0.4440196343820537,0.1434284883083773,75.32409286499023,27.077915870907585,115.64963912963867,16.589087006699373,65.14634323120117,18.274639984490374,Moderate,-0.011003062287882726
799,39.68249406829214,30.23387065340435,0.0001825,2.3347325,45.25588,2022.0,1.0,90.0,0.32957698334703744,0.14865048852317758,71.77162424723308,25.02721234374979,86.9852066040039,13.857267114953835,10.906837463378906,15.756831644441167,0.3205549208372642,0.18385945188393782,66.57360458374023,26.186184758862417,90.40114974975586,15.759525929483718,18.19809341430664,21.20018901084714,Severe,-0.009022062509773221
800,-33.39883876641682,150.9187853487392,1.33345925,26.61498325,59.76490525000001,2023.0,6.0,92.0,0.755012900313226,0.16410954895495106,17.88292948404948,14.68129637312274,120.04545974731445,27.34569839990401,69.36906433105469,25.116188422072312,0.6645586218110222,0.39000180708162346,18.96135075887044,17.79260557282331,114.28235626220703,37.52042476375915,65.75491333007812,31.986139017744982,Low,-0.09045427850220378
801,36.22064085589703,29.99295165675437,0.7443263714285718,21.87440354285715,28.98038125714285,2021.0,7.0,92.0,0.17464095314057962,0.25436676048407725,128.61426798502603,97.63788959838638,117.07659149169922,46.02585390226198,66.32074737548828,41.5565445116771,0.036608315226540844,0.417659307631866,32.98748016357422,40.65859545772384,46.467350006103516,42.72406631568716,14.73004150390625,31.461142146842416,Severe,-0.13803263791403877
802,-4.383956698802045,-57.90116172739275,1.305244133333334,1.6018502,95.13841706666668,2022.0,7.0,92.0,0.8509819474579672,0.019745062582508178,27.224437713623047,7.950917884840904,143.64248275756836,13.879347403864315,89.41753768920898,13.646879133146921,0.847779150265751,0.01934540431061593,27.398443857828777,7.946532790583371,143.93909454345703,14.866454621747597,89.89048385620117,14.575116879896234,Low,-0.003202797192216167
803,-11.06552061362276,26.38172478484489,1.57622475,0.9956818749999999,88.51659075,2019.0,3.0,92.0,0.5915125024142753,0.0928744332381967,37.643646240234375,13.627579497766762,128.16841506958008,11.524765158404719,75.84969711303711,11.327356674501761,0.574348417817788,0.0918804996569498,38.88023122151693,12.709046506392495,129.39244842529297,13.2354843508299,77.49035263061523,13.294745785828585,Low,-0.017164084596487328
804,19.32020480654593,77.25931828753983,1.472779142857143,1.754286428571429,62.46633071428572,2022.0,9.0,91.0,0.5521088205256675,0.1658866450321858,53.61901346842448,15.286907573850554,142.70781326293945,15.533229397109128,76.2550277709961,13.62607540448805,0.5437615387969963,0.1594664154591424,52.243605295817055,13.362337165367682,137.86209106445312,13.165006329203084,74.72453308105469,12.583692900813215,Moderate,-0.008347281728671163
805,-24.56906034366336,-50.80397450362926,0.5228911999999999,0.1614246,75.70927119999999,2019.0,7.0,92.0,0.7321406701310877,0.19888903306906813,26.218705495198567,19.17815193192835,114.69023132324219,20.110070755014387,67.21737289428711,19.094035538543018,0.7972073475620478,0.1187140232799234,21.289894104003906,11.545724242060269,116.05089569091797,21.129355524427844,70.21285247802734,18.517860375000343,Moderate,0.06506667743096006
806,-11.24713389748479,-64.50241178366308,2.426492,0.0007505,95.36759166666667,2023.0,9.0,91.0,0.8008571069412351,0.02901482846978344,38.36439768473307,8.713458177218573,139.13548278808594,13.054993175283952,87.01020050048828,12.786903787156483,0.7960786006565583,0.029736986976272254,37.87166976928711,8.364534398256893,140.48210906982422,12.64063014408379,88.66937255859375,12.408744942940604,Low,-0.004778506284676798
807,16.03899362675602,120.2776238876504,1.773661625,17.037237875,60.55061462499999,2023.0,1.0,90.0,-0.14699695960663306,0.30512886355785335,59.988006591796875,28.003830213564804,56.0910530090332,33.06111114156225,12.995540618896484,28.02885651588886,0.1493666425496921,0.36730216926709847,59.60558827718099,31.392627038363496,102.13284683227539,47.92111115332266,52.10737609863281,46.93873131642058,Low,0.2963636021563252
808,26.65965779572751,81.69963722425803,0.9259024000000002,0.499838,69.4529546,2019.0,2.0,89.0,0.5772566900112449,0.20041534075168801,63.055920918782554,31.19584244940379,109.00791931152344,17.26221791445146,55.323360443115234,20.576542632193647,0.6233247430711868,0.20834271156393822,54.635022481282554,28.729688828293916,108.51862335205078,18.43892889979078,54.58586883544922,21.088158537391944,Moderate,0.04606805305994188
809,-5.267704595466199,15.84666344798859,1.15379975,0.04278275,73.19493349999999,2022.0,5.0,92.0,0.4436674812285588,0.19883616022013587,44.27829106648763,9.857970353125976,95.04207229614258,16.711523128727816,42.580108642578125,17.33694788911182,0.46134423326438423,0.14815887734063568,44.27438990275065,9.146440977490768,95.05561828613281,17.159076404812954,42.517208099365234,17.87529112831015,Moderate,0.017676752035825416
810,-33.66002863653615,119.4344145216867,1.7669905,28.5558125,30.52500075,2019.0,8.0,92.0,0.47011952654935363,0.1191623873650218,61.99645105997721,32.12151314965966,82.03260040283203,21.54517811130863,28.486576080322266,24.71379406280137,0.4868580327734387,0.2307308155078896,68.95242818196614,33.367568242175665,70.89898681640625,23.112881607767342,14.442890167236328,19.25588295043591,Severe,0.01673850622408507
811,-8.052508239551646,-39.47362770684353,1.523695666666667,0.315239,63.81961399999999,2020.0,5.0,92.0,0.43295531899906414,0.1677165111098088,50.54440943400065,24.059142858651985,126.73226547241211,19.88413916598844,75.75740051269531,19.1828495956382,0.4996984062659191,0.14757379347737323,48.28681182861328,19.082987774078042,133.39452362060547,14.094953001404715,83.62557220458984,15.252479528519906,Moderate,0.06674308726685496
812,-8.079831711861889,-64.75910968184382,0.9801549999999999,0.074574,94.12802255555556,2021.0,6.0,92.0,0.8412288265744792,0.028892472499902597,24.656192779541016,7.929878325066048,142.08815002441406,9.550266998959687,87.73429870605469,9.548964426000177,0.8207476795730599,0.030163938061233936,26.98310724894206,8.09305435626306,141.91587829589844,9.211955617440204,87.86404800415039,9.34065482260369,Low,-0.02048114700141923
813,-17.28674327073522,-41.68863556257117,2.5876248,0.05231840000000001,94.13137420000001,2019.0,3.0,92.0,0.7973981527344591,0.10940456775382688,30.43433888753255,17.159530516542688,142.9174346923828,27.678270232313757,89.43817901611328,24.073816437838605,0.8083083790296017,0.10841876332429375,28.262774149576824,15.453775479581028,143.15531158447266,28.598843590102085,89.5519790649414,25.862442709287212,Low,0.0109102262951426
814,-15.20693915100602,-51.80631360860008,0.5243200909090908,0.9157100909090908,72.62098090909092,2021.0,4.0,91.0,0.554491785331769,0.12372336949189706,44.69780731201172,16.182665588253393,119.3257064819336,15.366667253109966,69.80915451049805,15.964190129217416,0.5568287377732304,0.08878447744241527,41.03261057535807,10.950774454235773,116.64334869384766,13.030895968273116,65.5008316040039,13.465312024216484,Moderate,0.0023369524414613707
815,-10.98241566920343,39.2552214335729,2.3651662,0.4994314,75.7354938,2019.0,6.0,92.0,0.5103073686679325,0.1929049847823429,56.93043899536133,25.02909759056182,123.29198837280273,22.329654314718045,66.5827407836914,21.69863327507452,0.5501112514302093,0.12554594452180104,49.01450983683268,17.560248050351657,123.38471603393555,13.989917394635714,66.75602340698242,15.016078341343267,Moderate,0.039803882762276865
816,-8.750507579981878,120.9457842110699,0.45977,32.105616,56.430829,2019.0,5.0,92.0,0.7323099950117901,0.16554059536566332,32.6307373046875,18.840070327919136,142.57157135009766,38.28548521585213,88.33689880371094,35.59544214181436,0.6636156261879091,0.17680998589382327,36.4281857808431,18.040168523161476,146.74469375610352,19.171358469378927,93.12386703491211,18.815241811032173,Low,-0.06869436882388091
817,-9.73395152876737,37.96231882895339,0.6550008333333334,0.064507,60.33003033333333,2021.0,7.0,92.0,0.5078465612457421,0.09300110342445822,53.432759602864586,19.640025623606505,128.63854598999023,13.8183763731385,80.13743209838867,17.648097465117967,0.462511566286679,0.09757662981444352,60.93963368733724,22.63729300105873,122.6481819152832,14.903314121203913,72.50704193115234,18.998340634675614,Moderate,-0.045334994959063124
818,-7.341231864776674,-40.39157324224769,1.317368,0.093138,28.173596,2023.0,6.0,92.0,0.4369797837729201,0.14667434113405636,63.65832010904948,33.877616825916455,119.06219482421875,21.0284864563212,71.09263610839844,24.74011575823986,0.3451558683623024,0.15400409705707072,82.4620755513509,41.6147299331035,106.46318817138672,22.80748175335895,55.13425827026367,27.26136275364568,Extreme,-0.09182391541061774
819,38.00046863403037,21.97714729778738,1.16614425,26.48885325,53.25374025,2023.0,9.0,91.0,0.6583641225367813,0.13644397162462465,36.04624557495117,18.3555032865809,126.5431137084961,24.521382458288507,71.9311637878418,23.106337391426887,0.6650271863810566,0.143974579677402,33.48326619466146,16.53346649225722,125.52456283569336,25.669522036296037,69.71392822265625,23.198761534131606,Moderate,0.006663063844275285
820,21.73141469560147,-80.39020747786915,2.606824333333333,36.09742833333334,56.56970133333333,2021.0,9.0,91.0,-0.16089137029453582,0.22146430851120075,9.014464060465494,7.164062896811679,59.69407653808594,12.294483331207902,0.0011138916015625,0.05031618258448239,-0.11691701176297897,0.21457752057227247,8.866236368815104,7.037331047406391,60.68797302246094,12.413951175269986,0.001880645751953125,0.06810983588162055,Low,0.043974358531556845
821,-33.45541936337518,150.0092304573767,0.2486198,0.2216945,76.9636803,2020.0,4.0,91.0,0.7023065768827479,0.13331886682254618,35.9466921488444,17.38105855555209,107.91830062866211,18.903826117842684,54.151832580566406,20.70471238383339,0.6147173795324188,0.2628047592970592,33.927014668782554,25.28662295686176,107.66314697265625,31.350569527928347,57.19464874267578,25.89420316278959,Moderate,-0.0875891973503291
822,-23.36867616189977,-60.98714702243663,0.258767,0.0013968,78.9124738,2021.0,9.0,91.0,0.6103570122366762,0.09856298687451463,52.90357208251953,20.47151187922496,129.83255004882812,10.431925602732335,85.13288879394531,11.717325871469539,0.558071405830459,0.17107432702155878,66.09274164835612,37.473527149574174,118.14929580688477,24.222525538150904,70.3350601196289,29.60358323301104,Moderate,-0.052285606406217155
823,39.12122341669101,43.37981257774354,3.054463555555555,8.405712000000001,31.78514622222222,2020.0,5.0,92.0,0.44973985043724696,0.2122162780311087,82.15501022338867,33.68403060266985,96.46198272705078,21.587561254175466,30.228370666503906,20.754987403323522,0.41124158426213997,0.22559766883074486,88.2495346069336,37.80344319530345,101.70139694213867,25.63350088014283,33.71923828125,21.526070507469274,Severe,-0.03849826617510699
824,38.58268066532794,-120.895799093028,0.8834882000000001,2.8068644,61.3624692,2020.0,2.0,90.0,0.6565129909154237,0.09438625484128198,39.438360850016274,15.09106767058808,119.07848358154297,23.928953813797175,66.53501510620117,24.10683588261718,0.6793827125607714,0.110825431254528,30.79389826456706,14.576011272796832,127.94554138183594,21.688976450747408,77.76810073852539,21.757263164561184,Moderate,0.02286972164534773
825,-29.86585403951253,-58.63856399778818,0.15967275,1.645498,92.80072,2019.0,2.0,89.0,0.727171315653294,0.081788362967824,33.91240310668945,16.821888644657694,112.39479064941406,16.143431820820712,65.07718276977539,16.90527243459484,0.7219495420658077,0.08654930118248289,33.95512771606445,16.497681329666726,111.07804870605469,16.549020384809683,64.98788070678711,16.499930699174648,Low,-0.0052217735874862115
826,22.22221404205697,88.9847979578654,2.475416,28.1253265,45.672308,2020.0,3.0,92.0,0.3857270539627305,0.2803089586362408,71.31066004435222,26.278937643492807,114.02524185180664,40.862251182242815,55.82996368408203,32.33341900798608,0.20373559121158952,0.32523449749131683,68.35570907592773,28.247146475548046,90.62150192260742,48.18380331432528,33.23768615722656,36.46212853583039,Moderate,-0.18199146275114098
827,19.01702565555297,73.78264498552994,0.699405,2.7738385,78.41047925,2021.0,8.0,92.0,0.5945152873785066,0.15803109419332045,52.64969126383463,17.566133208684594,134.6880111694336,21.134564254299484,78.10023498535156,19.001835405694735,0.5378363442900314,0.1810120930947729,57.62663269042969,21.373640553442062,133.13662719726562,22.793514560756712,73.33699035644531,18.07717650587247,Low,-0.05667894308847521
828,-15.11471774491722,-50.48121356609497,1.103713857142857,0.2432227142857143,92.93494728571429,2020.0,3.0,92.0,0.6767379522306103,0.14673489455795743,38.99041875203451,19.832651403504595,123.72605514526367,14.69161503687094,73.10256576538086,14.114243361592784,0.6892595409950721,0.144887429407871,37.68632125854492,18.942619967209136,126.67306137084961,15.054423051037691,74.24178695678711,14.917586688659469,Low,0.012521588764461855
829,7.48816384151727,80.65097036518779,0.7818613333333334,2.484874333333333,83.57075466666667,2019.0,1.0,90.0,0.7371468090137583,0.13446893124503262,43.109307607014976,19.245070270955402,145.4742431640625,27.33289949963381,89.6993637084961,24.713448621084606,0.7676187181377534,0.10303017496460967,39.50219217936198,16.71610722443426,135.6827049255371,36.04609777081905,85.0412826538086,33.82970072690977,Low,0.03047190912399511
830,-4.666529341580357,-41.00434827743118,0.05349,0.050959,27.224851,2020.0,9.0,91.0,0.27500716326812835,0.04770053726338216,82.35491689046223,29.190936680512593,126.93499755859375,14.754258961232557,78.46068572998047,16.539942262441883,0.30931325275651034,0.042095425101122436,66.12980270385742,22.265279562898193,132.5091552734375,11.515349390647387,84.9609603881836,13.064745034740316,Extreme,0.034306089488381986
831,-8.272949112889858,-42.3108682128186,0.010292,0.04999149999999999,45.973976,2023.0,6.0,92.0,0.41447371664948984,0.13588451251202405,61.2131233215332,31.643553949910906,121.3160171508789,17.47886542350132,72.54984664916992,22.649653593688925,0.459895665223677,0.11452899609031907,49.63638051350912,20.22726428271651,130.4752311706543,15.114279887325663,83.76568603515625,16.70095631254321,Severe,0.04542194857418713
832,-28.92588010286363,-62.53918880853765,0.154391,1.358352428571429,49.90499785714286,2021.0,4.0,91.0,0.39327280701637335,0.16413725048592712,67.36438751220703,29.784348540281606,83.64762115478516,21.747650138507055,20.511085510253906,24.579981499480073,0.35327428360409385,0.14802051539978361,66.9930419921875,30.68256101572073,84.19322967529297,22.49455213451754,21.47970199584961,26.136497485945288,Severe,-0.039998523412279496
833,-17.83402589043234,132.863126219719,0.5480225000000001,0.0145770625,34.951957625,2023.0,3.0,92.0,0.40811407514382836,0.07667822473280309,66.3644307454427,27.294556477418645,109.66104888916016,11.610502467161714,61.706504821777344,13.882975864148154,0.4215798558682309,0.0733698737641709,63.988285064697266,25.58441414314205,109.85920333862305,11.801242584498558,61.41775894165039,14.132834223643519,Extreme,0.01346578072440252
834,-13.63938307960486,-49.35163494251782,0.639699,0.1288385,80.184045,2023.0,2.0,89.0,0.66969576705182,0.1642890873117786,42.094441731770836,20.879331451509696,133.26003646850586,15.212655678227737,78.81748962402344,15.56714753439693,0.5692973786728468,0.16759785532974059,48.69088490804037,21.85443557479873,129.7654037475586,14.55762695504345,77.33165740966797,14.814167046910356,Moderate,-0.10039838837897319
835,-30.42992691119856,147.4418911527122,1.594369545454545,0.5356493636363636,39.90680563636364,2020.0,8.0,92.0,0.3951564504456737,0.10042265844092946,68.82677586873372,31.089028748071406,92.99736785888672,13.361804504254621,41.579402923583984,17.716311787571286,0.4603724313193833,0.12910550517274755,72.60043843587239,28.506200429775618,90.17387771606445,12.286397225897499,34.26197814941406,16.37865079861345,Severe,0.06521598087370961
836,16.35313016648759,80.15573471506053,1.937605444444444,1.668397777777778,75.03653777777778,2019.0,9.0,91.0,0.666026852441882,0.16546148908189964,55.59746805826823,17.214086285371497,146.46370315551758,22.005880665345796,81.09997940063477,18.10128417964351,0.7359976388411029,0.11281787626751764,49.9073371887207,13.453256681367888,149.25161743164062,15.388946325683714,84.34133911132812,13.43848007195311,Moderate,0.06997078639922094
837,-9.971760768983708,31.0729673684352,0.706871,0.07271709090909091,87.296809,2023.0,4.0,91.0,0.5925680724215994,0.11996697071217287,40.150115966796875,15.560360840771503,121.96074295043945,13.936671348633135,68.58064270019531,13.204741605062468,0.5949476667813229,0.10436952429338937,37.990823109944664,13.383511067452194,122.98069763183594,15.056657261645345,68.54001235961914,13.416633665833881,Low,0.002379594359723569
838,27.77625919670072,-107.8901873765348,0.5399494285714287,0.01496957142857143,60.25982171428571,2022.0,8.0,92.0,0.6162389469353684,0.15564507041358322,39.111595153808594,23.328819533658013,124.51786041259766,34.51439556469288,70.19553756713867,30.254996143457827,0.5830481664864351,0.1423368833953886,38.340712229410805,22.66267380926426,127.71493148803711,29.899359702916968,74.47981262207031,26.05626789976461,Moderate,-0.03319078044893331
839,-34.51491642809597,143.0129750563339,0.1299123333333333,0.9370496666666667,31.02327833333333,2019.0,4.0,91.0,0.545419064139324,0.09838642374436558,30.752440134684246,16.860454773589243,99.76518630981445,9.754737494009976,43.29118347167969,12.274206011238705,0.5486374107092331,0.09760299377928573,29.960247039794922,16.343512712075757,99.47546005249023,10.070649657392181,42.624629974365234,12.95590717016418,Extreme,0.0032183465699091585
840,9.175025582220243,16.49645178026566,1.3742035,1.9410835,64.19000700000001,2022.0,8.0,92.0,0.45783368763937915,0.13335789259467162,79.4632682800293,35.715669254792,132.23195266723633,11.197871700464962,79.70990753173828,12.335551202588162,0.48123309705172446,0.12081532398964669,71.7950808207194,28.798880893758856,132.93882369995117,10.515438159238602,80.83050155639648,11.125198135438419,Moderate,0.023399409412345307
841,-18.23617093833449,129.3177471217543,0.5525252857142857,0.2521728571428571,24.11340185714286,2023.0,3.0,92.0,0.51021050400729,0.08836485586864008,48.10356775919596,13.759978656270846,108.28482437133789,9.672303831648408,59.54447555541992,12.643449874159357,0.5168307912494416,0.0872574060571482,49.644421895345054,14.699566189425141,109.61677169799805,10.611562601941415,57.25772476196289,15.41074228247384,Extreme,0.00662028724215169
842,38.39799382404634,40.35260615770932,1.415939166666667,0.4708678333333333,37.70846666666667,2023.0,4.0,91.0,0.34468963038475076,0.1300670784651155,107.95762888590495,43.92860851674009,115.08590316772461,20.98024934016541,57.13616180419922,21.022295591309938,0.315903182280047,0.1420066103298565,114.80049006144206,45.0298461792825,118.24744415283203,24.25777784754205,58.116485595703125,23.77257877988292,Extreme,-0.028786448104703766
843,-3.052005065114479,16.07250714792204,1.312691,3.162047,40.4708565,2020.0,8.0,92.0,0.5303606534376599,0.2413701789680017,49.95329666137695,13.713451274982614,126.44256591796875,21.20643649661147,73.27217864990234,21.62939620592153,0.5184734117033571,0.24033813015275918,50.984747568766274,15.62983828277654,128.62810897827148,20.902355769159755,75.58017349243164,21.944402580908562,Severe,-0.011887241734302778
844,-36.84943059534146,-72.0364892477462,1.149165285714286,0.3286861428571429,80.15172328571428,2019.0,8.0,92.0,0.6828026259014581,0.218110998976995,42.27502568562826,24.344845473341195,116.2744255065918,18.33538503935705,54.56251907348633,17.597118360140175,0.7668073750097657,0.179536472672629,33.65155919392904,19.981953092396765,111.57950592041016,18.85891977819041,56.78767395019531,20.554316500527275,Low,0.08400474910830757
845,-10.47067067373616,-71.77293575420398,1.028990875,0.02756175,96.216274125,2022.0,8.0,92.0,0.8153415139429399,0.02803400165185419,30.251902262369793,7.215092878778427,145.30787658691406,18.626030594793075,90.42304611206055,17.948788335726537,0.816926903878084,0.027267405312014836,30.316539764404297,7.309219410507941,145.58296585083008,18.38407430739345,90.7927474975586,17.782169469412434,Low,0.0015853899351441214
846,27.19223670535148,-99.87940704076492,0.6662043333333333,0.07498,50.87759033333334,2021.0,5.0,92.0,0.4305483098639957,0.14961461603582926,97.17819086710612,39.618756244136996,114.45412063598633,9.62507415522736,65.33650588989258,12.014766319109816,0.42390904720533407,0.16811437727278725,96.52512232462566,43.74875343593311,110.58408737182617,14.087519039227546,60.63872146606445,16.89329423238242,Severe,-0.00663926265866166
847,-24.16304654355178,-53.6513612079912,1.554004684210526,0.7866091578947367,80.99755968421054,2020.0,4.0,91.0,0.6672414077116002,0.16252182655544145,46.39962514241537,22.506586215985763,125.03893280029297,15.817590507999649,65.22082901000977,18.56427706853652,0.7011956361061933,0.14530307068792772,40.76587168375651,17.5610314345375,130.76827239990234,13.414278268413078,68.25338745117188,14.698277839928897,Low,0.033954228394593056
848,31.71883047555031,72.34749885701561,0.4465442000000001,0.8168477000000001,32.2502399,2020.0,9.0,91.0,0.4230258711860345,0.1947061310955494,80.09644190470378,30.80224245428698,115.94355392456055,16.892972716160887,54.146419525146484,19.12827896027449,0.26374593594677226,0.16210590551750173,108.14819463094075,42.403273185860506,100.05731201171875,24.53567064197307,36.16904830932617,23.69312001286999,Extreme,-0.15927993523926226
849,-11.93980407474901,31.7438936364455,1.6175355,0.1015823333333333,88.0779735,2020.0,3.0,92.0,0.7576371449780346,0.05676252668483952,31.886215209960938,10.030079938003194,132.40856552124023,17.83705159415422,78.48123168945312,17.32077408810765,0.7447816927553959,0.046816404010181646,32.524645487467446,9.165545977976114,134.1538429260254,16.69229121986581,79.79291152954102,16.424025060811573,Low,-0.01285545222263873
850,-26.18494641860928,-58.97446288664557,0.39984105,0.22814085,97.1210303,2021.0,3.0,92.0,0.7743122087951093,0.10862407331177988,30.789576212565105,16.524701450975574,135.05735397338867,11.89852353128813,85.56399154663086,12.088578813225372,0.7650964706554966,0.10441770169334239,33.34535471598307,15.72027351372178,133.77679061889648,11.382427490171574,85.41226577758789,11.449953430717207,Low,-0.00921573813961274
851,-33.98284747655009,149.1769632282342,0.8783033333333333,0.1325394666666667,68.267799,2020.0,1.0,91.0,0.4205930716171995,0.10194602875675267,51.60365549723307,24.36091554312803,111.66022109985352,28.132777418142204,52.535335540771484,28.483782566918325,0.47115064437851983,0.10475671954449228,46.47094980875651,22.535577643452672,117.13013458251953,29.2652642346324,60.0524787902832,29.762063220480876,Moderate,0.050557572761320335
852,39.00456275965415,-123.2188920758704,0.9318083333333335,32.48293983333333,54.56466866666667,2020.0,6.0,92.0,0.5723491996197408,0.21591104221312996,48.22301355997721,28.14936236346039,126.94663619995117,27.943816117050055,70.32180786132812,28.31419359333782,0.5098476789193955,0.2151630190266861,58.95345687866211,31.74101525448163,117.4033317565918,28.89001010832828,60.32368469238281,30.20371448754138,Low,-0.06250152070034531
853,12.03929861866609,31.32791435827482,2.000577777777778,0.003726666666666667,52.864836,2021.0,9.0,91.0,0.41205968321909836,0.1370379531341829,86.77843729654948,31.090053892605265,123.15690612792969,29.125742768546818,68.17401885986328,29.582457411922505,0.4593302665328167,0.14027935736317226,80.0415153503418,29.84526605273137,124.89295196533203,26.86713652915731,71.00955581665039,26.44627397557181,Severe,0.04727058331371836
854,-7.588838588431429,18.67754572295354,0.3017045,0.001462,63.897391,2021.0,7.0,92.0,0.5096682292874963,0.11619819429214155,49.111035664876304,10.771348094747859,117.9402961730957,18.038988969579357,62.75923156738281,19.280054352435087,0.49968072080383763,0.04492968447232743,48.00412114461263,5.529439297829153,119.65829849243164,10.448326679112125,64.35464477539062,11.088146999283593,Moderate,-0.009987508483658702
855,8.39359378295589,37.76736550329343,1.85149825,0.0942435,87.94195675,2020.0,8.0,92.0,0.5423415811845373,0.12442108509093919,52.468493143717446,19.228948115583684,126.50573348999023,12.90287583440184,76.12398910522461,12.738895289990964,0.5893115229891492,0.11463206404150239,48.62796401977539,17.59732409064086,125.92334365844727,12.825833351293523,77.32600784301758,12.281018599056953,Low,0.04696994180461189
856,26.59478918514392,-107.7060209615994,3.866336,0.007525,83.65356299999999,2021.0,6.0,92.0,0.7807594503334769,0.0982076347063223,47.77530288696289,19.615673497392393,141.62996673583984,41.16744428252739,91.1774673461914,38.219411842142435,0.8470574657406351,0.11250170007946977,36.091064453125,17.672961918633046,138.7974967956543,35.84966822500731,90.30387496948242,34.68294530290808,Low,0.06629801540715818
857,21.28812191088645,81.93971670594715,0.3876296666666667,0.8342356666666667,31.050303,2020.0,3.0,92.0,0.41794181336282477,0.13746062254715383,66.9021733601888,19.738377939864147,125.33056640625,13.656255368508827,59.06122589111328,15.03263652847334,0.44241223206350355,0.17983576110336927,63.783243815104164,20.772078411378214,126.33918380737305,18.17666024746566,60.825565338134766,16.869861032359825,Extreme,0.024470418700678787
858,-31.08531059923098,-57.71812704231043,1.350837333333333,4.552626,89.33395622222223,2019.0,1.0,90.0,0.7108435514107345,0.06350677965143997,40.8203379313151,11.728718264006256,104.67304229736328,12.450861125918056,53.91656494140625,15.065344717827536,0.6814345302044462,0.0726094509053526,43.392069498697914,12.860629007819874,100.87959671020508,15.359422525508363,47.7110710144043,18.88025710602669,Low,-0.0294090212062883
859,-25.66058345711991,-49.59295484602711,0.754662,0.44048525,80.562438,2022.0,4.0,91.0,0.5854512033754371,0.229202860901979,44.12696202596029,25.97423563705705,120.65606307983398,16.87703407781839,64.54348373413086,18.325597910882223,0.58082275382315,0.2333900054244362,43.248635609944664,25.698755922300823,120.07735443115234,16.71513922736289,62.64644241333008,19.14600731704967,Low,-0.004628449552287139
860,-6.141688221753654,30.40581727640918,2.018224,1.706966625,87.86993324999999,2021.0,3.0,92.0,0.6578441365164736,0.06768311683199005,35.174190521240234,9.765591589440621,136.71189880371094,14.000713799570155,84.69531631469727,13.916850935644437,0.6604838790859731,0.06519343310195579,36.4966786702474,9.775973639470804,138.07776641845703,14.46896575091842,85.24134826660156,13.822795966486048,Low,0.0026397425694995036
861,-24.82222301265363,148.4847821696164,1.265516375,0.25183025,52.12413675,2021.0,5.0,92.0,0.4190810355218417,0.18226375631755845,42.896619160970054,22.110600526983436,98.10467529296875,19.49700275861318,42.941322326660156,21.49425850611103,0.3514152771307508,0.15159930888650136,51.59978103637695,24.727260125074906,89.55426025390625,16.10941125426759,33.50537109375,19.34462522212203,Severe,-0.0676657583910909
862,-29.51671518422711,-58.99073165224765,0.4752469545454545,0.9914876363636366,94.28059186363635,2020.0,1.0,91.0,0.6490192651298348,0.27387776090530985,32.19773483276367,16.71574916805914,96.50389862060547,27.755743309820406,43.46262741088867,25.11621895767778,0.6610159025818901,0.24402911827320076,37.911215464274086,29.70885021152127,108.21733093261719,24.373894316971743,59.78968811035156,21.696005180592106,Low,0.01199663745205537
863,22.11103401743561,70.21821422568064,0.6673715714285714,3.213276285714286,57.36998142857142,2019.0,9.0,91.0,0.3998242482580441,0.1636453381564446,70.26394144694011,23.303241248504996,128.9966926574707,17.751987199094295,63.654335021972656,19.55658843824972,0.3767435380743418,0.14698068578801962,70.86407852172852,23.235553695526566,122.45645904541016,18.135335674386504,58.78057098388672,20.94033785172502,Moderate,-0.02308071018370228
864,23.68548468361644,98.77951502399782,1.230231142857143,0.2638897142857143,79.41845557142857,2019.0,2.0,89.0,0.37152213817428636,0.17244220634062282,74.41818237304688,32.479995156340465,127.74702835083008,26.706898354973937,68.35850524902344,27.750859680379175,0.4235605908606396,0.19827884863526377,69.03719329833984,33.55472225181355,125.83433532714844,27.465702344509673,67.8132438659668,26.66408381525966,Moderate,0.05203845268635321
865,-6.736964315283913,27.55541215209078,0.299797,0.6769633333333333,95.631375,2022.0,3.0,92.0,0.6861977436365123,0.061770755083738575,38.2942746480306,9.354528151453065,140.9117889404297,11.323087546354438,87.81116104125977,10.036040193054104,0.6945001005040012,0.06467278360223196,37.945543924967446,10.227441658428054,138.36825561523438,11.303487498791887,87.1146011352539,10.501920824595281,Low,0.008302356867488925
866,-11.36372968167164,-56.16791395233894,0.8984777857142856,0.04501985714285715,66.990657,2021.0,6.0,92.0,0.39418975699220493,0.2829052291002759,91.53205235799153,60.12485576626838,104.71260452270508,26.2215034148221,37.812461853027344,36.42296488408565,0.7240030489402334,0.23122399999332255,38.39486185709635,34.42363441430781,129.0379180908203,26.158569167068197,73.56357955932617,30.431567752170903,Moderate,0.32981329194802844
867,-7.678449321576636,-52.48551895151064,0.5145962,1.3217276,97.5740504,2020.0,4.0,91.0,0.8957791966505511,0.04101511469670064,20.478893280029297,8.917667581078192,151.07991409301758,17.186373684649446,97.2803840637207,16.297948725870338,0.90154171952247,0.020522602117686962,20.668360392252605,9.063464332969305,153.63384628295898,14.82096443707026,99.33061981201172,14.21489516514345,Low,0.005762522871918918
868,-6.536935378866453,-65.0186409123849,0.910811375,0.726707875,96.861784875,2021.0,5.0,92.0,0.8230541200729877,0.23152735878786979,21.947259267171223,8.583083421787935,139.1815414428711,23.637768111197364,86.86874771118164,21.664151334473704,0.8669461583613156,0.020718331021821104,21.764244079589844,7.799272284658541,143.4316749572754,10.95773070234342,91.08276748657227,10.872119950821517,Low,0.043892038288327884
869,-21.4463001574314,-54.04646376197773,1.821018818181819,0.05204054545454544,52.05268690909091,2021.0,3.0,92.0,0.39926071170256794,0.1972102566956739,67.1683972676595,32.699997285083576,105.76347732543945,21.200431895319973,49.93582534790039,24.02882048667748,0.496480966673289,0.20358046019902926,54.208580017089844,28.305144730108495,113.77002334594727,18.370989759966868,60.40335464477539,19.243973964410046,Severe,0.09722025497072107
870,-22.46923427249169,-48.12351178452153,0.5941893636363637,2.811879181818182,53.14912227272726,2023.0,7.0,92.0,0.531136210554735,0.23440705351300048,57.12771479288737,36.32137684184695,115.57795333862305,19.831309059891904,61.25482940673828,24.499298154624032,0.5390997120277208,0.24079660145869944,54.845436096191406,35.05831498226631,117.59343719482422,19.31288589530009,63.336734771728516,23.75886277212179,Severe,0.007963501472985746
871,-12.41123439749048,-61.09924031320125,0.3173500714285714,0.3987930714285715,84.00498371428571,2019.0,6.0,92.0,0.4677777184741396,0.13960908551715218,64.45142110188802,23.536242413446104,111.53240966796875,18.48572903804478,59.56683349609375,22.65864843490434,0.47696700233916545,0.1946741829129129,66.78033065795898,30.422355921522506,109.06555938720703,21.796987470340454,53.46059799194336,24.14578877385343,Low,0.009189283865025821
872,-17.95082184251261,-58.38512096997955,1.037817,0.1969314,96.88162209999999,2021.0,2.0,89.0,0.8433393475939965,0.06980344629242535,23.55462646484375,11.019849337713342,144.01096725463867,10.570265849575527,85.37283706665039,10.688958145275354,0.855526499070038,0.05413722973838389,21.81719462076823,9.878526994052816,144.24610137939453,10.212883531073055,86.06975555419922,10.459908457721241,Low,0.012187151476041436
873,-0.5069838754010263,25.91004896418844,3.145109666666666,1.323929,93.784384,2020.0,2.0,90.0,0.8563368190743859,0.020972266114103834,21.83896001180013,6.261209000647437,147.43539810180664,14.68995859768113,91.89068222045898,14.04773344178155,0.8522532659497983,0.02309175087969329,22.2162602742513,6.433440944132372,146.11590576171875,14.85684767536604,91.7894287109375,14.366356477148672,Low,-0.0040835531245875245
874,38.16177968643073,-107.2649168020205,0.7598917142857141,0.2658667142857142,50.09513014285714,2021.0,6.0,92.0,0.47313249003924085,0.14710493058585822,51.185587565104164,21.7586054567462,120.38836669921875,24.23419800630089,67.04705810546875,24.52255701395112,0.5226975331866868,0.14295279368097913,44.26062901814779,19.672505174324606,123.09078979492188,23.59602566914932,71.49336624145508,23.992607127549498,Severe,0.04956504314744592
875,-32.67450919633666,116.3104352305073,0.6509173333333335,0.3148714444444444,49.31730816666666,2022.0,1.0,90.0,0.6341030768488878,0.0987744029699858,38.08338928222656,13.884158909910608,117.45165634155273,11.325271620167472,64.22926712036133,12.15409079813333,0.5955901534966266,0.13400635969979327,40.51616414388021,18.945959386823137,116.0067253112793,11.403810865208008,62.79179382324219,14.00578108457483,Severe,-0.0385129233522612
876,25.73649728980993,74.17005246296952,0.9747185,1.147689,62.0381965,2019.0,7.0,92.0,0.4703424375295657,0.14889411216062493,65.5249252319336,22.33828802088478,129.4964370727539,18.157604349252324,73.06947326660156,19.861788479512015,0.4539492441287871,0.13170815868904354,70.7814343770345,21.852013662642662,130.03407287597656,14.806577589639982,74.19631958007812,16.630797398905877,Moderate,-0.016393193400778605
877,-12.7213753396176,-50.62923763478548,0.353867,1.138277625,39.156001375,2020.0,8.0,92.0,0.571675005669344,0.15014118307881957,50.569854736328125,16.492899916494174,134.35220336914062,12.866594517724701,82.52488327026367,14.481184713892732,0.638583863640406,0.1550523303454236,42.229540506998696,14.220428470873516,138.6614761352539,10.697771228008476,88.97214889526367,11.55366296509188,Severe,0.06690885797106194
878,-15.89051969305989,-42.43687397958868,0.5403402857142858,0.1354864285714286,58.36789014285715,2020.0,7.0,92.0,0.5373993667068628,0.14389966789343706,52.11645253499349,22.749517611575246,128.05258178710938,14.463428444782519,76.78589630126953,14.779927970468753,0.625727707454768,0.16172531722831743,42.77344640096029,20.58439477523944,130.07874298095703,15.879197484859391,80.40811157226562,15.107826078287054,Severe,0.08832834074790519
879,-28.40487857857455,151.8770868202211,1.806856,0.1744557777777778,51.65703499999999,2020.0,4.0,91.0,0.5038361413169007,0.11882717560948716,42.31619771321615,19.32776802071069,100.35881423950195,19.815449739850873,47.544673919677734,20.53783542906862,0.588673354846172,0.08230814116476926,32.855674743652344,12.82258265282434,109.93327713012695,18.4123087835161,57.19495391845703,19.542636591494436,Severe,0.08483721352927132
880,-13.20971933322458,-64.61335187147041,0.6629908999999999,1.4814033,85.85952720000002,2023.0,5.0,92.0,0.6208172339846776,0.11501894218969855,39.69535700480143,13.134966857125217,123.70220184326172,13.39433076541531,73.18746566772461,13.197810097540387,0.6363482519890706,0.16608869354650052,38.12668482462565,12.119859032519686,122.71127319335938,18.42975899771724,72.14075469970703,17.405663574102608,Low,0.015531018004393049
881,-18.824915499549,-61.51161057330152,0.2842267000000001,0.0,91.71008659999998,2023.0,6.0,92.0,0.6597194437113103,0.03166544915328109,33.05075327555338,5.790332620469366,138.99333572387695,7.50666750684823,94.04656982421875,7.962547725034048,0.6670761842128741,0.0309917250376528,31.99718729654948,5.818658201603245,139.38604354858398,7.634944191930902,94.35371398925781,7.934491459718776,Low,0.007356740501563763
882,-36.78781389888002,-58.32937909296513,0.9317907692307692,0.5143292307692306,87.98292776923077,2021.0,1.0,90.0,0.6594413650692132,0.11888112261439415,48.894056955973305,16.312979939086947,104.50542449951172,16.669968933731187,48.65538787841797,14.571230705579042,0.6550349008428533,0.12033793341587479,48.93665568033854,16.759014396645505,104.94818115234375,17.39905053680856,48.263370513916016,15.756212932943905,Low,-0.00440646422635993
883,-4.171423575886848,-44.01096484495872,1.88176,0.02691716666666666,87.843119,2022.0,7.0,92.0,0.7143254074673018,0.13327814534115454,41.818458557128906,18.438947591153322,125.15616989135742,16.20039443970111,70.12568283081055,16.68943336834303,0.7368741617048324,0.13085201098860946,37.972704569498696,16.868412496266707,129.26976776123047,14.25821844502652,73.94552612304688,14.843820172664763,Low,0.022548754237530666
884,-11.55604128342668,-50.56722886736904,0.328741625,1.28063875,77.1598034375,2019.0,6.0,92.0,0.5433804127850954,0.12413303146919179,39.41592280069987,11.105176357424755,111.5925064086914,16.65157663018412,54.127464294433594,20.250633221186334,0.586212916141208,0.1258929206103549,37.92887496948242,12.089666559214644,115.08685684204102,17.604526110818785,60.12405014038086,20.097689562567766,Moderate,0.04283250335611255
885,-29.73077053069989,-55.58736034185171,0.513228625,0.577990375,52.36585587500001,2022.0,1.0,90.0,0.4873504989167037,0.1421346357807965,67.3079121907552,30.003912997896183,102.7315902709961,18.772514167995478,50.73969268798828,20.5943089549356,0.53071563129738,0.1463544079708088,62.715755462646484,25.614424525446424,111.69580459594727,16.944008739570787,60.10325622558594,19.83508794748084,Severe,0.0433651323806763
886,-5.935063174413166,-44.88090060409226,1.20555925,0.00289075,94.31935975,2019.0,4.0,91.0,0.7220715060277882,0.12448691149161085,36.83897145589193,16.85463639445048,138.9515724182129,13.534745920098285,83.37636184692383,13.197093025637075,0.6618706091114106,0.14365389853633173,40.22435633341471,18.05266317599683,134.46027755737305,13.981505080726322,78.89630126953125,14.872878371002408,Low,-0.060200896916377644
887,8.441313846164356,29.73686490175581,2.820312,0.9884447500000001,61.85500025,2021.0,7.0,92.0,0.6044733898206127,0.09944452982401643,22.393024444580078,12.830230812812168,159.01909637451172,13.399034016016499,80.38815689086914,12.053646474848167,0.5403449789593631,0.10394459685094096,22.491377512613933,13.123124804568175,159.23358917236328,15.547146668556685,74.3482780456543,14.213848845518832,Moderate,-0.06412841086124965
888,29.82958145123255,76.45599856311955,0.261509,0.111423,60.171705,2018.0,9.0,91.0,0.5313848580905258,0.19523855956153144,58.065252939860024,21.330972533379107,122.62740325927734,15.604413316197718,63.75275421142578,15.885984091416784,0.5434465335999874,0.18269416499956362,58.23417282104492,19.17656687035154,121.90647888183594,13.758846313697724,62.71796417236328,15.11116870391174,Moderate,0.012061675509461578
889,39.92209136869778,-122.912635253456,0.510264090909091,0.3268627272727272,31.88522281818182,2021.0,5.0,92.0,0.43683054050181624,0.20144889691983905,40.08738454182943,17.159321670741743,139.01430130004883,28.717911925559182,84.19942855834961,26.76013541143153,0.4773708048009837,0.1851941189800135,41.32512537638346,18.05364752245931,128.3740348815918,31.168772760941707,74.68163299560547,28.413179748872246,Extreme,0.04054026429916746
890,38.95434402482219,20.6957873968995,1.240302666666667,31.37939366666667,46.84043133333333,2018.0,9.0,91.0,0.14045723172638858,0.5380310151197188,54.788455963134766,46.46303305094006,95.42375564575195,42.754860321916496,46.73102569580078,35.30909961751722,0.06363462865223768,0.6143454301105961,52.53080368041992,44.93376481268118,89.5414810180664,50.61616499057846,45.39680099487305,36.05080083400986,Moderate,-0.0768226030741509
891,39.73607585171195,-5.367653737879266,0.97468,1.49811425,68.57909275,2023.0,2.0,89.0,0.5171389223898442,0.1161688889063534,56.33143870035807,20.878594465614412,104.18348693847656,19.659826614051823,45.32130432128906,18.336100937182124,0.46090843393683567,0.18979760028349757,59.49322509765625,24.235279817253762,98.3958969116211,26.211360505819474,41.087188720703125,20.890938090621525,Moderate,-0.05623048845300849
892,-11.8883070367319,-47.55030821571717,0.4124238,0.5041466499999998,55.0547,2023.0,6.0,92.0,0.4985491829144386,0.13611760819717333,51.28749084472656,22.16396556124243,126.4644546508789,20.076493731272592,73.18491744995117,21.115355790213417,0.44977714849138084,0.13977073436538162,55.23932393391927,22.51511848195872,120.09103393554688,18.697250584948268,66.19999313354492,21.633503379603006,Severe,-0.048772034423057775
893,-12.19562171995004,-42.44618143699438,2.064904166666667,0.01056166666666667,73.11861616666665,2022.0,3.0,92.0,0.6501337908720757,0.10151295633550017,37.652259826660156,14.265720824375931,139.49509048461914,22.094888978292353,90.56631851196289,22.02468294161579,0.7065881233049538,0.09882778348630873,33.7662353515625,13.687317669356613,137.4648666381836,18.607279743635893,85.97698211669922,17.947827610978873,Moderate,0.05645433243287812
894,19.83248671427781,-104.3088665563285,2.165124428571429,0.1804903571428571,44.10030564285714,2021.0,1.0,90.0,0.3199921415174001,0.1173511902497162,67.15247980753581,29.148094754121697,132.49726486206055,27.639021273818415,80.11989212036133,29.274076344640967,0.37652057317716503,0.13474639665348076,60.086290995279946,27.9480404835239,132.18629455566406,28.04118833523473,79.51932144165039,31.570954481026153,Severe,0.056528431659764955
895,-16.52361631630523,-52.01439453200096,1.3337787,0.0187036,82.0887052,2021.0,3.0,92.0,0.6843463773974383,0.1764394265459835,41.65093739827474,26.319423641827722,134.68846130371094,22.315077283543065,79.57961654663086,21.92074095426117,0.6232822430320063,0.2073799638710696,50.54438400268555,29.178811124976914,127.21698760986328,19.64526616417669,70.4247817993164,23.415293585432845,Low,-0.06106413436543201
896,-18.07880485938414,-56.01919648155767,0.6353329318181818,0.1468572272727273,92.6116560681818,2020.0,3.0,92.0,0.5624713117687261,0.12503217197038818,52.12968953450521,22.604538032211693,122.91715240478516,14.396629807478025,73.3997917175293,14.758997307168766,0.5748316414947396,0.10756859072442691,46.40191523234049,17.496948122677928,124.31387329101562,13.565490182865686,75.03556060791016,13.59570193309329,Low,0.01236032972601353
897,26.52544864489466,88.58233193036779,1.5417896,1.1273322,80.57479620000001,2021.0,8.0,92.0,0.6672809004440534,0.12012926951834159,45.6430409749349,15.042676574448697,138.11206817626953,17.45563132256681,83.18592834472656,14.953140542907358,0.7037541309406323,0.16464046764607718,44.06297175089518,19.75793067471361,144.11475372314453,18.452910417386384,87.604248046875,16.690797528202108,Low,0.03647323049657891
898,-14.58013128723332,-64.47875498962256,0.5637326666666667,1.65848575,74.57883441666668,2019.0,7.0,92.0,0.6501609992724475,0.14862147180623955,46.667196909586586,14.852075321117278,134.56110000610352,13.065814366908178,83.35649108886719,11.983516051745623,0.7456859030784813,0.08897887886947059,40.960436503092446,13.215396297378666,140.10239791870117,11.772580843480943,86.5731430053711,11.211805748856055,Moderate,0.09552490380603373
899,-9.066271332246885,-67.56845917244367,0.440953,0.5659222,95.6020605,2023.0,6.0,92.0,0.8145785162666925,0.0628959774861523,28.41139094034831,10.337445616676503,141.9332275390625,11.588508217223966,88.24837112426758,11.335800168715483,0.7578017236995152,0.10975369812575732,33.74004109700521,13.567920638821722,137.76992797851562,12.766481091520284,85.36584091186523,12.455717117545381,Low,-0.05677679256717738
900,-4.429691451685159,-49.58408839462334,2.311495,18.113189,76.273781,2019.0,4.0,91.0,-0.25778713761649064,0.4644258511426672,17.00671895345052,6.40147502283413,47.2093620300293,37.88618080531848,11.76546859741211,29.682459081615793,-0.40090369812754334,0.12800193538820223,15.383354187011719,4.1509197905603,37.5888557434082,13.037307360851646,0.8094291687011719,8.040845229519359,Low,-0.1431165605110527
901,36.63888497694398,7.463809812239248,0.6519284736842107,8.538800210526315,24.41341852631579,2023.0,7.0,92.0,0.4652680240134899,0.15658025616286894,67.45275624593098,30.779161116165,110.72357940673828,14.760533597828791,52.758766174316406,18.48404034635084,0.47099995597269073,0.18496201116709815,67.17022196451823,34.08486871706209,114.24740982055664,14.042115860594587,58.65288162231445,20.203729863337383,Extreme,0.005731931959200853
902,-39.58190681911202,-62.29433996633057,0.141451,29.86041,21.297008,2023.0,2.0,89.0,0.4087169913166093,0.14100243335900361,55.579480489095054,19.461362397161295,97.44103240966797,15.50570727196778,35.204017639160156,21.720625474805708,0.34483063766193545,0.12743791503018498,59.608594258626304,20.380283406586724,93.99834060668945,16.320721804766833,24.29043960571289,17.442482272735752,Severe,-0.06388635365467388
903,-7.302513248751083,24.89152890002921,2.182403571428571,0.01767028571428571,47.8927707142857,2023.0,4.0,91.0,0.2567643836076019,0.19627173431852604,40.84509785970052,10.543221409831167,110.71249771118164,15.660096425384245,62.74565505981445,19.121626867000785,0.42472580348721145,0.17639671055212416,43.18145879109701,11.98938705358176,115.4965591430664,17.772248511091547,61.738800048828125,20.56131554221954,Severe,0.16796141987960955
904,-35.88453454416066,-57.52146841482963,0.4656086666666666,35.06509366666667,50.89701833333334,2022.0,4.0,91.0,0.5712012755246292,0.09855336100209455,50.65258916219076,16.47503210856495,82.42757034301758,12.48366223235035,29.722305297851562,14.792685724222016,0.4962805303862752,0.11246905124674851,57.349962870279946,20.274620521055166,84.70880508422852,16.737611275529318,31.37749481201172,19.52111669437785,Low,-0.074920745138354
905,-17.72519586013994,-57.51280928235882,0.8335561818181817,12.35097318181818,73.97300345454545,2019.0,5.0,92.0,0.25011649016826887,0.6332472944106259,17.878767649332683,13.918651138703922,93.90637969970703,53.43399233974003,49.70569610595703,44.6477025710586,0.40024914835333014,0.4569939914091128,19.29355748494466,12.033730225698044,111.91613388061523,46.67522097172567,60.0753059387207,38.9237645881358,Low,0.15013265818506127
906,8.671479085419243,24.4029480932023,1.2429508,1.06e-05,31.5107964,2020.0,1.0,91.0,0.4249963148914162,0.10782949049753597,66.57249323527019,17.99978012685933,123.88338851928711,13.227987798319804,72.62681579589844,14.644317406997805,0.42636697358230435,0.12340657737412179,62.21002324422201,15.915975465959637,118.64657211303711,14.29588029375919,63.6375846862793,17.01056766039588,Extreme,0.001370658690888149
907,-13.0190405353234,-46.79961520140543,0.9176655,0.0502935,79.00029816666667,2021.0,2.0,89.0,0.6507935289093102,0.11591716212155187,45.38910039265951,19.072389728897093,128.32383346557617,13.855313805981,72.9725570678711,14.06165722511846,0.674627502862392,0.14335382175601621,45.141194661458336,22.33559084850063,128.18262100219727,18.820349023236037,74.98109436035156,18.57069029310789,Moderate,0.023833973953081844
908,-13.91053203294518,29.72331375263119,1.289508,0.3748265,74.463883,2020.0,2.0,90.0,0.6095636583024202,0.10818065786749673,40.09158452351888,16.07132513637458,124.70708465576172,12.21713803517597,71.45919036865234,12.434617429241115,0.5972530518931762,0.11707495132856273,40.61697896321615,14.14423478125726,128.45429611206055,12.901328182853035,75.4245719909668,12.682476167087188,Moderate,-0.012310606409243974
909,25.62584670275492,87.98769059848041,0.7493577499999999,5.48944925,38.6061355,2019.0,9.0,91.0,0.5773141933737274,0.14754478749024486,55.205891927083336,18.704736897033488,116.3410758972168,25.748765420517234,49.79156494140625,25.94982507815039,0.5349065796356401,0.18621952124412552,57.88514963785807,21.02775285385465,117.212890625,27.050766090361275,52.251731872558594,26.26165935536163,Severe,-0.04240761373808721
910,-34.84518252834302,-62.20257988965487,0.9818646666666666,1.089556,43.75738266666667,2023.0,3.0,92.0,0.5716026407885559,0.18508149980239297,54.919928232828774,22.142379078919078,104.06294631958008,13.204290513862317,42.000370025634766,18.60521501876759,0.466383985413529,0.14577772500934544,60.089280446370445,21.272344124530164,99.65964126586914,12.590301749279538,39.92531967163086,17.778765833259545,Severe,-0.10521865537502695
911,11.84917604880936,37.14108951982826,0.930487,9.884091,66.820055,2020.0,4.0,91.0,-0.4457879267457656,0.07171335575645546,116.07964833577473,43.658879209155984,46.71484375,9.640648741360556,0.0,0.0,-0.5446479745791066,0.03593589882644857,82.20436986287434,24.739673298455426,53.34968948364258,9.012555861539154,0.0,0.0,Moderate,-0.09886004783334101
912,20.19896853037178,80.5416969513031,1.217652,0.3842835,93.8747735,2021.0,8.0,92.0,0.7644471675147968,0.07821163956899466,34.61084747314453,10.65136732075111,143.02622604370117,14.170657029940706,83.00403213500977,13.534137477728574,0.7291725819740891,0.10598561783102557,37.436639149983726,13.088996979500681,140.9383201599121,13.768195538420857,82.77754592895508,12.809321101755817,Low,-0.035274585540707726
913,-21.1418289145497,32.56027401289256,0.11267475,0.08496000000000001,46.21428625000001,2023.0,6.0,92.0,0.46626005183912866,0.12357056328236053,49.81713612874349,15.170337093695707,108.34885025024414,15.122977254682002,54.68062210083008,19.661322902374547,0.4498486636910002,0.12539699708074767,48.807657877604164,14.35238981478293,112.33370208740234,14.608187724462363,56.63056945800781,18.750991476531677,Severe,-0.01641138814812848
914,39.44580768363592,115.9374895863941,0.9649025,0.6991539999999999,42.4912065,2021.0,8.0,92.0,0.30715312499004166,0.19063366589273517,81.92201614379883,39.07296657186107,159.94876098632812,32.66154285274175,84.93274307250977,25.63290277406367,0.33222153801947396,0.19939531850557607,78.60708745320638,37.37795473692065,159.86488723754883,34.42453171051069,82.15470123291016,25.254697022600386,Severe,0.0250684130294323
915,-1.707898078380943,-52.93511781198957,1.979632,4.799194,88.882357,2019.0,7.0,92.0,0.1765544305658464,0.4911653756666468,78.59156036376953,39.72936103405636,100.70826721191406,42.30038713513863,44.44254684448242,48.989586276215924,0.7304962664103123,0.13528300487505457,35.10956700642904,16.370493725107014,147.8357810974121,12.726421251419644,100.30752944946289,13.382066075643873,Low,0.5539418358444659
916,6.149326539988408,30.75740757724557,1.598624166666667,0.0012265,92.63523316666668,2022.0,5.0,92.0,0.6284351381987108,0.051214854446865334,56.53400166829427,11.554504202991591,117.4276123046875,10.153831287091764,63.16850280761719,11.594318039787048,0.5729840467729446,0.05158982218880773,59.850050608317055,11.405773760770058,115.22327041625977,9.86242671224862,59.320560455322266,11.372243583852304,Low,-0.05545109142576621
917,-0.377301301166554,-60.00006982497179,1.164976,0.423693,97.118479,2020.0,3.0,92.0,0.8492868295925291,0.018947336599823138,24.40704345703125,7.7726385837822844,146.76224899291992,15.658648238282984,92.84912109375,15.107030921419566,0.8469129947816327,0.01899291259192936,24.301045735677082,7.782373130866861,146.92308044433594,18.39564247302164,92.91429138183594,17.68836463985243,Low,-0.002373834810896369
918,-32.05101885558787,-52.29034515343346,0.6731071999999999,30.5263264,47.9334372,2022.0,9.0,91.0,0.5406189562804635,0.19754677217221456,60.42170333862305,29.791586841746465,104.86923217773438,22.68058947184424,51.77735137939453,22.70678856885723,0.08340118464411939,0.36117671018493663,69.3265749613444,23.062858574048303,63.63970947265625,34.323434850444144,19.17690658569336,30.215187846313558,Moderate,-0.45721777163634414
919,-22.45031396569268,44.89132860416845,0.2234192727272727,0.2784574545454545,51.69457172727272,2021.0,3.0,92.0,0.49786503606065935,0.22423553908332988,57.486212412516274,38.400418266382566,103.72250366210938,26.676774940421687,48.00532913208008,31.13404301520549,0.5401334287937516,0.21820131381148114,49.13231913248698,33.54622563633971,106.36421585083008,28.347230254762003,52.06167984008789,33.14202637316468,Severe,0.04226839273309224
920,-3.130717771653586,-68.99089139917453,0.013452,3.957632,95.490646,2020.0,5.0,92.0,0.8222128101880344,0.034960841524836556,28.63597869873047,7.6491763458912585,152.817626953125,11.586652138213559,97.01679992675781,11.268107107318079,0.8224214265228511,0.022648213033318328,28.772621154785156,7.414519601682704,152.93825912475586,11.139758613603501,97.35046005249023,10.941664226202615,Low,0.0002086163348167247
921,39.39946381952011,-10.09524807326429,1.085275,1.368846,21.252006,2018.0,5.0,92.0,-0.029593086594603024,0.07026981553552432,50.10387929280599,10.405931542217097,35.13125228881836,7.395110304256415,0.0,0.0,-0.028501960413144456,0.06856826751301812,50.7728385925293,10.186826050730586,34.914146423339844,7.169007976490746,0.0,0.0,Extreme,0.0010911261814585682
922,-7.485277704710704,27.38544877893551,0.24604225,1.3422615,92.54738250000001,2022.0,3.0,92.0,0.6210898601123986,0.09579560371425735,44.817134857177734,25.530711933218743,130.74454498291016,15.70101033250072,78.63554763793945,13.427887014158165,0.6257632413536756,0.08868074871759572,42.87893803914388,12.530852481508836,131.87723922729492,11.141407461299952,80.22834777832031,9.924360136836645,Low,0.004673381241276919
923,-21.94149637160548,147.601727771533,0.2549222,0.117543,42.0428536,2020.0,1.0,91.0,0.31566974706837403,0.12237813296395592,66.07488123575847,22.630158661915534,107.3172721862793,11.954222011514803,49.13753890991211,20.906641938244256,0.432829037804662,0.09977855019328716,67.4871597290039,21.60232991318058,101.34081268310547,12.194625119709473,44.29244613647461,20.786972309128004,Severe,0.11715929073628795
924,26.41816132835528,76.9976358707238,0.4127232,0.3946536,29.95873779999999,2023.0,9.0,91.0,0.38562367514296003,0.14512161021817804,67.1259282430013,26.516557015329944,116.34733581542969,17.61191158130282,56.45602035522461,20.46492585626843,0.3472060070370593,0.12514444655318296,68.14936955769856,25.06438904318632,115.04810333251953,17.22261831009277,58.01179122924805,19.40179761377455,Extreme,-0.03841766810590075
925,-8.50467198948212,36.13088179974554,0.883124,0.04537,49.67307599999999,2020.0,7.0,92.0,0.413029794722771,0.09471815701787727,63.86532084147135,13.96112563967523,114.96449279785156,16.616878447344146,64.73917007446289,21.19495890744021,0.36075535078933757,0.11244979118017834,71.97920735677083,14.161630041779754,107.84737014770508,17.18586219635615,53.88741683959961,23.618352718454194,Severe,-0.052274443933433445
926,-12.0732467727767,40.60758651075804,1.20604775,39.42484475,55.83117925,2020.0,4.0,91.0,-0.05305806855873385,0.03285218700024855,29.58117421468099,9.34302258507338,37.69086837768555,5.903375125987027,0.0,0.0,-0.05077547542130478,0.03564103848793588,27.77624766031901,6.448319531712539,42.21126937866211,5.837758389948587,0.0,0.0,Low,0.0022825931374290676
927,11.68158291706614,20.19143074894302,0.7473476666666667,0.0,71.77152133333334,2023.0,8.0,92.0,0.7174329180174652,0.09046761134811662,48.57244873046875,17.41713474847377,125.66077041625977,13.001972977619806,72.48286819458008,15.578584998843267,0.7288475168278126,0.09896655908496746,46.37505976359049,17.822131161992445,126.72953414916992,12.698147324828778,73.87977981567383,14.735474013944383,Moderate,0.011414598810347343
928,-27.42796718198593,-66.70594697175622,2.417183666666667,0.01415066666666667,24.80067466666667,2021.0,3.0,92.0,0.32674328464062086,0.1298424776703247,61.244948069254555,27.355442520266102,118.63638687133789,34.817065708872086,52.102813720703125,27.04135616523052,0.37650573594889636,0.12343314699287698,52.035238901774086,23.6982031167668,126.39696884155273,44.151527070411014,60.277523040771484,36.11007545396019,Extreme,0.0497624513082755
929,-5.984421140492913,-71.2397459041687,0.03668633333333333,0.05611666666666667,99.55068033333333,2019.0,5.0,92.0,0.8331306852651892,0.03257533411505264,25.38465118408203,7.027878626736355,145.22282791137695,15.109370323357188,89.91521453857422,14.518729584649993,0.8341235447135205,0.021424474184810978,25.388509114583332,7.156303170500362,144.38453674316406,17.328122265596395,89.14151000976562,16.55695806463699,Low,0.0009928594483312736
930,26.06570851196319,75.01394231970374,1.065826,1.293445666666667,42.92872885714286,2020.0,2.0,90.0,0.5526557612035669,0.24843700639961797,60.911520640055336,26.08663012048042,104.65958404541016,17.233408366486962,44.433048248291016,20.507762549214256,0.5001774349203918,0.21994065261584866,72.92866897583008,30.54312848217516,107.51097106933594,17.875527375152792,46.34326934814453,19.604099740627323,Severe,-0.05247832628317506
931,-9.103079823610951,20.85226540680856,0.012614,0.021111,98.750538,2018.0,1.0,90.0,0.6890208617154485,0.08502385522502359,35.14326858520508,9.885288900536995,123.36762619018555,18.04122321035744,73.77235794067383,15.554753036489373,0.7546818995972444,0.06495616174994727,30.680177052815754,8.723967816100876,130.09642791748047,15.816118813268373,80.21626663208008,13.33075507607839,Low,0.06566103788179589
932,-10.12842027158985,27.60309173733941,0.4430923846153846,1.514210153846154,62.4718286923077,2022.0,5.0,92.0,0.5719922947127429,0.1058096801988241,38.24227778116862,10.949048068153731,125.18022918701172,15.926972253837956,69.30746078491211,17.599051992741867,0.5181143578466845,0.13457934841747218,40.283189137776695,11.109627391972515,118.07100677490234,19.318607713108534,60.20726013183594,24.14830442226065,Moderate,-0.05387793686605846
933,-17.38168304964853,133.885382307114,1.047276,0.010693,33.627173,2020.0,4.0,91.0,0.4745784909677555,0.07837760812692436,74.88432947794597,26.429360504929928,73.37625885009766,14.326527225454466,6.163578033447266,12.723251499994035,0.5121500491935729,0.07291861634695151,72.34378814697266,25.28228492014529,68.88625717163086,13.113563936646218,1.847442626953125,6.2028516196748145,Extreme,0.03757155822581737
934,-5.706436579669607,26.63079675840041,1.861665714285715,0.5998324285714285,78.70929114285714,2021.0,4.0,91.0,0.5824356849880701,0.11374234676357316,38.33633550008138,9.190573151346381,143.6342544555664,10.084465560991744,89.0050277709961,10.1186034869303,0.529187854121119,0.10060274829487834,42.2153205871582,10.097149488133404,145.07027435302734,10.52246295966275,92.96372604370117,10.767782730161832,Low,-0.05324783086695106
935,-14.09506597716507,-54.52025856818813,0.9778107500000001,0.03122575,45.66648362500001,2022.0,7.0,92.0,0.3956364110866968,0.19034718283969257,76.85364532470703,38.72180115925478,104.40411376953125,28.886820420852956,47.97333908081055,32.31870979932666,0.4534855454752307,0.1860832493478779,65.16306686401367,33.25517938456998,109.12392044067383,25.791938439307916,53.41366958618164,30.140515791891346,Severe,0.057849134388533896
936,-10.58678457244717,38.32422587344266,0.263443,0.000187,98.353225,2023.0,2.0,89.0,0.8378688139882797,0.03642546659643186,26.10472234090169,10.45653355621064,136.22017669677734,17.908480343633013,79.56473541259766,19.70921667763796,0.8334628139989491,0.03680792050827543,27.427256266276043,10.659460841130072,135.78998947143555,17.88455385465596,79.52994537353516,19.717754543593465,Low,-0.004405999989330667
937,17.44702134754757,95.62470264744655,0.4575451923076921,2.752421884615385,43.11467488461538,2020.0,1.0,91.0,0.5913384531304702,0.22665027886783684,58.858107248942055,27.795092842787433,128.0893096923828,24.610906224178965,66.30484008789062,22.87422901116642,0.4906608341075367,0.1772362408921755,69.30235163370769,24.424196285660056,124.07418823242188,15.83883647229529,66.34011840820312,18.024751286659697,Severe,-0.10067761902293348
938,-17.47671394874101,-51.1038412712339,0.4993735,0.06876216666666667,91.64690083333333,2019.0,3.0,92.0,0.7364581608312162,0.15105419358291358,35.43145879109701,18.00826241300705,130.86389923095703,12.491568841919886,73.74834442138672,15.307781664222887,0.7645194252356404,0.09960559614715603,30.539038340250652,12.738369267290809,131.589599609375,9.798630841500646,75.38889694213867,10.992304819344906,Low,0.028061264404424247
939,-13.16329287846888,-62.2268387682245,0.9192121818181817,0.7274776363636364,93.61249636363635,2020.0,5.0,92.0,0.7285093920324845,0.37454951798554764,24.434337615966797,9.108443844185667,132.96002197265625,38.5266075353529,83.72173690795898,28.680709739928535,0.6358492902104564,0.35672294365258633,29.770904541015625,13.66330164270195,135.89141082763672,36.26045102182537,87.24346542358398,28.1755557113767,Low,-0.09266010182202811
940,0.6217824055102881,-51.16652807540368,2.075943,3.905923,86.637986,2018.0,4.0,91.0,0.6520682179259722,0.22689760150019553,48.12923940022787,29.718961972134753,138.15229415893555,11.987435591554345,91.14216995239258,12.18416114935193,0.7708449420649686,0.1382664403094953,32.172491709391274,14.800901353819656,141.51984786987305,13.201366598238417,96.41425704956055,11.024299961918498,Low,0.11877672413899631
941,-18.3446628407768,35.38044808458355,0.009057666666666667,1.227253,95.69548166666668,2020.0,4.0,91.0,0.8620879563088693,0.049535309400936034,22.108333587646484,8.553699383404176,145.43811798095703,11.315461023066948,88.5517578125,10.602298629492704,0.8611247997713463,0.07662159027652107,21.73959477742513,9.877740043907812,144.32883834838867,12.860242092389145,88.31951904296875,11.211453855731989,Low,-0.0009631565375229911
942,-4.207047807622296,33.98982793175719,1.9465385,3.548944833333333,36.77067083333333,2021.0,4.0,91.0,0.26862550988211353,0.10518740929291212,97.93334452311198,32.54339476336917,106.6656494140625,17.182513130395407,51.68537902832031,21.33897204074056,0.29845238068250324,0.11191051664171557,73.31442133585612,23.119911079902916,123.0382194519043,18.581100246603434,54.59370040893555,21.41063823962499,Severe,0.029826870800389704
943,-24.88368910031881,143.9885604326309,0.1238535,0.013743,29.932010625,2022.0,6.0,92.0,0.3922179647776609,0.08249288498487943,71.95652898152669,26.654430590720253,109.47836685180664,12.696544008540494,49.23182678222656,14.418202824494367,0.3907159770688011,0.11805922314142069,77.13128916422527,33.15967140473999,106.27692413330078,14.15292123483607,45.25450897216797,15.848699656000594,Extreme,-0.0015019877088597866
944,-11.18015389853198,32.50957630979488,0.67874325,0.04438450000000001,68.275019,2020.0,5.0,92.0,0.6588645111729647,0.0742459421118229,36.33085505167643,9.566881172298242,123.66903686523438,9.869675301856219,70.74565887451172,10.825965929839855,0.6202448859530705,0.08967818020940098,37.82262674967448,10.473109240541405,118.10770034790039,12.102880739674454,63.54817581176758,12.29697079266407,Moderate,-0.03861962521989426
945,37.53856645033211,116.3793573359853,0.8028665000000003,0.1971850833333333,72.391092,2019.0,8.0,92.0,0.6968742643400496,0.178704623134679,50.64207077026367,25.28617263543271,116.65765762329102,19.087664910932425,54.04233932495117,19.1981462970425,0.7271519773822658,0.15684905930653786,46.967308044433594,22.316964793280274,116.0858039855957,19.41781325875763,51.62435531616211,17.880562738725164,Moderate,0.03027771304221616
946,23.465925821054,93.32798144760642,1.20353925,0.1006815,96.43373475,2020.0,8.0,92.0,0.7501879012070448,0.1942350333188796,31.08467737833659,21.448586078964833,144.69526290893555,31.63192715842285,89.54462432861328,29.311626623655147,0.8577809796562313,0.08092677242475094,23.648277282714844,12.418925686322918,144.79161834716797,34.91597508885597,89.13921737670898,32.319282233855716,Low,0.10759307844918653
947,38.58960103349249,-105.2346724162896,0.4774425555555555,0.04547355555555556,32.86768444444444,2021.0,8.0,92.0,0.41824166897686244,0.16482333902554058,58.207417805989586,32.02802630833051,126.8402099609375,37.32353697512933,67.19065856933594,33.56232160437454,0.5459301667015097,0.14151209707911194,39.31736628214518,20.88562753882205,123.15002822875977,33.150921768778716,66.56501007080078,28.246426118165733,Extreme,0.1276884977246473
948,14.66158666695763,78.52971276767835,0.6726617,2.0967466,30.0052594,2023.0,1.0,90.0,0.28768470684753633,0.12835719180727867,92.26616032918294,33.415115214868976,108.17971420288086,19.794694232413537,27.379638671875,28.128344145218783,0.3392723546897636,0.1823552379867835,95.34961700439453,44.4277882654964,111.17309951782227,18.75156083420244,36.81516647338867,29.795677013661734,Extreme,0.05158764784222725
949,32.70365671464228,35.58011821551281,2.137939333333333,2.64613,44.32377666666667,2018.0,3.0,92.0,0.06012156270171132,0.23891042696647008,36.581573486328125,24.79216842094994,105.40117645263672,23.012089734431964,84.32493209838867,23.831193738804746,0.5807736561555599,0.23603872540254986,62.982916514078774,34.431249910690184,129.4691619873047,19.365629891627396,101.16581344604492,21.31064770718372,Severe,0.5206520934538486
950,36.34876394051892,-119.7290195492119,0.3908021935483871,0.1749566129032258,29.28029774193548,2021.0,6.0,92.0,0.5342835019609928,0.21527913226670378,70.44337590535481,43.340564649753894,116.2082633972168,19.1535595705438,57.059085845947266,22.73754959808461,0.46127113121292984,0.2427370829970356,81.68648910522461,44.996744551295166,123.91861724853516,21.5610869261755,63.045467376708984,25.48740008911015,Extreme,-0.073012370748063
951,-13.31487757130881,-69.2808198120569,0.230898,0.821017,97.544223,2020.0,4.0,91.0,0.8415469367523656,0.03214798157855079,24.367937723795574,7.867945041028675,152.3733024597168,12.47784780202081,96.5398063659668,12.192533362633528,0.8407498951895455,0.1532711178699344,25.712671915690105,20.701332659884702,151.67871475219727,14.483635895120576,94.27413558959961,15.301543981166333,Low,-0.0007970415628201222
952,-12.72475557566566,39.20413134071029,0.59932475,0.0306495,97.46692325000001,2019.0,3.0,92.0,0.80179066601562,0.05649317230515928,29.87856928507487,10.940362507384293,141.17089080810547,9.53141898255254,90.33173370361328,9.415346485487486,0.7689433554174343,0.061423207755264754,32.536078135172524,11.179778624708627,139.1347198486328,9.569992467908314,89.93340301513672,9.238116358084767,Low,-0.032847310598185686
953,31.27115185570368,91.87559986864504,2.213309,2.762144,49.469307,2023.0,8.0,92.0,0.5493349862003891,0.19729163081070053,49.638343811035156,25.422494634210697,98.97591400146484,20.99832400227965,9.943008422851562,15.45617343880077,0.6121527019364486,0.10877450176069989,43.88705571492513,19.188691472299947,102.39094543457031,20.81370438747745,10.232868194580078,13.666204119810807,Severe,0.06281771573605943
954,-19.22544559952559,44.48810222732181,0.7026336153846154,18.68229523076923,61.05584238461537,2020.0,3.0,92.0,0.7100109267084329,0.227453492657498,37.84777323404948,34.80006289751368,129.99628829956055,23.928503304060825,79.08790969848633,21.489337239525163,0.643803308565369,0.31288567925698574,38.728702545166016,24.240911026845907,124.81813430786133,32.384346724220705,75.29403305053711,24.667781263707674,Moderate,-0.06620761814306386
955,8.504613459097925,20.13917519932292,0.7445868750000001,0.000228625,69.164079125,2021.0,9.0,91.0,0.5111245190689999,0.1415780001900061,42.5337766011556,12.119762996046664,131.41387176513672,13.241039398272061,77.21438980102539,13.051728852262894,0.5376115321100201,0.11613503955930207,41.9094492594401,11.620548158841379,133.03728866577148,13.19581558824795,78.29409408569336,13.184959682778132,Moderate,0.02648701304102019
956,-20.61414991254686,-47.61161719898021,1.11856275,2.2275713,77.1139264,2020.0,4.0,91.0,0.6078633057335496,0.226322937505017,53.07522710164388,35.434051623788875,115.02102279663086,17.002530430607404,56.7096061706543,19.092385677635345,0.7005446082149032,0.16876532735808916,39.12010192871094,22.523237256166926,124.64895248413086,17.45602820172293,67.5905876159668,17.348241255815132,Moderate,0.09268130248135353
957,28.44812697751405,102.265844695747,2.8465994,0.167466,42.770211,2019.0,1.0,90.0,0.5373744865847181,0.17478252584943174,32.78526814778646,20.1328997791417,124.90702056884766,50.19795704211811,67.35802459716797,45.43132722042583,0.5966949847495042,0.1948858200878876,33.60145950317383,23.315051240241807,150.27130126953125,53.21367000734349,92.43725967407227,49.498355033200966,Severe,0.05932049816478613
958,-16.20079061375123,-60.66718125203508,1.989755857142857,0.5111640000000001,95.10345714285714,2020.0,3.0,92.0,0.8184377894601305,0.08130890777101954,24.912919362386067,12.932616533985229,138.4913787841797,10.366405285149037,86.40779876708984,10.009586220991473,0.7936515348790403,0.10187726316722463,26.171329498291016,13.913366397808467,140.46966552734375,10.9440969189348,87.64696502685547,10.929865504006283,Low,-0.024786254581090184
959,30.64450496392607,-96.2619305957914,0.1754073333333334,0.6711969999999999,56.31640466666667,2023.0,5.0,92.0,0.48981670218096685,0.18886146551375807,78.59455744425456,39.86532718484746,110.63631820678711,19.699396969321086,61.770957946777344,19.669036428420267,0.6018177928948192,0.18961427516577073,59.17619959513346,35.98336727767332,121.97044372558594,17.258759748247744,72.60096740722656,17.360785903486104,Severe,0.11200109071385234
960,36.17815012983515,2.519226441231609,0.62271,35.929248,39.673528,2021.0,2.0,89.0,0.5711429474093368,0.21455841267004286,61.368263244628906,33.493659787067784,107.28545761108398,20.408921531274157,45.9953498840332,19.1563088775784,0.5751346586527022,0.18199336544164177,62.74245580037435,35.95791164382726,116.04565048217773,25.840518012263598,55.84419250488281,23.141353470420054,Moderate,0.003991711243365392
961,-34.18205670807797,-54.49100556827052,1.0388255,4.821317000000001,73.698598,2020.0,9.0,91.0,0.5734317030849834,0.08729873234767589,62.96664174397787,20.182131243466657,95.88034439086914,15.663625812485215,36.61393737792969,20.305556854825603,0.634816877245612,0.11433085500482552,54.09266026814779,22.011080025347294,107.95644760131836,18.17639741652084,52.61579895019531,23.62273745785081,Moderate,0.06138517416062861
962,15.93812292397318,-89.83479364685869,2.69376425,2.4122605,91.4656415,2021.0,1.0,90.0,0.7105669045938612,0.12049991160554545,44.94124221801758,16.30771524352486,141.54724884033203,12.935319471784466,86.9643669128418,12.856851493971268,0.6968311944688317,0.11061854525513586,46.541308085123696,16.070050358860396,139.72010040283203,14.682010309331543,85.4054183959961,14.067462631253282,Low,-0.013735710125029499
963,-8.301927153941122,-61.67452782278137,2.872114,0.2587835,92.9015875,2021.0,4.0,91.0,0.6707975229764997,0.1335614162793757,35.46378707885742,9.695043547613908,136.95111083984375,11.528912800868898,84.08935546875,12.112679888213242,0.6493256448751481,0.15218132025780776,35.37327448527018,10.263316887523628,135.0548439025879,12.479406637185198,81.8864860534668,13.724734750973413,Low,-0.02147187810135165
964,37.85860760591417,28.69421921440238,1.000061666666667,0.2298578888888889,27.57121355555556,2021.0,9.0,91.0,0.5625267446291313,0.17460514680954273,48.27145258585612,34.08868498456084,118.77748107910156,21.67441412729495,75.26256942749023,22.790346029527523,0.5562631315710647,0.1692311951288748,54.347025553385414,43.03194318243499,124.2564926147461,23.54158058304818,78.42427825927734,22.812964106895308,Extreme,-0.006263613058066664
965,38.67430041008747,-108.2457315165715,1.097977666666667,0.1499134166666667,55.05799875,2019.0,6.0,92.0,0.1501453903466654,0.0345165431439182,129.57085418701172,37.2504079888207,106.13768768310547,23.57646694540554,26.32632064819336,23.376467780294494,0.122406145152258,0.05192868111473121,140.3724733988444,40.81428945655479,104.2605972290039,22.85510101817606,19.93692398071289,22.318819922662886,Severe,-0.027739245194407403
966,23.52698436432252,83.22348450704158,1.018872125,0.66320075,63.548263625,2020.0,9.0,91.0,0.6073442635749492,0.18720821510138863,48.82705561319987,26.876923082892255,131.73720932006836,16.511671113093573,74.41791152954102,14.931011950544244,0.6142770393179955,0.18387346455073808,46.76189422607422,24.872116145121616,131.98797988891602,17.491047244841436,74.67013931274414,15.930234156862905,Moderate,0.006932775743046293
967,-6.716299261014449,-76.91580533992081,3.016245,0.092037,92.721468,2021.0,6.0,92.0,0.798527081972045,0.11786878198222982,33.32236099243164,13.297552688273534,150.46685028076172,34.19946402910216,93.15211486816406,32.13667816972016,0.8050839115591408,0.10457805032738145,34.06730270385742,12.029605623514854,144.80578994750977,28.92410314727516,87.23198699951172,26.702690710625607,Low,0.006556829587095803
968,-33.95993994221672,-61.5625279289526,0.280974125,2.919362875,57.932847,2019.0,2.0,89.0,0.3872690457217336,0.3052032946744284,46.62665685017904,26.837845403390837,84.29811096191406,41.003828996853635,33.189918518066406,25.482727687350266,0.023444891542039104,0.16334226609536118,21.461556752522785,9.648353400950525,26.057125091552734,25.34413845092909,2.957988739013672,12.11636868512034,Moderate,-0.3638241541796945
969,5.204469815255344,97.53275006522318,3.081681,36.210558,56.174672,2019.0,2.0,89.0,-0.252384389042269,0.2725785536490984,30.447893778483074,13.53977319829169,35.385704040527344,31.36332853123469,6.829174041748047,22.266750694779468,-0.3216260366988024,0.040141997023043476,25.038013458251953,7.923981503256719,26.546993255615234,10.464368232740643,0.0,0.0,Low,-0.0692416476565334
970,-21.02256049901284,32.71639053142289,1.494701,0.0794416,28.22067259999999,2020.0,6.0,92.0,0.43609208099900343,0.14973096885218337,56.058214823404946,20.938964695619685,109.82014465332031,16.127735489071075,49.191062927246094,18.940367067784667,0.4322596156860641,0.12391624542933473,52.5749766031901,17.152049402787988,111.80662155151367,15.331525427851282,52.19689178466797,18.365705734828538,Extreme,-0.0038324653129393482
971,-8.016629919221813,-48.81046077743144,4.686169,0.576257,92.33157,2018.0,9.0,91.0,0.7757954629262471,0.13649205154164135,38.820332845052086,17.98772752911482,126.96710586547852,15.329574762641146,76.93278121948242,15.336293264341663,0.8168162097947516,0.0880026685270908,34.73857879638672,15.844964653961554,130.70283889770508,14.951232273424237,80.67593765258789,14.487803832287058,Low,0.04102074686850443
972,-1.011878295726362,-62.72819201296298,4.311972,7.904913,81.728446,2021.0,9.0,91.0,0.5579654563413758,0.2817209829519515,21.693003336588543,9.387312686950056,116.5309829711914,50.987116826624195,69.16550064086914,37.01798516144708,0.485088780803576,0.3170514867736523,22.047627766927082,11.583399128223165,105.80355072021484,53.42286795028874,60.45159912109375,39.337085981327874,Low,-0.07287667553779986
973,34.91724292934735,48.55223735684047,2.601851,0.042397,22.7193095,2019.0,2.0,89.0,0.29673626346107485,0.18084775631205163,129.54729334513345,52.78821924422366,101.20952606201172,23.327206108173876,25.351104736328125,23.27516488612562,0.2607488204222932,0.11235071588401417,131.29980850219727,50.48794505513419,94.5508804321289,16.089510325584044,14.035999298095703,15.193859294794692,Extreme,-0.03598744303878165
974,33.88167880298246,73.30813239810982,1.066897666666667,0.5625531666666667,49.90678400000001,2021.0,2.0,89.0,0.4543543082770469,0.1617444724952402,67.9408696492513,31.827548468146986,127.23180770874023,39.04382398959351,69.0790901184082,34.84835569996391,0.49518432242382526,0.18431091418084694,61.78014246622721,35.36337252683067,125.1688003540039,35.49305950523357,70.52177810668945,32.57677146496823,Severe,0.04083001414677834
975,36.32886815847411,33.64341739723503,1.3276975,16.49355,20.8252765,2019.0,9.0,91.0,0.4391473122105207,0.1773806239201779,64.12509409586589,36.211703738666564,133.9850959777832,30.584187043943487,80.7733039855957,26.94956661972559,0.4166496381828324,0.1779180601297056,67.59088389078777,38.10334715211683,142.42621612548828,29.174782892401588,88.19823837280273,25.70985966416606,Extreme,-0.02249767402768832
976,-30.34256270594752,149.4070126094629,0.4524810769230769,0.3484351538461538,42.24238184615384,2023.0,6.0,92.0,0.3359517633000024,0.11515968956538701,62.31533432006836,20.614965153397254,91.82791519165039,18.209308993738027,22.034259796142578,18.49824364163274,0.3196835915762033,0.11917291091231312,69.57284800211589,24.57277506688573,82.51020812988281,20.052495029968135,19.128807067871094,21.930422144891185,Severe,-0.01626817172379913
977,7.855932885126087,37.68557895086718,1.416234,0.795718,91.499537,2022.0,8.0,92.0,0.7295300362100356,0.12620580228357828,38.13215001424154,19.15022974118734,129.66302108764648,16.686144289396655,76.62189865112305,15.828400316001012,0.7363179805183773,0.12031815795882185,35.84716796875,17.47060114925128,132.8819122314453,16.76754712466155,79.31179809570312,14.783413927698573,Low,0.00678794430834162
978,7.485444380065182,18.25756284994026,0.182153,0.18292,98.410958,2022.0,6.0,92.0,0.7677081904299534,0.09120188876237713,38.24427286783854,11.145331742643217,143.8877944946289,11.591827576581245,87.12979507446289,11.926542631387496,0.7571828645833119,0.08346506256418074,38.492698669433594,10.302271481736952,143.58433532714844,11.74897494038364,87.82553482055664,11.758405533447279,Low,-0.010525325846641564
979,-28.54763232662805,-59.9144302511176,0.3026598,1.7789772,40.5795478,2020.0,6.0,92.0,0.5770219120847173,0.1280418041461381,38.57783635457357,17.905022132347376,114.58358001708984,21.47263038021184,64.39691925048828,25.93031101485946,0.5460616292149894,0.12513010260648189,40.4350471496582,16.9615888344187,109.50326919555664,22.274450964389608,57.77713394165039,27.965381235904843,Severe,-0.030960282869727962
980,19.23050222305956,-102.7567219299007,0.5200975,0.3155725,74.0291775,2022.0,9.0,91.0,0.3256057615974921,0.11969246534387491,74.37817128499348,24.004448997299217,118.66690063476562,16.493343254694523,66.35527801513672,19.62668282040898,0.3251000412362713,0.14270167397478015,78.27157084147136,29.640611102132837,120.4688606262207,15.001377526836723,64.43434143066406,18.721137237882118,Moderate,-0.0005057203612208183
981,35.83938295432768,-76.12514574500668,2.2770424,24.331006,67.94940460000001,2019.0,7.0,92.0,0.7264560959718787,0.2247025857198492,27.288450876871746,8.408885124654157,125.91980743408203,36.65400647005941,79.99888229370117,28.23714935723424,0.32136207304326025,0.42779780922551425,42.61344655354818,20.61167229032155,79.24760055541992,54.544274011286696,40.547523498535156,44.571499763037615,Low,-0.4050940229286184
982,-11.9477069863661,132.1792509837334,4.803147,39.08295,29.399177,2022.0,6.0,92.0,-0.6979994978787545,0.034704373569215914,83.88069661458333,27.927437092448194,70.5794563293457,8.326160422000003,0.13420486450195312,0.767728542290012,-0.687377518296671,0.020523541884375985,96.26264317830403,22.399391498386365,73.28874588012695,8.373018618672333,0.14255523681640625,0.7217601887616263,Moderate,0.01062197958208344
983,-10.32397917547104,28.11544966750242,0.5349421875,0.8255284375,62.07101724999999,2023.0,6.0,92.0,0.5040016376392487,0.09167983246078908,44.47135543823242,14.254997703204937,119.83591079711914,13.669822767700525,62.5930061340332,15.60763835452105,0.4891786206756308,0.12837420777870445,46.4894650777181,14.529956553577286,126.14358520507812,17.52001848508139,69.04017639160156,17.49615990737769,Moderate,-0.014823016963617874
984,-5.438157475443923,22.38036829962843,3.034043333333333,0.04528833333333334,95.01405333333332,2019.0,3.0,92.0,0.7897298915680722,0.04890443365707445,29.38049062093099,9.517306695105088,147.78071975708008,19.1295043142677,92.05076599121094,18.46207441911946,0.80804085809973,0.03996953519108447,24.84917449951172,6.558390949138539,145.92421340942383,18.20383491647764,90.52215957641602,17.581575103587703,Low,0.01831096653165787
985,-8.622708856245112,-53.40250817666423,0.8517053666666666,0.2593708666666666,98.44242480000003,2019.0,6.0,92.0,0.8675989317334709,0.08701216703076056,24.40593083699544,9.619925006182237,140.7504005432129,14.800216727080203,86.74033737182617,12.901504941074847,0.8774377712697969,0.035475552466706486,23.143212636311848,9.018448845227624,141.77908325195312,12.892135663921469,87.6256103515625,12.511128454250642,Low,0.009838839536326027
986,7.323495263531832,-67.90172655193916,2.108372909090909,0.5581318181818182,43.42110836363637,2019.0,2.0,89.0,0.3198001611868868,0.14124426391172484,85.6859753926595,27.3352642105448,94.15127182006836,24.014496265140263,36.58756637573242,29.405582945882323,0.4461187041026933,0.170899060229969,69.54702123006184,23.282450660332795,113.40188598632812,21.85079685282008,61.02753448486328,25.516128918623053,Severe,0.12631854291580646
987,9.108892247138996,-67.8699361959853,2.363687333333333,1.714108333333333,29.31059233333334,2019.0,1.0,90.0,0.40416158103429645,0.1384503069159939,57.76626205444336,22.602782453576133,111.47488021850586,29.15983892015875,61.38867950439453,33.996319821015135,0.4151486278354075,0.11905536296754657,55.64348475138346,19.183926726127908,110.60747146606445,22.2487103554709,59.27210235595703,26.07528709033761,Extreme,0.010987046801111067
988,28.87742119952077,80.46328941500957,1.219904333333333,0.1515206666666667,80.34193516666666,2020.0,3.0,92.0,0.5200793488420914,0.19860883099466733,58.55160903930664,37.88895704393536,135.89513397216797,16.84361946272167,81.17825317382812,19.948710153294154,0.47183085116592827,0.14582897812967427,64.05331166585286,29.49455975849727,127.94738006591797,19.3384476117571,72.32101821899414,21.401354363073047,Low,-0.04824849767616313
989,-7.014179680726315,25.88251362738879,0.269708,0.07529783333333336,31.99665033333333,2021.0,6.0,92.0,0.38913257171596527,0.17970508511198804,49.97617212931315,17.18719691115084,104.07493591308594,21.651341790862983,40.35234832763672,24.98434285971111,0.40928666906289735,0.14044826627557125,51.920126597086586,17.56892401527566,106.5229606628418,20.946075395943083,41.76511001586914,24.323598933804426,Extreme,0.020154097346932076
990,-8.738513500082163,-43.84511717091505,0.6512173076923078,0.005539615384615384,49.15478546153846,2019.0,7.0,92.0,0.38244219071633156,0.11291394019752758,58.54612604777018,24.219050652788187,128.82941436767578,22.230751519903702,76.98170471191406,21.2993481689254,0.40274310921435585,0.07236647570118812,49.57878875732422,17.559409600350225,132.9279327392578,16.58848801629801,82.62586212158203,16.43195569254081,Severe,0.02030091849802429
991,-21.34917129177767,-54.42039914970037,1.921146857142857,0.039223,51.14919771428571,2020.0,9.0,91.0,0.4694186512622933,0.1796844926303519,64.66133371988933,26.216318236425476,115.58681869506836,15.10608721345197,63.11656951904297,19.283853450320077,0.5160787506751223,0.23288516792785338,59.313496907552086,30.897898785453197,117.53525924682617,17.866415253680817,63.75254440307617,21.0130087027061,Severe,0.046660099412829004
992,-25.95002449430336,-58.12273987662789,0.8867106250000001,1.218472625,93.200757375,2019.0,3.0,92.0,0.7170194326298542,0.07277622803170702,31.424457550048828,11.575544932391306,123.81999588012695,11.917930203661141,75.45082473754883,11.376916087937927,0.72190500007531,0.0767182785080067,29.69982401529948,11.305963193863759,125.76516723632812,11.896174727238051,75.91410064697266,11.579309353956567,Low,0.004885567445455763
993,-35.22763519037055,142.4645271735903,0.0121898,1.3207018,51.0517012,2023.0,7.0,92.0,0.5247133253552219,0.158392034773002,65.5609359741211,35.50648403190196,87.10821533203125,16.73277286699303,33.247989654541016,19.556219531217288,0.48888049527354127,0.17071356403213192,67.57765324910481,31.994658934259373,87.30508804321289,16.258252788758202,35.67667770385742,19.162732486809652,Severe,-0.03583283008168059
994,-28.38690949701705,152.0193411198546,1.095018916666667,0.1502659166666667,58.50150333333332,2020.0,6.0,92.0,0.526926232694571,0.10472714635288001,38.29945373535156,14.590417241303465,103.12154388427734,21.191389272094938,47.60953140258789,21.44742961722481,0.464124390831253,0.11372357832506086,42.83409881591797,21.153854583783847,93.25638580322266,21.25449084323039,36.455299377441406,23.251361946340133,Severe,-0.06280184186331794
995,-6.705801248422965,28.02351554542471,0.8777125555555555,0.03622311111111111,45.13465922222223,2023.0,6.0,92.0,0.48976293745022303,0.10694442813507572,52.86561711629232,10.119182219056896,134.5120849609375,13.288143275861847,82.89972686767578,13.984824841703707,0.43455628839910787,0.11996145229846666,52.06117375691732,10.137125924588615,131.27698516845703,16.577791587868703,78.43948364257812,17.762502857238182,Severe,-0.055206649051115164
996,34.21789064544865,-93.31823655121195,0.9652665,1.5975615,94.2933365,2020.0,7.0,92.0,0.8077386335857355,0.08364683138051714,26.28870900472005,12.752213260831281,129.49959182739258,21.1953934861703,83.4945297241211,19.44129559964262,0.6538802857283703,0.37429420637477023,23.36438496907552,10.686905359793434,114.20544815063477,36.26513640930739,65.89464950561523,34.176995403768906,Low,-0.15385834785736519
997,-15.22603649759281,144.2576333165322,2.0504136,6.8895678,82.16729280000001,2021.0,3.0,92.0,0.6114185469053588,0.09239557353687093,39.691827138264976,13.963870392840537,121.29916763305664,8.868704005949999,72.96969604492188,11.200133497495147,0.6075992375369825,0.09395937859471878,39.54461542765299,14.085161165514036,124.05686950683594,10.053543974639616,75.11192321777344,11.646987003606164,Low,-0.003819309368376267
998,-37.99913592541568,-73.12014420845742,1.611732333333333,27.79140766666667,61.57324333333334,2023.0,9.0,91.0,0.8116479645943571,0.10488520798795781,25.14992396036784,14.063982226909015,131.37097930908203,32.05290678070348,83.24768447875977,30.810615719916065,0.7569315297999992,0.13686480215892127,29.448741912841797,16.918884773417446,124.31600570678711,24.16777187432876,76.36633682250977,23.14700825483959,Low,-0.05471643479435784
999,34.18878477737363,73.65998877971282,1.2452234,0.5328446,51.50676779999999,2022.0,2.0,89.0,0.5712817151631371,0.17183260318274324,51.50674692789713,26.33846338096564,125.42578506469727,44.2265599187954,67.07598114013672,38.19291279580882,0.5965307722321818,0.14361352180463643,45.153350830078125,25.710343966342435,126.3713150024414,49.01689226336884,72.8260612487793,43.55733604592358,Severe,0.025249057069044678
1000,-18.68493881320541,-58.14480579046221,0.010069,0.0065855,99.28170449999999,2023.0,2.0,89.0,0.8576824524783717,0.07124488965595095,22.15884526570638,11.020836596073238,135.6556739807129,12.1170504122206,82.30498504638672,10.564412944051247,0.7610148068854414,0.1086560624178712,34.780137379964195,14.46869090756383,121.11505126953125,14.322372570208188,72.60452270507812,12.334583299907047,Low,-0.09666764559293028
1001,25.75496293964476,73.19980179633424,1.208229166666667,0.2651926666666667,44.97148466666667,2022.0,7.0,92.0,0.32343841136248486,0.12032770027667043,104.26000722249348,33.63556895952416,115.6422004699707,15.816454389836972,62.00864791870117,18.568057620710665,0.30984192518230375,0.13201906054052373,102.21786371866862,32.43394477818904,122.8176040649414,21.104383796128243,63.99820327758789,19.871743004076908,Severe,-0.013596486180181111
1002,-17.58865573822351,142.4523420944652,1.7e-05,0.030932,20.288277,2022.0,1.0,90.0,0.3614003743842398,0.061198242609275116,75.00314331054688,26.77477864239504,110.18422317504883,11.78037285980635,56.584564208984375,14.461262144114837,0.3879511886215976,0.05084191751709165,69.2044169108073,21.700019848646548,107.66434478759766,11.33805795961867,50.15850067138672,13.032197298098447,Extreme,0.026550814237357834
1003,-9.070972810427278,-77.35801864941553,2.324117571428571,0.1849544285714286,48.28550942857142,2019.0,4.0,91.0,0.6244154270785334,0.15812801878523614,36.16990534464518,21.973907788944626,97.653564453125,25.67906210833862,47.10216522216797,25.780767766783455,0.5426846542376751,0.15556597960720092,39.05759938557943,20.56071391326474,108.53861999511719,36.76317848070645,44.2217903137207,31.11151332673863,Severe,-0.08173077284085828
1004,30.7949906002075,70.26423516410222,0.25139025,2.169433,23.07568425,2022.0,7.0,92.0,0.3572872656366952,0.210149352022701,92.87929026285808,49.7627174956523,128.75098037719727,19.020258819074936,68.03923797607422,19.354170341298115,0.3649908770252893,0.16993868237074092,87.09498723347981,40.75841869550442,135.89416885375977,32.042399386653116,79.47534942626953,27.093606718922537,Extreme,0.0077036113885941004
1005,39.02048350875462,29.73165593543908,1.745661454545455,0.1816733636363636,37.84453709090909,2018.0,6.0,92.0,0.4662490325095412,0.20118447413207807,74.17583084106445,46.75958008669174,118.12599563598633,18.06406989645412,61.86663818359375,19.501113631986343,0.5650635794214764,0.20804179219627397,57.467889149983726,46.084330990331374,114.68579483032227,17.135977782241856,65.51978302001953,19.937794784735164,Extreme,0.09881454691193525
1006,6.019025157612113,5.791506826636464,0.226212,0.962386,88.88898499999999,2023.0,9.0,91.0,0.6547561169319351,0.1055522506073639,48.419088999430336,11.31657050098668,143.53227615356445,14.426009048191563,88.45569229125977,13.346479774143225,0.6787060901378936,0.10576809906802484,47.54647699991862,11.700924986179341,147.19258499145508,10.296533483966684,93.25439834594727,9.776903531759093,Low,0.023949973205958486
1007,-13.48711588804186,-52.73601073088368,0.2145712,0.1672731333333334,51.06000486666665,2021.0,6.0,92.0,0.4043441886574115,0.22521265917212155,76.24123509724934,44.71553333418583,94.7287826538086,31.291377573939684,37.506736755371094,36.451872363509395,0.41172862311524905,0.22889661059263983,76.94352722167969,48.15548921223462,98.3201789855957,29.523685542809663,41.35171890258789,36.464862484379736,Severe,0.007384434457837541
1008,29.4666684369915,-96.4798762550196,2.67340325,0.595514,44.651275,2022.0,2.0,89.0,0.2904135865916205,0.24141168057541934,95.94467163085938,47.15744971657785,94.03554153442383,26.08620480735431,38.083709716796875,27.210384520700337,0.4367514134545429,0.18448431410096988,73.2352523803711,28.380225776317044,101.6043472290039,21.564028273751422,47.310890197753906,26.779414970402375,Severe,0.1463378268629224
1009,-22.41350546776456,-59.510647502591,0.5316738863636363,0.2116014090909092,76.27910540909092,2020.0,3.0,92.0,0.5470660973523803,0.1534745621182761,59.77372487386068,24.882081685831988,112.74665451049805,14.744184422903547,62.27200698852539,18.01062329160893,0.5695162223464045,0.15478204198157788,56.70256551106771,23.305836956969227,115.22510147094727,13.79745478548539,65.67412948608398,16.607012376536,Moderate,0.022450124994024212
1010,-14.63125300795253,-58.90347342882896,1.639510909090909,0.04700327272727272,74.63102063636364,2019.0,5.0,92.0,0.28676846674683787,0.12474053401010311,80.32937749226888,37.11512170004923,82.7892837524414,20.96941404979466,23.56189727783203,23.047601257655423,0.29327611617898697,0.08615867043457101,81.29308827718098,32.00013536008656,86.05198287963867,17.39722175662874,29.5341796875,19.432920032880634,Moderate,0.0065076494321490985
1011,-19.54635821385117,-50.06789263789699,2.21414125,5.57581225,84.64611625,2021.0,1.0,90.0,0.6587931296501921,0.1383441160034256,41.347784678141274,16.699215733143696,126.85437393188477,11.791435994719745,76.48585891723633,10.823704831741352,0.6588688456290157,0.12413165682730484,44.83775838216146,17.59047603077613,128.156982421875,11.465998574214556,78.01236343383789,10.872126571075512,Low,7.571597882360948e-05
1012,-11.76884560017279,28.91466356598036,1.066873916666667,12.25887175,60.68516966666666,2020.0,4.0,91.0,0.6064451344484496,0.0819677862624645,37.133018493652344,9.822351839120444,130.28971481323242,11.463981951791768,73.84950256347656,11.713058281706891,0.5947585572007483,0.08010198945631335,38.32915369669596,10.117345939523037,126.21442413330078,12.094406263021888,71.19793701171875,12.049773851913692,Moderate,-0.01168657724770128
1013,29.99573427385546,97.92558370055536,3.462023,0.077664,24.590351,2021.0,9.0,91.0,0.44015725305253395,0.20370238147810035,52.37690226236979,34.246520655161824,126.95343399047852,55.93358960916485,55.80184555053711,47.61641040414865,0.4429642111854828,0.2106407683103484,55.03472646077474,36.95606550642939,141.3001480102539,60.057081083410495,75.43052291870117,53.25108782642726,Extreme,0.0028069581329488447
1014,31.56518181822582,72.39591094134002,1.718655,0.3332303333333334,32.145541,2019.0,6.0,92.0,0.5230877664206375,0.17378365609826227,80.3512331644694,27.96557142269145,120.54280853271484,12.427579456604972,50.31135177612305,18.354474576568663,0.5011311481331062,0.18271033832475664,78.93052546183269,25.828324908001218,119.3416748046875,15.580783735242726,49.616634368896484,19.933248314495845,Extreme,-0.02195661828753126
1015,-32.77056198169861,-59.38143860825468,1.1460945,3.4651605,68.07698706250001,2021.0,3.0,92.0,0.5820152680828923,0.15371980869623306,50.447540283203125,21.992964565266412,112.8023910522461,12.869945750516901,57.31357192993164,14.875946921819274,0.6244121567730225,0.16395942721474888,46.01836140950521,18.43772947907814,113.38167572021484,12.828017621907813,56.85375213623047,14.69425324057615,Moderate,0.04239688869013025
1016,28.50477212182781,-100.0085505092766,1.019493777777778,0.06466466666666666,46.05722966666667,2021.0,7.0,92.0,0.4281871323774036,0.10445464460967917,83.38940175374348,27.954193711996435,104.97200775146484,12.126027265135239,57.094383239746094,14.157478298752252,0.4454837110092109,0.10194597015421336,79.75239817301433,26.04743758836454,107.83135986328125,13.122543651057763,57.49221420288086,15.120740824769774,Severe,0.017296578631807336
1017,8.223912612579255,14.67915538200623,2.8144615,0.02469,92.558089,2021.0,6.0,92.0,0.6544965320160259,0.06960164553513001,47.64973576863607,12.231348153051648,141.06882858276367,9.406527214326271,86.4358139038086,9.316290782488696,0.64925653128617,0.07406484407233653,47.518131256103516,12.52374288611462,140.74798965454102,9.17907836254983,86.80715560913086,9.473091995758288,Low,-0.005240000729855865
1018,14.20500274977779,21.64438602403845,3.536404,0.0,58.64853900000001,2022.0,8.0,92.0,0.5309334602529745,0.16889692388688746,75.49620691935222,41.80750300960952,111.89734649658203,16.04711504932227,61.1699333190918,19.187026323609725,0.4808497801273717,0.14981264718584295,80.93517176310222,44.28018187708086,116.37670516967773,15.275210818044204,67.72148513793945,17.695909028581497,Severe,-0.050083680125602825
1019,25.39739145510291,94.64917323849808,3.0139875,0.0240095,92.6063685,2021.0,8.0,92.0,0.8545839947132663,0.08370052083070664,18.40525182088216,10.926536429262857,152.50905990600586,38.2196115932323,92.76822662353516,35.48719599208665,0.7216390306896248,0.12644939233134464,33.13478215535482,16.22612477655499,151.2730484008789,46.18597879308893,93.01584243774414,39.24511101306208,Low,-0.13294496402364153
1020,18.78652759748092,75.93404002615108,0.70909,1.0601755,31.4959125,2020.0,1.0,91.0,0.3621328012091589,0.16478881096557035,72.5753682454427,19.85467727522315,111.16952133178711,16.336617208099042,38.823020935058594,19.82615188708667,0.33605948536193586,0.16082593566377515,72.93837102254231,20.69613624019867,117.0489501953125,19.522002485688564,46.28034210205078,21.162590725061115,Extreme,-0.026073315847223055
1021,-24.25645580932784,33.69465758411769,0.6127436666666667,1.266029166666667,50.031489,2023.0,9.0,91.0,0.5002145251345977,0.13979424157331372,74.05108896891277,28.02358291195261,118.45345687866211,18.79012309890067,70.61682510375977,23.364364916257696,0.48821267996147144,0.20857633944984827,68.7380599975586,20.54261991805222,119.26452255249023,22.68192041584267,72.28118896484375,22.913738114391915,Severe,-0.012001845173126302
1022,-11.27650537740805,-48.66451043565857,0.7443016666666668,0.8317526666666667,50.45904333333333,2022.0,8.0,92.0,0.40687551723070836,0.2025786048189369,86.75799051920573,43.407153577306005,118.25714111328125,20.92281422125423,61.30511474609375,25.892559171426406,0.4848998510776459,0.15659793771637437,65.11773427327473,21.863499667852423,126.5340690612793,16.992199143451213,70.24316787719727,19.498157929068775,Severe,0.07802433384693752
1023,-3.032313460434814,-57.02831673548368,2.532909,9.685403749999999,83.95259675,2019.0,7.0,92.0,0.8707619398571751,0.02302467912708703,22.436121622721355,8.83285955484103,147.74355697631836,12.25301364772908,93.99238204956055,12.01411050040747,0.8635403800125196,0.05811517521450946,23.766438802083332,11.272135312086002,147.29827117919922,13.214512092237294,93.92258834838867,12.711112476550472,Low,-0.007221559844655445
1024,38.13905724015905,-8.100992434705063,1.083601333333333,10.758779,22.50950433333333,2022.0,8.0,92.0,0.3861572285158258,0.21916471899529397,72.7405497233073,38.25631302350069,104.50790786743164,30.297436153540115,49.6638069152832,29.169210251879182,0.3155784056777109,0.16304947700770855,91.73171742757161,42.64209435313899,101.58614349365234,20.439785303569625,38.986515045166016,25.67281018649048,Extreme,-0.0705788228381149
1025,-22.1738280873671,32.30757783683848,0.47566025,0.00018625,47.26796874999999,2019.0,3.0,92.0,0.45315691470392494,0.09075693429063042,61.76149113972982,21.404888996143573,105.94100952148438,10.61787620415794,51.386871337890625,12.810151130504892,0.34373203759037096,0.06144269473067943,73.74020640055339,21.74488956351438,95.79297256469727,10.415010706723201,38.57017135620117,12.678096078284863,Severe,-0.10942487711355398
1026,19.60827782610477,80.33755117263422,1.16000375,0.16851925,38.094514,2019.0,5.0,92.0,0.45418795642566967,0.13120459378260171,61.94600931803385,18.783034103737496,144.1001968383789,16.537634755415898,92.45132827758789,17.19844699740414,0.4540575437140717,0.14022307200242837,62.525291442871094,19.436279355144215,144.24142456054688,18.906125177388112,92.39070129394531,19.78862629728938,Extreme,-0.0001304127115979714
1027,-17.83066797387329,-57.42501941410312,0.3155677142857143,7.838771428571429,76.16145385714286,2022.0,6.0,92.0,0.5694863203613676,0.3824995113280434,21.66924285888672,14.23553277236399,123.86615753173828,32.65137687006587,81.01268768310547,32.20459216767497,0.6873540179686088,0.2976507159333523,27.146097819010418,14.143409814815271,131.3960952758789,25.00559933656588,87.83024597167969,24.656198630294355,Low,0.11786769760724125
1028,-16.57626481096592,33.55430111845811,0.189097,0.670565,79.928535,2022.0,2.0,89.0,0.4985851437280928,0.08901167956174048,52.44699223836263,14.952313483175315,129.38884353637695,11.39060340103701,76.12598037719727,12.274741974279435,0.5519962031960404,0.09728226577641183,49.34520467122396,14.182138371998446,131.55190658569336,10.546995389049675,78.15877151489258,11.360660572923472,Low,0.05341105946794755
1029,8.62243302821333,19.17181418308254,1.31585925,0.03756950000000001,24.61920825,2019.0,2.0,89.0,0.3905455174054282,0.07992730972334727,71.1187032063802,17.903636084926724,117.66361236572266,10.91892337508734,61.780601501464844,12.882989795323857,0.3818315879960892,0.0664152192068322,70.04044342041016,17.520164267953287,112.56756210327148,9.96387047191737,55.50800704956055,11.443997763585005,Extreme,-0.008713929409339016
1030,19.93045019802089,85.7559278372417,1.726440666666666,3.053148333333333,39.4025195,2022.0,2.0,89.0,0.40432954936746723,0.15449567816212392,74.65517044067383,24.469108787324675,130.3265838623047,16.976578060995035,59.909759521484375,21.947228105156864,0.46334163933581574,0.15725714265197704,65.22143173217773,21.289821059232974,135.8153076171875,17.332493216406515,71.0982894897461,18.3545854242244,Severe,0.0590120899683485
1031,-18.46093290526154,141.986356867191,1.263288714285714,0.01015842857142857,24.84620614285715,2023.0,6.0,92.0,0.409687189035294,0.07886871599537536,62.242916107177734,23.84577276794982,93.14691925048828,13.542935449373106,41.980682373046875,16.117570709307383,0.4268148932347975,0.06888921599962088,58.60156504313151,22.067971552477122,93.408203125,13.104170337832148,42.89026641845703,15.90538941744508,Extreme,0.01712770419950349
1032,-8.008451839415251,-65.17493017159674,1.2442446,1.4935229,95.40703,2023.0,6.0,92.0,0.8358165986555832,0.018698372795792964,26.36599858601888,7.070833002050997,141.64219284057617,9.337655879764545,88.17843627929688,9.58289977890061,0.8344167782506702,0.017325304943393058,26.04224141438802,6.81831962798047,143.10654067993164,9.07093143642323,89.9315071105957,9.198660829802757,Low,-0.0013998204049130436
1033,24.45881317509345,100.2873505713359,1.464214333333333,0.754795,86.31097466666665,2021.0,9.0,91.0,0.6865285867878713,0.19660752440998117,41.903036753336586,26.78869195684554,134.37506484985352,37.11116074285323,80.67255783081055,34.80732753530507,0.7296847256495163,0.23032148927213558,35.532012939453125,22.770896845236216,133.68682479858398,43.710136006928025,80.44256973266602,40.2835421570641,Low,0.04315613886164493
1034,-18.36228213379497,-56.34624801587553,1.7379505,1.9766515,64.23711300000001,2022.0,8.0,92.0,0.6102999174041885,0.16065977702160747,49.649105072021484,21.745290013571672,133.25142288208008,13.112392214797012,79.24002456665039,14.370616797114987,0.6144590592775785,0.14123902173039324,51.60244369506836,18.59014548613299,133.46199417114258,12.116376086643584,79.92798233032227,13.703259371113932,Moderate,0.004159141873389949
1035,-24.34376956949984,44.83574822014381,0.3984472222222222,0.2465581111111111,38.92649333333333,2021.0,2.0,89.0,0.2770315588799068,0.15825592751373882,105.13315200805664,51.01757866071146,110.07322692871094,15.926904165771862,49.55012512207031,21.336993541273348,0.31723688693973884,0.1677514594633413,97.31535720825195,47.00259828088098,112.56343078613281,15.465169999943985,52.90509796142578,20.895668536177002,Extreme,0.04020532805983201
1036,24.18732782921733,80.38628055256368,1.388964,0.553203,26.420045000000002,2020.0,5.0,92.0,0.3937966264104955,0.10691834548238975,76.27566528320312,23.810478491012574,131.92608642578125,17.059408596760953,70.8495979309082,18.76534498809058,0.3865878435930832,0.11603883169651238,76.54366938273112,25.714115267828042,136.80642318725586,13.694685762140328,77.28060531616211,14.831917307010599,Extreme,-0.007208782817412329
1037,23.89315952921756,83.64998965554429,0.8432406249999999,0.603543375,45.225604375,2022.0,1.0,90.0,0.6033069310885644,0.10371406611035607,39.565008799235024,13.857850547656074,134.04111099243164,20.68850935550587,78.12876510620117,20.201611057455594,0.5562742914089627,0.12605046873789022,45.013092041015625,18.721118068764508,130.00546646118164,20.7039231094838,74.03378295898438,21.45370669921631,Severe,-0.047032639679601695
1038,-24.62309534745712,149.4589440632128,0.3880397500000001,0.10452325,68.90726975,2023.0,2.0,89.0,0.5170779504790026,0.08134572067482168,59.6348622639974,15.094846760995825,100.44940567016602,13.941493394373184,50.889251708984375,17.141900710321522,0.559630124747517,0.08698526206449858,61.317456563313804,16.221351309252334,96.51118850708008,14.8204776426594,48.85072326660156,17.645379641556563,Moderate,0.04255217426851443
1039,-24.78875262257507,150.972139654905,0.3518431,0.2079599,26.2419728,2019.0,6.0,92.0,0.41989715181463394,0.14456126895028648,53.038553873697914,23.04191526806241,95.84226608276367,20.89187952561166,40.66539764404297,25.497276062601454,0.43486698349829833,0.17648923031813515,51.94690958658854,22.915833966538557,87.3303451538086,19.322028493516346,30.442729949951172,22.37170865063696,Extreme,0.014969831683664392
1040,-6.407409766638274,-37.61749304726834,0.3665324,1.330825,49.74967299999999,2023.0,5.0,92.0,0.48172645881596887,0.17164163757394707,46.15946960449219,21.15968567871232,128.15150451660156,20.09160224949125,80.26205062866211,20.10960087453274,0.5510521318514279,0.1588052599796676,47.20570755004883,23.088110584200482,132.7175750732422,19.205010331413288,83.42593765258789,18.877438629410833,Severe,0.069325673035459
1041,-9.39484133884146,-52.93636939661292,0.563422,0.31732675,96.28698033333335,2021.0,5.0,92.0,0.8663549803982278,0.017306510709995587,21.773672739664715,8.287731530256007,144.80298233032227,10.033167885121236,90.36845779418945,9.791485686471868,0.8622541402405659,0.024596132091094028,22.89183171590169,9.14223837316897,142.91162109375,11.19343766288424,88.27813339233398,10.966790442769906,Low,-0.004100840157661878
1042,39.34471976489772,65.91840525464312,0.124976,0.1329175,20.9098585,2020.0,7.0,92.0,0.17889425462543507,0.07367658377064297,159.13514963785806,44.759046147943764,55.556758880615234,19.741795971131893,4.7166290283203125,9.640057578081052,0.16982723291435775,0.059440225184479396,154.0615488688151,40.609962987139326,48.6583251953125,19.7678091052472,3.6793174743652344,8.711254728905782,Extreme,-0.009067021711077317
1043,-34.62915664761618,146.7237374594231,0.1689398,0.2726342,71.778289,2021.0,6.0,92.0,0.695699100727579,0.15419871769516935,37.908164978027344,16.528531134835415,103.66106033325195,15.480777741797334,48.9437141418457,15.185041629225855,0.7770459377068697,0.14225161433731942,31.959798177083332,16.443681605343535,105.57366943359375,18.46091573044377,51.209938049316406,17.33894243235947,Moderate,0.08134683697929068
1044,37.76182055209641,14.52572103374743,1.555413,5.49801,74.5571915,2018.0,2.0,89.0,0.7150108173127983,0.1326008039580375,46.39138666788737,20.384170826571,116.9267692565918,21.177523281305614,61.26931381225586,17.81547566656714,0.6527247712661882,0.17341081473429842,50.50184631347656,25.749384439243993,128.2680778503418,26.4929447375889,72.01117324829102,23.836811002791254,Moderate,-0.06228604604661003
1045,36.19721306487823,62.00314473498932,0.8753325,0.3488545,28.8143145,2019.0,1.0,90.0,0.13626174862385199,0.05297961311582834,167.96198654174805,44.154586434352,93.37186431884766,22.52716577027076,3.2294158935546875,7.449308091403899,0.29986430274547615,0.0996078736226409,127.60388565063477,35.649849464955224,93.25638580322266,16.30320624782334,11.621639251708984,13.40809448488807,Extreme,0.16360255412162417
1046,-23.10884406705404,-50.2083750265102,1.645745666666667,2.365672333333333,60.03432666666667,2021.0,3.0,92.0,0.379590304923627,0.2396826577795448,56.165243784586586,25.20196645508044,114.80465316772461,17.90880152277263,49.239654541015625,23.18523039642788,0.49082835950315384,0.26549454553622026,50.51317596435547,25.129214044955184,116.21023941040039,19.03697282161403,54.35182571411133,24.223920855679253,Moderate,0.11123805457952685
1047,8.422888727491788,34.40134095484206,1.838654333333333,0.1396986666666667,34.857439,2021.0,1.0,90.0,0.4065540170282702,0.1493902674544008,68.41663106282552,20.84960556324989,114.53556823730469,18.643986630116736,57.97000503540039,23.69908218454346,0.5490053628195142,0.11703050573666711,53.70607121785482,14.229950743923657,128.36490631103516,15.36492090754152,75.50824737548828,17.11482394962042,Extreme,0.14245134579124397
1048,-31.21968429741905,-65.95977048499348,1.788769909090909,0.02542472727272728,70.28438236363637,2019.0,1.0,90.0,0.5773339484096605,0.0703371015787774,45.37816619873047,13.467809592246962,131.12517929077148,6.499100033467362,85.36284255981445,6.971374429249455,0.5531203132557572,0.08461713528178391,48.5447883605957,17.04875844197786,130.43050384521484,7.451468528829081,84.30775451660156,8.336645316820691,Moderate,-0.02421363515390329
1049,24.29369116689413,97.20430071157938,1.840719428571429,1.917342142857143,89.69444357142856,2020.0,8.0,92.0,0.5507506126653317,0.3759542535579327,49.54867935180664,21.689301793438474,128.96698379516602,39.062453576376086,73.858154296875,32.99544144612597,0.48030689853969255,0.34620874136697266,56.61878204345703,23.24619544000779,125.1484603881836,39.00401540863488,73.77540588378906,32.00394777723039,Low,-0.0704437141256391
1050,-2.676597796736935,-76.5726701411169,0.100378,0.512042,99.095643,2022.0,4.0,91.0,0.8576598306333381,0.020292862744978726,20.610450744628906,7.255609383610874,147.02179336547852,17.17545104282746,91.07844543457031,16.49459690847794,0.8589899937365999,0.02899940318158008,20.62438456217448,7.684239857868686,149.00497436523438,17.12603238895473,92.83979797363281,16.343136854258347,Low,0.0013301631032618388
1051,38.07952913861395,-1.766728610603877,0.1612574,0.7764694,23.112088,2021.0,8.0,92.0,0.3700338498158471,0.19347771710053172,79.82378768920898,53.4282426476799,119.09244918823242,18.34274309961155,61.54610061645508,21.663385170775623,0.37751863978122313,0.2070584002839424,76.49522527058919,52.7480087997748,120.6870002746582,18.678086687766893,62.7252311706543,22.089200960129197,Extreme,0.007484789965376049
1052,-7.640131772507289,37.03121476584604,2.9838594,0.3441858,85.03466840000002,2020.0,5.0,92.0,0.5716255332375741,0.10491608836831233,52.80918502807617,13.515644509261767,129.17354583740234,10.782260961162342,78.88309478759766,11.199945497867384,0.629342115759016,0.10787356059878736,48.89591979980469,13.991968613583627,132.39499282836914,12.811749910694461,80.94055938720703,12.683686352625307,Low,0.05771658252144185
1053,37.88533252058531,-122.3634657005003,0.380577,10.23583283333333,28.66228883333333,2022.0,7.0,92.0,-0.04300129296574812,0.3317908041844558,73.26939264933269,50.68894475083083,94.77184295654297,55.909902844223694,40.54103469848633,38.58096779317634,0.3581112948401923,0.2587089150937757,72.57924524943034,40.21991291326959,119.33438491821289,26.32075163214589,68.64350891113281,27.50557660484122,Extreme,0.4011125878059404
1054,17.52643119388772,99.70349535276176,0.8900157272727274,0.3548972727272728,47.45871109090908,2023.0,2.0,89.0,0.4529024844072689,0.1646774527704009,61.883155822753906,20.26721662609281,132.05664825439453,22.112758441613497,77.84358596801758,21.57859202265384,0.4361883119504357,0.16378487591888533,69.96799596150716,27.247457717930256,129.96599578857422,22.467190950675022,73.71395111083984,23.62634583029665,Severe,-0.016714172456833154
1055,30.0950710016383,-96.96923505739014,4.256889333333334,0.455319,81.06991066666667,2019.0,3.0,92.0,0.6362760919156614,0.12162368149879442,58.53006362915039,21.162119716123357,111.25500869750977,16.48138440219673,60.1063346862793,16.874966195601896,0.6252847476862768,0.12902696199027486,60.30976994832357,21.72454001590746,108.68746185302734,16.524678790090633,57.39722442626953,17.381569809479117,Low,-0.010991344229384525
1056,-13.95789171228024,-43.97145815569678,0.3853172499999999,0.59701875,76.880029,2019.0,1.0,90.0,0.6583904746573097,0.14881465108102646,47.34556325276693,21.637019440046476,129.4046745300293,11.874572732057985,80.48616790771484,12.273219907519,0.7057042173498935,0.13324908108524114,42.54719924926758,19.815369343442324,133.0208740234375,10.213394633360968,83.80461883544922,10.337895785026188,Moderate,0.047313742692583816
1057,23.12942914600725,78.28775705589499,1.382012666666666,1.2858545,75.61742466666666,2022.0,7.0,92.0,0.5703072705127458,0.1698443882833843,54.13664881388346,16.325524365637037,140.3724708557129,13.762108561892342,81.97361373901367,15.571276107345167,0.4718139907161022,0.18732269840735044,57.77355829874674,16.208710864408538,140.91190338134766,17.529682326965233,81.81251907348633,19.314021362320588,Moderate,-0.09849327979664357
1058,-14.61353895330686,-51.84102870199666,0.7714824444444444,0.8421289999999999,56.16222444444444,2023.0,6.0,92.0,0.4355251868704382,0.18809556220111376,65.50805282592773,28.96172123769202,104.04158782958984,22.126861718895814,51.63701629638672,24.779488049335505,0.40883265829002075,0.17733720311378723,67.85615539550781,29.78163665430739,102.44834518432617,22.829322155205364,48.31501770019531,24.81954401289902,Severe,-0.02669252858041743
1059,-6.819794741566469,-45.86972470780526,1.012011366666667,0.01110823333333333,70.62645493333333,2022.0,5.0,92.0,0.570385781515174,0.1947441181966708,49.84508768717448,23.558593138542033,126.53440856933594,20.035751968516454,65.46235275268555,20.322152196955297,0.5834024111107396,0.20815218088299525,54.83196258544922,25.406123621519033,127.76572799682617,17.07724889167933,62.13435745239258,16.81370804384414,Moderate,0.013016629595565599
1060,8.273941866736891,17.64562427947911,2.592447666666667,0.09455066666666667,50.04329333333334,2020.0,3.0,92.0,0.5050373553700069,0.1725211820724973,65.80553690592448,22.139270451045903,117.14098739624023,17.46174016860767,55.04927444458008,24.629497486986704,0.5311721829066585,0.16252623181306577,61.41571935017904,21.973153749988494,118.37360763549805,17.474443820489107,55.483612060546875,24.80840197315836,Severe,0.026134827536651528
1061,-20.19789055955719,-48.13464689885726,0.5339122857142857,4.490000571428571,75.63458271428571,2019.0,4.0,91.0,0.20404184241895962,0.5770913558404934,29.543387095133465,15.449012307873181,91.44480514526367,49.14304528556552,42.19852828979492,33.071060946760866,0.18651266386419296,0.6587267791287252,30.9054438273112,18.673039640918486,92.99639892578125,49.608234661805696,45.57310485839844,34.37846601281148,Low,-0.017529178554766656
1062,-17.58823151347915,144.8714744539932,0.3744547499999999,0.0628375,59.653268,2021.0,4.0,91.0,0.5134108835707707,0.09095984589241919,41.970656077067055,15.100092020250838,116.60331726074219,18.630214883310398,61.1318359375,17.98211456861583,0.5022705834800858,0.08297568694326168,40.9881591796875,14.038352827548165,112.77786254882812,16.315212973233496,57.19289016723633,16.102566455110342,Severe,-0.011140300090684896
1063,32.65860206327677,-6.086895693560791,1.032778966666667,0.1118831333333333,41.72188886666667,2019.0,1.0,90.0,0.41748941548210183,0.13323735614841034,72.88115946451823,29.828551788256682,114.80538177490234,17.778339915340396,51.47215270996094,15.715842700030114,0.45099538675840734,0.14702957920921736,70.18894322713216,30.659454597905345,114.45813751220703,18.83447954644709,50.80934143066406,17.17260328388735,Severe,0.0335059712763055
1064,19.50428605163781,-98.63866523188162,0.1653623333333333,0.192574,22.62552766666667,2021.0,1.0,90.0,0.31928483421140585,0.21016120572443864,71.14755884806316,41.53054677372733,104.47990798950195,19.2795605456043,40.60868453979492,25.57006287329285,0.22054603124422523,0.14162211245383835,84.20574569702148,36.55154385761161,102.10086822509766,19.43951197988789,34.13264846801758,22.989399533290698,Extreme,-0.09873880296718063
1065,-28.29231256914406,-57.84199693597512,0.187212,3.215388714285714,55.25748385714286,2020.0,8.0,92.0,0.48695859893508864,0.0998997657804499,51.27809270222982,14.547205055846323,114.49890518188477,22.25892200414757,58.25347137451172,25.841776861110993,0.462625518703228,0.08256614669527823,46.357461293538414,14.11079407323757,123.32406997680664,20.33358302301139,67.3648910522461,22.505008115674883,Severe,-0.02433308023186065
1066,-8.499261248301888,24.91792032415171,1.03938,1.5e-05,86.37625299999999,2021.0,8.0,92.0,0.6009895062464921,0.0797198639175223,53.24503072102865,12.829004915878107,115.6448974609375,13.209705075913343,61.093719482421875,14.463612841173424,0.5748570988100141,0.0943160308158147,51.71025721232096,10.823087846065228,108.49242401123047,16.83355063857487,52.62715148925781,16.99443903305125,Low,-0.026132407436477934
1067,24.77488532774245,97.4204013894008,0.5795886842105262,1.097752105263158,85.11588394736845,2019.0,1.0,90.0,0.8097885683264394,0.06104683547973084,29.65892283121745,9.564403436359788,147.58995819091797,21.90118955803748,92.82455825805664,21.196476951198605,0.8111087092557909,0.05425499300422448,29.787709554036457,10.050384220949992,137.6543846130371,25.313405557164987,84.71189880371094,24.21453194156226,Low,0.0013201409293515098
1068,-21.58717820667166,-44.12858149703402,0.5358713333333333,0.2814591111111111,63.24145522222222,2023.0,9.0,91.0,0.49189424583782326,0.20878906342634623,60.51156107584635,30.957554684855346,115.61858367919922,22.684796780854448,59.492679595947266,24.330910266521563,0.49971392910035917,0.19870093079292359,60.48601277669271,28.791280111185657,115.81549072265625,21.36999842750153,61.04784393310547,22.53659878261433,Moderate,0.007819683262535904
1069,36.18316737395638,7.658131052957145,0.0,6.987181,22.059475,2017.0,7.0,92.0,0.23965431225092268,0.19013452604360656,136.7423578898112,67.17858202108417,93.4200668334961,23.500195691566486,34.71144104003906,24.854825853082847,0.17907247007150384,0.12401717401348701,151.31252161661783,58.38116960916048,90.45221710205078,24.81381271859548,26.77138900756836,22.71689070841851,Extreme,-0.06058184217941884
1070,-23.26819897539737,-45.85087846814531,1.476028875,5.75437125,70.01274375,2021.0,5.0,92.0,0.4193989248110516,0.1885595267990595,67.36252848307292,33.94642258054971,123.46562957763672,24.41556638512587,69.22863388061523,22.960657042127586,0.563287107657796,0.20925015524243545,48.534837086995445,28.362455254486587,122.53272247314453,19.229549424920346,71.76971435546875,19.75564341170142,Moderate,0.14388818284674437
1071,-9.362776951194355,26.5740356335763,0.5435443333333334,0.02199333333333333,46.03168293333334,2021.0,6.0,92.0,0.4826255650581288,0.11889214876910617,42.960870107014976,14.753521896668017,124.70232391357422,19.098784101867274,70.14994812011719,19.211091572995517,0.49454824040185486,0.12140486000784775,41.59034983317057,12.903695742854058,129.75487518310547,20.608849208925573,76.67724227905273,19.81762155390779,Severe,0.011922675343726041
1072,-10.33520512385372,24.30194827567101,0.9132453999999999,0.0017176,97.1885264,2019.0,2.0,89.0,0.7019070401557883,0.0703300614356546,32.489131927490234,9.968717926872054,134.08100128173828,11.809452050178376,79.5029182434082,11.152000283326064,0.7109288044139817,0.07189635812507011,30.156705220540363,8.601067697208347,134.0770149230957,11.372819317681365,78.63995742797852,10.579849909766105,Low,0.009021764258193343
1073,35.67033039362124,-94.0377223285483,2.638811,0.999537,94.11375500000001,2019.0,5.0,92.0,0.8850433374213935,0.03266553062291117,27.301049550374348,9.65338019785349,130.96796417236328,25.065815995946785,75.79990768432617,24.47166186297858,0.886699325181894,0.03164266024612786,27.582430521647137,9.867660844328347,133.70943450927734,25.192344909609393,78.42348861694336,24.261257225976987,Low,0.0016559877605004658
1074,-9.95774221632093,-67.87375546999118,0.6889704444444444,0.1468403333333334,97.07715466666667,2019.0,5.0,92.0,0.6443815908791136,0.23196540567590096,48.3160285949707,29.04364073003421,136.69914627075195,16.710585446301938,83.76071548461914,13.925474636159796,0.5884014343201578,0.24699038894314115,53.4477907816569,31.524468669032913,135.4714241027832,20.01933059521717,80.8281135559082,16.8323915894011,Low,-0.05598015655895583
1075,-36.56459901323943,-71.86371747595022,1.372236,0.3743125714285714,76.52327328571428,2020.0,7.0,92.0,0.4385029727269938,0.20927083024666612,37.923274993896484,20.48992844611641,118.64384078979492,16.102730944171995,43.2944450378418,21.235762520531974,0.5082302321491645,0.20284120035230815,40.1913210550944,17.158565571768644,117.77334213256836,18.160552381513828,40.89037322998047,19.998294905065457,Moderate,0.06972725942217073
1076,-2.298536247430462,22.77544178424946,0.508554,0.008751333333333333,98.44193266666667,2019.0,5.0,92.0,0.7426021079702707,0.04402466041050114,26.53291193644206,7.03819645114488,145.08147048950195,14.49987490827017,90.94279861450195,14.234336310656223,0.7595023656716933,0.03759694815132151,25.01522954305013,6.593888132370244,145.46860885620117,14.365638627984522,90.69241333007812,14.089356769587488,Low,0.01690025770142256
1077,-18.15563912217501,139.0762581578681,0.6613266363636364,0.3115456363636364,41.26271218181818,2021.0,3.0,92.0,0.4021639167715081,0.06592891671494383,71.2721659342448,25.324070364773092,109.4702033996582,9.859313337614756,49.38101577758789,12.62510043009763,0.3972335625035157,0.10535138842869156,68.90501403808594,29.623102710530084,113.49443817138672,10.746768180110662,54.150150299072266,15.25748734248522,Severe,-0.004930354267992376
1078,18.46323827286434,95.697669627775,1.6952346,2.142162533333333,74.21760806666666,2019.0,9.0,91.0,0.6158397484279723,0.1377822634057892,54.0068613688151,18.871134885656108,135.38956451416016,15.895414774827955,81.49563217163086,15.068599114925487,0.7165342627644122,0.09453032399897712,42.636390686035156,14.369330505540004,141.27952194213867,18.787675063046905,87.19087219238281,17.030108494458585,Moderate,0.10069451433643994
1079,-35.03092503607213,-62.88583046909793,0.6612282500000001,3.352366333333334,79.85079391666666,2019.0,1.0,90.0,0.78253607043934,0.21195714232974278,31.502103169759113,16.467762927374526,128.36407852172852,19.374062692113284,71.92584228515625,16.617942789194764,0.734589413251546,0.241021752195867,33.96133931477865,19.706648511228465,124.44108200073242,17.468910722788326,68.17212295532227,17.161651665948096,Low,-0.047946657187794006
1080,17.14495243391207,79.22370652667797,0.695377,1.186807333333333,35.31015900000001,2020.0,3.0,92.0,0.2666723602581116,0.16408173816982619,94.16835021972656,43.28607600482602,99.53567886352539,19.717269072438697,29.311752319335938,24.54901811873395,0.40416567839692163,0.2301237870552351,75.50041961669922,39.790398881216696,106.0582504272461,19.18464510336894,42.942623138427734,24.303407669895694,Severe,0.13749331813881005
1081,-20.86656718674569,-62.77106594650694,0.3002803333333333,0.007731666666666665,97.05510533333332,2020.0,3.0,92.0,0.734426843521252,0.04196042956274975,34.81725311279297,9.834364970528396,137.3400764465332,6.089492805315715,89.89652252197266,6.489608989254753,0.7138434803570304,0.053395769186168424,36.193389892578125,10.81082356228661,136.90227127075195,6.268624985513566,89.87440490722656,6.770533915294975,Low,-0.020583363164221602
1082,-2.473857030531654,20.97452389394539,0.09860533333333334,0.041419,97.92390866666666,2020.0,5.0,92.0,0.7938807380586468,0.026565628253539766,20.77140935262044,9.726583092160077,146.2221221923828,14.999313881629364,90.95062255859375,14.777290940978165,0.7980809655493886,0.025349241715383927,19.031649271647137,10.123095187981408,147.71963119506836,14.362000631038345,92.4398193359375,14.0681413095805,Low,0.004200227490741781
1083,-16.75703393226054,-41.51878708200289,2.20991925,0.20865625,46.59754700000001,2022.0,8.0,92.0,0.36089930513515756,0.13049208352332012,76.34585062662761,34.70848997729831,122.87982940673828,20.338713590473994,73.44083404541016,23.035538983808976,0.6061998797544481,0.16512658593076068,44.180338541666664,19.586383955325907,130.5687026977539,14.86434486487969,83.5916633605957,14.687872104701432,Severe,0.24530057461929056
1084,-37.23188668084586,-58.79815551526836,0.1134073636363636,0.02112745454545455,79.30287172727272,2022.0,2.0,89.0,0.7032363482857562,0.12820800162144172,42.168627421061196,15.449195031125758,108.56927871704102,13.086003064962238,52.938079833984375,14.106805599882787,0.6889538330962921,0.1151702742025439,43.58414077758789,14.796414997908164,106.5275764465332,12.609296743137229,50.67637634277344,14.829348362056553,Moderate,-0.014282515189464107
1085,-11.83742422310995,-45.76870067674119,2.87216,0.01421,77.027231,2018.0,4.0,91.0,0.4200963622737166,0.2277516498417347,82.14493179321289,49.14809707340681,103.1446418762207,22.097666142848606,46.400848388671875,25.608938764454194,0.4006182412529711,0.17558661928312172,75.88701629638672,34.296556279995954,105.18106460571289,14.708910172205725,48.30657196044922,17.68448184925476,Moderate,-0.01947812102074553
1086,-25.95034794568452,149.3920644077032,0.31277175,0.11259575,22.6331225,2020.0,6.0,92.0,0.29547417707219314,0.17866607252580646,65.25587209065755,27.039488370320385,96.22520446777344,18.736622916598087,30.7926025390625,21.01382937471145,0.25440615666559907,0.11298869714793212,63.22534688313802,23.9225454344981,86.94508743286133,16.488841882847872,19.60030746459961,18.446893340028435,Extreme,-0.041068020406594075
1087,-21.50773055955369,-43.88097027609496,0.4870315,0.09441150000000001,83.218266,2023.0,8.0,92.0,0.6105192656646636,0.16194847564772696,56.82202021280924,24.23814651251746,123.03352737426758,18.051998089960307,71.61128997802734,18.43835232344755,0.663210779749881,0.14145567044718885,48.586683909098305,20.154215981104038,127.5165901184082,20.776739136246743,76.3881950378418,20.089303823911887,Low,0.05269151408521733
1088,-29.2925215362515,-66.50792828363791,1.6614134,0.003717799999999999,38.4990415,2019.0,2.0,89.0,0.511259803008187,0.15416601561366355,53.50750859578451,29.570901219459778,121.59800338745117,16.098869999031486,72.57040405273438,19.967080549231408,0.37952273772060696,0.13748205892965637,76.53719584147136,34.93689819522326,106.98331451416016,16.595429820601208,54.47813415527344,21.740336642723268,Extreme,-0.13173706528758
1089,31.55753261088346,71.23951508984294,0.862026,1.873521,22.67330875,2020.0,6.0,92.0,0.2609740395315664,0.17906025371083784,127.75516510009766,45.24535558227119,118.59008026123047,25.749080370783496,51.96396255493164,27.550491627306993,0.24994912424025573,0.18515965359841835,136.8712476094564,50.60282157420094,105.76207733154297,30.923694636899665,42.4132194519043,29.032762622616854,Extreme,-0.011024915291310666
1090,-28.02653603837801,-56.28215886217967,0.9779171999999999,13.2434804,54.81298549999999,2020.0,9.0,91.0,0.6378296131980301,0.12667440602229246,43.32089614868164,20.465594151709368,94.30826950073242,13.707070411711163,43.68168640136719,16.173215788328417,0.5556209865608749,0.12204524902790163,52.29280471801758,18.46034253547509,100.57136917114258,15.382442100384576,47.552398681640625,15.335550980809208,Moderate,-0.08220862663715522
1091,-6.299143694356736,-37.65954267670887,0.3665324,1.330825,49.74967299999999,2023.0,5.0,92.0,0.4336490907589923,0.13068587410769117,49.36463928222656,23.140524732906012,124.07923889160156,15.960317522507163,76.63980484008789,18.05103593346484,0.48093621616404403,0.14696621109853256,47.93119430541992,22.86650074457617,124.64569473266602,15.613352529013877,76.36252975463867,18.502354238546292,Severe,0.047287125405051755
1092,-17.92015875427978,-58.17061036368352,0.0038085,0.6430625,58.0964,2020.0,8.0,92.0,0.6632753206512234,0.028577039157532215,51.02205022176107,8.428130092455103,142.29985427856445,7.523595430309906,96.68928146362305,7.91620911430439,0.6674366862134775,0.03448340237371589,49.10718790690104,7.874996810040497,143.42179107666016,7.937973022941237,97.83130645751953,8.217857407326033,Severe,0.004161365562254105
1093,-11.50846244303956,25.18864290963805,1.299473375,0.017659375,54.6139775625,2019.0,8.0,92.0,0.44567017721612956,0.10621080019068885,56.62454096476237,16.593557739457758,117.48168563842773,15.90330589915658,61.6059455871582,18.76901924107436,0.4750933033815272,0.13331701282227137,56.918862660725914,21.709794858642947,110.70512390136719,21.238952464690733,54.08522415161133,25.0763197400177,Severe,0.02942312616539766
1094,-37.8504122583946,-61.86699907874534,1.1643806,1.7846,39.0997272,2023.0,7.0,92.0,0.44190269718245645,0.1803836074120723,56.96186828613281,20.879988647416578,87.68243026733398,12.30635647741923,13.575695037841797,15.093061283216915,0.34394228655048664,0.14778673475915824,60.08573786417643,20.9601501916957,91.34393692016602,14.43466056920696,12.73647689819336,13.71247634268127,Severe,-0.09796041063196981
1095,-4.479844798086397,19.40102351189813,3.689563,1.508436,33.546647,2020.0,7.0,92.0,0.37993497197350745,0.09501922231129757,67.79263432820638,8.128770160004553,134.10077285766602,16.973791551165508,79.84711456298828,16.046489725952007,0.31888222293129775,0.11663270852080342,69.3492914835612,9.969407762865936,126.7035903930664,17.965877443276504,74.28931427001953,16.279921444407318,Extreme,-0.0610527490422097
1096,-27.90139937436432,-51.2568955771093,1.508865166666667,1.557228166666667,84.43397566666665,2019.0,6.0,92.0,0.6448485002239295,0.1595142153532409,36.01868565877279,18.14046737034625,114.82803344726562,17.05372318412539,59.06523132324219,19.384173237993974,0.6609517730897931,0.16793183759607264,36.6379280090332,21.788555386882223,114.30189514160156,16.930499557192473,59.51250457763672,17.331647730932332,Low,0.01610327286586366
1097,-19.14010786703458,143.4487293918766,0.7366425,0.00402375,51.76048808333334,2019.0,4.0,91.0,0.5261226632102423,0.13711542533369656,47.41757837931315,28.435924299423494,116.738525390625,17.10891965321127,62.81047058105469,16.311177216355006,0.5557833881752146,0.09902295736831149,41.30028533935547,17.359890684142897,117.66105651855469,17.35248761483007,63.79846954345703,15.117918156244073,Severe,0.029660724964972296
1098,-12.99491435057832,37.35108209739437,2.901172,9e-06,34.256643,2022.0,9.0,91.0,0.3391154274265542,0.12835036687989482,62.55974324544271,16.825811021872845,116.95759963989258,14.933820802247903,63.78881072998047,18.489825996710064,0.3481373978058855,0.13302556797568915,64.87395350138347,17.979607523761207,117.63619613647461,16.82905885044106,63.48794174194336,21.40888209145984,Extreme,0.009021970379331279
1099,36.30860635245485,53.80347909516561,0.9463272307692309,8.530323769230769,26.91589169230769,2021.0,6.0,92.0,0.18331192424362863,0.11828818137805669,132.30161158243814,48.69890891591804,130.35613250732422,34.82449305077781,61.527462005615234,32.5280828365784,0.22924074136392214,0.14469677807075107,135.04023234049478,49.2156688624187,115.61883544921875,27.083890362163277,53.30751037597656,28.44381200966438,Extreme,0.04592881712029351
