Latitud,Longitudes,Cloudiness Mean,Water percentage Mean,Vegetation percentage Mean,Year,Month,Duration_Days,NDVI_Mean_A,NDVI_Std_A,RGB_Mean_A,RGB_Std_A,VV_Mean_A,VV_Std_A,VH_Mean_A,VH_Std_A,NDVI_Mean_B,NDVI_Std_B,RGB_Mean_B,RGB_Std_B,VV_Mean_B,VV_Std_B,VH_Mean_B,VH_Std_B
-1.1395072321451285,-0.9373973194129278,-0.64525433353993,-0.4409673278458955,-1.058195776735454,0.19228306698811726,-0.01159924714629806,0.7163216085339428,-0.44328315382317685,0.5974657096543314,0.14258412113424418,0.5243492338257372,-0.9417291926955833,0.5823346780617907,-1.1632431293915544,2.083199931084541,-0.3557099396674808,0.796576537802765,0.2957200499353212,0.40336675915842524,-1.0674865159916942,0.2300074246553796,-1.446543106161524,1.4437127525387505
-0.5594788837848752,-1.0381066756548474,1.896849779168543,-0.36932915317085824,1.372275052498259,-1.1635590720308047,0.3871248735076952,0.7163216085339428,1.5123184987593787,-1.4696151023849873,-1.3116354312932692,-1.3733040064682303,1.4598091884699205,-1.0469033758792088,1.2813329094117427,-1.2782082442190168,1.4698475763305459,-1.4573107616897094,-1.268741678041553,-1.37943543719067,1.2322492816624777,-1.1078356393586009,1.1566648982112868,-1.3148987714176474
-0.17791285313664135,-0.9107307104769404,0.8307373467071109,0.5116526163371253,0.7893274844391337,1.5481252060070392,1.5832972354696748,-0.30170651728949077,1.5841922539660194,-1.523103647927679,-1.2266193223632291,-1.1391686943461123,1.2556969543087817,-0.964539228969357,1.265113799185515,-1.1150121773731585,1.5317388977009814,-1.2431627359387918,-1.166670419893504,-1.1089136995881985,1.1695085311518107,-0.9168660495880818,1.204159623832099,-1.0288173648377643
-0.7689734149442068,1.4883345060790791,-1.0288978299279503,-0.43667630721191364,-1.3932973211744288,0.19228306698811726,-1.2077716091082777,-2.337762768936358,-0.15808790165289327,-0.5995373241480794,0.2694189455001302,0.0779317156893861,-0.7660199348681376,-0.9389449690773348,-0.3543507322319492,-0.8334890329095762,-0.3442292388374142,-0.941398235068693,0.4301194903939513,0.10190323551685099,-1.0533550464323307,-1.0338149709258362,-0.6772549835715952,-0.9361275861000147
-0.5127741721920385,0.3766390077795089,1.3853661262590402,-0.4410104028905953,0.8791870835358567,1.5481252060070392,-0.4103233678002913,-0.30170651728949077,0.849981288234903,-0.9523684971528046,-0.7057150573734772,-0.9796725905080744,0.5807644928295629,-0.9741790311175692,0.6905565824372765,-1.0818699217173986,0.8754570212532031,-0.9555446182273325,-0.690855359598173,-0.9920155422851997,0.554354123788042,-0.9723041184957348,0.6510423448069289,-1.0633209235690366
0.8706320479343734,0.9430676049833858,-0.9384546311113194,-0.24218598521802634,-0.9055970203902963,-1.1635590720308047,-1.606495729762271,-1.3197346431129244,-0.3213252889997385,0.4977703863284559,0.34023993798971164,0.28917450079462487,0.05926737866604131,0.19379845600105708,-0.055616624466063455,0.5602059952159458,-0.06259122696711128,0.5932125465449499,0.08510825937699765,0.36560797451697447,0.43406809005450264,0.10842264651748945,0.2521405245953241,0.6592151119295196
-0.6081949795294787,0.3346138206159107,0.11985267892639362,1.0612112723208624,-0.17236849453952624,-1.1635590720308047,-0.4103233678002913,-0.30170651728949077,-0.0828364012064711,0.17677953347700717,-0.22275537291737918,0.018256747462009462,0.24050647094034924,-0.6067133675609907,0.36213809932366137,-0.7228377115360686,-0.1814336976267473,0.06373872730043988,-0.05704084953988111,0.15937662768906763,-0.001479374888672753,-0.35097352655316355,0.10200870413065852,-0.4518234195912914
-0.6554677064489759,-0.9383974505254218,0.049653072848561824,-0.43923439311733514,-0.32765093828655567,-0.48563800252134365,1.1845731148156817,0.7163216085339428,0.007918070916593615,-0.909805649056986,0.28392088335333054,-1.1187072713331536,0.8487937873566566,-1.2466673223238514,1.04029596845089,-1.3484429700859046,-0.46267661589726816,-0.11844004222779525,0.7733316023918554,-0.01875616652036354,0.2693753942158529,0.06194387850649685,0.459692671072399,0.36679140029793444
-1.4043132721781197,1.8075164761267002,0.12190277732108834,-0.4296062436209466,-0.7041984351723101,-0.48563800252134365,-0.8090474884542845,0.7163216085339428,-0.10443650090527475,1.248701658406999,0.46821667995425087,1.4126953367115798,-0.4192624253448066,-0.3795489532874353,-0.8241483952333101,0.3938210906650587,0.1911163984603638,1.0927722612713056,0.19476230090825875,1.346498294137907,-0.11163610179036673,-0.24237131534868459,-0.3817340808289436,0.35408077902885493
-0.38718805659175076,-0.7527114122880254,-0.0210456257265376,-0.44078980439395926,-1.2726019830981972,-0.48563800252134365,1.5832972354696748,-0.30170651728949077,-0.7585885634148357,-0.48694653975344837,1.027511909268058,0.53898205047507,-0.24412542966865985,-0.5342933208290715,-0.1499534698960831,-0.3489058193400136,-0.8501041253478697,-0.2689729442316868,0.9636832741947848,0.6278311603088945,-0.284582205150199,-0.1133362830422271,-0.1988789744367746,0.2315479858561228
1.6452950010976235,0.14753757903688475,-0.8204446612707893,2.8110648447674467,-0.33718142868626366,0.8702041364975782,1.5832972354696748,-0.30170651728949077,0.27214636788166413,1.925769654125684,-0.47742477905956354,0.34050518794479356,-0.05876442984562134,0.4879044431094457,0.14085761493038776,0.37174155433268724,0.9461447738953713,0.36801724941077585,-0.8284813377095542,0.15011161384343652,0.40565185557594896,0.36504408637144004,0.6243020952249089,0.34703339461246846
1.7046748842747452,-0.21413167657166954,0.648259061075978,-0.28399010868154156,-0.42187261134425624,0.8702041364975782,-0.4103233678002913,-0.30170651728949077,-0.930746577036378,-0.5350055284065304,1.3446048252481586,0.9109910629716645,-0.987221889527594,-0.565388408264913,-0.9461395113331458,-0.38007911418184126,-0.5155969911501683,-0.446415628522552,0.6533634025287874,0.3957968041033197,-0.6053527455875374,-0.5939801688873151,-0.4832537038318163,-0.31521505029055563
-1.2314012020948883,-0.9050449586111012,-0.8939698142972363,-0.3250331298328211,1.08316775600769,0.8702041364975782,-0.4103233678002913,-0.30170651728949077,0.42611711290687826,0.7715848921586441,-0.27704062163326976,1.1163366474005132,-0.7864853826246495,0.4325501576257925,-0.7862145601332687,0.5720905098206006,0.21828800491374825,0.7428760388989407,-0.31397560659298407,0.4002737045037843,-0.4781903984911634,-0.018975411907764635,-0.4760044745679159,-0.02641661330786678
-0.7589686517147032,1.4712163634784392,0.9563950763119913,0.3281538756017876,-1.5593821945280033,0.8702041364975782,-0.8090474884542845,0.7163216085339428,-3.707177784353894,-0.9102644479250119,0.02919648355946807,0.05280032240081578,-3.198730640929656,-1.29948604974433,-2.759531925163724,-2.594613386908682,-4.369195808879676,-0.7581179409690757,0.9602922395195852,1.1572565823771257,-2.9744585396834227,-0.9629647387293254,-2.731948111412043,-2.486897878926461
0.36158085234800746,0.26601593444898186,-0.017664486445479792,-0.31565033263129594,-1.029033858276796,1.5481252060070392,-0.4103233678002913,-0.30170651728949077,0.4065617697737824,2.5914328352938862,-0.9850583884787448,-0.11919904857406717,-0.19937395765143723,1.3064767929334316,0.4027329211019705,0.9386081974214743,0.24729097034105268,1.0645883104292173,-0.8278512898350424,-0.23850839916434452,0.5563637215606806,0.5526966924832453,0.7839551928715226,0.2861161284779921
-1.2005017035497103,1.8566063612651726,-0.056724922530682835,-0.4290249582483311,-0.7815494316689207,-1.1635590720308047,-0.4103233678002913,-0.30170651728949077,-0.8537969756572207,-0.08659029403323598,0.9337669169888853,0.9153770180611331,-1.5711279793702593,0.4217967777807766,-1.6374107355034389,0.6152049451990996,-1.0285117810503774,-0.09790610401923612,1.2329330194406911,0.9685479181104645,-1.5482822107561136,0.7604770048511451,-1.6820411292079966,0.7761478021468267
0.3683060362837431,0.33569653147421985,0.8992139582930025,-0.4408441243473603,1.346984721408701,1.5481252060070392,1.5832972354696748,-0.30170651728949077,1.0971625614564877,-0.4573867841134924,-0.8588642641346989,-0.7985388014355301,1.4450671246072797,0.2665970170885746,1.4157769266491373,0.16308284140329848,1.2699125994926432,-0.6132159612683866,-1.0101379508354555,-1.0285762238728302,1.4943385598215961,0.7138854420096837,1.3918562247676554,0.7426955490728534
1.38699007464294,-0.2104989327255075,-0.8940351437338956,-0.39769092709719883,-1.6867683867008463,-1.1635590720308047,-1.2077716091082777,-2.337762768936358,-0.46341485534657106,0.4604413794930829,0.9696011161393925,2.2835327846783713,-0.25328924789828233,0.5368878838060853,-0.6214397283458256,0.18925736112877856,-0.4435792114359231,0.823646337021742,0.6093663196531315,2.4235345478948362,-0.17461384656102805,0.25173336175385874,-0.5258255575858294,0.05367706905044664
-0.288551119966475,-0.9564332831193428,-0.5308904627674255,-0.08120792363697638,1.411989133319627,1.5481252060070392,1.1845731148156817,0.7163216085339428,1.4598699766116772,-1.2688527499299103,-1.0366690912859886,-1.3086502459497864,1.184093665164643,-0.7806206345039491,1.2377251908767286,-0.9159154004049976,1.4708843328884065,-1.4442033372990835,-1.0462267189592553,-1.3324576892784328,1.1395518339832906,-0.8288439581581016,1.2180524230495084,-0.9483106605235264
-0.7873971784734569,-0.9261910245024182,-0.09739872620120929,-0.44166091068375074,0.849537989667548,1.5481252060070392,-0.01159924714629806,0.7163216085339428,-0.5696965577310318,-0.6575145933162226,-1.316877733112537,-1.4579137367428014,0.9325365626195612,-1.3262215659180685,1.244837212029869,-1.4726110845177796,-0.3125522453333375,-0.26673993678972285,-1.253198122351298,-1.4963815168246675,0.8932948346535822,-1.2915740502102544,1.2536503314270417,-1.4057413785891433
-1.604470035785473,-0.9471553762494892,1.5397368770954003,-0.05213269808444583,-1.3644205650653636,-1.1635590720308047,1.1845731148156817,0.7163216085339428,-0.24100995746138343,0.8517436086723164,0.5353534974445661,0.9057554066863547,-1.1973640799957141,0.6302090894463215,-1.5311376378838282,0.8046783215685085,-0.44018145199549497,0.3393049431100835,0.8284000950750263,0.6064275839119303,-1.0380980372865691,0.9076354082530501,-1.3364089570389592,0.812841223238721
-0.7777062241115847,-0.8473531899949843,0.0858412358214817,-0.41708675370233306,0.7110905827000846,-0.48563800252134365,-0.01159924714629806,0.7163216085339428,0.561157024881065,0.16802508560868065,-0.5662095118159016,0.07185625662805165,0.43325451269327847,-0.4800460678057097,0.48544611273768457,-0.49682583134818636,0.24713211358261528,0.2165161496464008,-0.201736139927142,0.29317235473258674,-0.04356096579545655,-0.23297907977446733,0.05916764915087892,-0.03006625764110881
-0.18220339561593413,-0.6775248605600082,0.21836893040829897,-0.38632368283398655,0.9242692085974545,0.8702041364975782,0.3871248735076952,0.7163216085339428,0.4764307882268506,0.056097696103895436,-0.5087939013502386,-0.3059066899423242,0.7375452627633029,-0.9233082326449064,0.9620476497076604,-0.9817352652120074,0.5674710911532082,0.08960734727507885,-0.5027718203426097,0.20228068192597934,0.7296616533389435,-1.0165976074030056,1.0154281014637228,-1.0116286562354984
-0.9229290594193947,0.46711902974299757,-0.03213103186648144,-0.4321138459616068,-0.7826260603347736,-1.1635590720308047,-1.2077716091082777,-2.337762768936358,-0.47048611859038186,-0.06068897743420286,-0.032599035545295474,0.23575776508221535,-0.3970518877440685,0.36752400942863744,-0.6109290975985999,0.2953858659992694,-0.23375678967500035,0.0811743336397521,-0.08437051937641357,0.21922222450245582,-0.7551786303259588,-0.14231156857888502,-0.8546857895387706,0.1378859451004533
-1.45438890061562,1.8461204421418966,1.1625165274100577,1.2492223331455508,0.2896508164192252,-0.48563800252134365,0.3871248735076952,0.7163216085339428,1.5767778528124488,-0.4312044050146347,-1.527579594839134,-0.4709119590342905,0.9422440537173206,0.8673740704297553,0.9589377077420983,0.7324661344590953,1.4171162360684164,-0.27564726952993285,-1.2723858860919748,-0.27163203493051374,0.6514018080673288,0.5521225227943684,0.8133612123709288,0.3680869078698642
-0.8864832327099983,-0.7360823232349843,-0.297494798597681,0.01742910028537854,-0.5753465325358772,-0.48563800252134365,0.7858489941616884,0.7163216085339428,-0.8644644484577444,1.6807161826568018,0.5550668831205987,1.3296693015107293,-0.8174939862257542,1.355239248695619,-0.7637242228022952,1.6338947385488416,-2.376916535423413,2.5891938866726996,-0.49557128457701033,0.8361817112452287,-2.878266891857935,3.3895606232510533,-1.7144756624972748,1.7878510809035075
-1.2397095054337972,1.8688304877451551,0.38968561017400716,-0.40687659397093456,1.446805017649236,0.19228306698811726,-0.8090474884542845,0.7163216085339428,1.4503586012608118,-0.8798636895420975,-1.5711883216640485,-1.3033602091352556,1.6651636269844612,1.834546252880996,1.6308210884814502,1.7310480985827126,1.3172672529705518,-0.7395317873869641,-1.41087164273685,-1.1821665334827753,0.9100080581434086,1.1216109579032134,1.1109832402391564,1.1022915808445943
-0.329370944279413,0.34984741708482797,0.15043026462233533,-0.4357455470728166,-0.9887731839979728,-0.48563800252134365,1.1845731148156817,0.7163216085339428,-0.765625380381991,-0.4277839759186936,0.7307220419994975,-0.10602642250418098,0.44524128439115196,0.13063869863584354,0.31730537233025735,0.7175957462290623,-0.6346084690144111,-0.1906541510636039,0.6200082780035409,-0.006124051425332058,0.5522094539390927,0.33870461533175694,0.458658184115411,0.8433605279812331
-0.2781435452366846,-1.1161580814518612,-0.9848310468277192,-0.4121427967923608,1.5920628887182167,-0.48563800252134365,0.3871248735076952,0.7163216085339428,1.4577303328886575,-1.4385765364664633,-1.1043782264303958,-1.2582282771529099,1.5354492843965775,-0.9862118382964401,1.388297971983332,-1.22766378037057,1.4256039208093525,-1.471074916564847,-1.1208665364296395,-1.3499962504217866,1.3940729550259956,-1.060519871459094,1.3114589050433005,-1.2355825198702863
1.097546866017072,-1.5577377002244568,0.09216816122565277,1.2312756279234645,-1.41383683957921,-1.1635590720308047,-1.2077716091082777,-2.337762768936358,0.4638494912596836,1.222218039939331,0.2440896129106886,1.3461974918984658,-0.054202056740971116,-0.8585182676432579,-0.2722507940391227,-0.7134421224236259,0.5689413127284336,1.118582697772293,0.07020187591814252,1.2264703635188774,0.09439615849110304,-0.4146624675506961,-0.18103214101127557,-0.45266751979775854
1.188240295273086,0.8764643530750363,1.8687812156206611,-0.428146001220734,-0.38447192636957783,0.8702041364975782,0.7858489941616884,0.7163216085339428,-0.10548030532042495,0.23350776449435404,0.6427018249139083,0.22046696399980587,1.2502430720575213,0.7571354252567967,1.0281947570348,0.7926600232953726,-0.4504309446711261,0.05547308399782956,0.9308415809759941,0.4311365454209001,1.1228615040657208,-0.45156032890092096,0.803671966832167,-0.428973241885456
1.6218810468307028,-1.718156038295469,-0.7615814986615961,-0.193376220556603,-0.6097913042188032,0.8702041364975782,-0.4103233678002913,-0.30170651728949077,-1.2122201237322128,-0.9447626528931563,1.1849360331546022,0.6083750094280713,-1.3547433189236506,0.04751829956827975,-1.980181200179152,0.1301901060207173,-0.9557780079807672,-0.7496324384128381,0.9248877678649247,0.33384525772268825,-0.5381312651149116,0.053999838405495264,-0.8656949726564195,0.4304105446998726
-0.5943682290796699,-0.7341798716488064,1.928180748854187,-0.4414720084427286,0.8703586702102792,0.19228306698811726,-1.606495729762271,-1.3197346431129244,0.26234032610582836,-0.3820126843663762,-0.35706737556197143,-0.4791220036462653,0.4415018061535231,-1.0484905402653584,0.5643497731047541,-1.0786278582517914,0.5824566545619847,0.2505999047167359,-0.1967550602369868,-0.116199970999907,0.37619039216247174,-0.8732353778767931,0.3796374576184904,-0.828691875513075
0.47883774511193544,0.8761562248982567,0.14969396095911197,-0.371835544177303,0.32614521809853436,1.5481252060070392,-1.2077716091082777,-2.337762768936358,-0.4186607816679543,0.11871744435006944,0.6998455045612443,0.7829417179217198,0.6964967699988719,0.3905477108825759,0.5784327869512976,1.068953769476071,-0.47139261740047395,0.19221526480010384,0.7864416130921366,0.9157617974011595,0.6048028574829762,0.2856981282261383,0.5104772476962832,0.6899863209221297
1.6538767998868358,-0.1813553076524154,-1.1320844575101079,-0.3854794119578695,-0.6295146192247889,-1.8414801415402655,-1.2077716091082777,-2.337762768936358,-0.9111460060334025,0.3389510536945507,1.1603567484292905,1.8958502321997892,-0.02565641988429825,-0.2364527770774079,-0.6835740471367255,-0.5879316595409937,-0.5808725532053715,0.2525567263507928,0.3433341568627705,0.8977449353922407,-0.1996765847883674,-0.2594827526130254,-0.5702579237494243,-0.5563103983724534
-0.5726541622493995,-0.902455632931705,-0.009656795686763689,-0.4409886415136824,-0.2505621140914015,-0.48563800252134365,-0.01159924714629806,0.7163216085339428,-0.5625062857993067,0.6798672715026784,0.4725584207609729,1.1777587735537758,-0.9647192647505471,0.8116119834305165,-1.1800841310538284,1.6640487666143813,-0.014403918279431993,1.3377454828404456,-0.02617944892982974,1.3191442347685274,-0.11945041059567754,0.4270282263394753,-0.15337358330985618,1.4401271259773378
-0.7434957509029918,-0.7752894305232342,-0.7719346539069525,-0.35836081917784285,-1.2764530208250395,-1.1635590720308047,1.1845731148156817,0.7163216085339428,-0.9283364341037073,0.6251292251548694,1.2582038834470093,2.110621803969671,-0.9700082821355729,0.7601350294950785,-1.064764278099061,1.726944876312659,-0.9137279867745838,0.49849678393954355,1.5166022242227253,2.806791397397009,-0.754645210092392,0.6068954134344212,-0.7133366373409432,1.168335950776168
1.3699539243977648,1.1772515906164582,1.542176340602464,-0.4208280824981719,1.1670155654895218,-1.1635590720308047,0.7858489941616884,0.7163216085339428,0.9673192860466969,-0.544125730218387,-0.4846870184874523,-0.41034014187457735,-0.23172787762054917,1.491514622842459,-0.37788921951852394,1.3026128967784243,0.9761590059708732,-0.5772301760649268,-0.4303189416315938,-0.4483595791012629,-0.28753547597123325,2.0588635571312532,-0.6481800346564919,1.9149069127442802
-0.5506286253674741,-0.8136475029810509,0.19370173765800314,-0.39398286072185823,-0.3231565586669545,1.5481252060070392,0.7858489941616884,0.7163216085339428,-0.5936662780184832,0.7102880782394897,0.7223419047292485,1.332239764846279,-0.6025244952956796,0.7950001731620593,-0.631976934143433,1.818574265518921,-0.4021033504449066,0.33023797720120673,0.5346156567417796,1.2692296924952888,-0.23586559913215943,0.4924256172953692,-0.20686181614371318,1.2705062943309946
-0.7070874199423917,-0.7633771474753672,0.09911473893412916,-0.25638944983585943,0.6780737627187206,1.5481252060070392,-1.606495729762271,-1.3197346431129244,0.8343463334107044,0.4610614647979079,-0.5243635393521167,-0.14868574658197165,0.9417089576341323,-0.5120134466770927,0.9474441527019004,-0.5527736907140371,0.6170791891984446,0.43293552203457997,-0.05835324364058582,0.29132782412289315,0.7422041258351576,-0.8080295556862538,0.80078504871608,-0.8247674724589247
-1.329052500369952,1.3993203706714303,-0.3553209883560099,-0.414849415530208,0.3859675203408935,-1.1635590720308047,1.1845731148156817,0.7163216085339428,0.7908940457444165,0.2958896313106353,-0.28473074044696206,-0.005812475917636911,-1.147729749009592,0.12406938896542884,-1.2576387660607269,0.6527424455410596,0.9142531189377731,0.47094245255913786,-0.4614345902405325,0.2739555089579226,-1.2442789226391255,-0.047690120994965696,-1.2621769362717872,0.2513443769511274
1.1953275745248026,0.8833550771118593,-1.2415066109779216,-0.4100935100201049,0.2577515525013483,1.5481252060070392,-1.2077716091082777,-2.337762768936358,0.8999226787956378,1.04843492439297,-0.6180569750828406,0.5273480208889678,-0.6377474451277394,-0.2847793644623544,-0.7049930529590286,-0.22779642066777292,0.3233694292177563,1.76450256908474,-0.0578230561651357,1.316228683496505,-0.16168126759357082,0.2882984193274093,-0.23339599383841728,0.4188492128966512
-1.110257647161894,1.8464314125193173,-0.38128167437663607,-0.4248961512926757,-0.8494497764813693,-1.1635590720308047,-0.01159924714629806,0.7163216085339428,0.2373407809266442,-0.8888229262048777,-1.0893594441705812,-1.138968121102459,-0.8833584532631145,-1.1570437315682696,-0.4446405456528492,-1.2575146700748794,0.16051084599836826,-0.9209712554159528,-1.0207206058799252,-1.1899312765586658,-0.9070158527485097,-1.0919581839788783,-0.5241827610158725,-1.156317469913609
-1.1212241763249604,1.8463068818391934,-1.1209573965485666,-0.4336525747434163,-1.1349613829996834,1.5481252060070392,1.5832972354696748,-0.30170651728949077,-0.10796308695320439,0.04099922937808116,0.5921316451600359,0.26979191871343905,-1.4234340748456313,0.1012569100592802,-1.4377064155222878,0.7595066516945291,-0.3892390937324703,0.8737519638162865,0.9556039350767394,0.7200027023591964,-1.6297556267653142,-0.22831660725791242,-2.03227983139025,0.09200490047480316
1.5129563451834627,-1.7120792547586006,-1.0953333861644075,-0.3225724810087759,-1.687932739666026,-1.1635590720308047,0.3871248735076952,0.7163216085339428,-0.39712559995207797,-0.36797125424826843,0.37966551035227775,-0.0895651766925726,0.037673416605502795,0.3662937268367315,0.11736253796657607,0.2000598365613775,-0.9699564516071323,-0.5774348580975547,0.983241822900651,0.5068126318517503,-0.6278172922995344,0.3836942984019708,-0.8835180402538854,0.4700874212410416
1.0315290418661067,0.8849029125473232,0.00705374363795896,-0.3261171162619192,-0.3744805754531714,1.5481252060070392,1.1845731148156817,0.7163216085339428,-0.7272884104837511,0.4467447553589846,0.5793192433759055,-0.2940799016545289,0.27004777723195417,-0.9798723329893376,-0.39910245600379185,-0.5437232190024959,-0.2759118657231534,0.529643140152859,0.17246358126009795,-0.17792771266148472,0.26036585779019666,-0.6974346000363418,-0.10651884059019587,-0.43251480098657613
1.4936089488292703,0.8155825739218273,0.7989897522693002,-0.4135430410013282,-0.5718848880169838,1.5481252060070392,-1.2077716091082777,-2.337762768936358,0.4434800464687627,-0.22600384821562453,0.06977684267464097,0.21411365455765266,1.1367417119509768,3.2928939501664027,0.9752225284162848,2.8048816107533483,0.5602037358374053,0.26381213363670886,0.07894111356805192,0.7348261155197735,0.47953426668362414,1.511456293077931,0.44635817329964717,1.1415048020442304
1.1544060563805478,0.8353957350460789,0.7404693392301893,-0.4409952079141973,-1.2555629376993451,0.19228306698811726,1.1845731148156817,0.7163216085339428,-0.7780158522860419,-0.6236064525280935,1.8885854016601649,0.8245327941135061,-0.17645030803102071,-0.12270322266471592,-0.26710863196875195,-0.1844702592293807,-0.7423707035318698,-0.6251431524651888,1.689258824356089,0.8413932535466115,-0.04506278413545489,-0.5335619023483559,-0.1590682580453633,-0.5434457303940414
1.4405444977734896,1.1333762520251804,-0.29916857443182776,-0.3895576350875624,-1.2180365521851062,0.19228306698811726,0.7858489941616884,0.7163216085339428,-0.5621287472976086,0.7665307792502811,-0.2448761296754104,0.43876862485798984,1.203422403022622,4.362934730541434,0.4027421760946406,3.7856418378392265,-0.42077816861818984,0.6528419414138464,-0.24434031152899566,0.682710871621365,0.48055303064902016,4.486823046018183,-0.06862703016024364,3.6539775896694113
-0.6591116946215314,0.32001075179679533,-0.10539650552327497,-0.4208100723810572,1.2315403862487098,1.5481252060070392,-0.8090474884542845,0.7163216085339428,0.34559071797575436,-0.4059793348143556,-0.32254035472936826,-0.6165740660678497,0.5097672964884635,-0.323521395932702,0.5435936891860023,-0.56695332103897,0.3707783397890913,-0.31051062124988327,-0.33970126130691974,-0.6628007708272668,0.29489119623814,-0.5401924890405124,0.34806236097331855,-0.5693246936873896
1.5553523176304689,1.206831280458141,3.915698791756152,-0.3902192949080385,0.06476534342638228,0.19228306698811726,0.7858489941616884,0.7163216085339428,0.06198707566276317,0.2917505458365425,0.308186752223657,0.40577545504415247,-0.2042538623944101,0.9235194420417119,-0.44847317033177525,0.42852964837106183,-0.6083245941827485,0.6657098974822784,1.1323639657732298,1.4244079498737559,-0.18303391928823495,1.6977597614030306,-0.8542363242901339,1.1667868974728113
-1.5385830567839305,1.8161782211678112,0.08689563409662118,-0.3626041437840427,0.8138965289446077,0.19228306698811726,-0.4103233678002913,-0.30170651728949077,1.0605515601683828,-0.7438924634268298,-1.598483237671499,-1.2524690465562447,0.2423786877970379,0.08236713561208577,0.36478767151096897,0.10605176588297098,1.196411853248341,-1.0271528761694182,-1.6237029689723703,-1.326684942538684,0.271769146130948,-0.18055062592946405,0.3904515610873829,-0.1111857395622255
-1.4841984797179377,1.7713983557739634,-0.7337711419575345,-0.429988319751968,0.44879827015024387,-0.48563800252134365,-0.4103233678002913,-0.30170651728949077,0.4729455925325679,0.36280641007538456,-0.20430048658559916,0.2503570660293617,-0.8457766493261388,-0.2893887640740493,-1.5441253013121519,0.11145503062455046,0.6227771398798144,0.25896829755792183,-0.23964396730910284,0.7128145318248288,-0.8176539985470329,-0.15191157845546974,-1.2750743079095428,0.5515579276309656
1.5740261843690748,0.26272523519996094,0.5396187824890937,2.243802749190142,-1.398950057883687,-1.8414801415402655,1.1845731148156817,0.7163216085339428,-1.6396859450982795,-1.1352947030483875,3.6892634009733336,2.3340975598881646,0.02051794075591182,0.2484448575154629,-0.33863024575367917,1.857026673529204,-1.6322238140208225,-1.4584352377845278,4.097648466374428,2.3733506160277944,1.153287061594045,1.5933115337457797,0.9423466595959605,1.6979148239611834
0.7390211439005964,1.4578634799018708,1.8027781909079312,-0.4382069297451537,1.2778157368250083,0.19228306698811726,-1.606495729762271,-1.3197346431129244,1.0242988641160986,0.2333663978963627,-0.640313937047935,-0.19734941738925627,0.5266721396223321,2.594810418702422,0.651684291080473,2.747412174669239,1.434332394161215,-0.9781011501540996,-0.9902888955322381,-0.6755175179589152,-0.0067055195632900666,3.121529304804028,0.2775219510114554,3.0359559550158326
-0.0621780150023834,-0.9062098978301957,2.9940935876872197,0.5940977092149103,1.0796289693428385,-0.48563800252134365,0.7858489941616884,0.7163216085339428,1.5312366771437838,-1.5495965194817607,-1.2633597577432425,-1.2471070985900283,1.1691457584632334,-0.7385846850246859,1.2490063658708421,-0.8804755442882942,1.5037976325288516,-1.4544474167772392,-1.2481132419753103,-1.2630678645447466,1.0711069210092994,-0.7324963525786878,1.166863566663559,-0.8547693317794323
-0.4108936206527241,-1.1058709430241442,-0.273108996588391,0.10599219576875345,1.3428922605232878,-0.48563800252134365,-0.4103233678002913,-0.30170651728949077,1.6485866900361617,-1.5758835998236942,-1.3222653124927422,-1.2760248545290847,1.3783759507984774,-0.7166766690555807,1.2868714055253678,-0.9078197229882569,1.4691010861189764,0.8105327724177266,-1.1843321384285883,-0.7814876642861897,1.1473022239348618,0.5410986794108058,1.0477387656931783,0.00621452029824462
-0.6795741783604533,-0.8676336816596165,0.07552643814087834,-0.34764018658709844,1.2266053579011624,-0.48563800252134365,-0.8090474884542845,0.7163216085339428,1.078345026503743,-0.2447436614755137,-0.9519702749436464,-0.9351180663483676,1.0077659258447862,-0.8092041815665302,1.2327365294705026,-0.9319617248490899,0.45818947594903114,1.3654769643289262,-0.4514837741100159,-0.11690765602990284,0.5428340782287847,0.47351922899430565,0.7789542022500549,0.17075799765853766
-0.42231838026416374,-0.7602288405956811,-1.1153499725626306,-0.430533001511796,0.13560425047318278,0.19228306698811726,0.3871248735076952,0.7163216085339428,0.08977115003083952,0.8406860418925352,-0.25931835785157065,0.890055123605214,0.36913423017284525,-0.094113074897516,0.3519758970147731,0.4217490526456664,0.3281294877766028,-0.05909450843354245,-0.6162098904033299,-0.49513172042126186,0.4113375200328896,-0.3844009345895168,0.4867713773278729,-0.3754958004727808
-0.9086427601486708,-0.8382763680776207,-1.0584434419154285,-0.4346953192879884,-0.12335090284752213,1.5481252060070392,0.3871248735076952,0.7163216085339428,-0.5255575830827711,0.15230254961027948,0.38106153379204233,0.09105198432813659,-0.112771491691418,-0.47470570949265606,-0.01727935982838709,0.24323155175101493,-0.2992499263162584,0.4927534561170316,0.18960271428713785,0.33688090588476705,0.03894380564388024,-0.3234562027405042,0.15036173675841336,0.44313063605354164
-1.1453070197863324,-0.783522016830577,0.931123591620581,-0.43337703012676937,1.1989614422708912,-0.48563800252134365,0.3871248735076952,0.7163216085339428,1.033216292460602,0.3863885433768279,-0.9298612283163867,-0.1446313885563618,0.4206864255711052,0.31844749325006705,0.5326608985588329,0.20368193457303196,1.077277022428406,0.35618211189696775,-1.0064051858348888,-0.18394097558910458,0.49897594611492907,0.19930512255172964,0.5980076178469501,0.1166685362457512
0.30975952046881167,0.16172972634629693,1.0174270244374124,-0.43188473420810486,1.4157532265193915,0.19228306698811726,0.7858489941616884,0.7163216085339428,1.227843100675647,-1.1626256729044147,-1.233649557323101,-1.3318002794899138,1.1895137167641616,-1.1314035995525547,1.2125809182904745,-1.332823759484686,1.306116555435234,-1.165113468427802,-1.2465007890669024,-1.334468035989498,1.2269883387580311,-1.0736731331383296,1.2154186305533883,-1.2550392505979913
-0.8801092756281346,-0.8554632804001102,0.4574858577085177,-0.439175699936818,-0.7829746034344153,-1.1635590720308047,1.1845731148156817,0.7163216085339428,-1.1268590979345936,0.770073169165762,0.9477377824267528,0.8832206120347802,-0.7313311281431605,-0.21820998261903163,-1.583894004816158,0.975564006895982,-1.3080496519528997,0.7881843763936192,1.143972886417465,1.158184668933168,-0.742848793328859,-0.12640599498262292,-1.5814771792461113,0.9947155867379264
0.46838945264649073,-1.1092354909439601,-0.3345782980175311,0.2874170483414767,1.1623540162286419,-1.1635590720308047,-0.4103233678002913,-0.30170651728949077,-4.2073287671861195,-0.5068399687104901,-1.2852727695874488,-1.3547048756327094,-4.413724858189058,-0.7907197125701496,-2.7593332084836746,-2.5288222927830657,-0.570955931439326,6.191716503764507,-0.9025945497833707,-0.254908117591052,-0.3863688588864933,3.85338809846259,0.14374375743143372,2.928081337575089
-0.47147869336666853,-0.8362100929311727,-0.32507810013038496,-0.3302449683134947,1.26817746357008,1.5481252060070392,0.7858489941616884,0.7163216085339428,1.5814067197133521,-1.5783934995134832,-1.2397518143772217,-1.3157261139900835,0.9402332741349051,-0.2771140050166439,1.0203362105443212,-0.1264558802845077,1.5442960920373663,-1.5229428464995156,-1.219066522527008,-1.3216142476489277,0.9422490759516403,-0.32846253314176227,1.104068122890386,-0.19917078027559784
-0.6456347152259267,1.75042365686012,-0.49981266204342456,-0.4371385216613793,-0.5437909293033796,0.19228306698811726,0.3871248735076952,0.7163216085339428,-0.5333619946657946,-0.617751844832851,0.020278639465325404,0.017643653231084015,-1.0201212930194428,-0.4774145499190909,-0.8366631726075785,-0.07807575633182152,-0.4525958118023733,-0.6980015380462551,-0.10574100298355317,-0.28542705689905806,-0.8307005875043252,-0.6992110917858706,-0.6145877970641516,-0.365802726957501
1.7004452760874014,-0.19334419711013337,0.05577872337935221,-0.41643223009398667,-1.4777822714118685,-2.5194012110497264,-0.01159924714629806,0.7163216085339428,-1.0151204931527054,0.756786122620571,1.550306101438445,2.713715852376457,0.03780921570052349,-0.20987334815405811,-0.06006223815951473,0.07475214159465939,-1.327931280795655,0.1241269832192996,2.3438005562560207,3.225517130435601,-0.34416364268952715,-0.3558478515866982,-0.5504294026046819,-0.05160501803290284
1.023727009714283,0.9660865948300624,-0.21084657613072535,-0.36139682796800693,-0.721062594860562,0.8702041364975782,-1.606495729762271,-1.3197346431129244,-0.1333124856955546,0.2864543105003475,-0.05845444476049223,0.44233327158740665,0.18296987149294638,-0.058376971029538594,0.1327176285199461,0.22503998068154163,-0.06034401832411274,-0.045594580805557144,-0.14410566482563084,-0.08917360329399969,0.27498042751130813,-0.14714843843084655,0.18630136037814363,-0.00905491782708807
-0.9537935245111308,-0.9780008393089733,0.1047144327648398,-0.4267782385349746,0.246382456325513,0.19228306698811726,1.5832972354696748,-0.30170651728949077,0.8877255446141412,-0.934389943023098,-0.669910433297274,-1.1743915266377767,1.1336493044889218,1.5062473955507985,1.3056583795750434,1.5077457627030033,0.5835707001673605,-0.28857563737526226,-0.44714786662743067,-0.7711667650313387,1.1525617932249725,0.04821446169179682,1.375749771184075,0.040988670913205724
1.43108985589534,-1.387302202659352,-0.07702501811200704,-0.2684940348511019,0.6428560413055475,-0.48563800252134365,1.1845731148156817,0.7163216085339428,0.08543868557415447,0.27378490747328843,-0.184103268680486,0.07927008624249253,0.13356854316459632,0.32486404375645545,0.16052094864314673,0.6607512878103213,0.209236355921511,0.006931478492883541,-0.30806828090563093,-0.5224878396179875,0.17746777477949996,0.5791705299622689,0.24276236375257376,0.7892418987079091
-1.110648957606854,-0.7753627038863624,-0.8171922218458144,-0.39262722382411824,1.2490312419720526,-0.48563800252134365,0.3871248735076952,0.7163216085339428,0.5090310825204508,1.950627299686275,-0.5858639471749099,0.7045098519394637,1.337707695500105,0.7243559933130282,0.9935877832999531,0.7371340467394142,0.30481559707998224,1.7799095529076172,-0.40543423963658176,0.629509830038361,1.0558176777138013,0.46093589780717875,0.7297293938645525,0.7587186796637659
1.5854455978032356,0.392664946628671,-0.14958581541063626,-0.4265470374722179,-1.367590275760188,0.8702041364975782,-0.01159924714629806,0.7163216085339428,-0.5531829030591001,1.9821367577427074,2.0802690518221314,3.845495096237298,-0.7872676807095806,-0.4521361808909508,-1.7770577774058596,0.2718250319025907,0.008520614047081187,1.5808069440189518,0.9935180111963057,2.441317126932549,-0.8045167510436059,-1.00271235986153,-1.6620301716612216,-0.5092381433731593
-0.5896192274994111,-0.8366970053696912,1.0766481262991707,-0.42870084397498326,1.2873774650901308,-1.1635590720308047,-1.2077716091082777,-2.337762768936358,0.3807078747010526,-0.03005110871193043,-0.3680083545700653,-0.12683342192828323,0.39307846955335035,-0.4854625283602462,0.7741954936969819,-0.8301398640436891,0.7352142693472266,-0.4921562073291474,-0.734543945880314,-0.7085164893917822,0.8784918508328039,-0.7629520836804323,1.0830486165938182,-1.0573497195654726
-0.9351406422323946,-0.9180827930688807,0.3567718031893699,-0.4206986809938106,0.6363810913478819,-1.1635590720308047,-1.606495729762271,-1.3197346431129244,0.354053583385614,0.09099571151417687,0.11510008451651677,0.38124204787205046,0.2269054053687165,-0.932671581752629,0.6377418649797298,-1.0638915152418886,0.24080606421652243,0.25091149578733246,0.2348814649868641,0.5552084544668426,0.14970336609022114,-0.8378021321796718,0.5415183735434125,-0.8739111506275669
1.5203954453451587,1.2626666303992704,-0.7326800802960112,-0.4346047706527892,0.9982087429251892,-1.1635590720308047,0.7858489941616884,0.7163216085339428,1.5386539107498114,-1.2944775277602552,-0.8718250608524637,-0.74017337678425,0.647303666949553,1.6807067920212513,0.9573908018243588,1.8764377291623013,1.2443254185133144,0.1155632424601946,-0.6265768644982116,0.034923023680097566,0.9253636927984482,1.2500703180206736,1.0253715153644491,1.3498817654739927
-0.21005333372901247,-0.976878941961869,-0.9456889083593185,-0.4235820363008877,1.5943239433128253,0.8702041364975782,0.3871248735076952,0.7163216085339428,1.3201176860738209,-1.5383025363441027,-0.8745540808506727,-1.294451804956742,1.2363729813313313,-0.992312553407052,1.21045491425994,-1.1712639597551873,1.3069158461739632,-1.468289785096319,-0.8847916177385728,-1.3121554309173293,1.1748308288299036,-1.025571074729373,1.1920507823826,-1.1793819872006677
-0.775463966275949,1.7545325193903023,-1.0847694019552652,-0.4355612982933164,-1.3096986127261918,0.8702041364975782,0.3871248735076952,0.7163216085339428,-0.39351637025100566,-0.7158337126213263,-0.16089954464082598,-0.47099062542335984,-0.6213938986708502,-0.6878153931860711,-0.4658867475405806,-0.751942525161507,-0.4247946500979999,-0.5667345459091975,-0.14419720684151058,-0.28264808113586176,-0.510721706795602,-0.6089338013358503,-0.39940951353855353,-0.6396866645852954
-0.16759922051668938,-0.6893179380530691,-0.26014782236132067,-0.3725979094791112,0.8418143748615388,1.5481252060070392,0.7858489941616884,0.7163216085339428,0.5444894127126761,-0.08693420041162199,-0.3405946586696005,-0.4418827590440528,0.5097005881610853,-0.4067624935990028,0.5493465485584275,-0.13582596811116948,0.39180965459305506,-0.01362040993627034,-0.20508617969957804,-0.37126471941741385,0.3393253306299579,-0.27230262024768204,0.44658105940167814,0.05594660638942046
-0.027269924022927664,0.3244240832707184,-1.1941477308004849,4.296809286554685,0.09025267628709686,0.19228306698811726,-0.4103233678002913,-0.30170651728949077,1.0160159964914146,-0.17845236564933104,-0.7649816678273811,-0.3548337108136785,0.9464161831068054,-0.3879040031636128,0.9512497175451141,-0.6795038343240298,0.8922257403960178,0.07118980197193127,-0.6515055464617225,-0.05385759476975621,0.8032260269408379,-0.19154667306079837,0.827287031751602,-0.38810717525535554
-1.1721177987129723,-0.9002847932819834,-0.5488642905916088,0.1697868796469602,1.1775110198707224,-0.48563800252134365,-1.606495729762271,-0.30170651728949077,0.7218158754281945,-0.7092092738394596,-0.7482385788030317,-0.7676600730197235,-0.37875021988369545,-0.712053846162225,-0.13228969938542537,-0.6911934929501538,0.6902846621499139,-0.7725307920575758,-0.7964412341428591,-0.948696925405432,-0.6138169571220539,-0.717883948639645,-0.2587302796267317,-0.8549131507974078
0.15337175159593577,0.1221090105925425,0.6860839469470759,-0.441688885720655,1.3198041354451822,-1.1635590720308047,0.3871248735076952,0.7163216085339428,0.8228632970414103,0.47095314268952887,-0.21953069066036807,-0.016614343613186807,0.9533986390311441,-0.3883788101512917,0.9654492561565149,-0.6249352675793625,0.9443072245148195,0.4166594999456765,-0.5079052975887667,-0.4238586492795442,0.9733092433029037,-0.3963189801876064,0.9617544343445894,-0.6347973230453081
0.752898158807011,-1.457872139976895,1.4467475998585484,4.834291056698905,-1.214603174249087,-1.1635590720308047,-1.606495729762271,-1.3197346431129244,0.1423672794993286,0.40327555459740905,-0.15324855285111078,0.3232606645440085,0.6705539014812943,1.0106587272640977,0.8895523666224304,0.9942146011095108,-0.41945396781117916,0.025687354505582374,0.44018752010567075,0.5430775938786304,0.5585894346554161,0.3207539244287214,0.7520924732252905,0.36691261738068803
1.626176271549326,0.2919281835434874,-0.24993927222016044,-0.40067425268649476,-1.6383840240671435,0.19228306698811726,-0.4103233678002913,-0.30170651728949077,-0.9701250214291983,-0.24750802104168684,2.0122062547418955,1.0290347553235932,-0.37227117358703904,-0.08719664581952048,-0.9046599563269557,-0.05093218774666856,-1.2431974499865874,-0.42746749945755413,2.4672103379074044,1.3358086857880809,0.21859287223742516,0.555890685774958,-0.22802869664263728,0.5389065259575233
-1.521014138817246,1.7521962142073122,-0.4171490353189676,-0.33121085416309276,0.11104534487140043,-0.48563800252134365,-0.01159924714629806,0.7163216085339428,0.4308991606640492,0.31234431777154154,-0.4501339396164086,-0.4628734870324712,-0.5630727139958629,-0.5979232258610571,-0.8827496426080441,-0.5818917126977519,0.10078816972793365,0.6891926236533377,-0.3650420017445193,-0.06643651258462858,-0.4916834121074496,-0.6456036046320819,-0.8933358906390427,-0.31617935743742037
0.9858705723520785,0.8219087163139666,-1.2416395849550343,-0.37881119153418447,0.45375880814948394,1.5481252060070392,0.7858489941616884,0.7163216085339428,-0.2845561729059249,1.2870157334001924,1.0614529039999663,2.0810435889925842,1.2914206930842342,0.9423251268401541,1.067724858013489,0.7641550783769949,0.2480604014713189,0.5695701253079116,0.4361586365841714,1.216996053303327,0.6625203003692146,-0.27409885914165066,0.481007620935011,-0.40081463982957155
-1.5744370668374044,-0.9199204922804715,-0.6491917633645093,-0.39435522276952883,-0.4294425187462877,-1.1635590720308047,-0.01159924714629806,0.7163216085339428,-0.12703782686293844,-0.62214312831776,-0.2549298164880787,-0.2590954128926607,-1.0308172109337332,-0.7323565042064003,-1.6610122008115649,-0.6015707279952845,-0.02524791758026471,-0.1523211454973487,-0.3791630741097551,-0.34663948349323553,-0.9016425024042859,-0.6572243698492016,-1.5764864422542881,-0.6519896934136155
-0.6825846729233997,0.30695088886239436,-0.9771992406070462,-0.3611595130591982,-0.18982482926269323,-1.1635590720308047,1.5832972354696748,-0.30170651728949077,-0.7853186913605771,-0.14885971014656965,0.889033577980417,0.19801153036325247,-0.5663033029932031,-0.015619048682094978,-0.5423534361233963,0.9627668078120212,-0.8900379833573413,-0.02885816650705904,0.9050573791727716,0.3702067629617094,-0.3283780667475179,0.7339283643304118,-0.25355089322847235,1.352983028775569
-0.7107164206868635,1.6736882319603217,0.36718231192721135,-0.21792418110076978,-1.107426459101521,-1.1635590720308047,-0.8090474884542845,0.7163216085339428,-0.03729175349931009,-0.7759433555535686,-0.23271118222062923,-0.5000169600815452,-0.6791018432220065,-1.0913203492782266,-0.4824524792780056,-0.8603164509389589,-0.032143711945028706,-0.9073199269618489,-0.2792567050355106,-0.6927863939680209,-0.4248529538489574,-1.0129568349683402,-0.21569075608670338,-0.8580025449262975
0.049583924229973195,0.15297946339590576,-1.0352861526640196,-0.43822103936609474,1.6110929507044818,0.8702041364975782,1.5832972354696748,-0.30170651728949077,1.1133863009140221,-1.4130615233737043,-0.8969469682586138,-1.497056195673852,1.4465890274476205,-0.7336605593793357,1.355278361705611,-0.8831163005127713,1.0407765186974993,-1.330706209367734,-0.8309832208044258,-1.514597564137967,1.375639508516848,-0.750213029087967,1.3571168406349814,-0.8677760510266963
1.1256001722169167,0.9575928808127377,-1.225332248485896,-0.32655118091933105,0.20041161385450582,0.8702041364975782,-1.606495729762271,-1.3197346431129244,0.5076425869151614,0.6622324309787239,0.0570580819703663,0.46179061278668154,0.1652597635500061,-0.29780316482368696,0.19433384400688747,-0.46997389285170654,0.45921617309611384,0.5868421989478763,0.05474062844042657,0.3404217490929361,0.15933286045257214,-0.2932778438931339,0.19251723232222026,-0.4423271975676918
-1.4219406678480646,-0.8401719140044773,-0.2899052653755278,2.4342476945929206,0.36331257690845836,0.19228306698811726,1.1845731148156817,0.7163216085339428,0.3032334472924292,0.7190767111215124,0.2618313402885848,0.30067420708725007,-0.3529000282923693,-0.6916167334290154,-0.5602230641138763,-0.387458009304403,-0.008537324535021143,0.9824406733110013,0.34981843605542523,0.3494514948325438,-0.2395546693655039,-0.4447682771065372,-0.38813825459879003,-0.6402869416805151
0.6394204843949759,1.2933586388526765,0.31506351340922617,1.2369296311568803,0.7334611455993449,-0.48563800252134365,-1.606495729762271,-0.30170651728949077,0.5746553511735691,0.4412980288534736,-0.1529529220070245,-0.14429657884747524,0.6678631734476697,0.9664817088917971,0.5239281078321657,0.9078418769455441,1.1640718034691464,-0.721780504754437,-0.7366124372313091,-0.7937578766722596,1.1944217743523173,1.7684707440348097,1.1166583635622047,1.8479032863776235
1.2411408598221743,0.8465108786402878,-0.8413677338034874,-0.43392045403714813,-0.9946019436592614,0.19228306698811726,-0.01159924714629806,0.7163216085339428,-1.4756458772728724,-0.5351678429640421,4.303018931469856,1.7612298124717243,-1.714931835432604,0.2985236823701264,-2.0274737720101235,0.1340762404220722,-1.5767473015233429,-0.7348194211997042,4.506934411408078,1.7355238244597628,-1.8109369601499579,0.1194868427614287,-2.2167736068319677,-0.36755103084063384
-0.8150023964942249,1.7029953225046346,-0.9518586437357504,-0.43991749516853623,-1.5707491410546248,0.8702041364975782,-1.2077716091082777,-2.337762768936358,-0.726134003368624,-0.10364874438265373,1.1647462489843816,1.3083939505384599,-1.466275163313144,0.021800512204113016,-1.3064198492128285,0.2622668884402735,-1.0932105428640557,-0.7034872492545788,1.193079207805508,0.7150940442354199,-0.46465480283048105,0.0893132060572943,-0.32583381196383265,0.21747379867385913
1.0408376113410485,0.933228098528594,-1.1471895356698987,0.011677285605629235,0.2605231746038027,0.8702041364975782,1.5832972354696748,-0.30170651728949077,0.3613864373192505,0.31960644842543756,0.08530999142943911,-0.35279602558334866,0.5352174763595435,0.06322952966711638,0.4439559805970137,-0.1118844455893214,0.12986988076901948,0.9016718607236973,0.2450665092754036,-0.18227144074612991,0.41989422159932066,0.796851459552276,0.3680486837403952,0.42999828035071525
0.40866138003949715,0.16582425125776687,0.13059866619618613,-0.4415433705640267,0.056146813709713216,-1.1635590720308047,1.5832972354696748,-0.30170651728949077,-0.304301884254967,-0.4151555692050522,-0.4064640643270555,-0.8161658032511612,0.31676866966861766,-0.8954018956889337,0.4497108231821545,-0.9949128911694891,-0.20976705223073455,-0.476001008794039,-0.39044714000024644,-0.7566406834703042,0.3775456916400315,-0.828292486953187,0.5377519025521782,-0.9186633611700733
1.611852748129431,-1.6175905640392994,-1.0259286849595426,-0.4364941031645691,-1.5083279495813935,0.19228306698811726,-0.4103233678002913,-0.30170651728949077,-0.8218137448368099,1.633080651222248,2.9291700031592987,3.524266366652119,-1.593581716473099,0.2317918899123263,-1.7311058132988684,0.43862057254246223,-1.1028367162130261,1.1740254822254133,3.165355124005944,3.2698036870526757,-0.9035537036033677,1.2082307337743694,-1.2162116090286705,1.351494710281384
-1.4097443252496127,1.802904930311155,-1.2231919904589703,-0.42922439231355564,-1.6263918873174577,-1.1635590720308047,-0.8090474884542845,0.7163216085339428,-0.9979905059630572,0.1683377628204192,0.4479191865607213,0.42457698251645093,-1.4818112468668116,-0.37992491611015594,-2.248068946231863,-0.3729010907257382,-0.8803078475911009,-0.013075589792568964,0.3280226800832089,0.1937666094846148,-1.2672965780568293,-0.24104772006402667,-2.035486219585914,0.17823355616619266
-1.4866155516775093,1.7562439305971045,-0.869586754745564,-0.3340718220757344,-0.6410434570998694,0.8702041364975782,-1.2077716091082777,-2.337762768936358,-0.26822489162445545,0.16942744226075304,0.19445692304592466,0.322974218167033,-2.0682403409485497,0.17400344206333485,-2.1189221342277627,0.10021000980178506,-0.2955389596108418,-0.024216363255929275,0.1019964080770212,0.4713747352832365,-1.2895557236385446,-0.19358041429523154,-1.5262190222137313,0.5728983213175447
1.6468994749599788,-1.5568110536119788,-0.3062276603401174,-0.4263951148421238,-0.531550529863435,-1.1635590720308047,1.1845731148156817,0.7163216085339428,0.6287674822926332,-0.08341224439530501,-0.7543477500299288,-0.3936546187087017,-0.020694463898649536,0.3702664635273307,0.052840607352329615,0.1886683468151527,0.33524708987313395,0.15072388697157887,-0.520839547618559,-0.19178882822052967,-0.09911267674626972,0.6151101181999736,-0.059358226884512894,0.3610280330841749
1.0043646867004206,1.1783839022645375,0.9709607807456054,-0.4326983437925615,0.44503059581615967,-1.1635590720308047,-0.8090474884542845,0.7163216085339428,-0.004717179701409225,0.7215943217166463,0.4272210308430115,1.0492463734785475,-0.03226578566336955,0.9823276155520918,0.07737145021012212,1.134398046115067,0.8023289739023356,-0.06730011134312956,-0.40947848629639827,-0.27397755137389457,0.03146058368053701,1.4405045884625722,0.26225273235694485,1.6938322073604815
0.2537337917100106,0.23669887726991093,0.8014241388757385,-0.44165469702375937,1.4782359635497064,1.5481252060070392,0.3871248735076952,0.7163216085339428,1.2449834126113482,-1.4109526036133628,-0.6724888202481175,-0.8865296756286362,0.9812488892236998,-1.1374887835934764,0.9704055250883948,-1.4560300177272363,1.231459113504566,-1.310687256798302,-0.6874200663483391,-0.9046080226558847,0.9042539876925658,-1.1169486245532934,0.9148695390021591,-1.3883934462979686
-0.8308213182411608,1.786515939693113,-0.4167338571007992,1.445451750713818,-0.6629382466554766,-1.1635590720308047,-0.01159924714629806,0.7163216085339428,-0.49429799818042663,-0.4432222879460789,-0.11935252022540717,-0.14783760829452253,-0.5882956090658028,-0.39018773602537826,-0.4665847943448848,-0.13114157807696114,-0.5891060671328068,0.20899797828827313,0.1415870165161118,0.7383235232382506,-0.6566718928996481,-0.19788518446168787,-0.6256583716169212,-0.15641663131381459
1.1051178957579295,0.8291603606072657,-0.13148620035761396,-0.40598590476768315,-0.7986177536710896,0.8702041364975782,1.1845731148156817,0.7163216085339428,-1.0138965995829456,-0.18290451388042941,1.9188686790944143,0.8214253849170243,-0.3534689550272996,-0.4780098336330826,-0.35559799674414133,0.17094155302601388,-1.0517724160428799,-0.15626326152916478,1.9200105748237455,0.9644609519824119,-0.06813767348379932,-0.023839863369079443,-0.14171559743165704,0.03808400656772072
-0.5839717989501547,-0.9850727299011693,-0.594462417441966,0.1834405766778843,1.058964226779625,0.19228306698811726,-0.01159924714629806,0.7163216085339428,0.6731800627113042,-0.6750588307023736,-0.6365377995541114,-0.8473546821545568,0.5830406762573354,-0.9666182845198449,1.0071725259696878,-1.1722982657512946,0.5645197237557594,0.7719882018377052,-0.6768543266763689,-0.8025216360110714,0.5155206729129507,0.44240856882221147,0.9750828929032704,0.0366517509743093
0.3556213498430629,0.2747877982534099,-1.2421544439075136,-0.2555451337365984,0.12197630964373685,0.8702041364975782,-0.01159924714629806,0.7163216085339428,0.29389960275201843,-0.744982091461128,-1.2679420957760563,-0.9093327695541891,1.2273144669613563,-0.0718014729888842,0.21272307372871135,-0.8363131368400265,0.7586811450195231,-0.8625959000961799,-0.6650760533027561,-0.6369504301994908,-0.3501219238048932,-0.05621122846364779,-0.7857495077977795,1.1697000217605305
-1.3539639125344092,1.7967573693992045,-0.705796353101275,-0.44072731505352225,-1.6168258915800617,1.5481252060070392,-1.2077716091082777,-2.337762768936358,-0.8410016457906759,-0.2583706304313292,0.026221191118206675,0.2591022331091447,-1.5874095761311895,-0.13516313426007356,-1.526557738653871,0.1577137091519178,-1.1151269492633833,0.020582187973863193,0.29630989892459886,0.3680872006224389,-1.7147647260737435,0.12042622730100642,-1.9886671473320952,0.27774040686309664
1.621273999501273,-0.22742890760784898,-0.5312679392582279,-0.15902643046131545,0.7471255491209452,-1.1635590720308047,-1.2077716091082777,-2.337762768936358,0.345782136940192,-0.35776612805437413,-0.3129467601537043,-0.3994931234921443,-0.38758597608903067,-0.38283455108044545,-0.4453902000591383,-0.4273970768877982,0.24410473163313437,-0.15469416465995012,-0.20190967174854887,-0.05755158166323221,-0.4078150995045402,-0.3575249636854048,-0.5035165704662273,-0.3365418070553253
1.4641856672740223,-0.20071036143389226,-0.9844948616116103,-0.4141612187688081,-0.8606836234195818,-1.8414801415402655,-0.01159924714629806,0.7163216085339428,-0.9160692652509735,-0.009108546825160253,1.8788378168665392,1.3860364609544584,-0.6784562019105914,-0.38451700967276675,-1.1808009963432284,0.012123730009169074,-0.9297735662837888,-0.20547286282947827,2.1824883999427525,1.732415007648038,-0.68484518078942,-0.3594679109839895,-0.9933264628448856,0.1427432146206285
-0.3222078346127648,0.18149389238399422,-0.5738315515800002,-0.435905801744178,-1.0895958310034966,0.8702041364975782,-0.01159924714629806,0.7163216085339428,-0.430617522868336,-0.03922425874048907,-0.5078101304664765,-1.0215027048556091,-0.3955066369891459,-0.1757390522522241,-0.3566780103173644,0.2271828733420815,-0.5674388246004384,0.6988949035766372,-0.5630204767000361,-1.0127803035317005,-0.49184641434191256,0.15533241742016984,-0.4746441307366141,0.7644643693862904
1.621912214216483,0.7849876218511199,-0.954684206811063,-0.31062515947693903,-1.629045275379554,0.19228306698811726,0.7858489941616884,0.7163216085339428,-1.3609169793365001,-0.5659247166588053,3.7151000260197153,2.3549603898731624,-1.7520457281018238,1.972197457929984,-1.8070515780085303,0.636320532928954,-1.2637613435720996,-0.4419572393875114,3.6152041322934636,2.7762257089640148,-1.272208622920093,1.4100093094112296,-1.6275380477247767,0.6232205830803772
-0.36313840344569315,0.17651032141535408,-0.07325782390881157,-0.4416168603265777,-0.5521515114924211,0.8702041364975782,-0.01159924714629806,0.7163216085339428,-0.028783888643156647,0.12754283254756946,-0.7897494337019033,-1.0461725191990443,0.03479995540366527,-0.21843762372620837,0.06770174572547119,0.06955563343164144,-0.03536936897753353,0.7352728206335822,-0.7409140363583774,-0.8470145335936118,0.08402949110210663,-0.033484840927839474,0.1378779426655369,0.24228996594060578
-0.9000921372093477,1.725714042091127,-0.3364234835185971,-0.44079945630498757,-1.247596305489488,0.8702041364975782,-0.4103233678002913,-0.30170651728949077,0.3242395086154367,-0.08491689905828775,0.25886432087486494,-0.17701589237971826,-0.25718072582472423,-0.917238579673675,-0.298622454939025,-0.5200818269979148,0.28683446859110834,-0.22449013119242126,0.31640102315850344,-0.10123434019472914,-0.362402493834498,-0.8198646418134086,-0.45329603036798866,-0.30285267559880436
-1.5232638962537075,1.7091817738640622,-1.2228994691394555,-0.42823590483108914,-0.14427807277921365,0.19228306698811726,1.1845731148156817,0.7163216085339428,0.894847517893877,-0.41077281912205843,-0.42652163992187575,-0.4588484769533353,-1.2291191497801863,-0.7241854975060542,-1.0311585182855587,-0.672800004007626,0.9429069636380811,-0.15401032315260946,-0.3793155114666332,-0.18609036064604018,-1.1938439250875448,-0.3237961970534689,-0.9599610216370678,-0.10104883474915484
-0.18667715095051324,0.2788294929696105,-0.37275873374213037,-0.3667443161606238,1.1026001451616723,0.8702041364975782,-1.2077716091082777,-2.337762768936358,0.4500051946049623,-0.8349462522416469,-0.5812752544977524,-1.1891159470845356,0.2298229417154297,-0.30965669908384524,0.5858773267696612,-1.2762217594445995,-0.2508192800266856,-1.1739711347645458,-0.7762474634485398,-1.1879545587679707,1.823981733122499,-0.32862158351165294,0.7789200524496266,-1.137847332598504
0.4552308726367346,0.40004854691125236,1.2514940836935644,-0.3838355506719487,-0.5156813945531901,-0.48563800252134365,0.7858489941616884,0.7163216085339428,-0.6426645075957281,2.0460974324283723,1.2708486265328918,2.3578676599672104,-0.21231794619838973,1.226966480079196,-0.3276331990345422,2.8344782722547968,-0.6604792252387446,1.1274252240264253,1.3992807826448779,2.1477242035809194,0.13991224310774297,-0.14040274949732143,-0.20049922171102916,0.5660811230905959
-0.2908880707850522,-0.9446985834466799,0.5129741428725799,-0.00769670243490742,1.3467082597604454,-1.1635590720308047,0.7858489941616884,0.7163216085339428,1.4917241024217056,-1.5692077036001588,-1.1928622526204358,-1.3835474469952809,1.2817861046585401,-1.0705590809333354,1.3168503099969788,-1.2591849389056138,1.4969351571174327,-1.5046544066105618,-1.1898525995966578,-1.38977715861326,1.2339484425953229,-1.0906117292281026,1.2961772603799826,-1.2516911337580992
-1.518794680985299,-1.0736784912582993,-0.17321444959872065,0.5291057373801409,-0.388717739826992,0.8702041364975782,-1.2077716091082777,-2.337762768936358,0.11829056560454673,0.6328144274820262,-0.2313854994981275,0.7410313742767235,-0.3486087768897083,-0.28330857216267086,-0.31135225664299876,0.23927806780003363,-0.1098752369810962,0.7027200336880266,-0.1288457699819738,0.5469358296135405,-0.3933220946521087,-0.22372893778306752,-0.476627165330938,0.19270169886740565
-0.44593011222463697,-0.8002018120145585,-0.458642982946832,-0.263024960359459,-0.007598760938956682,0.19228306698811726,0.3871248735076952,0.7163216085339428,-0.3267907801239714,-0.7575835100060619,-0.4648804313610468,-1.278413325865198,-1.120198745812349,-0.23503379198876317,-1.1157866119761382,0.18272837808975465,-0.4140971722600355,-0.2540886213146737,-0.31757758591347185,-1.107116097218915,-0.6412780717660841,-0.10399556175785298,-0.7307109348511038,0.647667038244725
-1.3748033798496424,-0.8421642966139568,-0.9409973164271014,0.7810279368969985,0.6618049102730079,0.19228306698811726,1.1845731148156817,0.7163216085339428,0.8786098902823593,-0.5777511892165693,-0.42122046771821714,-0.5048458260436877,-0.3389084331127397,-0.5142766563396243,-0.28477200583686674,-0.2739266773354642,0.998078279985038,-0.5695332328891396,-0.4868811612086644,-0.21251606478624485,-0.3114436913496985,-0.24602496635581098,-0.3781216315203011,0.2744733539472958
-1.5131950415332562,1.7572209033166255,-0.5563984825551104,-0.26955440452102286,0.3312239598215185,1.5481252060070392,-0.01159924714629806,0.7163216085339428,0.9179971518255698,-0.3552290474232443,-0.799315971081211,-0.8402210472835228,-1.266133694690417,-0.2173548862963614,-1.1577797750041325,-0.151499189127914,0.9937368476747159,-0.07608668242685662,-0.7239935295457843,-0.4957317570829896,-1.0711222442016812,0.3527279855628743,-1.138661800462402,0.03934908360116766
-0.41450829481670715,0.17381596398745305,-0.2066413716881778,-0.43466308912725576,1.3536570156716494,-0.48563800252134365,-0.8090474884542845,0.7163216085339428,0.6765641581267562,-0.8921201093303884,-0.980351675268589,-1.2379941704827586,1.031402592187271,-1.0656552566147948,1.1047452694083717,-1.2669433454709245,0.593077753706351,-0.6898949708365,-0.9146816779583868,-1.176003440505145,0.9576243990788212,-1.0017811317511778,1.078258086065573,-1.1349938067098058
1.5339873060376932,1.4236258000133302,1.5293543346815124,-0.26867445258425676,-0.19632405531202515,-0.48563800252134365,-0.01159924714629806,0.7163216085339428,-0.25374845553991837,1.9164073298859956,0.49813926138094544,0.5930284646130102,-0.052868843169502536,1.7847705057577206,-0.17891970188399578,1.100088223898017,-1.2173102618740606,3.1911843688160055,0.1581396438274972,0.8867296056485777,-1.2738349822931643,3.5671405758769628,-0.9382499601580399,2.1731068750772833
1.181740799424587,1.123649065121646,1.2959260719820787,0.22382150457805763,0.9818197709595706,1.5481252060070392,0.7858489941616884,0.7163216085339428,1.2898022215340241,-0.47705023531862034,-0.739560572574965,-0.6482861285555026,1.2435050545042194,-0.851328935483559,1.2128634159238847,-1.0523876890624033,1.2927887465084913,-0.3888802940087551,-0.7781338259888105,-0.5594440976138046,1.3312378829976337,-0.4814638375476904,1.169152602586655,-0.4213878303965556
0.9382198131409014,0.984156908552783,0.26706769395328983,-0.390922379128457,-1.2094597216503329,1.5481252060070392,-0.01159924714629806,0.7163216085339428,-0.11597052141879605,0.5924146811081067,0.9965180307241895,0.8870440937595786,0.3798935686469504,-0.18026502783243914,0.2184554399030807,0.09648394500963933,0.4009200214129101,0.2058446816056198,0.21162175317634785,0.33877343942739857,0.8549984669836183,0.048787665487739315,0.8170503466639935,0.20667070497682158
1.2116146474563458,-1.5638506744443161,-0.6315606569470908,-0.3992401589542121,0.8885196717868173,-0.48563800252134365,0.7858489941616884,0.7163216085339428,0.8730029135894233,-0.9161723379761881,-0.7825805555896541,-1.1157881057696764,0.5313460109313161,1.1284707657629574,0.6823577607162884,0.9833918554241112,0.874320171282218,-0.9100255822812614,-0.7443896478960749,-1.1023233267727914,0.8918681072305835,1.0965914332193245,1.0337477749376427,0.8994013318907649
1.6611084287555455,0.14056024439328804,0.41032986986928494,3.826376751684358,-0.27776942389799913,1.5481252060070392,0.7858489941616884,0.7163216085339428,-2.1058447345201956,3.0147272252041475,-0.6709347699924116,0.7978054977001082,-3.4637226100135865,2.6515184587820197,-1.9697209871062822,1.0869091594064657,0.14230181040648698,1.9613533537484733,-0.2442934260965145,1.1994373685423783,-0.694330216710835,2.088400348427202,-0.17813983539486664,1.2557242498925674
1.538363374285305,0.6760953275147769,1.199380642708904,-0.4164150272099932,-1.562752335277608,-1.1635590720308047,-1.2077716091082777,-2.337762768936358,-0.9644655986810894,-0.8968928384512043,2.6302295483930647,0.9622107836259939,-1.1677398647829387,-1.0211284563658234,-1.8807526103531174,-0.6221454269149357,-0.8152485401087739,-1.0210200161805418,1.9843487314375345,0.28439757979535796,-1.3013752629100566,-0.8492865991715817,-1.7117548879395048,-0.6892128710374816
1.524063348900728,1.6992222410161286,2.9159257478080036,1.4282551075141807,-1.4462638337307958,0.19228306698811726,-0.8090474884542845,0.7163216085339428,-1.231039074911186,0.25020881438103204,0.9191080713766094,1.279871306523752,1.6829309134937258,2.3541331972447095,1.1135914999023395,2.0607882241578954,-1.417732323575012,-0.13223534383052993,0.9977747149347169,0.90549821508116,1.9548500916956872,2.1128945346761276,1.2979600885107279,1.9370761282341875
1.5665882819295502,-1.526231254016465,-0.693186755518193,-0.41735725141610486,-1.4710122566732047,0.8702041364975782,-0.8090474884542845,0.7163216085339428,-0.1095503567623768,-0.41419260564255406,-0.27303239973879573,-0.3742263649711688,-0.15118710207182215,-0.3652670253449663,-0.12073589875008313,-0.21317385262519986,-0.36506906069503203,-0.3320292838013353,-0.02895428643552865,-0.20240813376745206,-0.10889354340837767,0.07515310831521796,-0.1465989754452897,0.26681243431726337
0.9356504593547624,-1.453349353106149,-1.1250184068084965,-0.4372618564809674,-1.4134199473899614,0.19228306698811726,-1.606495729762271,-1.3197346431129244,-1.1814860501300901,-0.6099589340095338,0.1908050807968095,0.0090881190362098,0.5045383165980795,0.8139723732148254,0.2338244570168503,0.4507697774159402,-1.21096946477452,-0.8163562556392058,0.33829090820357,0.10008163168109804,0.20833746760959282,0.4823163671993974,0.04865628844201524,0.07008304359438976
-0.5815829011431667,-0.9039485594015904,-1.0230209730399216,-0.4413540083390252,1.0293599033171763,0.8702041364975782,-1.2077716091082777,-2.337762768936358,0.45705649362742223,0.1220755436278053,-0.5083889626301787,-0.34984282334822103,0.7031494961907382,-0.6485938954071375,0.9062688665975928,-0.7267791641111941,0.1586372010850249,-0.17208730944295936,-0.02981486098655175,-0.15893019372033854,0.3200615800422269,-0.8531108912638135,0.45512398390418707,-0.7502553316902397
-0.26686862557361457,-0.8143243827085981,-0.43880875167573496,-0.1748638640714958,0.9125424438638796,-0.48563800252134365,0.7858489941616884,0.7163216085339428,0.33228938418316745,0.8135092130343541,-0.15750764331504968,0.3932695830599873,0.10574307035078233,0.38823413617976243,0.2771398059262722,0.6549703424875357,0.036615956619586894,0.5674611600799873,0.06343871198406636,0.41094504308062635,-0.14163153488314476,-0.023456296552622193,0.014462910087941037,0.24121429059896146
-0.7091508307482721,-1.014272831200522,0.6135000854674847,-0.42698347246842244,-1.000710918778645,-1.1635590720308047,0.3871248735076952,0.7163216085339428,-0.3361046147583148,-0.5043442185320093,-0.21882224773184647,0.0065383208227335335,-1.825046556704547,2.703994171434764,-1.8584124242603701,1.5361038463704486,-0.04935286031266992,0.15654792888945374,-0.5365673017651147,-0.08564422347280093,-0.4177586936782447,3.4755900238963195,-0.5332442324243727,3.6879779712394614
-1.4319822025937081,-0.8886653142683422,-0.6488965632783323,-0.09806404067317365,0.21923072342295544,0.8702041364975782,1.5832972354696748,-0.30170651728949077,0.12157822058230676,-0.1762160745841996,0.19493184278639752,-0.14559856836634313,-1.0577225853177743,-0.37431198752403516,-0.8540607078290893,0.18448757448116046,0.15652536206941708,0.10688734377103004,0.09495272756558797,0.13549588501398577,-0.9659260507492894,-0.24980858362335398,-0.7831996125848995,0.26008337101090007
1.556989841485444,1.4026749349342318,0.2096558310951979,-0.3412276384384785,0.3595501303662841,-1.1635590720308047,1.1845731148156817,0.7163216085339428,0.5877916717681725,0.3231557781557287,-0.11348790288994794,0.19991315573522495,0.5767667580673679,0.930329150483692,0.40579826281714004,0.573236106043372,0.5450342354197903,0.5951605787606472,-0.0881030455717211,0.17257635955455178,0.1818855016306106,1.5721125449038216,0.15051271711017913,0.8256745768040882
1.0991788339660578,-1.495851675568394,1.6644956126084376,-0.37630657553614333,-1.6377444843993716,0.8702041364975782,1.1845731148156817,0.7163216085339428,-0.14366624154409874,-0.10760932239801019,0.38516503538535424,0.24505837243890385,1.0743541782342056,1.5370772345035701,1.1996278949775732,1.5042055303574966,-0.8819907733589275,-0.2391104620720696,2.1580912586844914,2.3111154403773586,-0.07972502614548936,-0.3254307025416178,-0.00945737410376783,0.038297399140485
-0.07266643922736973,-1.0016525368156932,-0.7937696219046699,0.7307846620813645,1.176051716629515,1.5481252060070392,-0.01159924714629806,0.7163216085339428,0.5801305274578171,2.960126818516746,-1.14809666079445,-0.6929867412357493,0.20090821721313165,2.798556420479478,0.5074716731510374,2.195616137597821,0.6720275143535429,2.865242901519024,-1.1313403360769654,-0.8075941847454393,0.3360107992387233,2.686865678894263,0.6709252623258898,2.0691598173855534
0.9595597601457152,0.9122038032781757,-0.9484986667113241,-0.30045008773695764,-1.371178447812082,1.5481252060070392,-1.2077716091082777,-2.337762768936358,-0.6205738910899623,-0.00868971614983912,0.574468131863778,0.2496570567261865,-0.32059127939065424,-0.2742708208373872,-0.8395507743920861,0.5677662764071132,-1.0074517445803466,2.867594380416912,0.2810608299193416,-0.3025461028581533,-0.7107886347414504,1.5218898685570401,-0.9992427202549263,0.7194278037704904
-1.6831305962360201,-1.088286233210695,-0.24166831227388116,1.3836408931068667,0.4554561869438299,1.5481252060070392,0.7858489941616884,0.7163216085339428,1.1683941722802782,0.13558325058095166,-1.3963576678971545,-0.34281095117916194,0.5009112895408887,0.21819843210199139,0.7140748409541571,0.369552759357742,1.404113059348315,-0.0840009965843127,-1.5471873361939796,-0.6296907478331251,0.25456325296617127,0.4049514554628768,0.5052661445622575,0.5190858914459682
-0.9394896878511761,1.7586955594171318,-0.18326718088742897,-0.44044449177184175,-1.2970762410113428,0.19228306698811726,-1.2077716091082777,-2.337762768936358,-1.0889119100422213,-0.6515815657136218,1.837420123451724,0.8458625863947674,-1.2472852567895651,-0.7827796750633426,-1.6915938256629768,-0.2820088848422794,-1.1701753678316063,-0.757913989324734,1.7937146326151774,0.492121584987596,-1.203031115633908,-0.9345007861800794,-2.2593674885106845,-1.044492248851349
-1.3756259180657842,1.6646944018088603,0.35631785939078947,-0.34211292670624155,-1.3302112847807661,0.8702041364975782,0.7858489941616884,0.7163216085339428,-2.1938247966191944,-1.2980447467909468,4.300077010902977,1.8682692404913253,-2.28837372350101,0.9212097501063211,-2.7228612996061035,-2.2735048450015287,-2.1533731829625493,-0.7562126178989313,3.108773003990639,1.404387054972376,-4.152738048487466,1.097803306887885,-2.6993788323949537,-1.9893299624479177
-0.3281280020542574,0.11086176784697697,-0.6154385380585978,-0.4408957816017967,0.3607034766214306,0.8702041364975782,-0.4103233678002913,-0.30170651728949077,0.4155538926306617,-0.014025020073115424,-0.7159491921057145,-0.8701954161238864,0.6650652356021861,-0.17167157603651328,0.7517056411513393,-0.2566194123913764,0.18843203786663854,0.05737568358622879,-0.563779638617815,-0.7489572587957348,0.2640258531867752,-0.10539857490601875,0.2932910341111638,0.009625771035404298
1.551163230254552,1.4210047174855631,0.242514609834577,-0.34621252342438724,0.1780427692711026,-1.1635590720308047,0.7858489941616884,0.7163216085339428,0.7545966243541405,-0.20096178350219945,-0.1781677111330146,-0.34749481397381454,0.6081120481265138,0.9472186340909717,0.45240182247950983,0.7002060925155289,0.7437142438660356,0.12955191126685167,-0.24011851315924856,-0.041247331756137096,0.6851542595159062,0.7876382361352636,0.5615516197003904,0.5173528659659741
1.1762050070836005,-1.4437044625419482,0.18136129444530955,-0.43150809648317695,-0.8330281154582555,0.19228306698811726,0.3871248735076952,0.7163216085339428,-0.42918046440882257,-0.4914944959834583,0.9442556771243499,0.6459046945064834,-0.0909230850107355,-1.0728066485899643,0.16518546494894598,-0.9630659700555726,-0.278134358257318,-0.24170029514052851,0.9228316545865114,0.8623956113996144,-0.1788500731712927,-1.0261193799518908,0.04054879561875596,-0.9439710889609447
-0.36486673935354164,-0.8717824035831145,1.8764255227524247,-0.43048767823079237,1.4113673609488697,1.5481252060070392,1.5832972354696748,-0.30170651728949077,1.519633352914498,-1.6056440703297798,-1.167069470623393,-1.374379374270243,1.2233653339805364,-1.1320270610644132,1.2590275397199933,-1.3056357271191967,1.4415728940364803,-1.3805503571557964,-1.0774363772384148,-1.3010251090731209,1.1985293390865024,-1.0545252179429077,1.2745338467880625,-1.2365036434314196
1.2402399651492277,0.8973971497973193,-0.6827198554523985,-0.3380096273431774,-0.9735344309437958,0.8702041364975782,-0.8090474884542845,0.7163216085339428,-0.2757314388523151,-0.4228784264533104,0.7628625541673814,0.11895858195162246,0.07504485106720943,-0.664565603731925,0.0861438611196963,-0.34875268084950395,-0.28914663647962474,-0.21070751853872777,0.6876693699928902,0.37368375152214556,0.09491011918825176,-0.3918092260761493,0.12420433650558234,-0.12165990565449927
-0.6713583005527234,0.31622517514428405,1.3582893671386245,-0.43227078157721793,-1.240422661469255,0.19228306698811726,1.5832972354696748,-0.30170651728949077,-0.7115124726227372,-0.44515844487216605,0.5120395463036499,-0.43657616408339034,-0.8493203386229112,-0.24358775049319012,-0.8426421623009134,0.24124258223593212,-0.8352709551847234,-0.5038113474585107,0.5290163102365477,-0.4298991377512185,-0.86466640704633,-0.12251956377826789,-1.0295038750876986,0.17085029941634303
0.35778405571315125,0.3588542972452765,0.3638963581548843,-0.4293242450156,-0.9997233808611693,0.8702041364975782,-0.8090474884542845,0.7163216085339428,0.01585236415018926,-0.5879600423480469,-0.20182481306848593,-0.9494214566399422,0.6868850529997054,1.2247100375256008,0.5324072676882745,1.0022642454360216,-0.7901152160745405,-0.00284111677729687,0.2821898613821512,-0.3219410789194109,0.12888193684618748,-0.2316877882423986,-0.4910147456263053,0.3958606456880057
1.5278750914329975,1.7175730424320246,2.553027870543346,0.47411274879856374,-1.3565307643567375,-1.1635590720308047,-0.8090474884542845,0.7163216085339428,-2.174362129503105,0.5951715867991128,1.66419891325538,0.09303574921893885,-1.4252602153076233,2.4692673465203034,-1.8265870165368656,2.653930476684514,-2.512465098338529,-1.2331534701049378,1.6957443771767904,-1.043260733024103,-2.40376280862093,-1.028303478519804,-2.7318513196160166,-2.4725586468047225
-1.3995720229726754,-0.9165992482642518,-0.09682989902970904,1.6436658864542377,0.33976165264175767,-1.1635590720308047,-1.606495729762271,-1.3197346431129244,-0.707889628875984,5.133298854280892,-0.9318503518948889,-0.8715465070147397,-0.9399299738085696,2.150891067742896,-0.9331280493522415,1.9450643047150997,-0.7250647390252039,4.760487232286201,-1.0081940362278097,-0.7638669160317215,-1.0116133792864053,2.303260977969733,-0.9473859876193835,2.001139861540684
-0.11788254852023523,-0.9797507789617805,3.9794925483103243,0.4136747301752903,0.9662997671868994,1.5481252060070392,-0.01159924714629806,0.7163216085339428,0.9736192085278417,0.9541770744861918,-0.9102297735894386,-0.9350904549667737,0.7351532927387229,1.760519184180966,1.0608655863030336,1.122191953757924,1.0405920354763112,0.4822773359941693,-0.9025363211010958,-1.0763431722433476,0.8426350222224476,0.9942531450168995,1.1429758681592814,0.675515905400615
1.0335866501216977,-1.5140487193094732,0.44924411417730126,-0.441301251019186,-0.4536601609872093,-1.1635590720308047,-0.01159924714629806,0.7163216085339428,-0.41727790528286185,-0.2227159824340724,0.2261892592221015,0.18795621190966494,0.058627645806479105,0.13934497255944886,0.19758388893291898,0.2582625326935552,-0.4994495885553974,-0.10465278727567183,0.39593372157678663,0.3587818858069901,0.07502407551945654,0.8223998642785547,0.1028886914816384,0.774064636072587
1.0452461231949062,0.9429601581644362,0.14708287780122173,-0.35338287337504776,-0.35416684701379186,-0.48563800252134365,-1.2077716091082777,-1.3197346431129244,0.1618858464351998,0.8586453830164239,-0.21390143496352226,-0.41009294186389245,-0.04145981323553376,0.5751301476410372,-0.10885663087250427,0.3712389828390674,0.024584719258488087,0.3521363797642023,-0.2512699227284672,-0.4007704027864964,0.23101584028646172,0.11421736019622204,0.15528091558063767,0.2568025549054951
0.3337885248705369,0.39878009932025604,0.229686398104191,-0.44160463500330505,-0.48186508079981766,-1.1635590720308047,0.3871248735076952,0.7163216085339428,-0.5677540892467983,-0.41853333129141795,0.33764692336698277,0.8853716081235372,0.027711480887599355,0.03920618200617508,0.25885855111893485,-0.04380438220717972,-0.4006604394871779,-0.441822427041115,-0.0836484518755041,0.47749260161696055,0.3106676147512465,-0.9804939246878629,0.5406702767185319,-0.9069222240274344
1.4284400740756573,-1.2064513764816602,0.5629219094371031,-0.097583488972941,1.1172181709893907,-0.48563800252134365,0.7858489941616884,0.7163216085339428,0.9232557368662856,0.1395562945599494,-0.8112730537232177,-0.2561159016995994,0.033392647940001234,0.47985690841313833,0.34551785127226947,0.4398714433039701,0.8539626549295871,0.09194743706748623,-0.6746800047948415,-0.006331377525615576,-0.05275410867060619,0.2906393145150324,0.2715594219252625,0.3350307568673473
-0.8961331470802462,1.7618520953212478,-1.1110594608823197,-0.4395152172130265,-1.338979406420698,-0.48563800252134365,-1.606495729762271,-0.30170651728949077,-1.2942063281119411,-1.0111401823441137,1.8465108618315933,0.5965416221937316,-1.2359672360736629,-0.8615583635989471,-2.136216013531367,-0.6695213233111539,-0.8026894795468604,-1.036451090437403,1.301441074081311,0.09173530083188547,-0.7312999018685591,-1.0146857833212013,-1.5749389696819638,-0.2131743837607165
-1.0427811768764939,1.8636223861719312,0.44072820780742844,-0.20198474130549562,1.2200949086844077,0.8702041364975782,1.5832972354696748,-0.30170651728949077,0.5237416984645846,-0.3759024987134746,-0.3617925532104086,-0.49347922744912337,0.24241223255594826,-0.5284600729257711,0.4967449603606581,-0.6680023621093858,0.33673670198678124,-0.4646463182190413,-0.22009946831263008,-0.5469202577910163,-0.15461402183812045,-0.37437185360711345,0.11237095273383638,-0.44305917197261135
-0.44578998149112475,0.3421932202247903,1.7249865391603125,-0.44147005092663655,-0.22788877237383356,1.5481252060070392,1.1845731148156817,0.7163216085339428,-0.27103897882527894,-0.4545595292627222,-0.10889093718524867,-0.6272836353400214,0.07098755529842635,-0.6871726287733115,0.0102285056716647,-0.47227920908629706,-0.11711396166622376,-0.7015684944676446,-0.251405046704081,-0.9105498185303617,0.20726055397066742,-0.7030745562026707,0.1338879338585228,-0.5989199707094942
-1.300270886845366,-0.9403702690242725,-0.6816433443364727,-0.43223477314033054,-0.39590465797990676,-0.48563800252134365,-0.8090474884542845,0.7163216085339428,-0.029267689796712244,0.8266503949534363,0.4381446245033727,1.41900306132563,0.14693546250712983,0.28427436967400727,0.06422098705358883,0.3493494637797197,0.1621005060074446,0.6756623663422786,0.11159681729110064,0.5050793319187529,-0.37031680176342335,-0.7847812640014721,-0.5153779779291645,-0.5659347822075063
0.24844825669483622,0.0938947445206638,-0.9477676312892035,-0.44162895374901356,0.7749239145120466,0.19228306698811726,-1.606495729762271,-1.3197346431129244,0.8032348583610345,-0.9527016082637074,-0.6348875903406022,-1.0093552598627002,0.8633605036159016,-0.9648289943552956,0.7050001002840224,-0.872263214836084,0.5186008349573347,-0.7795539706084802,-0.4969505839510602,-1.0156590465846227,0.7468167227733119,-0.9860337499533091,0.536142343383401,-0.7762495774799985
-0.7657899598775523,-0.9022607287192376,-0.47071982741613105,-0.44158810594415776,0.1774173887829799,-1.1635590720308047,1.1845731148156817,0.7163216085339428,0.3217183975050525,-1.019639360690995,-0.5693372357887767,-1.313178443068585,1.106639102733286,-0.8243643360318869,1.5276622958953736,-0.8998935310400904,-0.0446290338397017,-0.9688310620248672,-0.38612802848753164,-1.2678864723904086,1.0341983616894983,-0.5892628551163648,1.4843277147700833,-0.5937235458931974
0.6201953092371016,0.2902714305181805,1.3254530453930962,0.08682508973692526,-1.5924111015295717,-0.48563800252134365,0.3871248735076952,0.7163216085339428,-3.522516092099452,2.1389116723394825,1.1344078180331878,0.2832337991679875,-2.4532123828940433,0.8386088653199025,-2.3794094118557783,-0.022069570948236042,-1.4704604320807377,0.7876216060293234,2.766342780210978,1.9945280374557899,-1.8227564536343246,0.9187907203971497,-2.041025895068206,0.6515153018187708
-0.6201794279014767,-0.8103387578653805,-1.2328714459162462,-0.29551429812679936,1.3328500431085744,0.19228306698811726,-1.2077716091082777,-2.337762768936358,0.20201712928028126,-0.34425384596405634,-0.9385223287925207,-0.9490984555722403,0.3324441736265064,-0.7207677746844634,0.7186058209371431,-0.7418063525548233,0.024128814017080752,-0.23735653982804336,-0.5663262180969617,-0.23134431965415705,0.4061839021951799,-0.6399602141797636,0.82654559874358,-0.8024929496283749
-0.22854949422685333,0.10755621694546522,4.112665825662738,-0.4412189268077722,1.1461195083555071,-0.48563800252134365,-1.606495729762271,-0.30170651728949077,1.0360942012111438,-0.21579068982866262,-0.8611624872059902,-0.6796588662655807,0.9205404994046603,0.6066880609536536,1.12163871602911,0.3079769623837911,1.2735660318305337,-0.2515523789392864,-1.0337320696100682,-0.8038219244128068,1.1993956318606727,0.33399502870428294,1.228867656155566,0.24611082940323709
1.5925838084288397,1.549126109674594,2.0819913976447455,0.31872281502758254,-1.6336450127122695,-1.1635590720308047,-1.606495729762271,-1.3197346431129244,-0.6768245694988368,-0.16423204252721987,-0.21265096884891177,-0.1797365685773982,0.48913631678244285,1.6078405598443686,0.5723352892803899,1.6301799204776037,-0.3733007994323303,0.026366368022556028,-0.41651838572456684,-0.3478850521337297,0.5789427361339572,1.2744074930070153,0.6710393122319,1.3726510055235315
-0.9764501601591261,-0.9360015304569125,-1.1486726307737012,-0.43562416061701764,0.565435266540466,-1.1635590720308047,0.3871248735076952,0.7163216085339428,-0.14059577171119275,-0.19745666296255274,0.09422279976768677,0.23677408967830396,0.26065505414181256,-0.6363079317923127,0.6122494724548936,-0.17898865976891526,0.06880516075480915,-0.33565980876255463,-0.35008932986633023,-0.4004399348339923,0.49282902196417355,-0.9660208776349896,0.9507928697781735,-0.9007281573665161
1.5607707558134485,1.6936946024574249,0.4694628020397606,-0.3681612089470478,0.8150088253900303,-0.48563800252134365,0.7858489941616884,0.7163216085339428,0.4013783817773304,1.221274096610017,0.12276002876115613,0.7390044557486507,0.6091998703508392,0.22101809780428863,0.45978510306067516,0.12830758802679176,1.2221826070949413,0.40611702590392657,-0.776570925171607,0.2124942910434046,0.4817764631503841,-0.13002240545105004,0.5923103362564484,-0.15241154313895608
1.1406145157826233,1.3155045334080833,-1.085635179340496,-0.3854476653107521,1.4240167631509661,0.8702041364975782,0.3871248735076952,0.7163216085339428,1.4823125938623103,-1.364811869734459,-0.7811496815217914,-0.8895858561611547,1.1237955315589827,2.3831977082547393,1.2587836045560414,2.8174151657750826,1.2246708774550423,-0.1951563139779704,-0.4829319590418569,0.005046840061826111,0.555492850072059,4.156561928833433,0.8951877837936075,3.2729007544235675
-1.486027003562769,-1.0732171558759267,-0.8689269745166585,0.6052562825857277,-0.021631023417102956,-1.8414801415402655,1.5832972354696748,-0.30170651728949077,0.294569980290005,0.9655704511937464,-0.31605693891358044,0.6459450696399459,-0.24539527032911887,1.1566910521991003,-0.041448112115804805,1.1799828368186969,-0.026820963630363938,0.7478195296506839,0.22108672000780144,1.4007274582398117,-0.13693652108486848,1.005788053084281,0.06306515805317131,1.1236289441041047
-1.2576872333052684,1.8694721560597194,1.432293939305192,-0.23728756914468283,1.192091774997535,-0.48563800252134365,1.5832972354696748,-0.30170651728949077,0.9879740318955925,-0.9622251546826506,-1.209163514014479,-1.3206858648472402,0.3089340148620152,0.019742978278767392,0.4019109896100658,-0.06753064772187274,0.9581419640199914,-0.8419779053373884,-1.1528802520152355,-1.3058751068963852,0.23852905282946082,0.5974163548175307,0.2954438618607966,0.6135131150365204
-0.8910378442317176,1.8112786127195748,-0.26746804975108207,-0.17892502730846965,-0.6137955576778884,1.5481252060070392,0.7858489941616884,0.7163216085339428,-0.7508782166642177,-1.009199475983873,0.2537726121366458,-0.615409699315731,-1.1793618848764664,-0.9021499235970005,-0.947261304587566,-0.617537279186421,-0.8233912917507297,-0.9639842424956229,0.2881796146846726,-0.5410621983760492,-1.337077285184817,-0.6416588978873418,-1.288536976052858,-0.17493771768401428
-0.9699506808573831,-0.9380409910373625,-1.139954733491867,-0.43513926299221967,0.7387381412060987,-1.1635590720308047,0.3871248735076952,0.7163216085339428,0.15148663429319137,-0.5615450509379493,-0.5193425709943265,-0.5663975867652509,0.5001946515096205,-0.8736025972076615,0.8683520430555072,-0.9185348401700784,0.2969509585595318,-0.6693693268678019,-0.6766530138431863,-0.8223483697956411,0.5312499306672096,-1.0385520318412265,0.935040948473846,-1.120422566354355
0.07831705762855444,0.2662520282905985,0.3120643662542014,2.4914960400735295,0.6050534653040233,-0.48563800252134365,-0.4103233678002913,-0.30170651728949077,0.8009844291991697,-0.493807960359584,-0.3631688332897595,-0.6552855703754257,0.335591853702676,-0.39717616270501044,0.4562479330048983,-0.7317187631669478,0.9391656821472435,-0.5010162381432249,-0.36829763383796965,-0.49287128380305134,0.33287254835385977,1.1061411093418752,0.4537303592241218,0.9571062190644746
-0.25598603085313676,-0.8929875458334525,-0.17607564214390442,-0.27162133243065,1.4538748416426341,-0.48563800252134365,0.3871248735076952,0.7163216085339428,1.2950587050777551,1.3230329867212967,-1.192514026103669,-0.977640332042995,1.0181552713459663,0.8460679943473666,1.1413029311697425,0.2783402834800406,-0.38945302690285893,5.3222325770887435,-0.9267140003265043,0.7613194357315608,-0.8253618064542086,4.163497040103569,-0.23355974777965569,3.2293790235388053
-0.35543105134379965,0.3624104939763897,0.6301609425998461,-0.3962060251625851,1.3809674465696502,-0.48563800252134365,-0.8090474884542845,0.7163216085339428,0.531630261296413,-0.45454634361458224,-0.5137291419588645,-0.46605739191192236,0.6031475191053808,-0.5810775620575468,0.718856587167113,-0.5943201893444865,0.6260027513946232,-0.7482562135690466,-0.6417433068839183,-0.9984611450612513,0.5417809739050055,-0.738952005328252,0.6616878716528433,-0.766798054255664
-0.6712585765937321,0.29845103498062964,-0.20380062383269962,-0.3961428122518434,-0.8299010652533527,1.5481252060070392,-0.01159924714629806,0.7163216085339428,-0.2654370274512186,-0.22066643664488728,0.14477971070443876,0.34857248692362275,-0.4471348798806179,-0.5568564151304766,-0.297162501880992,-0.02354419914549248,-0.38017337977222243,-0.5407159487466252,0.1841312479980022,0.1631957267043995,-0.35630273044258876,-0.7781744490076493,-0.1731323276359121,-0.3879293902006504
-1.4341437346209185,-0.903246650210154,-0.8554746905169746,1.7720667915701513,0.49019931431076963,0.19228306698811726,-1.606495729762271,-1.3197346431129244,0.9195172651006797,-0.7131431207162868,-0.6669863776739275,-0.8039433386554313,0.12608291585660067,-1.0221846800409844,0.4880075421376562,-1.142719912865279,1.1359481944075318,-0.5795644351305065,-0.8380489510014228,-0.6562506094239666,0.36148081411649796,-1.0215414767278288,0.6661720967192333,-1.2112768532968452
-0.7925173478566545,0.3127909560894583,-0.04702644783010472,-0.42029144205939944,0.9954511415020012,-1.1635590720308047,-0.4103233678002913,-0.30170651728949077,0.51168961325972,-0.23028622801404475,-0.7248377408897698,-0.7020446636504415,0.41668983438023655,-0.47185065513870716,0.5427243809459047,-0.5621845805979482,0.7574910848621157,-0.2927947438800462,-0.8507741270271211,-0.7502103055050728,0.5161072062341514,-0.4268242401326064,0.6380528208451175,-0.4833624630424691
-1.0613466361611739,-0.8002724678116471,1.4697351680937476,-0.4153983883203607,0.6607869022713997,0.19228306698811726,-0.4103233678002913,-0.30170651728949077,0.4665001185429031,0.40939544313953613,-0.4524601790756554,-0.0407912340154007,-0.2290488711930205,0.03900560933474436,-0.4046082952147095,0.5521167258146065,0.5593593825798068,0.33959846016546097,-0.6418129982186164,-0.13586182903906746,0.016007651343408067,-0.06106215742387898,-0.053111767841834356,0.27839308509304833
-1.366425034989866,-0.9049415208487694,-0.30488634829700917,-0.22066710045633942,0.010023126524250019,-0.48563800252134365,1.1845731148156817,0.7163216085339428,-0.3647706782737515,0.6680514656973082,0.5708244027769377,0.15191545755946573,-1.0119654376165121,-0.7724242234110379,-1.4091570989184725,-0.608781183855868,-0.2646678569113893,1.1174075153991605,0.574115877390408,0.5389106527149182,-1.3269760000854132,-0.554882969325099,-1.7072571072271432,-0.08431039710220092
-0.35109094625461185,0.2392356867562667,1.872112529841801,2.1143663584034242,0.6596731528928108,0.19228306698811726,-1.2077716091082777,-2.337762768936358,0.8643016196412816,-1.1651487325393257,-0.9480139293281535,-1.2301939551824916,0.42676927205193693,-0.3638078813475507,0.7396369544237757,-1.041683949377315,0.8682356388101855,-0.7958721323876624,-0.9251112986328315,-1.1703027339878878,0.669424543890202,-0.40217658422852276,0.8484277568054145,-0.9932672986253853
-0.7166241928008141,-0.8423605729728163,-0.5993377727672119,-0.44095775346025684,0.07129166420830443,1.5481252060070392,-0.01159924714629806,0.7163216085339428,0.282327024337307,0.4292119558157619,-0.4364052700572982,0.2663599455408633,0.5905186797564874,0.25621727040582537,0.5506625203733477,0.4315200991502977,0.20205184281211389,0.4710897681626382,-0.3809845612213809,0.22830194344463708,0.4319888958222056,0.2899818633909088,0.4600532860133065,0.5446340331176344
-0.3348192149486471,-0.6357833619072346,0.49727375752695846,-0.36648646025374637,-0.30025344407498067,0.19228306698811726,0.7858489941616884,0.7163216085339428,-0.47331793146142037,-0.0663292476638725,0.3014375204359862,0.040210661161184894,0.39710789077105085,-0.6410815169978777,0.7964749494092552,-0.4613657049786826,-0.6808706522747666,0.08632542797726829,0.49318596920366425,0.30820139239694416,0.3191538041151292,-0.6709737484512158,0.668042515177794,-0.46364827228170696
1.4039940199313794,0.8039181570661004,-0.5039980563687038,-0.12921728819480374,-1.5037099468031492,-0.48563800252134365,1.1845731148156817,0.7163216085339428,-0.9696582606751022,0.6334233319741011,2.012086715488866,1.5355489664684576,-0.0008630311450669837,-0.19932985962228733,-0.29525262396500473,0.47097751937199606,-0.8707530004714917,0.4714298319969366,1.982382727343448,1.4630301604041196,-0.05318450782902039,-0.23682988026168084,-0.3953950002945911,0.16668598755257585
-0.8013655030256291,-0.8100836851310687,-1.1082982953575669,-0.42324005436332884,-0.03585838576092451,-1.1635590720308047,0.3871248735076952,0.7163216085339428,-0.16073185896742395,0.39057916340164295,-0.25048540221394283,-0.04271222208578665,-0.9516935108537503,0.1838868601332626,-0.8219589724672879,0.5900159520871814,-0.19585147329777278,0.340733161696287,-0.18889490454565874,0.1363268014539126,-0.8941405077116926,0.11956282633894731,-0.7790481525585587,0.525132603590664
-0.785927544648163,-0.9640004461742594,-0.09751945821467545,-0.42010964502035125,0.7704550657014972,1.5481252060070392,-0.01159924714629806,0.7163216085339428,0.9850490678864896,-0.03753557046993982,-0.9964239296683622,-0.30095174936988545,1.128239259138509,-0.6568867100683414,1.2213286492195945,-0.729063948541335,0.12023810874346183,1.4961195363785424,-0.24383392497767445,1.0795541631838497,0.49976485861487396,0.36826115377214524,0.7736171011246273,0.7728615565262564
1.4753413427759237,1.2294658968336785,0.8774550372962778,-0.4235094531547005,-1.447825487811149,1.5481252060070392,-0.8090474884542845,0.7163216085339428,-0.03918401447950611,0.7587768213504649,0.0796066781478842,1.2732210444870986,0.6377386457795529,2.509001369599021,0.37786872222247475,2.60247934404469,-0.18132777794855684,0.6856366230562421,0.3598590031623805,1.2007296863078605,0.3481210410907421,2.505484400963677,-0.013323774536458574,2.493339300706097
-1.1065026569857053,-0.8486090446702351,-0.43593807542237734,-0.38871740298607865,1.4304614190529394,-0.48563800252134365,-1.2077716091082777,-1.3197346431129244,1.3636864240838682,-0.32309283412886336,-1.2389235524314535,-0.9037405096707471,0.14442008207690002,0.005159636648091943,0.4792650997757762,-0.3719670897870357,1.3884958468745419,-0.6719386347874705,-1.1715706640035497,-0.8972536330104478,0.18657254846574173,-0.1302890992224256,0.45840314680178135,-0.35643996999272487
-0.2665930553683821,-0.9985116283128539,0.6241572907564721,-0.3922025860387561,1.4554950491392789,-1.1635590720308047,0.3871248735076952,0.7163216085339428,1.4731366357040232,-1.554093969281761,-1.2156038461409435,-1.365154689530113,1.3200466658265935,-1.0308138532971982,1.293998410952355,-1.2217723294760674,1.465635095652503,-1.4841068881316632,-1.2214681472140532,-1.3686088503223197,1.286417305106133,-0.9233541670723909,1.2919776169838268,-1.0887606012051971
0.0731180228348659,0.41974078641043505,-1.2374451721153257,-0.42316648083028724,-0.9637322752309363,-0.48563800252134365,-1.606495729762271,-0.30170651728949077,-0.9286649985887282,-1.281162464925644,1.703025790194881,-0.20331816453870763,-0.05437721374914541,-0.9938280530002017,0.6478104155770738,-0.993697329880601,-1.0478918504028105,-1.1487089722772912,2.160386973239251,0.040872969306248674,-0.04223039137593335,-0.9381631302236165,0.6367115939504416,-0.8801583760299843
-0.5608829382540789,0.25892926914955255,-0.45410299134925225,-0.4398179024995701,-0.5767006854071534,0.8702041364975782,0.7858489941616884,0.7163216085339428,-0.7795301179173691,-0.5242783739207812,0.20711593410684276,-0.32963111836502323,-0.3649825740888371,-0.39858483072593226,-0.3768984945888719,-0.1528440877072493,-0.7693587826356783,-0.3869599917890109,0.3332656495405335,-0.2553703249360039,-0.32610858114262864,-0.09869259490424816,-0.39829656024623067,0.35241707456806054
1.3488053163039353,0.8165882734852092,-0.9476803034960151,-0.3651302181639317,-1.2620128228301957,-0.48563800252134365,-0.4103233678002913,-0.30170651728949077,-0.8623397893219172,0.3337898877169817,1.3883485982569541,0.46935682596935296,0.013476876801090212,-0.6122009382274672,-0.4696781654664274,-0.07486076346188959,-0.9137471952422229,0.34365657176070513,1.3514074924098594,0.43247014929101774,-0.012556200889052915,-0.2912172722994077,-0.5280731445145126,-0.03408637168351674
-0.29996790419433206,-1.0719855670221652,0.3393855360448785,-0.44018032303707855,1.5221588534302375,-0.48563800252134365,1.5832972354696748,-0.30170651728949077,1.4695514818488358,-1.5599364194495764,-1.1559067185243388,-1.3318042128093672,1.208113427901502,-0.864274969560227,1.189833027734906,-1.0778701431245383,1.470282588949568,-1.5086593731733837,-1.1404658412330109,-1.3267018420786942,1.1914941443322102,-0.813320502538895,1.178035026504616,-0.985966494745367
-1.009217283052422,-0.7766568710621823,2.584820544797272,-0.39017194627622676,0.10793524654183669,0.19228306698811726,1.5832972354696748,-0.30170651728949077,0.45775085564185963,1.3272994306486705,-0.4441333968381024,0.8103597330161847,0.17424232572438014,-0.40389789873081533,0.22959184036899538,-0.16999232924872376,-0.13428510275784888,1.250481661468904,-0.02929008643030167,0.7742869444531851,0.08962239080426558,-0.02338750351139396,-0.19860964286825836,0.1740481575807384
-0.010009619047330413,-0.8586972067740253,1.5454735451947723,-0.4158020727156501,1.4866225221081568,-0.48563800252134365,1.1845731148156817,0.7163216085339428,1.431449057287929,-1.3335085498809154,-1.0632922534435807,-1.103943430863616,1.0309675585951512,-0.8132131389303718,1.1647061633491507,-0.9263901516213565,1.527173472809493,-1.4135401267473988,-1.1675608053010027,-1.2204194080141892,0.8562040424986234,-0.500077452968145,0.9631098251514014,-0.5665538732041119
-0.7236734943766402,-0.7027635603811926,-0.06859373398099369,-0.42946676575404785,0.7900110272256798,-0.48563800252134365,-0.01159924714629806,0.7163216085339428,1.0141365272319922,0.8654024493702243,-1.1825521818866083,-0.6107434626546115,0.609361399800706,-0.9002461472615904,0.7050855987877375,-1.0555502408267043,0.4766896882411204,0.6369869448438542,-0.8569532927007605,-0.50033502341326,0.4275173232891493,-0.7164556076323062,0.4901403029324448,-0.7514332839454574
-0.32278067561843,0.16063865324687052,-0.20907790130794518,-0.42300137113139047,0.2628506615798429,0.19228306698811726,-0.8090474884542845,0.7163216085339428,0.3920367708350212,0.45266698769410246,-0.6427142340918907,-0.6978476468199298,1.3118205760846942,-0.6629542552515432,1.4795486740003707,-0.8507483685139782,0.24101316973253722,0.45472362358688756,-0.5837015693258479,-0.7126335469106315,1.0753353638049972,-0.6567297253452703,1.307962851810163,-0.8029406952277963
-0.27664965338845476,-0.7770402398696679,-0.9907879095467264,-0.2291414654183393,0.2489517230166001,0.8702041364975782,0.7858489941616884,0.7163216085339428,0.01763955028117064,0.32779877129411567,0.0734799617079883,0.06360253740934176,-0.40860291111774305,-0.2613980046606883,-0.2655004668138141,0.17117080304639273,-0.9137336309688665,2.78626453059006,0.14431564520422982,0.8579941185915642,-1.3169252639935507,2.3249431279218458,-0.8124607343941942,1.5053727258406824
1.0193004743124243,1.1284539164923373,-0.06319280463661993,-0.2544610840978785,-0.3627499511064188,-1.1635590720308047,-0.4103233678002913,-0.30170651728949077,-0.1408349768896645,-0.6168533187360192,0.1148658819010854,-0.6228008667584864,1.311144439537905,-0.20080020817712252,1.416555403746885,-0.29379740999173876,-0.20422727554236475,0.3240921930535023,0.8914665738847387,0.47040715377677267,0.37591704290973393,-0.6250638913786788,0.3773056258259006,-0.3312576261218269
-0.9516099993954277,0.29269603910480474,-0.9188673362047652,-0.4330197446772669,-0.2954289458884373,-0.48563800252134365,-0.4103233678002913,-0.30170651728949077,-0.023048172417575136,0.06084247319283599,-0.21813946317859878,-0.1252247550515863,-0.25072145378225524,-0.9329735501218955,-0.06252481542349012,-0.7292964679573267,-0.48602987940077935,-0.5711236224338181,0.47392632508008325,0.13995818750760528,-0.5387141354645515,-0.9963708434603998,-0.4542130785074741,-0.8636835855380199
-1.3027225237094422,1.859383894354774,-0.47141327081275836,-0.4360196973091889,-0.30678649579218764,-1.1635590720308047,0.7858489941616884,0.7163216085339428,-1.0445877752357586,-0.7536776794186547,0.7065887813677376,0.22884762611125234,-2.620675347886155,0.26197219734340127,-2.5120568587303054,-0.7344944800423265,-1.0594887579103245,-0.6564289014260177,0.8111824349187119,0.19583118338951216,-2.7348452550224285,0.22513556801489984,-2.5499202035572153,-0.9292402461132014
1.074481921373224,1.1620842451576068,3.0382810938716953,-0.4111007198842047,0.648412395024515,-0.48563800252134365,-0.4103233678002913,-0.30170651728949077,0.7329356726122266,0.9702863123876432,-0.4449630975712691,0.6877973251897023,0.7449708525766569,1.4942687252434197,0.8046008329737231,1.558264856041494,1.351832936004923,-0.871959354131429,-1.027483730013125,-0.8514419981377668,1.019332649480738,1.6932129813957493,1.1392067903130523,1.7928812110344012
-0.473543208889881,0.2756476673484018,-1.078780322602534,-0.30523240808549557,-0.7918475417486391,0.19228306698811726,0.7858489941616884,0.7163216085339428,-0.24629581627817734,-0.5474757330455106,-0.277277621890865,-0.5665496230205054,-0.24589415332030093,-0.7145890714167631,-0.19082655845401084,-0.5861454579418247,-0.36908927462589997,-0.7081626008490266,-0.2398801059091965,-0.6819347757195284,-0.4059108121642798,-0.6445350050821478,-0.38941170326360836,-0.4451309739453432
1.1441303668175082,1.261207737394474,-1.0328243661014367,-0.3158242834548529,0.7111695807519974,-0.48563800252134365,1.5832972354696748,-0.30170651728949077,0.6054764084769545,-0.20309911794873706,-0.721756537709448,-0.6066914489915898,1.1917879942397227,1.6155628295668738,1.2345252110539038,1.5118918794434986,0.5134201928890431,0.028827033779508727,-0.6421205793919725,-0.6624512270823828,1.0844067128757442,1.743865909384158,1.0818757056366213,1.6121638393365205
0.20178037202160368,0.11717067866030016,1.6313376602789995,-0.34800839665611166,1.415012915558388,-0.48563800252134365,1.5832972354696748,-0.30170651728949077,1.0123438589349647,-1.2381395970684532,-0.6602284731955489,-0.9943149582642479,1.335129418646918,-0.5759727213227274,1.3413850311374145,-0.7790349603992738,1.0667980750481085,-1.100399110309952,-0.7638465053625617,-1.0133765787695785,1.2627366518358931,-0.6852466410237613,1.2898945660528802,-0.914785424664312
-1.1805599799971653,1.87797525667963,-0.841226294923722,-0.3930856734468423,1.4770957742468416,0.19228306698811726,1.5832972354696748,-0.30170651728949077,0.7132684019223587,-0.5017219195453085,-0.5205038322902267,-0.6356916049342076,-0.17348178746266815,-0.3784603362383483,0.16864242506824767,-0.5381001200999026,1.1171303596339588,-0.6474132360096541,-0.8461378821306973,-0.7279363624966161,0.4935808468770623,1.0462214045393041,0.6778429865296551,1.013719268618839
-0.49047166815582893,-0.7631420956315516,-0.8310673677084379,-0.3137616697699182,0.5763968237798811,0.8702041364975782,-0.01159924714629806,0.7163216085339428,0.02126234834320689,-0.0037571785157488394,-0.3648618064620591,-0.1511231890477045,0.199064208449163,-0.6474708881323075,0.19234666486640722,-0.4935493738407309,0.243230063590115,0.003960655087170657,-0.5482318242337779,-0.3521092206745831,0.3089029782017482,-0.591259570454973,0.33304209697078374,-0.44078799315230915
-0.7236733395228981,-0.6684136524182245,-0.5889802066634418,-0.4359179732303744,-0.7415875886779433,0.19228306698811726,0.7858489941616884,0.7163216085339428,-0.7332984177504989,-0.4824370737926187,0.44630734501117375,-0.09505949431677592,-0.49283170419440736,0.2231338732409733,-0.3231624646467001,0.5077922217318496,-0.8036235937006304,-0.5030904913583579,0.526325770987211,-0.017167412732445375,-0.6819681913511437,0.3015815936063429,-0.5627267196702844,0.5646166692095781
1.3135411678686675,0.278904554215701,-0.4724194155710894,1.6751502066750048,-0.7752976851096838,-0.48563800252134365,-0.8090474884542845,0.7163216085339428,-0.09091450992933861,1.211308136996906,0.8557366804072617,1.0460726275036452,0.08345105329303083,-0.0826305113305346,-0.14687085219459559,-0.5584345838299158,-0.1320811359258861,1.1255524589426005,0.9604703484417861,1.1148021078479564,-0.011664267313956124,-0.36324605485823674,-0.11864071631466781,-0.6954695033905922
0.43926231891805223,0.2806631369674174,1.5343588065598772,-0.42030812939955087,1.3246722710462335,0.19228306698811726,0.7858489941616884,0.7163216085339428,1.2355826856451764,-1.3933649795331375,-0.3767296043527218,-0.3345256264796341,0.48944222211227906,-0.7901279233468383,0.8522144208361709,-0.782923971868768,0.8233025722679903,-0.7774817723841189,-0.42539796126490764,-0.5875077227251049,0.6913538388828518,-0.7307365493126394,0.9717993417997687,-0.7264052393194811
-0.820472290388171,0.31357284500422783,-0.655467310024099,-0.3290399785076312,-1.0322199435284138,1.5481252060070392,0.7858489941616884,0.7163216085339428,-0.8465499176222029,-0.8102100534402389,-0.21963700106259457,-1.0314434100271088,-0.21018089728200792,-0.7358720727670406,-0.1437867360657237,-0.17124058449374088,-0.6152575309873075,-0.6875655273818246,-0.16788489747670315,-0.9576007530037872,-0.009945417908969616,-0.8055437765584468,0.04087969241272573,-0.27790316954102884
-0.8410277079468992,0.2940750113985889,-0.6566354130148279,-0.42422330500571537,-0.8070173720230931,-1.1635590720308047,0.3871248735076952,0.7163216085339428,-0.974377126468593,-0.665178847683859,0.8986906790332003,0.5421931325948949,0.22115228862035635,-0.14010145974056884,0.2934043096879777,-0.10863348936764697,-0.590345513990187,-0.35928124681069123,0.25672645464327276,0.047133232399995034,0.2444827552303762,0.2434037157290938,0.32871254530073496,0.3100835236298735
1.4784146155289766,0.33979822629258666,1.2356240877721132,1.4377757777483047,-0.8844340369476179,0.19228306698811726,-1.606495729762271,-1.3197346431129244,-3.13981832393542,-0.7054311872506006,-1.7458787336259,-1.461572036416203,-1.7547917287495622,-1.2969401746134328,-2.737380057898975,-2.4025930990464692,-2.2436583109888004,4.571275318739766,-0.6681548899029291,1.068886586030857,-1.3188089471187807,1.630538979229564,-1.5433153420863113,1.6065341897171743
0.9854297505326943,0.9660197103259714,0.25601867439384185,-0.41269470004224734,1.349394406276412,0.19228306698811726,0.7858489941616884,0.7163216085339428,0.7616313398243119,-0.2506434036700421,-0.4520448491132727,-0.45082893350870934,1.1663721215084375,-0.4589109998942335,0.8877544741177527,-0.5365657273508417,0.6223294733413519,-0.3115997663587866,-0.18274833578984784,-0.5239461078214074,0.9766228589512485,-0.5911185500865275,0.8093575175751941,-0.6611607758662874
-0.4273827499598898,-0.8881707332294854,0.4081604770658995,-0.4253083846015408,0.7385153881016414,0.19228306698811726,1.1845731148156817,0.7163216085339428,1.1971883357423223,0.08572903464847074,-0.8600572586860004,-0.9382901625866339,0.9192797120172023,-0.9401638807075033,0.9229723655116226,-1.0187548932888795,1.3594234669611005,-0.8105881688917358,-0.9502947460066234,-1.0392432636795583,0.9855943920469599,-0.9542674631215234,0.988123902251223,-1.0851423975527945
-0.27940714602989647,-1.0374147755732466,0.6953031902917819,-0.3232338966242742,1.4435768468541064,-0.48563800252134365,-0.01159924714629806,0.7163216085339428,1.4482700330514535,-1.5199410715064736,-1.198629631907543,-1.3815532713980225,1.332849423314724,-0.8711485772603619,1.2959706058189886,-1.0895193920208865,1.4565468504328205,-1.3250885826072338,-1.1767654744003462,-1.373163397257966,1.3170809557859213,-0.8078115858473548,1.3111866624867072,-0.9825212779714773
-0.4205153776043034,-0.951486525622864,0.4499135201077461,-0.4383478752107508,-0.13512474834490398,0.19228306698811726,0.7858489941616884,0.7163216085339428,-0.11366184424269293,0.8890823826544599,0.13735093163516743,0.43306826381076075,-0.021827552487982144,0.025909256690715424,0.01339049595314762,0.310449410122114,-0.24334818750435885,0.36341072762771126,0.3593439798208654,0.3989334733630743,-0.013673636150872057,-0.24519462039640127,0.06451239705095686,-0.02038151780026834
0.7329018947321919,-1.431067121352932,0.7950588535329643,2.266496913208092,-0.17585533003800002,0.8702041364975782,-1.606495729762271,-1.3197346431129244,1.1020732116921528,-0.41626689058638766,-1.1146579627299038,-0.6052243989808668,0.5363653360785099,0.8334329144731434,0.7824403700243531,0.8251489229318443,0.9160530707015715,-0.5167868067791105,-1.0651082945572525,-1.020690130098934,0.3932754072657364,0.4882035919569731,0.670009387271152,0.4294356310582672
-0.46322733724286963,0.22132482476888446,-0.023815113286388006,-0.30975502096243,1.274461218566315,-1.1635590720308047,-0.8090474884542845,0.7163216085339428,0.8445260761720063,-0.8800481086949316,-1.042832576737181,-1.1466835920365763,0.7891865614274185,-1.0495762729729314,0.8457291389723804,-1.2432264958155972,0.5819354769447613,-0.6223060767720991,-0.8673905153426108,-0.9732597396052483,0.6931312958328143,-0.9931817869547964,0.8107487091905973,-1.1559854487478791
-0.525321915462067,-0.7655606625531155,1.7753697647578432,-0.24820069164005581,-0.41171412574695004,1.5481252060070392,1.5832972354696748,-0.30170651728949077,-0.03690297655721793,0.7418076889879598,0.15429257332051707,-0.19145794737697028,0.2671891348085563,1.0111176703734497,0.34996800431926867,0.33286883282240587,0.09270536489138283,0.016316472792845715,0.34677406701427455,-0.09401634694269684,0.4042769134133936,-0.4145232716466826,0.39533333154043593,-0.46765411806333235
0.338110849836667,0.403375797717663,-1.0498843594664693,-0.44160042925090914,-1.2214959030311694,-0.48563800252134365,-1.2077716091082777,-1.3197346431129244,-0.0917148148026141,-0.21225890240803097,-0.017013251151500482,0.2171344091666169,0.5206073996875035,-0.09623683774146997,0.8621392986901579,-0.0672103777276297,-0.1787481535729304,-0.4195939261111165,0.04191567161741925,-0.005111153717251357,0.25425304506210183,-0.959635252123181,0.6102739567857014,-0.9275654932203856
0.22813165282149145,0.3785362958098863,-1.237917706554542,-0.44144400239566844,-1.5550045899203462,-0.48563800252134365,-1.2077716091082777,-1.3197346431129244,-0.30496307916482657,-0.2288498148633653,2.1446553474358927,1.5906841199579873,1.6605597994192252,0.3660303642692667,1.876289496218387,0.2688697598201499,-0.20832860200719686,-0.2037247589328172,1.8314040725879503,1.522071708090792,1.1289356266567023,0.8083796063691155,1.3996472453945814,0.8240781730777811
0.7696290983962296,1.1318833662304961,-0.3181271366193246,-0.08045131425533636,-0.687876288846714,-0.48563800252134365,-1.2077716091082777,-1.3197346431129244,0.04810225666401859,0.10079717181326171,0.03918326675810384,-0.6155417650748639,0.8082365537745646,-0.5251790235174562,1.1556561026594696,-0.7304793352900854,0.747813112375293,-0.4350804479804212,-0.43198938441701806,-1.0014627165144063,0.9344693822275799,-0.4926390041576668,1.1089703137075615,-0.6516637962359205
1.4240037299653312,-1.3973477843447135,0.9586124828187886,-0.01294394303052575,0.36018474982908577,-0.48563800252134365,0.7858489941616884,0.7163216085339428,0.18171940949512805,0.27252070454198024,0.28208283245167687,0.17829014447395578,-0.28525016052152347,0.22180197307880672,-0.3173879221485904,0.5763776028999255,0.3615003312955045,0.2788899475522691,0.12873869657861678,0.2095440809373393,-0.18682408753666208,0.24059929925431958,-0.2484755637920772,0.520945184720497
0.7012292917388939,0.8893905427306924,-1.2415088611419178,-0.04154993970092733,-1.6605963833006978,0.8702041364975782,-1.2077716091082777,-2.337762768936358,-0.7077122351196803,1.3613737928530192,1.2864908433657636,2.1688058444192224,0.014080873056699033,0.49781570616860404,-0.17875342051568707,0.41697861211892556,-0.7904997495688904,1.1988668544035437,1.1892881743217898,2.387310871972591,-0.25001474252930483,0.3691777861670421,-0.38682613758488654,0.6270390474549126
-0.9192246426207803,-0.6991589416573328,-1.1796781047978218,-0.40794219983489066,1.4661484209814137,0.19228306698811726,-1.2077716091082777,-2.337762768936358,0.9855872338533346,0.11752251105177644,-0.6510989674885521,-0.07472319080342965,0.9536392654977606,0.8232071472527538,1.1044898316106728,0.7108031191278115,1.115459359502439,0.003694991822371087,-0.7971604359806626,-0.23133948353777908,0.8136673273753887,0.7608161405926127,0.9559018710915805,0.7020327735919544
-0.7432537875056072,-0.7198858768677012,-0.12490580239824439,-0.409283970518612,-1.0782266799720206,-1.1635590720308047,0.7858489941616884,0.7163216085339428,-0.9498597377931508,-0.42938167550617207,0.9292597156313291,1.4300794799287262,-0.10825200251151061,0.3961507661458218,-0.08190917721433204,0.8763956529579484,-0.794256780182484,-0.11691328312025887,0.5600745261807406,0.9846582755738817,-0.6011600167645594,0.070522188301192,-0.44666996979052603,0.6832099071928156
1.6872911797105155,0.08272138457751121,0.3831638083219693,0.8395371625850909,-0.6433355985339136,-2.5194012110497264,-0.01159924714629806,0.7163216085339428,0.28510757895581623,1.3881684178362677,0.3569338684446102,1.8131467639254206,0.36126455349436937,0.5249414959364206,0.5801464590226759,0.26664526304511144,0.5233978083674967,1.4206790920314536,0.2270584435132822,2.028514919995451,0.31821608339552004,0.2983231001308886,0.5305854409343536,0.2011442161456102
-1.029589864838886,-0.9559434384945731,-0.21498825553528328,-0.4404439636301239,1.5057580774204458,-1.1635590720308047,-0.4103233678002913,-0.30170651728949077,0.8904817035937456,-1.0293075893972277,-0.9445954504018207,-0.9648279129433671,0.37202651265276454,-1.0545952490796051,0.7743684739171285,-1.2705741400749095,0.969343959998507,-0.7571768542314214,-0.7404983162036538,-0.9027545362751207,0.0527234467848124,-1.0332909203481193,0.4985261209739515,-1.1577283231158468
-0.6151645271451374,-0.9733063603796489,-0.17244415994205026,-0.21057964855793906,1.326050516529795,-1.1635590720308047,-0.4103233678002913,-0.30170651728949077,1.6260898450263905,-1.4251380734433148,-1.4482248745245072,-1.2079331036407552,1.2992117492340138,-0.903655106122427,1.2151463141158763,-1.0461289542647443,1.6368174088724565,-1.4008707001187428,-1.443460839195318,-1.1951674472304927,1.2163240549297056,-0.8801806846834603,1.1737954113318774,-1.0017580502011023
0.809833024215933,-1.383780573232046,-0.3574332970670245,3.0441315355712497,0.022535603382183328,0.19228306698811726,-1.606495729762271,-1.3197346431129244,-3.029125670750383,-1.21678411620046,-1.0117266326414915,-1.1313149060192937,-4.175599334415262,-1.4277374076718226,-2.759531925163724,-2.594613386908682,-3.0478846017530956,-1.1965206846744747,-0.9928007686471033,-0.9325130410615252,-4.21703661501587,-1.3648743986209995,-2.731948111412043,-2.486897878926461
-0.3679023144518009,-0.9689346134745275,0.12751448733368356,0.40109637619727956,1.182639948672789,-1.1635590720308047,-0.4103233678002913,-0.30170651728949077,1.0470048537605228,0.8085180725196418,-0.8075515102179057,-0.2664676517782229,0.8271440761939514,-0.3232926454634046,1.0123504740117168,-0.5763885352262412,1.2991363712624062,-0.3199927200535311,-0.9107282568986734,-0.3879102737600081,0.9368617605283405,-0.7849350556209413,1.1128881995263942,-1.0260014667518373
1.699355082726127,0.24851038472805262,-0.08328834486838126,1.8462856673898853,0.019237820603558,-1.1635590720308047,0.3871248735076952,0.7163216085339428,-0.24602202776889895,0.659956942811422,0.6221491465887186,1.1601857789059162,-0.5355760179384154,-0.25235049094874146,-0.5168424454704326,-0.09610725779208563,-0.15016763788060034,0.5664743931257856,0.4781332777229071,1.26724742212653,-0.5186733312473049,0.4097666463845292,-0.40878902125638406,0.3753485687335767
0.9209766510527578,-1.431440053833083,0.32268930270785834,-0.4387421352187787,-0.1497304567561959,0.19228306698811726,-1.606495729762271,-1.3197346431129244,0.7683315974809621,-0.48373571876780136,-0.38829337847280676,-0.605333542083582,1.4552039314405274,0.6084466217874581,1.3852826072285813,0.5580827189290837,0.39878369387694634,-0.2786692820129963,-0.07001951734781348,-0.4006169904280574,0.971373820704375,0.39385817510946347,1.0196598960714771,0.24750040648209576
-0.6287646929516376,-0.751289768820378,1.617657198935027,-0.41043553265849336,0.6392044103219626,0.19228306698811726,1.5832972354696748,-0.30170651728949077,0.32656577440760404,0.5013359089599719,0.24072780622133189,0.4855645333084642,0.12131212687769735,-0.1567763927136967,0.09395992278667895,0.5646878134979768,0.08319116507414738,0.9106669019555709,0.4413835364435787,0.7891785110316093,-0.22591673943683693,0.29724988575915584,-0.5022388639382516,1.1393679721573133
0.13158824787227646,0.39580177522408083,0.15334154823083926,-0.4415766871002872,-0.04266534443878978,-0.48563800252134365,-1.606495729762271,-0.30170651728949077,-0.2647272696871355,-0.31112774519601444,0.3384174739515425,0.32677251970106974,0.10283411078901784,-0.6803758998681443,0.6380728411461748,-0.6593355866669781,-0.3400213554466499,-0.26895536539496656,0.4303238678946219,0.6055924582596004,0.21123533598576733,-0.8016999519646496,0.7292988283146257,-0.8105541381670833
1.6796139799153242,0.13685180734447783,-0.18633999412566501,3.8091438459836473,-0.3685663250066535,-1.1635590720308047,1.1845731148156817,0.7163216085339428,0.43342283011858784,0.47957779031788184,-0.19524895516234092,0.40830363302487127,0.6751748826164277,0.4005340777573086,0.7971300266047334,0.6843847024896065,0.17781958708447998,0.5111115800002799,0.117793097341622,0.5580691964199129,0.7998231263606947,0.8748087856219927,0.799722147039652,0.770199578881868
-0.16091971005931135,-0.7966705399358511,-1.1562257705467267,-0.4398894681250163,1.4909177038928647,0.19228306698811726,0.3871248735076952,0.7163216085339428,1.2500362336864717,-0.2255581578866851,-0.9754506458269951,-0.6449149351537309,1.198288720742778,-0.248405710183585,1.0924246705946032,-0.3981183314157519,1.4419117732819149,-0.5437130785101061,-1.1662149386631873,-0.8068697524235413,1.284135731695093,-0.06258912683197994,1.178004613196347,-0.1560306306659206
1.012982603339196,-1.4359469447625253,0.30853067121173,-0.42845163618684773,-0.1378665329761977,-1.1635590720308047,-1.2077716091082777,-2.337762768936358,-0.51808264967911,-0.2081172466321568,0.10525706015878686,-0.12507610509784847,0.6587012611702573,1.0101356630241662,1.0177743404304123,1.1577067444220759,-0.06190359113624708,0.3436347839067422,-0.4047178238601311,-0.434998016452534,0.9089490014908421,1.3077693276452553,1.1470666319118332,1.551391149826787
0.4015949775018532,0.1293425802981399,1.3288261483741677,-0.4377485027340016,-0.5465296149204774,0.8702041364975782,-0.4103233678002913,-0.30170651728949077,0.19118528286781275,-0.9365050443592242,-0.015183713075288091,-0.8805862823264344,0.14737049609924943,-0.8924415628697263,0.19747877865902175,-0.8686664873343859,0.06817701655239113,-0.7963774868049804,0.05556896428150934,-0.844652269858329,0.10389195439147776,-0.8754347160887845,0.13689077012669898,-0.7360848021807459
1.685303256566832,0.14007155366607557,-0.6052856297278211,3.8110296510901933,-0.08171792851054513,-0.48563800252134365,-1.2077716091082777,-1.3197346431129244,0.8778247527351442,-0.009584823745301521,-0.5979506405817362,0.0015672301969097554,0.45248294981616305,0.9909091971733257,0.5778510445548829,0.8228935630622196,0.47563959499838215,0.40307700130295604,0.1342697845807039,1.5032233922956817,0.14948908225390456,1.3219382257451802,0.3494848348486564,1.4102901723964931
1.4282893887418713,0.8110686012627568,0.4187731553001456,-0.3016056747366587,-1.2654668451015247,0.19228306698811726,-0.01159924714629806,0.7163216085339428,-1.7027667628143768,-0.18683810372707876,2.498377072873669,0.7274503081470337,-0.6602021352066832,1.293260407307938,-0.9097830354838683,0.7921639905929788,-1.6593408447569098,-0.09902062702622129,2.6080938983551833,1.1028106886153133,-0.4764800654950561,1.5048096618309172,-0.9344012428917283,0.9958497240684404
-1.085852308483213,-0.9063757489296919,-1.0986407303846,-0.4033531712436576,0.7836004831431314,-0.48563800252134365,-1.2077716091082777,-1.3197346431129244,-0.36517288652265656,0.1050470372941438,0.23479096975172828,-0.056211756494354725,-0.19037948327574583,-0.5234445358416716,-0.02963521575708961,-0.012614217283989157,-0.18361504216388388,0.49018112760851823,0.11039085073407529,0.2207597512798502,-0.3382612218904654,-0.22189685352908275,-0.2111330611570517,0.5674756246134411
-1.094931355640717,-0.8672213820968674,-0.4262948039209386,-0.44004199448408343,1.1366701603196203,0.8702041364975782,0.7858489941616884,0.7163216085339428,0.7632888270435894,-0.2361461305309574,-0.6488916278212694,-0.6017396342359351,0.09834178142811516,-0.6664520740182517,0.258479316776424,-0.8486997652229153,0.6835023434008478,0.06110301594403368,-0.5018083207250364,-0.16801448010576603,0.3357269189427476,-0.47698166504558653,0.31395600812847785,-0.7077242979213998
-0.6561509392122171,-0.9703265493641273,-0.24114801925188714,-0.23125354129587278,1.0236716917126394,-0.48563800252134365,0.7858489941616884,0.7163216085339428,0.768169325366002,0.1712366776848621,-0.6237393060481665,-0.708490445172461,0.8342084880633556,-0.27097878874407677,0.9550052172851218,-0.45701675493436117,0.9102644032524175,-0.7592470717417862,-0.7246010501242146,-1.0808457757067846,1.0318746641055068,-0.9662657851546189,1.1045808043726393,-1.104094309637948
-0.5946251260481936,0.27250094344090614,-1.2418158478014085,-0.39840246804555307,-1.5046994773146825,0.8702041364975782,0.7858489941616884,0.7163216085339428,-0.7322045428854623,-0.4027404975392885,-0.1756228958881374,-0.47798377219559235,0.03334928752720486,-0.150302266313242,0.08980883821710962,0.49318874695965614,-0.7885321561313592,-0.2773009800251913,-0.17696439281955023,-0.5568589247365754,0.21202745358582717,-0.19396043950426187,0.22644214805944304,0.25027539380259317
-1.4032441704833611,-0.9932867988570888,-0.8843170247444614,-0.41395055805807524,-1.163471180081215,-0.48563800252134365,-0.8090474884542845,0.7163216085339428,-0.1204315426692588,0.42564206367121726,-0.3569870432655522,0.3676582032385524,-0.8429994387109478,0.38350226298993756,-0.6936444928039973,1.3263593017700923,0.08547283061288757,-0.6197550409390495,-0.5518436343707537,-0.7892267938568182,-0.24893118975442502,-0.28942350179849385,-0.34125222961919555,-0.34789681728227606
-0.5316952274298317,0.2921927842185133,0.6862764163317564,-0.4401621976009466,1.0224575747980973,-0.48563800252134365,-0.8090474884542845,0.7163216085339428,0.6774141222874643,-0.8352243588944223,-0.6829922080554675,-1.0602195925143134,0.473851533027771,-1.0653490726694692,0.6222124279930099,-1.1826890588883132,0.5749061791781354,-0.6962802480653235,-0.5892044385065179,-0.9981062726325801,0.302186461973261,-1.033804346103556,0.43789675646329973,-1.1220971929793764
-0.598702483629898,-1.1016376153119973,0.4094032462127265,-0.4133559528544271,-0.4806482077600126,1.5481252060070392,-1.2077716091082777,-2.337762768936358,-0.271720000902338,0.49755589464477673,0.3401759918831094,-0.03728085493848752,-0.21598976313253465,2.4102111196397247,-0.803266663771211,1.706969653772595,-1.3166533157828038,0.3241055628729795,2.2352241632560474,3.878022878576841,0.1572023846184215,2.250565401067606,-0.98817231949249,1.3641183330400286
0.8787524429751682,0.9306483211824795,-0.5266869421210653,-0.433980826934444,-1.5904970073752616,-1.1635590720308047,0.3871248735076952,0.7163216085339428,-0.27512776100122144,0.4755336774946212,0.12870861532784783,0.13626457974916392,1.4282976040803805,0.03919309153315023,1.2042456956060847,0.09995708935716886,-0.11454822018782494,0.20211697786394006,0.1659096107327455,0.1620234162712624,1.4800969263925368,-0.0938676377318129,1.3067774279489928,-0.0811321104459584
-0.42852563250211695,-1.0105932155495754,-1.2408847085096197,-0.438752049523434,1.5803951711885516,0.8702041364975782,1.5832972354696748,-0.30170651728949077,1.4502204506764533,-1.5502756574700192,-0.9792755422271033,-1.3233718010644933,1.2531610848922865,-0.8022215790380319,1.2310135583350605,-0.9500248740588872,1.389214343703177,-1.4903016825713222,-0.8889360830053397,-1.3171030018664076,1.2448824127048246,-0.7709492478928344,1.2525511075710234,-0.8823570771362238
1.7066496936077713,0.14258705941450833,0.3390406945856417,-0.1796274073399309,0.6520854693742857,0.8702041364975782,0.7858489941616884,0.7163216085339428,1.131227553463416,-0.04248263030909667,-1.0271639421690193,-0.4075013792650496,0.3614854057067978,1.1846946802130622,0.8373460547544679,1.0859805202765689,1.0158255385527506,0.014543609971226947,-0.9599583590125366,-0.33161107273285306,-0.2424420066984399,1.160693883714286,0.3196976062538862,1.057628136561646
-0.7999610933701834,0.48991285387264777,0.9262369854753538,-0.38913956973246766,0.09788638714693086,0.8702041364975782,-0.8090474884542845,0.7163216085339428,-0.8710711894985945,-0.1903732967975711,0.3543244676320649,0.5772496019710438,-0.49431143784208253,0.5325899930778958,-0.8982927417268014,0.7137377286299788,-0.8314870691305913,-0.4324121786376954,0.6654935156503907,0.8306783003646562,-0.955724217080537,1.0082595584609437,-1.3030190982893595,0.6868428841771789
-1.0097310317127048,-0.9586091977566515,-0.2325991691544817,-0.40380418040298843,1.1287353083047211,0.19228306698811726,-0.8090474884542845,0.7163216085339428,-0.11270351593314275,0.08176010315232365,-0.10450819093766742,0.43292352112800286,0.1250713317207078,-0.6439548758268189,0.4280041193019879,-0.5005084785665923,0.02150590231272249,0.5708793772596915,0.021213643730584625,1.295914039304011,0.1655816609998683,-0.4044757313770852,0.4234295801954337,-0.17322931442395473
0.884491819277247,0.8832900332693365,-1.232066208657582,-0.23338210746985852,-1.598330019153243,-0.48563800252134365,-1.2077716091082777,-1.3197346431129244,-1.0175570418518305,0.2072270713523478,0.6136309256945248,-0.18767084668641035,-0.24440822532794,-0.5464034505477584,-0.970827865351907,-0.2005181529833667,-0.9434418475753203,1.1972649519587597,0.3616325302178606,-0.10434244054476852,-0.3982726007167632,0.3266137822198184,-1.0191871161041748,0.023674199587582788
-0.5319795352778232,-0.6728107984365587,-1.235663256531615,-0.4286783228492504,-0.5922442059409428,-0.48563800252134365,1.1845731148156817,0.7163216085339428,0.014086832575089173,-0.0012783794775179345,0.10658590022030204,0.1341678513129102,0.6907036282540834,-0.835310301141064,0.9326500028471332,-0.9116916028247394,-0.06770441181018683,0.24806471459565924,0.22565144272920973,0.4395594481127661,0.5462955863539025,-0.6077881449940259,0.8642083535146814,-0.6115656903321823
0.06071062369421504,0.16685072171426926,1.0776067675953576,-0.4414006786236764,1.372558768833413,-1.1635590720308047,-0.01159924714629806,0.7163216085339428,1.3961911459494005,-1.1549119402274814,-1.282081858867987,-1.3298476338417633,1.274463912752622,-0.7840959332196064,1.1651318930119814,-1.005377311095711,1.539765943360144,-1.487064193164349,-1.3608873538147666,-1.4546847363511524,1.2444002740731122,-0.8096013854550931,1.1471672565146218,-1.0049335589658648
1.5309746230120926,-0.13467653335713542,-0.8464773919194555,2.7717490078334315,-0.919041922527874,-1.8414801415402655,-1.606495729762271,-1.3197346431129244,-2.6163362840231525,0.566342567955682,-1.0369548104835515,1.9545799881629178,-3.0115561275780225,2.799634942333266,-2.29541180352301,1.322014928879629,-2.6360537219009355,-0.5382848080076849,-1.574514379172665,-0.8026211346276654,-3.8047910062963854,-0.6978612027491056,-2.703204758797,-1.5594483770475236
-1.2875290262278516,-0.8932954432811572,-1.014431418445282,0.007727674014195265,1.1585285850336744,1.5481252060070392,0.3871248735076952,0.7163216085339428,0.6916439979540846,0.26272913990475455,-0.6534569801695171,-0.37954450808828416,-0.482797818780545,0.14727591329686554,-0.2392009507853461,0.22971992433771646,0.11244780062029758,2.9991827433999254,-0.6294537116503022,-0.5642372262907708,-0.8590446614431284,0.7216897495994855,-0.7793763556023675,0.9012336038572637
-1.1100763072764221,0.2205821970501409,-1.0874063798575575,-0.40737284045140393,-0.20707180323521288,0.19228306698811726,-1.2077716091082777,-2.337762768936358,-0.2653229070280286,-0.3597087621409511,-0.14056512237073393,-0.3546768990050037,-1.0052939377953687,-0.3190896051965385,-0.7806988930015633,-0.24519444403407517,-0.0506710527838315,-0.460612965548755,-0.3340345717187013,-0.6738324896319885,-0.8016101831099746,-0.12230706733266489,-0.5837236332235665,0.016793741195571917
-0.3411322009802026,-0.965869848105372,0.7787197698520694,0.16906540317386012,0.8830871546751095,1.5481252060070392,0.7858489941616884,0.7163216085339428,0.6963490669630266,3.2676774348368167,-0.7698663110791581,-1.1781451984543942,0.41909114357064897,2.125329145756693,0.6751185495210232,1.439161820068997,1.0936834207124349,0.15084433914149947,-0.7126591155465594,-1.075048436419676,0.6137775956788033,0.19554415010743023,0.5493067873153439,0.927431267064018
-1.5489742760118796,-0.9931739907178357,-0.4936309615092351,-0.4329991681467278,-1.5888030810268698,0.8702041364975782,-0.4103233678002913,-0.30170651728949077,-0.46817629929635235,-0.9554498391862004,-0.0780587223921342,-0.4124485921237719,-1.2154165922533278,-0.5783346642140051,-0.9621253516726898,-0.2787343889721918,-0.4071976909619094,-1.1217777487613039,-0.1424636796668825,-0.6345886590316169,-1.0571715880759966,-0.6033351639228332,-0.7960434133525179,-0.3947954540640843
-0.9823344169271848,-0.8264065327967427,-0.14319077789946688,-0.24006513093602655,-0.4762844521423046,-1.1635590720308047,0.3871248735076952,0.7163216085339428,0.06302000711525545,0.5397808123138518,0.10098917710519045,0.5981859754787145,-0.47570577060408403,-0.29928826789472784,-0.38935298229660287,0.12219224892071559,-0.02048157757939434,0.4108198599050777,0.061242818027492325,0.5028644801752916,-0.5187850976670593,-0.3180836915956113,-0.38827350692542184,0.2866982230107988
-1.4987238932776228,-0.9332270628638638,-1.1494514375346314,-0.337613540436087,-0.33794752575161785,1.5481252060070392,-0.8090474884542845,0.7163216085339428,-0.30739853143074236,0.23259415072606382,-0.1872494970579591,-0.03683707578337358,-1.5195300411189394,-0.7400941940623834,-2.0046075497625577,-0.6649776480641263,-0.22528594648152075,0.16119889294281797,-0.15094086834611672,-0.19438716608123285,-1.4230058361421951,-0.7333457480931955,-2.011624068260583,-0.681733840165477
0.4205050607761836,0.136575772089551,2.466272261913931,-0.4395645737524337,-1.0485123784631742,0.19228306698811726,-1.2077716091082777,-2.337762768936358,-0.5512878553111643,-0.5176138384311209,0.640621737998764,-0.20287221467749347,-0.6348885168115092,-0.5214928350626453,-0.5720183319151245,-0.22985300128413097,-0.9312416030096142,-0.5674332427715127,0.9232479717543826,0.09777005761007483,-1.1093705353699077,-0.3552204504649835,-1.1497066974934755,0.13370812258267087
-0.45376172266332293,-0.9071202040363545,-0.5191156760269585,-0.4349965500554097,0.9564992555826239,0.19228306698811726,1.1845731148156817,0.7163216085339428,-0.628196431814411,0.2084421815196265,1.0077671500334737,0.12418242959574739,0.38146669395295624,-0.8148980381193591,0.5620391099347517,-0.8688957373547646,-0.11098131698970205,0.4649833507056166,0.6759948177033568,0.23040878858898736,0.5614149593432612,-0.6699444285472873,0.701233861919562,-0.8513083315312258
1.0922426632898987,0.8203684878201966,-0.2412963923104981,-0.4397913587751747,-0.7965933735869227,0.8702041364975782,0.7858489941616884,0.7163216085339428,0.03815262782249557,0.5994236370365092,0.9093857053287745,1.0440356368992674,0.5725079078522903,-0.4337724659614134,0.3421237369603378,-0.4836212655708541,0.47694713632872016,0.3311936717045863,0.5197594223872763,0.8184708679337909,0.8591980638782732,-0.7199685602352982,0.5455420542274393,-0.7982482051794891
-0.4731330523119696,-0.9121022782661127,0.18702750332784635,-0.4398653981066001,1.3775355741491395,-1.1635590720308047,1.1845731148156817,0.7163216085339428,1.2700321602307945,-1.3909219847987253,-0.7841610635469666,-1.2492662999478443,1.3670574535945215,-0.7621234633112859,1.343891195009727,-0.9643741206282188,1.2171328739198493,-1.2207553517759717,-0.7632264475080439,-1.2459379821026562,1.291696562868385,-0.8508251592948973,1.3212999564379093,-1.0271751259020412
0.8290260827504096,1.1463445994140138,-0.4337830282485165,-0.3995991741889742,-0.22497652351183428,1.5481252060070392,-1.606495729762271,-1.3197346431129244,-0.5949906779657519,-0.7610868955920062,0.08984217173488677,-0.3583417455280035,0.4617153823253752,0.3620801476297186,0.3992935895401359,0.7242170570001956,-0.6472043533922491,-0.25000711253534397,0.1926040585808248,-0.3736889570885051,1.0802414563394738,1.032022456436971,1.0654973570771133,1.1183139538287399
-0.5391402911277913,-0.91668076787192,-0.05989808648926504,-0.4415927900182695,1.0241779634235835,0.8702041364975782,1.1845731148156817,0.7163216085339428,1.3733705333498984,-1.4468969117699035,-0.8722616928616085,-1.2149121842374588,1.0607328142715269,-1.26614394933292,1.185562950402434,-1.462961921081598,1.383204187146127,-1.4931860973289315,-0.8695655934407915,-1.249411657027796,0.9969463987858576,-1.2774680639368008,1.1300832323080992,-1.4469714752708884
1.5434488053314352,1.416712938717777,0.19035848716776532,-0.3414617699609691,0.04611905816905962,-0.48563800252134365,0.7858489941616884,0.7163216085339428,0.33165646811316224,-0.07042335285678643,0.011498319466694691,-0.08912738868629506,-0.049633965779687976,-0.029417516612343025,0.01091311070089999,-0.2746991701308873,0.20987724507876104,0.4087997792177527,0.01704665116773619,0.024060927179452678,0.025199237455644972,0.3618382877216378,0.06549448622255535,-0.091046657672853
-1.2981207387740277,-0.9975276922394335,0.11570303975803964,-0.4350921146343315,-0.5167785310741796,-1.1635590720308047,-0.01159924714629806,0.7163216085339428,0.11731720702308727,-1.12037897192774,-1.010322615938402,-1.126969847032752,0.05920162331476746,-1.3391664906326157,0.39114099871110575,-1.5027223488887027,0.0572461239702239,-1.1664564915532245,-0.996774647357322,-1.2516729892231138,0.11387904635246832,-1.3675758401768061,0.4568007999318226,-1.5145226871821051
0.9695156745028686,1.0659380228796274,1.3044799096878885,0.1732124649734135,0.4596605811617832,1.5481252060070392,-0.8090474884542845,0.7163216085339428,-1.5917226114163598,2.4382724075775677,1.793956953951963,0.9925998875738516,-1.745639346233205,3.2054107626865864,-1.0596392157294332,2.438543216807888,-2.6089279199048625,0.5887128595230793,2.501514713336448,0.18156383405470622,-3.561720425927567,1.3537992774059897,-2.3802146820235213,0.5002279225999484
-0.6762980138535675,1.6059779414214124,-0.4798934721994313,-0.44166283718968685,-0.324793914228169,-0.48563800252134365,-1.2077716091082777,-1.3197346431129244,-0.6809990105192473,-0.42547931482617,0.5386770963352274,0.3527114156588946,-0.7125343415472217,-0.6236415679062846,-0.5800938859480237,-0.10929103021331965,-0.6289014603115716,-0.5627294184133633,0.37551324509009726,0.01699025636153115,-0.6563280314443614,-0.6829515720898113,-0.4618853134418169,-0.2985144929819626
1.0640486605556054,0.7661462144481763,0.9457253701119134,0.14356324466513182,-0.9811111962912148,-1.1635590720308047,1.1845731148156817,0.7163216085339428,-0.24763666272358414,1.2963817845774646,0.9117878408232954,1.507714957256961,0.7556346551961954,-0.6878799580614984,-0.4945572604769825,0.8276026697272616,-0.6403209398407502,1.2209398073874933,0.6155852066014876,0.2770651317890439,0.6142070790943269,-0.4822997642218329,-0.5287183845732372,1.0256450092770881
-0.5590563698798765,0.33272700388826226,1.2822431104558887,-0.39452209617104317,-0.8921285323043063,0.19228306698811726,0.7858489941616884,0.7163216085339428,-0.9909550138526964,-0.5346851402894467,0.258600103555647,0.18357511920186106,-0.45147206473156015,-0.2703300337758652,-0.8293331302699641,-0.12049917225357139,-1.1058379710051018,-0.5318388218948643,0.5365267356263382,0.3533077602978182,-0.3933234682664445,-0.20112843829306357,-0.9732362134586945,-0.16556372288552468
-0.37975790553420197,-0.7966300077049113,-0.2567816756695504,-0.3399604784052355,-0.05018796356742014,0.19228306698811726,0.7858489941616884,0.7163216085339428,0.017644118752875734,0.7030729841081979,0.22158074325189708,0.41898480946125294,0.20496074810138754,0.07735193133662226,0.36040983962097894,0.4431540472751777,-0.3011400031177954,0.6973681444691008,0.5812115776473867,0.6144237441122841,-0.2122266121634258,0.04218621656577539,-0.10887674093273007,0.3504783588507691
-1.3260648424522088,-0.9208787045259793,-0.3307654691108403,0.18306798674737063,0.04048398364154845,-0.48563800252134365,-0.4103233678002913,-0.30170651728949077,-0.27560205973363067,1.007558387038553,-0.10174555926717556,0.19737638175834968,-0.047985603010160346,-0.4695493943554342,-0.8700374694615378,0.998890490715125,-0.27228560744967173,1.0333633446291604,0.006252733070966258,0.338506557449496,-0.33218572568514815,-0.49144548245486314,-1.104173108885033,0.661894893332938
0.47058390106552533,0.22103005084306415,0.15194108901982895,-0.44143283227909014,-0.424612415400567,0.19228306698811726,1.1845731148156817,0.7163216085339428,0.2997230336343352,-0.6113546721345186,0.44146862305720047,0.004763464687009757,-0.01904486226018462,-1.0488826997750418,0.10892172022295789,-1.1012473679635943,0.049118575238674286,-0.4730265953442072,0.7853570392083435,0.30787996977322146,-0.27359443514589527,-0.884596908162421,-0.17708805629974822,-0.8177507711166103
1.6708883649822177,-1.7353529774210108,0.19227945752891193,-0.12157368595579553,-0.512804910678908,-0.48563800252134365,-1.2077716091082777,-1.3197346431129244,-0.43106971019769313,1.4149321991981367,0.4086514811488301,0.639092410966515,-0.7060605842679506,-0.07525935471924577,-1.2702872560433833,0.836253752070727,-0.6329749754642532,1.368311985031244,-0.03924961895276519,0.42526021623294896,-1.0312904046405025,0.5558808122027383,-1.3026927634916299,0.5851659951633952
1.6616647669448052,0.23919402365394532,-0.03662762871973654,-0.43040471637304756,-0.36898001955686693,0.19228306698811726,1.1845731148156817,0.7163216085339428,-0.7071713280698125,0.8036566037298144,1.5239367253914313,2.3833052096441456,-0.06604326133874305,0.13598194129041072,-0.2510435953347871,0.4436189553313364,-0.5331620878991796,0.6836317691077665,1.054330964380317,2.026249915933994,-0.4822684305171378,-0.09475464941005,-0.5230963541969104,0.15287708900663036
-0.4585556047755388,0.2590666770054926,0.060015192855657665,1.0575696560353218,-1.2644999019351315,-1.1635590720308047,1.5832972354696748,-0.30170651728949077,-2.997469268395745,-1.2956049649337613,-0.18258902487614018,-1.118844894099903,-2.7483922525570996,-1.1474100309117214,-2.7471149906905374,-2.0646593972723113,-2.446895241620954,0.8589842554358255,0.4833374811265505,0.8625162456359352,-2.0205344822260107,0.8832677539785513,-2.0254858459035576,0.9777805501348811
-0.6139952367829667,0.2935995028026828,-0.6879406588868957,-0.4393683618362222,0.879847036914626,-0.48563800252134365,-0.4103233678002913,-0.30170651728949077,0.06058455484933912,-0.5351334009201678,-0.35865423816362746,-0.7031288011050987,0.3734721774046713,-0.038550118398950964,0.4112995186031159,-0.16396591770331967,0.07927541425520346,-0.4374179999830202,-0.3806705323060366,-0.7201383039523432,0.3575884489615194,0.24165834719634532,0.4436770229377939,0.2406498735573895
-1.2526391596636317,-0.8719696484601515,-0.8198356287880958,0.1290365645839387,-0.16212636043975273,-1.1635590720308047,0.3871248735076952,0.7163216085339428,-0.04444342184512828,1.30050647636158,-0.7082850513978292,-0.8316010865315963,-0.9275841683629826,0.5674064357477755,-1.3862769060391138,1.138081739540069,-0.19992284911875055,1.270537381041899,-0.36386063212915215,-0.633751025763387,-1.1857002235646137,0.4460745617946125,-1.5319450661043394,0.16461860495265324
1.1002982564036778,0.9800172590619398,-0.03829152549792844,0.4643589306453322,-0.7872193753569542,-1.1635590720308047,1.1845731148156817,0.7163216085339428,-1.727050200053808,1.2574097123281667,1.3707114627296695,0.12881115645545638,0.21687151995485482,0.7031698392758919,-0.5355749472775341,0.919617978391674,-0.3463938328624863,1.2529808273541665,0.5603954804485907,0.06074690000436016,0.6404687537007175,0.00904149319493619,0.5202703329589933,-0.10924879159405713
0.2876036571681475,0.16286709603002858,-0.7868519748761456,-0.43468413727058264,1.5712891408819518,-1.1635590720308047,-0.4103233678002913,-0.30170651728949077,0.9110601102804511,-0.8424831481560021,-0.6461820714192577,-1.1552858398267256,1.2218796442322017,-1.0226480605988195,1.232663106528652,-1.2643338446685073,0.7893214274834346,-0.9151266635903624,-0.5608879059379251,-1.2150887539575674,1.116596449082123,-1.0706675426295738,1.1749771855960556,-1.2599443756122954
0.9483713782373722,0.7898123924464431,-0.4948728377338415,-0.010192437738037309,-0.04000505840351459,-1.1635590720308047,1.1845731148156817,0.7163216085339428,0.11793349385608706,0.38973366263056647,-0.007022431354885686,-0.4302467324083386,0.9638289625048575,-0.3885763875449965,0.4576419111866103,-0.6188671385459369,-0.38381975686725983,0.41847569088597203,0.3978079448497343,-0.11582239569157204,0.5240041150481625,-0.2858243700814515,0.23483013848011192,-0.20974734954923988
1.2561703961780744,1.241359470069683,1.2386713634348363,-0.33040196393673926,1.1407136006769438,-1.1635590720308047,0.3871248735076952,0.7163216085339428,0.588235727217895,0.40066117214019575,-0.20357797551362503,-0.3317212478547325,0.92777311155667,0.361342089010787,0.8572022448859175,0.08532497467940599,0.5444734574071968,0.6023613407008128,-0.16677544804511638,-0.11199935613696922,0.9569069145243159,0.22360688146380386,0.9092595870539733,0.038068601896787305
-0.3697621154296162,0.18303857614347582,-0.8311110934227244,-0.4391628565639101,-1.542201872134841,0.8702041364975782,0.3871248735076952,0.7163216085339428,-0.44154165240924464,1.199126448732917,-0.8095900721300747,-0.9277925410580805,-0.485601236238635,0.6471984156444684,-0.5101859462422426,1.4730757838652329,-0.31017927129676753,0.6203646691894126,-0.6433610931097733,-0.6967338291827938,-0.20852289004383798,0.2565240833878356,-0.15856982737041306,0.8530703951131863
1.2530225348776893,0.899244489253169,0.24751596286318497,-0.38465191563796736,-0.9513547879884737,-1.1635590720308047,-0.01159924714629806,0.7163216085339428,-0.46280341109357875,0.2004435308901964,1.197954661132526,0.7846369525576902,0.6835858497227769,-0.48020226599231053,0.7864114229507893,-0.18082174450117353,-0.36420208514260755,0.35414507134604645,1.1790788514986041,1.0124175835842038,0.6206923702430279,-0.334217645210178,0.7149289746332208,-0.05174492274924753
0.02081923597343308,0.36007034751076383,1.2004675076359905,-0.43942894954345224,0.10858101306603864,-0.48563800252134365,-0.01159924714629806,0.7163216085339428,0.41135729452248226,-0.7683276284835698,-0.024240000490225077,-0.7356258343326868,-0.5543377350136749,-0.5282727016635772,-0.2437800126588235,-0.4539465309021695,0.4423121298436041,-0.5524754353652243,-0.1913601310333019,-0.6548235968615829,0.16371835315394628,-0.8120704224387011,0.4411127465748606,-0.7580089318814608
1.1105734123473492,0.8514244349272856,-1.1497719641419786,-0.3802233931535561,-1.1643852892094304,1.5481252060070392,-1.606495729762271,-1.3197346431129244,-0.009594754201930162,0.875586627604598,0.49988738807018956,0.9143764962054532,-0.10456493795967971,-0.35158659354436544,-0.5011049915056001,-0.15264060052430034,-0.37380959623628907,0.6775738791436628,0.8987151095073601,1.0162723265683962,-0.16072825396769483,-0.4491566506725516,-0.5944325935410141,-0.042665384447613613
1.0130584010456158,0.9940457728561172,-0.8568952940532845,-0.27633934587947995,-1.1507222623352678,-0.48563800252134365,-1.606495729762271,-0.30170651728949077,-0.6192895566395458,-0.5418460010531455,0.5280904187240281,-0.3081223730728657,0.13326406729891802,-0.07096800922756827,-0.11228714815560537,-0.047776567101067174,-0.6049171394731092,-0.3378873568615651,0.5860241006256937,0.03065801682316273,-0.030852560687530284,0.12325747413507371,-0.3030373864078402,0.40900701711602555
0.32794565324217895,0.16703207019145844,-0.4362666021132852,-0.44096181062232237,-0.00629933362034484,0.8702041364975782,-0.8090474884542845,0.7163216085339428,-0.13398985299524957,-0.47339340271631103,0.18494649837516067,-0.6972569542759578,1.05708529822807,-0.8265174415039344,1.0312416769074166,-0.9004884302658193,-0.26313855336698017,-0.3379992176845255,0.2554591549356081,-0.6778448541870229,0.79982358423214,-0.6202969951037545,0.8469507562131081,-0.6819528516550982
-0.659556575389108,-0.830164885494581,-0.6179203175749038,-0.43520195734424305,-0.6136303120635394,0.19228306698811726,0.7858489941616884,0.7163216085339428,-0.12635356117096908,-0.15441001981388153,-0.0660084782660712,0.30210279218587843,0.1265365324827756,-0.3152777260134471,0.2582486030305732,-0.04002286846543883,-0.23624633453058427,0.4345824857227875,0.1670571098022369,0.8391168756558959,-0.20608815863440383,0.15021468736712584,-0.13781343963795809,0.6659533927848845
-0.12077077563201384,0.0705177162886788,-0.4639904083917388,-0.39439394508661463,-0.28883890360904335,0.8702041364975782,-0.01159924714629806,0.7163216085339428,-0.09076283666873378,-0.8806477601005922,-0.057126084294776495,-0.9887492678234717,-1.4996638247375098,0.09512435625580279,-1.5441147241776716,-0.2797016069703214,-0.20040242356198804,-0.8211539782202587,-0.09869676525984936,-1.0401440351338358,-1.464422139839217,0.300324859577044,-1.6878832650410271,-0.007459650510931617
-1.2277287998388309,1.8001010703198042,-0.2794281097348782,-0.40006295089250676,-1.0357029649200802,0.19228306698811726,-0.01159924714629806,0.7163216085339428,-0.08355406242660367,-0.8052821423493555,-0.31174417368641216,-0.5867218211526803,-0.8338351439932725,-1.1862602251888417,-0.5666021779903211,-1.1876148610945803,-0.22551317081909106,-0.7443272197674583,-0.4169089915262382,-0.5708788261167015,-0.7647707623783871,-0.9533054337587026,-0.6562976073190634,-0.7786831366840731
1.3360227948924843,0.27538728079740143,-0.2677128890240093,1.2592963650759568,-0.47522670872482015,1.5481252060070392,-1.2077716091082777,-2.337762768936358,0.2681982946342347,0.9726972554588385,0.23529850200656868,0.8626028113543666,0.2436844556566709,-0.48709794999864825,0.1456660243365123,-0.6332786344077389,0.25125601682457777,0.9173391846425081,0.12224299453441559,0.5698242728540042,0.08785615170470956,-0.2234717956196003,-0.017054184033602735,-0.35639779654935033
-1.6194021627253457,-0.9194671140323251,0.02786885958462575,0.5481317576386687,-0.3444475240375895,-0.48563800252134365,-1.2077716091082777,-1.3197346431129244,-0.10709238193095544,0.49928146674589263,-0.2535407471874072,-0.2547199640207171,-0.2288142008270633,-1.011933952172878,-0.4290829029741814,-0.8281937236111356,-0.01454729902128814,0.8701547396091356,-0.19382929780771518,0.012739489180598194,-0.16832315077650364,-0.8084397382191298,-0.36643401439033113,-0.7294803651875885
0.11361119079123329,0.299223664292265,0.8046046385337956,0.02926272039698413,0.7410837415204514,0.19228306698811726,0.7858489941616884,0.7163216085339428,0.3972341840396069,-0.2568706023115537,-0.3253857166752769,-0.7680696418466991,1.1500852833789286,-1.2231765794170795,1.026668829100446,-1.3520352512095692,0.2697936901803333,-0.14765817336538,-0.2694455899814018,-0.7218413333791217,1.0221416907965586,-1.1686440729824035,0.8358601088768812,-1.1903853416198382
0.21605747465807806,0.12348517995009811,-0.44544959281582946,-0.3283217445339588,1.2328231498076412,-1.1635590720308047,-0.8090474884542845,0.7163216085339428,0.32625077828354704,0.14797249071380977,-0.44126233655060304,-0.957928106533441,0.5328445658570736,-0.455970358252669,0.5687441317673698,-0.5161223273590059,0.30095405783676876,-0.2086168749152724,-0.3139945120093071,-0.960501885484386,0.4686016701884581,-0.5303270732497982,0.588357909608938,-0.7173360549769991
-1.3582691028971041,-0.8327790379902003,1.1895212812825928,-0.3515042858822922,1.1270112038425766,-0.48563800252134365,0.7858489941616884,0.7163216085339428,0.546146123291764,-0.5859713998595782,-0.30517930651733954,-0.8011447775228783,-0.9603181352029321,-0.4457553518448507,-0.8911923994929832,-0.11620227098740785,0.6222687072174222,-0.46094683965181377,-0.38451728701681187,-0.6426084624675968,-0.8766887375808856,-0.45141791335379206,-0.680892980059184,-0.26293248101756594
1.554182219914632,-1.5160159357379548,0.5148109285267548,-0.4291976654354269,-0.6793600583700359,-1.1635590720308047,0.7858489941616884,0.7163216085339428,0.4269928889327198,-0.18801054688478197,-0.8296070419472024,-0.35313144308994326,-0.3174483641950118,0.3831927509582496,-0.04631359397672909,0.6011941464636185,0.4579259284901902,-0.34252254947973115,-0.8313040954705228,-0.42903786124736243,-0.22938099479062632,-0.056712634218121165,0.01032604844956984,-0.005515379010680765
1.6135808561334897,0.28208063540603323,1.9012667975178823,0.24167471999446644,-0.4929967905279593,-2.5194012110497264,-0.4103233678002913,-0.30170651728949077,-3.9674729012892938,-0.20379181427889378,0.5740866134052612,0.6817948886815766,-3.911390616392368,-0.8090767713269627,-2.719287761836272,-1.6112396834353202,-3.060529007994686,2.856410526424125,0.7007698284828191,0.950800266579926,-3.0465264978283706,1.7154242260331252,-2.1179037650358477,0.7971061094871429
-1.437442874226254,-0.9151917773132336,-0.841032403241504,-0.03155906828707752,-0.1674678735273179,1.5481252060070392,1.1845731148156817,0.7163216085339428,0.2587904408522035,1.3979819585537268,0.28593378689022536,0.567766568473699,-0.5612601534433732,-0.6650591589394445,-0.6458317463135643,-0.3819845179450576,0.5720956890492723,1.0525203152261788,0.046564015980289745,0.5785608962064719,-0.7470158813509105,-0.6130514029158766,-0.7580154816442688,-0.3804694888995177
1.6791579465656967,-0.1343523864209611,-1.242158729934173,0.3148345291028654,-1.6586094349261529,-2.5194012110497264,-0.4103233678002913,-0.30170651728949077,-2.3491952459950265,-0.8015485219813193,-1.0229079690777774,-1.3595415561368123,-2.8444397599954483,-1.5210230027879834,-2.759531925163724,-2.594613386908682,-2.37900333469937,-0.6292813344237473,-0.9005630334466157,-1.3101236351345504,-2.705691939091518,-1.4771640456210269,-2.731948111412043,-2.486897878926461
-1.1905338990829761,-0.8493752927750001,-0.15161808852659822,-0.38182641074581597,0.5126450270646696,-1.1635590720308047,-1.2077716091082777,-2.337762768936358,0.7240541067706071,0.2195412586731814,-0.5479732412360687,-0.30221978904534696,0.28143422163222487,-0.48977916730827653,0.3706013494066562,-0.7068773068086841,0.8667904519676656,0.08070317129780125,-0.6686203213523633,-0.3188409492056242,0.38997690137508095,-0.521383226640091,0.466918873117181,-0.6570938164721071
0.28773974409957903,0.3742474119877226,-0.9617550792926665,-0.32657282988442876,-0.013537812065086162,-0.48563800252134365,-1.2077716091082777,-1.3197346431129244,0.5969517316449265,-0.48529699717903385,-0.22719650995355176,-0.4030648033093257,0.4460470256882759,-0.047889949029713844,0.5033818478186664,-0.2720412822733987,0.446037161517031,-0.13772439749372284,-0.25633737032056114,-0.413891323866559,1.0107612960280636,0.5477816926250217,0.9324345279551683,0.27770012743663985
-0.7761212598292682,0.49080076138382317,-0.5397480726127315,-0.3530862321617053,0.1724054300952113,1.5481252060070392,-0.4103233678002913,-0.30170651728949077,-0.052645473205351644,-0.13594330111829347,-0.22955224455446888,0.020529476748862914,-0.5552849932624525,1.0731319004127822,-0.7029183039593299,0.668629223479241,0.018552259030482063,-0.18619506867866437,-0.3033737675260559,-0.10603669331589789,-0.5758363376006457,0.3625731176019627,-0.5168179611805488,0.2845264169447955
0.9403169910578815,0.8361345379002753,-0.3826580776742798,-0.24555069615481837,-1.4662295846766598,-1.1635590720308047,-1.606495729762271,-1.3197346431129244,-0.949330663084999,0.2346998704606869,0.5743794066408667,0.9228251448319564,-0.02190760248083694,1.3700092959712153,-0.12566281613378052,1.419887032845047,-1.1167599876365828,-0.3661979000869638,1.2408844385417637,1.116729300224631,0.03434604374054818,0.7057505843933883,-0.2564457188047094,1.1851545684726517
0.6600317728195368,1.2003365779185455,2.77319034497812,-0.37569628920729875,0.2735612420888712,-1.1635590720308047,0.3871248735076952,0.7163216085339428,-0.39726297389624615,1.0279664546698268,1.7014387277616418,2.4455576742948364,0.6804562761926097,-0.8134377847598226,0.572855816511,-0.9959300655325843,-0.6609526547930453,0.586468958154134,1.8722449459595765,2.077977912291312,0.5549145584368704,-0.6602240576789128,0.2784584636682334,-0.8587410852565331
0.4500406192870152,0.16177244929222057,-0.5670231676168185,-0.4413335946118047,-0.6535021348407415,0.19228306698811726,1.5832972354696748,-0.30170651728949077,-0.4678711253864606,-0.42903062368883327,-0.1611482949955096,-0.5758768866481037,0.22481219335318328,-0.7742774128337421,0.29219723828681055,-0.6199744174521248,-0.6500942719003309,-0.4089654767024499,-0.2684688764728407,-0.6712011049760351,0.4172806913905677,-0.5347613803909227,0.6416937283207831,-0.46539139918526395
0.09135668557881396,0.2739486976902489,1.7710216800039449,1.3698051209145585,-0.43921130105768574,1.5481252060070392,-1.606495729762271,-1.3197346431129244,-2.7641636772294946,-1.5487354683849055,-0.5879064657524251,-1.5942294432037833,-4.778317553769163,-0.5434137196323511,-2.7594473612952752,-2.5681479262831233,-2.8103397183838856,-1.514370378219363,-0.5673119664044811,-1.6024736765770071,-5.118952666729415,-1.2437673618606861,-2.731948111412043,-2.486897878926461
1.3232025712275657,1.1238135684540893,-0.5151275282202412,-0.4259105307644579,-1.0316760795096938,-0.48563800252134365,1.5832972354696748,-0.30170651728949077,0.1051043116142084,1.6017079332205997,-0.8796147757271895,0.5682541090637919,0.0834686833509811,2.435705592408986,-0.22998434429899434,2.256269572681452,-0.6100980091298799,1.5816967797819432,-0.49881776246887266,0.6949507239435058,1.5528137799495103,4.2164880729222345,0.9353781017198028,4.473316681628089
-0.025125949559004178,-0.8855273288359388,-0.5317536209141416,-0.39975355469694707,1.537580298058081,1.5481252060070392,0.7858489941616884,0.7163216085339428,1.6348090930683328,-1.6254999985838272,-1.3320206107854768,-1.3364764493021473,1.2473169589258586,-0.17334593628535347,1.2638350676982442,-0.25367604090896634,1.5316480443801097,-1.5119797554611163,-1.2963336754548955,-1.387216399167969,1.1367821696117497,-0.5361098742490047,1.202648516886948,-0.6568850958077407
-0.5044561498119342,-0.8963829831323148,-1.1399327080770885,-0.411707365749954,1.534879756549105,0.8702041364975782,-1.2077716091082777,-2.337762768936358,0.8455085716968754,-0.13038952154357641,-0.5095412714711544,-0.44083726015797814,0.7216053079361622,-0.7702459908869554,0.9243489795642301,-0.8996342025800725,0.8088129241552533,-0.05846179410624032,-0.49073289102899825,-0.4250716189133414,0.5996724079403891,-0.729883880494298,0.8192661734093272,-0.9314244895569667
1.4598996412143452,1.232953361979952,0.9247245538178627,-0.4408754118056304,0.14617022064293037,0.19228306698811726,-0.4103233678002913,-0.30170651728949077,-0.11234320056977223,-0.37115303082378265,-0.35048792068733003,-0.47573787283613655,0.18996233366639223,3.3183038895420633,0.36379981122190563,3.0830412663982596,-0.4752253894599245,-0.056077385838158036,0.36480824215135993,1.4562470593952737,0.23504968771798285,2.5692793755411367,0.17150267905014213,2.501191389777055
1.5608450673095073,-0.07004109395409397,0.25945553202147387,2.312174866409558,-1.6529115291933827,1.5481252060070392,0.7858489941616884,0.7163216085339428,-1.1422250154600873,-0.33947046294235544,1.3613249736067645,1.2476850315814612,-0.1731125092218217,1.2216283404903838,-0.42538068554911856,0.8337958204489251,-1.032563220120583,-0.23104567554818115,1.1068337333627594,1.076176135893743,0.2583915161188326,1.0319637516108375,-0.1708810911102362,0.6297756493658714
0.46079639758962365,0.20243139942903915,0.27538629130004655,-0.44152430174080776,-0.12383011926043107,0.19228306698811726,1.5832972354696748,-0.30170651728949077,0.40161850065014365,-0.7796171649991456,-0.5573781548309388,-1.0276337339931074,0.9758212138153368,-1.2182258290808317,1.3562823080533637,-1.3556833736103024,0.11403472956762419,-0.48255754350679725,-0.46791047144825193,-0.9001528847791217,0.6244565313933721,-0.9084198524825469,0.9673450955658157,-0.8750010942299935
1.0422378307253242,0.820243119143037,1.6959254032718551,-0.3774171428959508,-1.5760409104548194,0.19228306698811726,-0.01159924714629806,0.7163216085339428,-0.8060728928384899,-0.21382575837412976,2.1691817167579908,0.6034340482029174,0.3467383387196043,-0.10077679128440617,0.4290834277329122,0.511518024972346,-0.831717388671478,-0.3242414877504148,2.1705825249591784,0.455530901566879,0.4889490193382133,-0.19783098713591532,0.3377400841467235,0.20471620578521318
-1.2553707674882295,-0.9538115799312912,-1.2077981899578403,-0.3848496796770869,0.1302350654333192,0.8702041364975782,-1.606495729762271,-1.3197346431129244,-0.09087161198002901,-0.8955698398666405,-0.11542483045893585,-1.0270572812811525,-0.9675884375599103,-1.0105018766112084,-0.3609833447647711,-0.940691795790564,-0.1810333694919453,-1.031278393937861,0.03045262118544466,-0.9308446704687897,-0.8478110144727944,-0.9541131348948683,-0.511776824992165,-0.5093079694635373
-0.20534963187875935,-1.1387299167436475,-1.2374451721153257,-0.2221103518752906,1.5466440733781923,1.5481252060070392,-0.4103233678002913,-0.30170651728949077,1.587596222233388,-1.5213653913872704,-1.4440956745896047,-1.3347811191551084,1.4827544706479299,-0.548495374698847,1.454138871267268,-0.7125608241422041,1.604216042001517,-1.4397678625490915,-1.4361496171922574,-1.3346641852874854,1.425390446129417,-0.4641705977687782,1.4289613298078478,-0.5892453322922163
1.4994014711762598,1.414835174006221,0.7219796345221953,-0.023591621175451046,-1.0416767762457293,-1.1635590720308047,-1.2077716091082777,-2.337762768936358,-1.3262593651800036,-0.6040225007570723,1.6822133308116194,0.4156780426165337,-0.7202565928221906,0.27314735666672435,-1.2511868462419429,0.6471402707703894,-1.2445361709385672,-0.43359775975931014,1.7802663144649051,0.5374467423757239,-0.7254734877293881,0.2743303196364358,-1.356258246128491,1.0901384318883875
0.07789736331100754,0.26922875339050634,0.3653149258285311,2.725607944764248,-0.15264970348718157,-1.1635590720308047,-0.8090474884542845,0.7163216085339428,-2.5198523544807423,0.5998080256679561,-0.6511781807281061,-0.836848725114579,-2.9806623099488143,1.9866484526596548,-2.3140608781818988,1.2520752332728522,-2.8793727207119444,-1.335279764642217,-0.6862194729096374,-1.3375093979335193,-3.7018080260482766,-0.7429733395791337,-2.7317926478779535,-2.467781271968861
1.6465261890126,-0.20146875380956458,1.5399368916728466,-0.40210796202205323,-0.9417132806457322,-2.5194012110497264,-0.4103233678002913,-0.30170651728949077,-0.9659813719080792,-0.28225284646578114,1.0179096020353693,1.4308901952430093,-0.6488305572336573,-0.3751512199683786,-0.6127328075272418,-0.592200640168623,-1.0491152295135637,0.015448920062316678,1.9657992941536746,2.3444741651341303,-0.9391176776374246,-0.2839874563627943,-1.0139911327291173,-0.4632456042849347
-0.9916599560409638,0.3259952904276434,-0.9794945864676831,-0.38528391230617665,-1.228973153745097,-0.48563800252134365,1.1845731148156817,0.7163216085339428,-0.7925711401922068,-0.5545979107673955,1.058232418206201,0.7896996469809402,-0.14507356976039584,-0.28848774015958034,-0.16377469966423985,0.6025445376275836,-0.6296590568409228,-0.4690202917994376,0.8131694936764506,0.5489206971559096,-0.04772851168895264,-0.661538369659255,0.00890118495715384,0.03351677417159241
-0.30001578017955666,-0.7727082781390934,-1.2188998919283127,-0.3629171331639563,1.528725062466063,-0.48563800252134365,-0.8090474884542845,0.7163216085339428,0.8717358936467686,0.9666743958089685,-0.6121797683576441,0.28386677706679037,0.5792111417777445,-0.23967425373983892,0.6730805119922497,-0.18708433718565606,1.2854459683707025,0.17215298411199514,-1.200722855774496,-0.49652917893911275,0.8160304019036614,-0.5679792433211952,0.9646167611285612,-0.7847628047231425
-0.39235633487645316,-1.137719736629006,0.3510409569428766,-0.41138738939428593,0.9060775416309375,-0.48563800252134365,-0.01159924714629806,0.7163216085339428,-0.039090543548422556,-0.6139380824552628,-0.7917232501811375,-0.769636110196809,-0.3880233921214139,3.6723068890823427,-1.4796562563703068,1.7711901302457587,0.10034664807840779,-0.7056967976151449,-0.8913730110698128,-0.7183888836314192,0.15772939465175645,3.8478646933770304,-1.064485479496946,2.1789143097513355
0.7922859412703407,0.8791807460289831,-0.9782211365133511,-0.22439157910870824,-1.3067384375293498,0.8702041364975782,-1.606495729762271,-1.3197346431129244,-0.45396058589201743,0.9660481417798676,0.02345284426443716,0.18113220655675577,-0.05395094753719577,-0.36214694438037154,-0.7109774193623908,0.17538204614749725,-0.5631038102852283,0.7998241659895086,0.11449324647441395,0.27913848234959054,0.01992016284197186,-0.2544579629245736,-0.6838222595689318,0.255482930184809
1.4527038900630493,-1.2397555584195092,0.06578498836941969,-0.18022336439256337,1.0660365720029314,-0.48563800252134365,0.3871248735076952,0.7163216085339428,0.6306731745796419,1.0601673239055256,-0.5374102236843118,1.1129750919338257,0.8866216973728546,1.188305875788511,0.9109276536222152,1.2149775320287437,0.7987196482117017,0.6079309846647443,-0.8264305577485878,-0.3201008470798314,0.8300156273234532,1.0031189689417823,0.8833079111077922,1.0031147941626053
-1.5082177442174067,1.8313662624400575,0.08433887632664067,1.2643512656640497,0.4257419518547843,1.5481252060070392,1.1845731148156817,0.7163216085339428,0.9376959449702021,-0.7096804615620731,-1.2111855698378813,-0.7388612283608335,0.3428935566223274,-0.0718184462293313,0.5517325738116019,-0.004646046296152729,0.3622104073504122,0.050654997200998704,-0.31661727036601633,0.6988294683941675,-0.3706622657687672,0.2058557011124734,-0.30084845371653324,0.8745455165365347
0.5213040018036084,0.15389211315834175,0.39534775753604295,-0.4358090177554793,0.10980381545691133,0.19228306698811726,0.7858489941616884,0.7163216085339428,-0.062013718337700675,0.5765659432922261,0.9869345076603151,1.6241394765146684,0.055800928082612423,-0.10467686475609678,0.0939572785030593,0.3104354171088907,0.13504547037307416,0.8412673877089901,0.5592176133103528,1.5854748058465407,0.21768353954741343,0.40623534181578064,0.3721822868100234,0.7559239945673211
-0.630525342071729,-0.7359012607455593,-1.1990423732456987,-0.43570667778051264,1.015613937860239,-0.48563800252134365,-0.8090474884542845,0.7163216085339428,0.7757376840160299,-0.5461549834750058,-0.8775954775796344,-0.656742114168624,0.7695766956183436,-1.1173190271313662,0.9521740709559022,-1.4312032736492308,0.7472808284402875,-0.671243082308625,-0.8929862201948741,-0.8080566607635233,0.6567002964302742,-1.1826988883946126,0.8390348237843622,-1.4045393091851692
-0.5514554666910213,-0.775914350600242,-1.1686319425894798,-0.31263184604750743,-0.39490781948527587,-1.1635590720308047,1.5832972354696748,-0.30170651728949077,-0.25915912500369187,0.9146540580499956,0.8231119763134478,0.7409098147351152,0.13062622943914273,-0.052208584829561346,0.1478909686458306,0.46212739622361504,-0.17115766813444863,1.0751223664364815,0.8308958090340448,1.0738464711651572,0.1443620667471563,0.00426440138348061,0.12766146070413537,0.48133699785955525
-0.007235383582709355,0.39771174260401193,-0.2506440557289913,-0.4416883091255685,-0.9377575663174187,-0.48563800252134365,-1.606495729762271,-0.30170651728949077,-1.1033433923651816,-0.8582432105604153,1.707579552311307,0.6690911351293222,-0.1918213361232311,-0.3531614440109746,0.19068296975544793,0.20799936764364493,-0.8100526040946842,-0.9546875880399106,1.1997370984213227,-0.057186186203553,0.3175523529486722,-0.9572757366662084,0.8395010163525469,-0.8377586607674609
1.6476401881371743,1.3883838022158719,-0.4055070388687566,-0.4110395668876742,-0.5936036428587204,-0.48563800252134365,-0.01159924714629806,0.7163216085339428,-0.6806038377167679,0.5411464136504466,1.5569648894515897,1.6601115497238592,0.05121758950364262,4.952206145583522,0.07107585162467744,1.9319040719422793,-0.7890328507854606,0.5819391890384394,1.7230079775583835,1.7127278943344582,0.8361794927176784,2.196623500315585,0.5530365016511565,0.4865636006787457
-1.1987868190652726,-0.8510581798665143,1.0230168961236958,-0.3810716930006877,0.9958905015729976,1.5481252060070392,0.7858489941616884,0.7163216085339428,0.6969680948790494,0.9259074818255391,-0.504538767551646,-0.15919014071355767,-0.07375903237619515,-0.333803851557462,0.09251151643378688,-0.12180300722400834,0.5355818486334882,1.3086084371820983,-0.4329212423377979,-0.13130486404523214,0.22565668395703734,-0.1359099521729376,0.3111527700577145,-0.03780773612405441
-0.7843495946633984,0.4742002679792852,-1.2320908533108745,-0.4055280979596493,-1.467875384343575,-1.1635590720308047,0.7858489941616884,0.7163216085339428,-0.7648918208803251,-0.2712771437977458,-0.15762870128811135,0.3218791403536309,-1.2146520195239572,1.1213209268947568,-1.596640509578332,0.8395240631144304,-0.7105734067577214,-0.32955679565771484,-0.2974366707831038,0.09136274075534977,-1.2700662424283693,1.0259551463078185,-1.6754368793173215,0.6994528700140137
-1.1541096019795165,0.2834868834583892,-1.2274297993186067,-0.3417417577515181,-1.6619335799629251,-0.48563800252134365,1.1845731148156817,0.7163216085339428,-0.6042906244461121,-0.24232179462174672,0.14038437506712043,-0.940867832666436,0.16256855902832854,-0.40905865131652036,0.21596937258628052,-0.010751707991214438,-0.9521905307841305,-0.6418500293662117,0.1842849987838039,-0.660278198789821,0.14149647830786333,-0.04623570087839369,0.20221838249878993,0.3065061044751058
0.6889890990168895,-1.3315048164761016,-0.9009374325002232,-0.41828495899297913,0.9966622927526201,0.8702041364975782,-1.606495729762271,-1.3197346431129244,1.441513126345661,-0.583505837875523,-1.453886462971504,-1.0165354346725213,1.269777176266215,1.0818704567741018,1.150684408739806,0.9776021481210833,1.396446650393193,0.18779072111548076,-1.4587009132024933,-1.1961363721026173,1.2914108510866282,1.6527545167244275,1.1941536454115043,1.4515429972812546
-0.2908890439545019,-0.9797023647553007,1.0048703950004645,-0.2959298988205438,1.4074304655644352,0.8702041364975782,0.7858489941616884,0.7163216085339428,1.4929297221046456,-1.5831332516624403,-1.101148588350123,-1.336258388850151,1.2182140216427433,-1.0863037028320064,1.1787327658117992,-1.2688687579352922,1.4615301277720043,-1.51887064707597,-1.0680559474685822,-1.3381653186067275,1.1900729113665536,-1.1367302191745046,1.1616967800644398,-1.2987234881343201
0.4413063078201749,0.038789979077538644,0.5956337833371229,-0.44112382253585225,0.4441037282365035,-1.1635590720308047,1.5832972354696748,-0.30170651728949077,0.146077106947344,-0.2973040196388132,0.2159773457619087,-0.015449716376336114,0.7740942788460397,-0.3413731402435158,1.1090268053031977,-0.22069346253494235,0.17390870665898928,-0.3754574904320138,0.1422407857129993,-0.20935458804062476,0.8983781234373224,0.05269352187222246,1.1523331741620757,0.12565627786075795
0.20647454587075678,-0.8538478795791361,1.5227324234924973,1.0949182975093024,0.9365343141280957,-1.1635590720308047,0.3871248735076952,0.7163216085339428,-0.4285258480982183,5.7413281585989795,0.2973278240635975,2.736899514495488,-0.03947809942433367,3.25702494471636,0.2041176934011379,2.9451329284118293,-0.2035405500654166,5.75526122281953,0.13490536477704496,2.9232140032561613,0.10206825242555899,3.396028242340862,0.31420904685327844,2.985244914713627
1.6079171579649087,0.17078075727998218,-0.44824443936674846,3.198898030615662,-0.740901204072729,0.8702041364975782,0.7858489941616884,0.7163216085339428,-0.30380072290893256,0.18880443333231514,0.32751206496524615,0.5407933744732764,0.9306010681494739,1.4066876920245537,1.0004829291248538,1.357152300514224,0.08865802241380166,0.20600549082322203,-0.06051435163112541,0.32752042351952354,0.6751483948256662,0.7843016126535473,0.7583763406371407,0.6904566684567729
-1.314574679060295,1.8545419964596337,0.039202872442405064,-0.43340165412870013,1.1799557342119984,0.19228306698811726,-0.8090474884542845,0.7163216085339428,0.7114868806962916,-0.6440336175016054,-0.8747139860834955,-0.540528848028583,-0.1898815532606695,0.46563233449231206,0.12170374652842796,0.5189806166225989,0.7548073615161316,-0.527647383488721,-0.9082295578739197,-0.4055623672132234,-0.26206088237900715,-0.10556148884764785,0.11135688614097174,-0.01992543852640758
1.6943408760442866,0.7425769873833677,-1.2250949862958134,-0.29060021562578114,-1.6596330886109243,0.8702041364975782,1.5832972354696748,-0.30170651728949077,-0.3147265884690892,1.0039041889955695,1.1142002488520681,2.0266047111917374,0.6171305375000624,0.22522990203190854,0.1697525834747398,-0.05539909758470461,-0.35264200145101804,0.8626186180304135,1.0717629522564192,2.058568248765498,1.0319863847381168,0.3896818687033037,0.2510899620325365,-0.36807377951000897
-1.061917581731228,0.23525915644387696,-1.1909685705257589,-0.41468700565301053,-1.4453545051300853,0.19228306698811726,-0.01159924714629806,0.7163216085339428,-0.8797910314418583,-0.9800577799287035,0.34814147861835837,-0.23502836021911452,-0.883408960996701,-0.6434782938597469,-0.5843596442839167,-0.12301072196342527,-0.9276774308732411,-0.8399419789380905,0.5680100249312255,0.03329620786512951,-1.0986618380114057,-0.010300727462487592,-0.9513690448130785,0.574036499217484
1.6440481515777772,0.49809048438570547,-0.260804426338327,-0.4314104823267626,-1.2881281178534771,0.19228306698811726,-0.8090474884542845,0.7163216085339428,-1.2683699302858418,-0.43517937671996854,2.329636086771158,0.7744650237724029,-0.5596057869243811,0.20710558744802784,-1.3374867441799165,-0.14486545465345144,-1.2258861599095097,-0.25355630442807625,2.0507578470566594,0.7135944003696538,-0.395707147009747,1.8743597619861114,-1.0194804741862236,1.61014607997985
0.5313907432146512,0.38220122538348983,-0.39859010617800894,-0.41869630871118374,-0.5849410027829719,-0.48563800252134365,0.7858489941616884,0.7163216085339428,-0.30727600501961533,-0.11179313112310384,0.4021008419884764,0.2853143775508562,0.7134707039003815,4.1493033138426325,0.4620988512282341,3.1102060206669835,-0.03157774491511104,-0.09514585527029135,0.25162577331932673,0.277293324835922,0.9399034005382826,4.162812973263027,0.7211539271221948,3.4402736405238024
-0.9996040821635819,0.4703868667291377,-0.5115812795030937,-0.44084074209893,-1.2216875260466453,0.8702041364975782,-0.8090474884542845,0.7163216085339428,-0.522971919467196,-0.004496140277975316,0.3123405314432848,0.5140689433919302,0.43830123590350406,1.3201272719567725,-0.2575501196103253,0.38781011066694726,-0.498659856532792,0.14811033485301012,0.4724405583614777,0.6884436397990548,-0.4551667907446726,0.5368830933586406,-0.7679066281023554,0.10249889061081914
-0.2918493707717769,0.0952352038773769,3.873382314793017,-0.43063060597753655,1.3194550163613212,-1.1635590720308047,-1.606495729762271,-1.3197346431129244,1.1677253480226717,-1.3030733108995998,-0.9304032914687924,-1.1347785715009318,0.8592455527927404,-0.5878734034730175,0.9950127877428072,-0.7988552135872848,1.1900498449025447,-1.2742957718504797,-0.9673342574398603,-1.1493522300493837,0.9462984910122947,-0.4564375516132594,1.0796701325209326,-0.6403898499330615
0.7989595162882652,-1.4223549073866677,2.04313963748253,-0.42718948650110505,-1.1438635252705656,-0.48563800252134365,-0.4103233678002913,-0.30170651728949077,-0.7855036230951941,0.13345478367556074,0.8334202885293438,0.9964629629779168,0.7751778126778908,0.2537498271768649,0.8006577653822654,0.6753089910439336,-0.8012127944588279,-0.21236549994854148,0.859352838696575,0.8417573056406303,0.7561856882833887,-0.4777698336801869,1.0782467896939303,-0.37080230028211775
1.4929427342733035,0.4532034835345881,-1.0983790367086883,-0.21153296600128427,-0.233605537179112,-1.1635590720308047,-1.2077716091082777,-2.337762768936358,0.7547763937157308,1.4632245712529928,0.1558159294450537,1.7560532862205824,-0.14913801284996972,-0.33746519030076805,0.08873569978129894,-0.5165959973954074,-0.3809335708102357,0.9154483455434639,1.4172799330106705,2.2832737392731874,-0.244639331763578,0.4765542792375651,-0.24643291911354567,0.6582409558946819
0.09576687081996293,-0.9967236445012716,-1.2071161759656381,-0.416976834328425,1.612223498757974,-1.1635590720308047,-1.2077716091082777,-2.337762768936358,1.5479057969078351,-1.5269143516461472,-1.1926555068645268,-1.3082473889460724,1.3254057269553667,-0.28664497874081096,1.397388137641251,-0.18882365565173573,1.4878926116643612,-1.1751614077024402,-1.1388879752862549,-1.286191844564366,1.2616157825382364,-0.21546207479904902,1.3976927558624477,-0.10561581460969381
-0.2073044788178512,-0.8564568184443246,0.2131340692897452,-0.37581610469721305,1.534915297073473,0.19228306698811726,1.1845731148156817,0.7163216085339428,1.6121163976765702,-1.5373715987418042,-1.2223037594938972,-1.258361471679215,1.3915546573601922,-0.7122794904175845,1.3355398421952547,-0.8775989992522126,1.6091635879494761,-1.4843113968518165,-1.2222181549302438,-1.284461589593533,1.348676832727978,-0.7179728107896245,1.3066559485062486,-0.8557893861575839
-0.22837086101264278,-0.9994114973258441,0.4946174925046984,-0.40445606524087996,1.4646656072059443,0.19228306698811726,0.3871248735076952,0.7163216085339428,1.472903552277636,-1.456155717105336,-1.2148661079023344,-1.2853808583054487,1.3335465253358318,-0.43871123518675725,1.336995123685559,-0.4872623260770636,1.340385235504331,0.612968064152829,-1.2642332735603492,-1.3062698772851757,1.1826792032707307,0.5607698402731659,1.2414747979372658,0.39389301464576565
-0.1602831095770136,-0.9246591979351724,-0.4545558517355381,0.03675533612497982,1.3696834878955435,1.5481252060070392,0.7858489941616884,0.7163216085339428,1.4906043700068192,-1.6039708295729385,-1.1708077600153715,-1.3331712974627663,1.078483900187,-1.2579365555550135,1.1441343419273233,-1.4600585016135783,1.4704887841116663,-1.5356449549091162,-1.1600331063308242,-1.3670792941811778,1.0107164246264417,-1.1656804988163012,1.1088582189427978,-1.327383373334509
-1.371877098504361,-0.9667214738020194,-0.6529016408903551,-0.3759226807886866,-1.4522608485878161,0.19228306698811726,1.5832972354696748,-0.30170651728949077,-0.6846391687737621,0.661260599875079,1.2603464776813575,1.0221358171961075,-1.7360957670255759,0.041174079472164206,-1.6748323287948799,0.3795040149485584,-0.9722776720235464,0.3001017851261787,1.6348390859593707,0.9174856937745327,-1.8052872843886034,-0.31085172923025417,-1.995841342619737,-0.023203603008127297
-0.6326385954718298,-0.9559323386614226,-0.11836704012642502,-0.4415314006438437,1.531493210108425,0.19228306698811726,-1.2077716091082777,-2.337762768936358,1.685974011721091,-1.6249667894792224,-1.428536707594266,-1.3846367941445785,1.479739254250413,-0.717036102382702,1.2387610889848901,-0.9203928376969075,1.6819999579054816,-1.5569842390492472,-1.3982145660107907,-1.382252609317482,1.414242192183598,-0.735077379481986,1.2326156184763397,-0.9034682947757219
-0.3888745840638193,-0.8479907454383734,-0.1609324280878134,-0.43118325540929986,0.65558754633936,-0.48563800252134365,1.1845731148156817,0.7163216085339428,0.35083189713927343,1.5326698843954483,-0.08317960654149055,1.0432857013557888,0.33742728568169594,0.5956765325431402,0.4251194262294625,0.9725238613034292,0.8255853757491263,1.0569214617267166,-0.5284746691543286,0.6497041086676666,0.6988308795816859,0.17098642956769777,0.7942018709032775,0.3784734441127307
-0.2945491418925474,-0.7725492627956478,-1.1441215847990287,-0.2094330383523303,1.2591668899081387,0.8702041364975782,-0.4103233678002913,-0.30170651728949077,0.7222445351282715,-0.32899275624451635,-0.6524849993491599,-0.6969547919868174,0.5095719363868548,-0.6757143602367744,0.6784757320050612,-0.8090404271281625,0.8919112131178507,0.20424760715120255,-0.798388969634646,-0.23740101807146927,0.45493741265169674,-0.1823147757137177,0.6346213307206772,-0.028243203223611086
-0.31918648056487464,-0.9132839434529447,0.5824807711489425,-0.433051231291306,1.2707847995050892,0.8702041364975782,-0.01159924714629806,0.7163216085339428,1.6170281443454446,-1.5424849314032163,-1.3478283681018157,-1.3732305497738013,1.2799349485737799,-0.3872236313749602,1.264617511221422,-0.5369890486948041,1.5765436043409433,-1.4542407045127648,-1.3193231393141842,-1.3643457241773094,1.0932871295538762,-0.3366642520134163,1.121743468704829,-0.45346275436774014
-0.9166834816508586,0.47262327226142753,-1.1931276564555102,-0.42232858641748006,-1.4021779392782503,0.19228306698811726,-0.4103233678002913,-0.30170651728949077,-0.7004317815564992,-0.40250600890774785,0.22796628155826662,0.4550869513799645,-1.6317458364592852,0.1258757633066374,-1.7898903976712603,0.13057497927227182,-0.6340395888519603,-0.16986742423122345,0.24995564894091454,0.3608709985246206,-2.0186750662873725,-0.3030562219983005,-2.15318389778955,-0.32189411155028325
1.321944314996445,0.7890488568769146,-0.6918146912338023,-0.16200883866683238,-1.5307478430210415,1.5481252060070392,0.7858489941616884,0.7163216085339428,-0.9769230443803351,0.23422038066331846,1.7622984755289124,1.2974265013815902,0.5984574472026051,0.4500028643817744,0.2689396620634743,0.14749070139775486,-1.0840105972188128,0.22410884536865208,2.318922421405626,1.7734485595391511,1.0373837733332085,1.9627149254963587,0.4947075128828265,1.1680598031095195
-0.9621725564361914,0.4794448616000368,0.0190926924882106,-0.4234857924057378,-1.570084467026808,0.19228306698811726,0.7858489941616884,0.7163216085339428,-0.9915083471456014,-0.20348389212545132,0.5147314375937131,0.6734129241464701,-0.25639242399032924,2.995047637731711,-1.1124214084984527,1.410373353163066,-0.9591576968959517,-0.06035461391928078,0.5135445155265674,0.6975454794957805,-0.3423729074676572,2.4484875955025194,-1.0723135609123773,1.4100825881422776
-0.1957570407931108,0.23924658532445464,0.8659241969065179,-0.4412492715374243,0.44745891761194556,1.5481252060070392,-0.4103233678002913,-0.30170651728949077,0.6690709508362747,0.24382020078763245,-0.7205153437802947,-0.973229500661619,1.0928557328326876,-0.7156559449682834,1.1226655795015696,-0.8888832528223334,0.9354288613905972,-0.25665797875219226,-0.8122759332444883,-1.0966735785929258,0.9664874166420383,-0.5699121560654041,1.1201495941136022,-0.9035267567645916
-0.6456322578668033,-0.6688324449767136,0.12091043458908371,-0.4123663347933596,0.8431489305459275,1.5481252060070392,1.1845731148156817,0.7163216085339428,0.35908438442711943,-0.1809954222321031,-0.3630527711062761,-0.2444136251137088,0.2089017807853109,-0.5630625196425593,0.5215163448850897,-0.4729694438880992,0.42754819209581096,-0.0758912107143132,-0.36329717112097387,-0.01276708417463424,0.3644546891525621,-0.8039112028561672,0.6652166843637453,-0.6345606971983494
-0.3140909581734053,-0.9887517438981667,-0.803246562602282,-0.21352088270591815,1.4926382258369435,0.19228306698811726,-0.4103233678002913,-0.30170651728949077,1.5591206639880482,-1.5577133911416383,-1.375544728918093,-1.380995773291734,1.2118767305417664,-1.036482305457462,1.264427827943076,-1.2162551589913335,1.5638580045846295,-1.4814763885289608,-1.3610806268709026,-1.3767877619871391,1.1840491546345344,-0.9201203575274864,1.2630589055780612,-1.0608686767313706
1.5340824064411767,1.2484136156429246,1.2409514581839425,-0.4347231829331484,-1.1097018617570906,-0.48563800252134365,-0.4103233678002913,-0.30170651728949077,-1.103779864151874,-0.46856451250156594,2.447794503561642,1.4033371622291158,-0.2531934737996887,1.5056694178858907,-0.9919675026097498,0.5682035907642987,-1.0970099959701605,-0.5051876960969272,2.265430879249052,1.3509194000846019,-0.09720816047028737,2.138544358160536,-0.9756419061427948,0.7445165832056382
-0.5184955105982071,-0.8024499153818084,-1.219800671864596,-0.39900450115061004,-0.9554219126390054,0.8702041364975782,1.1845731148156817,0.7163216085339428,-0.878052865012271,-0.8613905450920555,0.525010614364788,0.1364627218019854,-0.8168059374776485,-0.8586980952430306,-1.0161492559582996,-0.47587985986273046,-0.5451448033965267,1.6975215066280585,0.5115293971509172,1.1959329753224663,-0.2889963148168932,1.3233371606787336,-0.06787456146607826,1.0333934324887337
-1.0578661302735002,0.46008735105125553,-0.35951892526208307,-0.4405995054038312,-0.8685238433604424,-1.1635590720308047,-0.4103233678002913,-0.30170651728949077,-0.7917569014802311,-0.24893975624312364,1.7227479684605715,1.9665677560151,-0.2828181655005171,-0.5114580999994479,-0.062229537085915804,0.04027518787387653,-0.7177149056445618,-0.06569040983698382,1.5262185139865159,2.183777361621981,-0.248729955254294,-0.5256520441250943,-0.11550493044177171,0.060710816545023215
1.5463990364416547,-0.06475902685651906,-0.07771326767771672,2.5225975790411423,-1.0116758087167745,-0.48563800252134365,-0.8090474884542845,0.7163216085339428,-1.38834717988631,-0.27687410444239485,3.1076527789395234,3.1461335317622785,-0.5127824972051919,1.149234030959666,-0.9257371003485778,-0.14708419729221123,-1.3172993939573778,-0.20307050434080143,3.1213480909111704,3.1998571447219297,-0.5067858438533374,0.27786140956231015,-0.9410369922802541,-0.36713889275927114
-0.18050528220491466,-0.9445575214688396,0.7658286874681209,0.08822316323497864,1.28354926017656,-0.48563800252134365,1.5832972354696748,-0.30170651728949077,1.3354755174043966,-1.5923406766652572,-0.8135171224354802,-1.2490063361852908,1.2292266135168604,-1.1448526184147685,1.2857773331775653,-1.3449138536854819,1.2817174773523925,-1.5214656547597452,-0.7961108868681624,-1.2911279073476185,1.1693171408877492,-1.1689997362251956,1.2700031328076038,-1.3337335069894727
-1.3641135306713525,1.3925886401318295,-0.7438176649837254,-0.41573439305036697,-0.30225836928520106,0.8702041364975782,-0.4103233678002913,-0.30170651728949077,0.08676262867425293,2.2903322627797964,-0.6191461771098633,2.133841239325232,0.32393123807687907,0.951167630432187,0.21146659829524206,0.6813955594686157,-0.14596690076808097,1.999076423198388,-0.23603243577826247,2.6367512170423617,0.30718138156809144,0.042890996443691806,0.03840795940209758,0.39380058662016604
-0.7991666758843503,0.5010014883159799,0.48948010509503936,1.6316740182983216,0.7887755434328538,0.19228306698811726,-0.01159924714629806,0.7163216085339428,0.9393428790198415,-0.7732313787377058,-0.8846701151172783,-1.030571567629046,0.9154387418243481,0.3754010351669861,0.9227824178049143,0.18274956377332638,0.9673525608060582,-0.7714984067841387,-0.8801512335509962,-0.9771246026107505,0.8805096902914546,0.40236672596999634,0.9285398865933701,0.21261791809942387
-0.5216604633666458,-0.7689306676039218,-1.2074933463116793,-0.12896065815815222,0.4471563373611725,0.8702041364975782,-0.4103233678002913,-0.30170651728949077,0.6179216563567478,0.2304674830319198,-0.6836191596643877,-0.39730418346075624,0.882882219135225,0.27362571361318977,0.7751586740055917,0.2983561773015298,0.3141673897585056,0.1095972081076853,-0.44882981186615445,-0.2609769062993095,0.41945329139766924,-0.3072047321522329,0.3414522456589056,-0.2531277867719172
-0.8287755326007893,1.7704147117755336,-0.3296984780811817,-0.4291487566051457,0.28835215362020766,-1.1635590720308047,-0.8090474884542845,0.7163216085339428,-0.044816209136253365,-1.055029678853026,-0.6414974595821962,-0.9008472189239836,-0.6847496561107193,-0.6535934576766984,-0.6699588952053596,-0.6747905428326032,-0.17371243984815324,-0.9949869474263319,-0.5835856293726924,-0.840372306863706,-0.9541317401944045,-0.7656276071091614,-0.8734315969091264,-0.6356164222284572
1.4018156660457963,1.5853834977626062,-0.13691317751877036,2.027602093484491,0.05156405493886427,1.5481252060070392,1.1845731148156817,0.7163216085339428,-0.6466420474856545,0.9513383046834398,1.110304132475732,1.8635473469257986,0.7633227899265908,0.6434498810384717,0.8142343548441721,0.621658470587377,1.0098275352204862,1.0548222762741508,-0.729806885363793,1.2367990542945597,0.33151289909757187,0.4239884539529803,0.4759338121640298,0.4307796254632985
-0.17187912586603812,-0.9869738730205804,2.6450535061195737,-0.3732383208823368,1.4039791404444377,-1.1635590720308047,1.5832972354696748,-0.30170651728949077,1.5104164612497342,-1.5682703016888793,-1.0218141309580262,-1.1135101667881824,1.3578607576892627,-0.848364941769353,1.3669041309268128,-1.0043458821677433,1.4865275359664973,-1.5262965171618543,-1.0027111072862507,-1.1020009190142512,1.2779695769436414,-1.0873423962874937,1.3270526336970443,-1.2147925275000855
-0.8021030785090513,1.7823120264514656,-0.7182857871647046,-0.4230949830395571,-0.48092828484352007,0.8702041364975782,0.3871248735076952,0.7163216085339428,-0.23702670698182582,0.010397344880751912,-0.10035672976440406,-0.03874373719349833,-0.682057498612936,-0.26834549587806467,-0.5157212692155237,-0.35862507861813625,-0.380941445371614,-0.8198411981216719,-0.09310187645278183,-0.4107538485874082,-0.7005364352137342,-0.5803269502930081,-0.560263676176305,-0.7294695061572586
-0.4689993218681747,-0.6215411167065397,3.5418538666496544,2.3069614632239133,0.28684889707507705,0.19228306698811726,1.5832972354696748,-0.30170651728949077,-2.495398449288112,-0.16683048911338677,1.6867880752442743,0.531392740979493,-3.2286644304302743,0.5746203957465551,-2.559216088152596,-0.3348958052594795,-2.5021812807684745,-1.2502229290825084,1.1597698542882011,-0.9203924796100443,-3.555709031724567,-1.1305144834977412,-2.7319479456726645,-2.486651262620077
0.9155692184631771,1.2603700552804915,-0.8674132034758364,-0.080073546291831,0.17437597070306218,-0.48563800252134365,1.1845731148156817,0.7163216085339428,-0.3704283650026122,0.521516119338302,0.42031425183519894,0.22102943736447597,1.0378051621514675,0.5696931638872669,0.8819674594152348,0.2956414019603758,-0.4449380512094586,1.1694107899971122,0.31468962527119254,0.4963331258912396,0.6473313309201987,1.3167658690806152,0.5754452878694649,1.0773567218509852
0.9353299986934442,1.148209472418491,-0.6429226993202425,-0.4383898935413182,1.1790120305963003,-1.1635590720308047,1.5832972354696748,-0.30170651728949077,1.244791810908042,-0.3961639306281051,-1.146037436296585,-0.6811745400929472,1.1806515154719024,1.792676485847421,1.117030170393269,1.6859351470539405,0.7635813525638219,0.14887600460733694,-0.7989820026940414,-0.2261483603944368,0.9196215270051797,0.513637270066914,0.9330588697263535,0.330187124268982
-0.7468150419674713,-0.8689246921793685,-0.5938850092879241,-0.40685669174977546,1.3939541645033071,1.5481252060070392,-0.4103233678002913,-0.30170651728949077,0.6740995133266451,-0.12229088617483998,-0.9162423062627328,-0.2687679924466705,0.6584639701200107,-0.6848610509223155,0.6957995798563591,-0.7869699143276829,0.4290132246537118,0.32777867318512666,-0.606254735977278,0.5014617377525091,0.5405685303183227,-0.677511985046685,0.506190709133644,-0.4498237165292392
-0.8675280938696537,0.2669866095203756,-0.33854590861317146,-0.30679353492148165,0.21311330385959892,-1.1635590720308047,-1.2077716091082777,-2.337762768936358,0.030256298588768733,-0.08299174302382596,0.12296445647070095,0.0028792049638384095,-0.12208826258595923,-0.31187542332533486,-0.022443910166741247,-0.147910177399862,-0.13114511002889137,0.09873881018347103,0.3452374745764174,0.33076438291670335,-0.1229645739369854,-0.1366126929435483,-0.04276255351362918,0.15125581052480028
1.6572955670407112,-0.23973450281376615,-0.8670831794230506,-0.2728014036516548,0.7050910272856405,0.8702041364975782,-1.606495729762271,-1.3197346431129244,0.26559746369259907,-0.25552800517590457,-0.28458406406494274,-0.44518388205291176,-0.8162870419882525,-0.05007461585409666,-0.587198282750059,-0.4614369778030444,0.25357496135620045,-0.6994886828738586,-0.31735107912548405,-0.5495020274752388,-0.5572721230067718,-0.7022592352444654,-0.519457879785906,-0.659346686462202
0.29566314090778145,0.2887504471328968,-0.24802288255000624,-0.3035898854046384,-0.6897137915745,0.19228306698811726,-0.8090474884542845,0.7163216085339428,-0.9850070464317021,-1.1951203276337565,0.3441846134407498,-0.37289780600963496,-0.8226877060002385,-1.2769012119453584,-1.6172288137013908,-0.7582503662812723,-0.7278091374597254,-1.0117487396229117,0.25225844805168546,-0.5990569955399943,-1.0274200173148902,-1.0926873258230332,-1.7878232642599763,-0.6289609730463078
-1.1030688672698663,0.1767720390675208,-1.2415361845618724,-0.4410736248459658,-1.6038283333812322,1.5481252060070392,-0.8090474884542845,0.7163216085339428,-0.5024237560631769,-1.1518314335421644,0.32216425207008426,-0.2668595944716654,-0.7533301050484982,-1.0279737753318794,-0.34845164397533435,-0.9244466920932056,-0.4585052832162532,-1.1168584227203195,0.24634570944513287,-0.5053249999383571,-0.8302981185040638,-0.8352974108182039,-0.3697938160024221,-0.6411258649074064
0.8217690410445807,-1.399639116680058,0.35463505817358115,2.284631495720943,-0.8589704699222788,-1.1635590720308047,-1.2077716091082777,-2.337762768936358,-1.2136401874769835,-0.924161632707133,0.8621985943447048,-0.36059354920805164,-0.22009327824242989,0.1301353810416613,-0.0466026141764024,0.8201994503013397,-1.0653069208263746,-0.6345003424924234,0.89405323284649,-0.22681458020437625,-0.10252771091970918,-0.17166526950301592,0.16482304760254238,0.20267432927978643
1.1242760378949022,1.0786902551589785,2.7587975102864393,-0.042562078887727645,-0.7464692840001639,1.5481252060070392,-1.2077716091082777,-2.337762768936358,-0.015884808784192312,-0.2609317305326086,0.5575783664574092,-0.5445791251267245,0.30365667143428104,-0.3739372449996478,0.24888497437494514,-0.11714555700965085,-0.1362593417789709,0.22888719409092528,0.5977763044252191,0.06130484454205653,0.6689117278716658,0.1716235969401953,0.600024454661036,0.6605757736834301
0.6939733765367915,0.3335373747164005,-0.44074621431029853,-0.4285933259500238,-1.518832594110812,-0.48563800252134365,0.7858489941616884,0.7163216085339428,-1.1662328368015582,-0.3366284802623764,2.479651654544644,1.0062181161919759,-3.254834250207354,-0.08905027898707289,-2.7045062340286514,-1.830070584633465,-1.7293938986484612,-0.3080737240608901,3.394103099347744,0.8382761974255016,-1.7601466543569633,0.8480755522293211,-1.952668565341906,0.5720962682866579
-0.8152090875047988,0.4560715989082304,0.8248556935511536,2.3471718672457804,0.15643254853694682,1.5481252060070392,-1.2077716091082777,-2.337762768936358,0.37398034326832363,0.544088509584821,-0.6162689620096035,-0.4600496588809124,0.4571620624937258,-0.5260807130491975,0.49032552115900774,-0.3607041526763116,0.7230941359261764,0.6182918519919273,-0.7430869652092288,-0.3537024523480364,0.6949398880410431,-0.41029620220073953,0.7919428572602012,-0.4003623485895467
0.8652230287768433,1.2246334353723558,2.2303484601919705,-0.441662905024403,0.8124929263179163,1.5481252060070392,-1.2077716091082777,-2.337762768936358,0.5431010541615376,0.3370441468027387,-0.3983125343879101,-0.509958273050753,0.7205946767763737,1.0906629281344888,0.8959235476480149,1.2814790004331373,0.4483735848438518,0.3075394899781929,-0.3353244783242007,-0.4058790432782786,0.8482833243694662,1.357580855566226,0.9658661398322634,1.548096696799572
-0.31552858426903974,-0.7481618913264891,-0.9718583156359063,-0.3019227794226801,-0.7370619568670886,0.8702041364975782,1.5832972354696748,-0.30170651728949077,-0.27953099108461643,0.37995083701939847,0.6608225528723739,1.5171197585064562,0.3734297699679806,-0.35615494675759235,0.5212541200927664,-0.18772840812140357,-0.16312875624975737,0.394920173475536,0.38711504137744424,0.7808455242812916,0.44919753621565334,-0.40790390004471067,0.6158463265743828,-0.1804381953495516
0.9784527336547902,1.0270789222114678,-0.38209204662493296,0.29312212885493044,-0.877423337602971,0.19228306698811726,-1.2077716091082777,-2.337762768936358,-0.27446332247645133,0.29169515583314765,0.3470282168687265,-0.3561091308898807,0.9300716899229186,0.567716502460524,0.6594293978036505,0.18910788436135545,-0.8739649566775524,1.3385184564776351,0.8083233389575272,-0.07076313514652924,0.9295001034336773,2.5992661656231526,0.33851692693508717,1.266097528017008
1.5905631143477124,0.2356595218814665,0.46773514755356,0.4538751566794923,-0.7358317392588295,-1.8414801415402655,-0.01159924714629806,0.7163216085339428,0.32902384060845996,0.29796078048629504,-0.2297139482715396,0.45459949761811574,0.3422371466809213,1.0615310788437298,0.827122372851413,0.872646833172337,0.17632933772309042,0.4149960715723716,-0.024300449551705655,0.8410748758850531,0.8176617978626293,1.15615483085048,1.1464073582837215,0.9204439861178306
-1.4246572764373981,1.8470457695106006,0.2543731080332384,-0.31404080701748893,1.1007458584807914,-1.1635590720308047,-0.8090474884542845,0.7163216085339428,0.44173351973595537,0.4012452732200775,-0.358740965070707,0.4779037641680704,-0.5540904377143211,-0.39724183694255827,-0.42248700191228505,-0.09150656428556843,0.34340568167323715,0.7467391739601407,-0.34890521399048685,0.7422512557566681,-0.2347085579903377,0.428606280751671,-0.3717835849721485,0.20876498261698043
-0.11814756275395609,-1.0140671112616841,0.9337528010995526,-0.20804655328493765,1.3783421122254542,-0.48563800252134365,1.1845731148156817,0.7163216085339428,0.10652030941916185,4.570659023185455,-0.36464339054169514,0.9328994786709811,0.08915985665248957,3.6602503415540877,0.5042894540998604,2.6778019033644216,0.8170678313997276,2.3535394292792593,-0.6804086643477228,-0.7978172590254146,0.876224471436562,1.544701576635401,1.0386130353090628,1.0879459179040802
-0.26845195500467345,1.32932352541072,-0.9471472289302326,4.530985444288458,-0.8238577765505798,-0.48563800252134365,-0.01159924714629806,0.7163216085339428,-4.267015393164297,-1.0530282619647025,0.9996246125155688,0.04987264766942591,-2.5123753313629393,-1.0614750692076163,-2.7329484395172967,-2.3237363753794886,-3.9779347990864897,-0.9517995832381824,0.7389778738759893,0.08858698906973897,-2.4169760627842476,-1.0231987343606581,-2.7062207205800735,-2.225672363461485
-0.12329449506947156,0.20165978012250874,1.1911111114381774,-0.441579717050938,1.1246059546254834,0.19228306698811726,-0.4103233678002913,-0.30170651728949077,1.3290993014457793,-1.1840346546039933,-1.2244859603480218,-1.4406954875686524,1.3437967363256214,-0.6631369671928299,1.235080025828788,-0.8563806217242874,1.247734420824612,-0.618563270086195,-1.1435571355075187,-1.1780728505264204,1.1282822441045135,-0.3967361386138991,1.0578892507756354,-0.6057396942923339
1.5458572508634048,-0.019166920399096614,-0.29513470900740807,0.7087935968198437,-0.4804950686042021,-1.8414801415402655,-0.4103233678002913,-0.30170651728949077,-1.1475301075427593,-0.6278025472957033,2.5025759340984512,2.657304410528285,-0.2797462470247279,0.16748150215547578,-0.21790715179245335,0.7221130047595377,-1.2005440917222119,-0.6236759880900264,3.182494177431231,3.0667973133872786,-0.18217605134865508,0.4529599832393371,-0.25445421193165346,0.6365138039534416
-0.8797685731376138,-0.9073960491430959,-0.7485057185889886,-0.43815437349437036,-0.2809590067954014,-0.48563800252134365,0.7858489941616884,0.7163216085339428,0.24658275350106806,-1.0535486966694525,-0.1334175463052465,-1.070528536268642,0.6773810223004519,-1.077621391130209,0.983120122161553,-0.8508129717712897,-0.08923013982622784,-0.7421202091967005,0.19976897256198395,-0.4150806502647302,0.23262823458045753,-0.8284307706249846,0.3694920124556889,-0.36700618530721474
0.8726396488453474,-1.1307414345084263,1.4728891479618487,1.7719234161142816,0.6493429779618413,-1.1635590720308047,-0.8090474884542845,0.7163216085339428,0.8346665832772221,0.04061317005047604,-0.11065824770647335,0.006121197938529344,0.06463311062755189,-0.5253224640396685,0.05391691892848451,0.015967231491731213,0.45651806615824886,0.5700010543968059,0.12741611345353615,0.22040322203353108,-0.05497963861676415,-0.3353909904827929,-0.03098447851534966,0.06711802324311684
-1.3427328468872513,-0.9476772447041226,-0.17283954590139416,-0.4416237304758767,-1.5353162402394067,1.5481252060070392,0.3871248735076952,0.7163216085339428,-0.7450998309129118,-0.12144744164518882,0.6957900824468347,0.30531960496980803,-1.3378017862097245,-0.6399804750930383,-1.736134006745214,-0.1580535426768943,-0.6564804501426115,1.0510438167363072,0.6190825096168605,0.39637606337616366,-1.2855345134589096,-0.49770307349212395,-2.156377186538867,-0.557518276094976
-1.0974959674340816,-0.8652245767330251,0.4434053672096539,-0.19847166615400058,0.6656431341985751,-1.1635590720308047,-1.606495729762271,-1.3197346431129244,1.0379981117941872,-0.3264201411912549,-0.7449181372513834,-0.554322469699599,0.20909904683913044,-0.35450898617904325,0.3940958093709562,-0.48865613481476844,0.830039646427404,0.4372141118565754,-0.6949281434864182,-0.38118368366661787,0.3625279661114908,-0.5073016881900255,0.492767578291079,-0.626057571378768
-0.37801096001710494,-0.6180597688989486,-0.5909114443545236,-0.41433304410459504,-0.4476306336371471,-1.1635590720308047,1.5832972354696748,-0.30170651728949077,-0.9606146054573906,-0.7696468358730056,1.0613230134709302,0.8489244107631463,-0.07987494712788507,0.4645920856316895,0.003948067645641996,1.046275149091586,-1.1270959639342863,-0.8703537378479014,1.2430129894153512,0.47340465035409046,-0.5463470813904494,-0.04330646957218716,-0.5039672087996114,0.5604041230482988
-0.3910554330265832,-0.8232336172794965,-0.49985013926463234,-0.25138547987560905,1.3694519944591146,-1.1635590720308047,-0.01159924714629806,0.7163216085339428,1.592866868039404,-1.5377559745217422,-1.3527571741334652,-1.2591432731882437,1.3355954239624637,-1.1192437704108584,1.3327343013457567,-1.309331059592581,1.590411207622503,-1.4884567465191505,-1.3535814651291527,-1.2871896070193376,1.2864608028934201,-0.8501403412042948,1.3266092511100613,-0.9899549155713466
-1.4540087276341433,1.833693357779545,-0.47944046299277554,-0.3643307521177741,1.2184660841199948,0.19228306698811726,-0.8090474884542845,0.7163216085339428,0.7439673439770705,-0.4762585823698696,-0.878676126814899,-0.4932084969843133,-0.8339363977044719,0.4318619093660824,-0.5266858353175276,0.9663079555882994,0.6555173357230277,-0.3112328390909088,-0.5869312910487169,-0.29988229831092444,-0.866880856503516,0.04322938093509919,-0.6488247533442175,0.34109034832708607
-0.6847869844414369,0.2809285682664245,-1.0271419876730854,-0.42269928052919103,-0.8874783712719636,1.5481252060070392,1.1845731148156817,0.7163216085339428,-1.2217716559493652,-0.7401824898351849,1.4176934665768124,0.5843757696130935,-0.03927721206131325,-0.167345729382881,0.037618436122261116,0.2307760698965177,-1.1429296130517188,-0.7082074145032006,1.5740285208279483,0.9061283431336856,-0.09228535562806305,-0.14463711680099217,0.0008469154233654156,0.42160248215648866
-0.4805692728927313,-0.9982819713696907,-0.5916747954435604,-0.21127122759939373,1.351923415711703,0.19228306698811726,0.3871248735076952,0.7163216085339428,1.4437563373222324,-1.5500140136001554,-1.1853723650530423,-1.3674030287632255,1.1470910324557306,-1.1079664388362147,1.1654474441906428,-1.291447727141495,1.4163885901829196,-1.3985335071205556,-1.1561557049451676,-1.3601516470272532,1.1286750978044289,-1.0608202641617421,1.1468555201048614,-1.211181899915355
-0.9909249377505716,0.28843917769608407,-0.2640692306100537,-0.28864671147260584,-0.5855517674553068,0.8702041364975782,-1.2077716091082777,-2.337762768936358,-0.03789022329266027,-0.9366741702164573,-0.1940100792795518,-0.8199733954073066,0.17952772180020504,-1.2925189228174163,0.5754852921427958,-1.4494900495189527,0.1918945689882293,-0.8698654423298793,-0.30644766881754676,-0.8990195319501417,0.20256325081516546,-1.2390319107668535,0.5688593294113345,-1.3274649423297786
1.3758049930277378,-1.6562554143869477,1.1926247931867777,1.5664964928992133,-1.3219159808033025,-0.48563800252134365,-0.8090474884542845,0.7163216085339428,-0.7274592713255169,-0.7144164482189201,-0.009714402577581641,-0.33487702038312583,-0.30205065277184956,-0.575010127810557,-0.22334296155883246,-0.9251103794026306,-0.8278444700043076,-0.6069744838757193,0.3125322983639173,0.2725783800404018,-0.26250291147212734,-0.5589098842907136,-0.2562561569990254,-0.7805393995315332
1.566090267406234,0.4203497366633159,-1.133936556780369,-0.4393207757829042,-1.6439876551935584,-2.5194012110497264,-0.4103233678002913,-0.30170651728949077,-1.1049797732451825,0.04226137606796408,3.3113399126371,2.1435716464897494,-1.1918015584684356,-0.595830636092696,-2.2297449862440617,-1.07886927042385,-0.8878089362749777,-0.06499975962527983,2.380868704547105,1.3724567757013597,-1.0195826317887449,-0.9229359354317268,-2.091602422939737,-1.1435163777697455
-1.1015838819270616,-0.8683972583420977,-0.31026370449475527,-0.43878372833583534,1.3660873173312522,-0.48563800252134365,-0.4103233678002913,-0.30170651728949077,0.8898567366645063,-0.3263648797029493,-0.879606582632281,-0.6391783233146293,0.26411578686860854,-0.5565043035933521,0.4320974703458523,-0.6908164662480707,0.9392382373543922,-0.3358873432829188,-0.985646003889444,-0.7650841844356328,0.1200291756033407,-0.335403869055254,0.3403790903528324,-0.4770248298991643
-0.24077975062620813,0.2835343823480876,-0.9941031001437663,-0.3951945643229453,0.32561920291899643,-0.48563800252134365,0.3871248735076952,0.7163216085339428,-0.1323461168758036,-1.022822589487016,-0.44010774962957944,-1.2181795310593997,-0.07826632346195292,-0.9558423846237778,0.025218993585221283,-0.8614088214011515,-0.04351171096022659,-0.9462587834218269,-0.4119561704583763,-1.177849941384474,-0.08056338876150684,-1.0234338756295047,-0.009059394241272556,-0.9830878415655563
-0.4916319432722038,-0.753269121226464,-0.4982686719634464,-0.3787109318238437,1.135828178136374,0.8702041364975782,-0.8090474884542845,0.7163216085339428,0.47479262564288477,0.10389682724685202,-0.6711117008761173,-0.6758130696820728,0.6939604240943225,-0.5794404763759635,0.8028690034881532,-0.6237678317938968,0.8271759461121188,-0.27084323342301564,-0.9225231670386506,-0.9243617669062293,0.7911052540455817,-0.7367977421198734,0.894031643603542,-0.8701512745096956
1.3749800390696352,0.835494106343632,0.9044977225047504,-0.34114825825374184,0.1908365577444866,0.8702041364975782,0.3871248735076952,0.7163216085339428,0.5231034829674008,1.4094840590266453,0.11605024372799586,0.21217365110182962,-0.052444768802595215,0.8216278593376614,-0.523602688759316,0.5655441335969157,0.28725987697631117,1.3790630530157655,0.3456414932734591,0.5049182175971936,0.007741927080351688,0.940144574072949,-0.29889622345872785,0.6265644068152554
0.556913645624432,1.2532743209003527,0.8307609198537386,-0.14811135949447937,1.2136187565975147,0.19228306698811726,1.1845731148156817,0.7163216085339428,1.2192767136969525,-0.3691501231604258,-0.9160791237919467,-0.57328011435462,1.2128054057564879,-1.1693299170555185,1.3172656828822982,-1.3966467428392293,0.8462601504416739,-0.09656478925963527,-0.46908037841119593,-0.2710105939759273,0.9558162647420364,-1.0594948444126524,1.1223321834577558,-1.15125141659517
-0.26997359695876144,-0.6675480773815995,-1.1724386486009424,-0.4271531044817234,-1.4167918039844491,1.5481252060070392,0.7858489941616884,0.7163216085339428,-0.4740771200893513,-0.8842707289769282,-0.20704017759034737,-0.5655689848327028,0.5474446362800077,-1.137582080947831,1.0265747366749656,-1.114504636398207,-0.2586524203016231,-0.980118395944517,-0.2948479819766524,-0.663996455822898,0.644174765177531,-1.3203334479438948,1.0868268184325278,-1.4656262792355013
0.29545886007376493,0.05441970391926612,-1.2051038864489765,-0.44140832133501945,1.600297200636945,-1.1635590720308047,1.1845731148156817,0.7163216085339428,0.6673689667025909,-0.607234478378521,-0.7191107275824555,-0.9405438764880502,0.9908353523560717,-0.8641692473501199,1.1083434783443789,-1.1399609352954383,0.8731258779790986,-1.112894580731853,-0.9012641656865019,-1.259240884450873,1.18303313789781,-1.055286126932466,1.1424710072420114,-1.2350658320550487
-0.551605335226944,-0.8363542610743646,-0.20726186056631987,-0.4171043871893068,0.33823980378291496,-0.48563800252134365,0.7858489941616884,0.7163216085339428,0.15230530442272103,1.9407380635813467,0.2079460744694924,1.4003639894978661,-0.1506489564650968,0.9239839319616675,-0.1411777977033776,2.180749541866699,0.1581770626979061,1.7587823908570641,-0.03452453850006184,0.9213896039419025,-0.08260870050686452,0.9525652059613211,-0.03864893633229203,1.8283882199288433
1.5894364221746344,-0.24319518547990218,-1.2012450337798224,2.6321092436941234,-1.5843354499126885,-2.5194012110497264,1.5832972354696748,-0.30170651728949077,-0.5117234284352348,0.7223639985851638,0.08569103029215647,1.3907573125810573,-0.0399117035522954,0.6013606821774128,0.07429262264848985,0.5402275032802688,-0.14480647263065724,0.9073683941780386,-0.051849820226349236,1.1950461748710588,0.11675310541349612,0.01585908749136733,0.19157546250787028,0.014743278480116912
1.086773733292065,-1.5998159747340195,-0.5691201061600065,1.6838317614714324,-0.8834348693379495,0.8702041364975782,1.1845731148156817,0.7163216085339428,-0.303665815939485,1.3446899639882781,1.3255435299942044,2.1718378866999073,-1.2189961611004692,-0.026974479350038782,-1.1791093599686837,0.4120355475038224,-0.523857906730492,1.1801578965536403,1.4889051922963796,2.1796653193349314,-1.1525475837091443,-0.10914001484875276,-1.319410263885924,0.33678991978081013
0.609900571599907,0.8762334219079057,2.5756329108991802,-0.2791727793578492,-1.2581226669219996,0.8702041364975782,-0.4103233678002913,-0.30170651728949077,-0.8759689109593346,0.49129733832152905,1.4345828323200147,1.7333702757564895,0.09631527773996079,-0.28167104273623944,-0.2786774609493348,0.4220291744617823,-0.9014759885887218,0.014612439782610093,1.731216908330214,1.7920320531837053,-0.05566159234712806,0.5944918456545598,-0.3505836843099609,0.9960083164183762
1.574443936722003,-0.04946882195218196,-0.2843148132898018,1.6067607835274307,-0.6120052870346708,0.8702041364975782,-1.2077716091082777,-2.337762768936358,1.0235626549008434,0.13412511838021704,-1.0432733252769384,-0.26595006861570397,0.5203234128080905,0.6010893322026787,0.5752680201720135,0.4857299478083144,0.8086986747387265,1.141243427634746,-0.991795279104855,-0.1158618010842823,0.26712495606308073,0.7400850732167297,0.31497572290716386,0.4884544609019085
-1.1349684171160872,-0.9804862996538772,0.02203590699532805,-0.42585232857807603,-0.34329845259414454,0.19228306698811726,-0.4103233678002913,-0.30170651728949077,-0.6464645623599167,0.3678557679254514,0.5768485256820534,0.6803358268693018,-0.8737260566824621,-0.13055184873277345,-1.258954473447285,1.342266480736898,-0.8374104689593946,0.5053296282548332,0.9383937972860779,1.1320761782042827,-0.7052648736275047,-0.8341019036688123,-1.6530265289860162,0.5589699734379692
1.6230402721905604,-1.55075450893769,-0.0682401367815801,-0.4108755522349081,-0.28788059633475455,-1.1635590720308047,0.7858489941616884,0.7163216085339428,0.3360416070486054,0.5414671873127973,-0.47256823212837495,0.2060727513650012,0.21766010768208136,1.6818387851292596,0.3364557150207232,1.3941333497228636,0.19535710010981955,0.5831277412310493,-0.2465406233828577,0.5279215633804927,-0.08829436496380576,1.622170804808854,-0.03535474057089605,1.4761464033142093
-1.540900693790118,-0.9380682167675246,-1.2175799743016134,-0.2885503635642247,-0.465126225230743,0.8702041364975782,-0.4103233678002913,-0.30170651728949077,-0.013885417142515238,-0.16365436720179208,-0.3676036956142217,0.11170521093210432,-0.6597092559649658,-0.21150377766291698,-1.126557352088791,-0.3023568184822178,-0.12653940197659574,-0.3523348209271565,-0.18182638828730877,0.13113514096430617,-0.9325069297127602,-0.31083745547911035,-1.3087631294794297,-0.1787277718047792
1.5925540335757105,-0.009142731584276607,-0.9496374104194351,3.181666520371968,-1.6327493001709534,-2.5194012110497264,-1.606495729762271,-1.3197346431129244,-2.4640593090194973,1.1201086891801224,-0.6854100503124224,2.5458975218351885,-3.201299197426568,-0.9930875537846046,-2.7186946371210143,-1.714073160631274,-1.3617571192020475,2.595329519661172,-0.43264848693135255,2.5614480489188898,-1.9492773228360836,1.3648072372168503,-1.6476542787657464,1.4270063869116087
-0.7183469674758574,-0.8585386715418318,-0.27383119208052636,-0.41265718744426466,1.4462525509318394,-1.1635590720308047,-0.8090474884542845,0.7163216085339428,0.4476778780643026,-0.34126684685755615,-0.5267207127404321,-0.33365977523040746,0.44450749278998625,-0.879376050492654,0.855878957219648,-1.0704340989666623,0.5959146440987937,-0.7766837922327218,-0.9009412213748287,-1.027993740522401,0.5163471308713945,-1.076204255573342,0.882238014370462,-1.3140482315536592
1.689612890447351,-1.5931901441379808,-1.2408504202963435,-0.40830895953306995,-1.290609083272627,1.5481252060070392,1.1845731148156817,0.7163216085339428,0.2147983425692577,0.8531878612434298,-0.5856200327445383,0.3495303761114955,-0.09434808113357875,1.105701884788154,-0.43700870241139755,0.9561232651507199,0.3483966970207121,0.6096373697728511,-0.6421563205790422,-0.03932846824655775,-0.35501107509590085,1.5111926043067962,-0.5294284918737419,1.1481145422847583
1.5919926127956066,1.41937825747332,-0.10199741850558038,-0.27701848444512817,-1.2563252156260887,-1.1635590720308047,-1.606495729762271,-1.3197346431129244,-0.6323395331189253,1.0252010669829414,1.067536976380022,1.1183429008065127,-1.178840606946807,0.270385377794706,-2.2408526080899116,0.35578363434596866,-1.1026657517474985,0.7114053407686755,1.5986306366000271,1.5944594144999524,-0.4426165344338922,1.2656086376589288,-1.7831213233539616,1.362359422662155
-0.07318512298374472,0.2785357415071916,3.9508490321445078,4.665392065339747,-0.4780474366347529,-1.1635590720308047,-1.606495729762271,-1.3197346431129244,-0.9492016494440507,3.578627146748042,-0.20807874229420406,0.19077430939711937,-0.9671114730191528,3.041099478088071,-0.4234756995578282,2.199971495657544,0.3998255028990444,-0.04732262997300212,-0.11686849222601352,-0.2867671984820573,0.5631599074206189,-0.4145636245070597,0.732833289211349,-0.4765970346112795
1.6878095443059034,1.4196859382362979,0.7881343756494514,2.925555888488549,-1.0951306627792803,-1.1635590720308047,1.1845731148156817,0.7163216085339428,-0.012855318142480069,1.078173187491662,0.6224065296677933,1.05926062217272,0.7621892248492046,0.4900985395118547,0.3093890923140735,-0.26653836635353684,-0.03567661342436849,0.8610285998696093,0.510995269388697,0.8318130861170075,0.6320434612390364,0.30441133794028974,0.13858266246571965,0.1327661648354394
0.8208245102294277,-1.3961659660589207,-0.0984526601567941,2.2186131762832555,-0.34134583679971325,0.8702041364975782,-1.606495729762271,-1.3197346431129244,-0.04235704650218833,-0.118418469510594,0.2387133040317721,-0.25517798300784816,0.2948166268364715,-0.2660883877071973,0.583566222885722,-0.23125949527681403,0.09979679431281262,0.22925238823405628,0.04571347125013709,-0.14292846976000723,0.41675230774289634,-0.16154206762021175,0.6822661677415901,-0.07365289017226216
0.8881188748921529,1.2528359084583562,0.444075594628542,-0.10489209818827958,0.2820269024801747,-0.48563800252134365,-0.8090474884542845,0.7163216085339428,1.2162064266029147,-0.03960286419292703,-1.1944012355747733,-0.6521456874156855,1.262173856409201,1.326632127687972,1.1829422449779785,1.2801916432165892,0.883240729310472,0.7566786443845379,-0.943511204023795,-0.14424120668353066,1.4263739539935378,0.8058161265207952,1.3275546705214036,0.9101060629758598
0.554728425045759,-1.2781111798529796,-0.4123625385107174,4.545186732542483,-1.6312995634568417,-0.48563800252134365,-0.8090474884542845,0.7163216085339428,-0.22689730877871253,0.012335866484478425,-0.1062779394042064,0.14662631507584817,0.9192963890990468,0.504880235089719,1.1149566113211995,0.6493223961782844,-0.6167153262315718,-0.005005418202502066,0.17691773714667405,0.4311760403713211,0.5912599358791716,0.33364999028377124,0.7464276035318868,0.487467173016439
0.7345222646837946,0.9119858979607014,1.1901940803174766,-0.029661702206781094,0.2715974783764348,1.5481252060070392,0.7858489941616884,0.7163216085339428,0.7863835936301065,0.5195250350631407,-0.16707721813442097,0.018972299020861966,-0.07977326457743791,-0.28969117618816426,-0.3332968138347902,-0.2653883237527323,0.5822195073667239,2.0733300484776134,-0.21646751893216065,-0.03112945983145564,-0.3077168009349868,0.7737991368117726,-0.4603520482292124,0.21082605182717654
-0.660127458585253,-0.8175062528397855,-0.9876450181491117,-0.4165024599922057,-1.0706294856626064,0.8702041364975782,0.7858489941616884,0.7163216085339428,-0.29677601239179546,0.2683596429876544,0.4151983634754208,0.7731237010590003,0.4802726860260237,0.805857278365365,0.48751526467038725,1.3403899784309001,-0.31227754603901914,0.4544964604503977,0.4610344231828544,1.149348278290974,0.23044853756595632,0.3636624301892715,0.26012332285467954,0.8688598040164142
-0.4036786886926413,-1.0417834365178262,1.1397025432545702,-0.43304868748945363,1.4679717206502418,1.5481252060070392,0.3871248735076952,0.7163216085339428,1.3775812937203633,-1.3704171453053715,-1.1279613507137913,-1.3974234686698586,1.227029050617786,-0.7558439190268098,1.249810668805279,-0.9352814691544605,1.3123272174424039,-0.8128027309346059,-1.0382435785596367,-1.0949509360275027,1.162829560381823,-0.6077276157034601,1.2237027812501096,-0.7302312166277913
1.402415486178501,-1.5785139899612115,0.24127009948941866,-0.4281620554368688,-0.8685148397872923,0.19228306698811726,1.1845731148156817,0.7163216085339428,-0.044036645124518395,-0.43713749687478004,0.37462455883617485,0.0003095230824847194,-0.32482535222699077,-0.626396335924518,-0.2197778061680764,-0.7837295509477943,0.10129978862903372,-0.5514033243966919,0.12946406755227308,-0.2813554946972474,-0.07190641334859421,0.022284958542115672,0.0043475306527433035,-0.21721091261641384
0.3993446255378477,0.8735873307573164,2.1971435401537205,4.862352130634724,-0.37707731987793963,0.8702041364975782,-1.606495729762271,-1.3197346431129244,0.4952504246765793,0.44043980508857783,-0.24801268620425987,-0.44266074011034523,0.9368702214589129,0.6628091375351656,0.7296408571976216,0.3106358964478759,0.8247330113770622,-0.013120032062868584,-0.45296380950240983,-0.5830440768658247,1.1488841697777563,-0.38545043092363385,0.9376590998399991,-0.5707669244365692
-1.3415610649969971,-0.8801278877994843,-0.18995158387586436,-0.4048809983764423,1.283533433583135,0.8702041364975782,-1.2077716091082777,-2.337762768936358,0.4578777677858231,-0.7180128144718159,-0.1947438608528148,-0.8692264563349029,-0.8040441579620501,-0.7772467314861278,-1.3617961723559218,-0.5016833685740552,0.3868347980275992,-0.7029754822756966,-0.14982234431469488,-0.8607547462432042,-0.7005478819998627,-0.6423251493693134,-1.3212234184297724,-0.4375850842761321
1.603471223442193,0.058790342354169675,-0.42248160934133827,0.28306603920692325,-1.459145571477524,-1.1635590720308047,-0.01159924714629806,0.7163216085339428,-1.5269756720694625,-0.4513758763669073,2.5401630558961976,1.9843195300173677,-0.5167893328891935,0.0007371645537427901,-1.1941462550597728,0.33457689586642586,-1.5588589836162607,-0.6642849578330476,2.6008584970217967,2.082540161190079,-0.4344786020911693,-0.0086590314380483,-1.149016662976429,0.3308855114405552
1.5363579693447138,0.6766881969444127,-0.5430295617739547,-0.43276007338417866,-1.6190930983088234,-1.1635590720308047,-0.4103233678002913,-0.30170651728949077,-0.1393781826323859,-0.38323383474284184,1.1298940222333886,0.16521059828164394,-1.788643345965937,0.11762588095950664,-2.316868490386899,-0.8579704634229438,-0.12722744746672268,-0.7809090265714327,1.2436480123994218,-0.04947902873564633,-1.4599217214051174,-0.2504079738499666,-2.065191028115274,-0.5592211235720761
-0.3431117565587422,-0.7609043028866249,0.7099592584541358,-0.36715006466941635,1.2397100737757845,0.8702041364975782,-1.2077716091082777,-2.337762768936358,0.9099520731531296,-0.5679657161945662,-0.6324401730093437,-0.7024955627215639,0.8004740869079469,-0.666010326021771,0.9915737206093346,-1.0133148805406105,0.9146157129027338,-0.4223117752010708,-0.578417366160501,-0.6129481129321257,0.8765454393195926,-0.7473188382309974,1.0869599418275813,-0.9186026263609021
0.541068775118231,0.17323354813472291,-1.189681691021227,-0.4416506269407956,-1.2424928214018975,0.19228306698811726,-0.01159924714629806,0.7163216085339428,-0.9558531158228923,-0.009484324945638806,2.1855475237533857,1.7329416047158328,-1.5609154109366328,0.6618933591044904,-1.7620364395167354,0.5906432837173906,-0.6398780526603495,-0.11675470220590273,1.6091822469608508,1.5017331519895394,-1.0673569383727246,0.0782623176715645,-1.1033543826264238,0.6196993530941775
-0.5995887857289948,-1.0960611200629722,-1.1423103813664774,-0.4083591119998124,0.19691465872594258,1.5481252060070392,-1.2077716091082777,-2.337762768936358,-0.7502037275016968,0.5085620553889247,0.1332586605768276,-0.2653079737512807,0.3371073716031097,1.1498437363812273,-1.227689036851724,0.5576332424202176,-0.8608884054317769,0.9711721437948575,-0.024970895315833883,-0.17383250722404764,-0.08075203179689693,0.8865718590648042,-1.6483765513895587,0.2013059651904095
-0.6556836579924328,0.3452485772869192,-0.4723351951472291,-0.4028556950525841,-1.1220720268094257,-1.1635590720308047,1.5832972354696748,-0.30170651728949077,-1.0331986209600017,-0.2559176629260039,0.6514524499392857,-0.20125668836952046,-0.5894892116378285,-0.4023993723781134,-0.8938675330886184,0.3283276423160439,-0.9833609578513439,-0.28077725688392224,0.7303932228302872,-0.11348449165360103,-0.5702985656204788,-0.5567330835805286,-0.798129635957041,0.188496349970415
-0.5946027882199655,0.2531123280304468,-0.327811554844312,-0.3621012624222975,0.8236986733690138,0.19228306698811726,-1.2077716091082777,-2.337762768936358,0.07839369104264708,-0.34746140266644054,-0.2692635760809147,-0.17459442631088254,0.20127778134680968,-0.9444019768173847,0.40866316783390844,-1.083096468175546,-0.010763412967156272,-0.4107593846102833,-0.2897586837033767,-0.2349427484703099,0.14368235658687367,-0.87566534985727,0.36994473627306934,-1.0166868178167792
-0.5632788382683073,-0.9189563397706142,-0.4463799731237304,-0.44129069593736664,1.2130365316838179,1.5481252060070392,0.3871248735076952,0.7163216085339428,0.48710287518379664,0.8837612153909827,-0.3275306689223057,0.44673945765772843,0.16697845595611352,0.33992296892829393,0.30516502551659047,0.8560738744829139,0.819127962312876,0.7415711197590282,-0.662323185880868,0.18837648910808458,0.46085173810833086,0.15887885431155976,0.6195337229641171,0.7417460152579496
-1.286808138108672,-0.8715619219806277,-0.5145522005749734,-0.24850198179260563,0.8327537776762353,0.19228306698811726,0.7858489941616884,0.7163216085339428,0.35832761708919214,-0.2062537778404548,-0.34773244298751443,-0.5820293623618712,-0.9886241938667044,-0.17657284882217622,-1.5527422724162598,0.761267548171654,0.2823282167041958,-0.8003642184195707,-0.21495424980791458,-0.8238303707923982,-1.1652635894830594,-0.7421877466590255,-1.8937465605099086,-0.7503288195466591
1.6729109148391725,-1.7538539666251964,-0.43674252965694027,3.9568701801643487,-0.26924104225981355,-1.1635590720308047,0.7858489941616884,0.7163216085339428,1.46859804180401,-0.32647925813223316,-1.393738835033885,-0.8588531728517659,0.7818581751768147,0.37265492017329455,0.8025728437227055,0.37563514295603984,1.5952866080225758,-0.9333157335339972,-1.4637689180068578,-1.1539445703389477,0.742026013843006,0.5017910225102931,0.7972486761256946,0.5442551034662348
-0.17400227656470582,-0.96827368124273,-0.7898711234889149,1.4542782682984718,0.9779696295226686,-0.48563800252134365,-0.01159924714629806,0.7163216085339428,1.5167390433505359,-1.5598032649657776,-1.2796316438945647,-1.341149805879275,1.4174551184410777,-1.0554527859989409,1.4171255112953716,-1.2266718457416064,1.4973855547176451,-1.4932677027455934,-1.2759526416367872,-1.358777634718065,1.3470092649248442,-0.9587456647304518,1.37134548967085,-1.0954481224071586
0.8031483405026827,0.935095106864182,-0.1307260429150661,-0.4118394399421281,-0.9091994888597793,1.5481252060070392,-1.2077716091082777,-2.337762768936358,-0.7648636790946224,-0.21507441097965913,0.5946763005396467,0.19149915157808048,0.376963119474009,0.41929938177455556,-0.0025224943726632914,0.3336218400199763,-0.2940706952965372,-0.1480358707656144,0.23636643568794027,-0.09826639766194405,0.5478798215540236,0.049090204619130585,0.42544033434786566,0.2936385323374193
0.3778771659666285,0.22474735298782578,1.9023843789693617,-0.4406643780039592,-0.6353381621641352,-0.48563800252134365,-0.01159924714629806,0.7163216085339428,-0.342408831602862,-0.3630170618216675,0.471532085750004,-0.3824751349799702,0.3302875886999636,-0.9120655131684298,0.2668052844681433,-0.7651941702356653,-0.08867805569353754,-0.4078083683445369,0.4223312548864039,-0.33091637357090953,0.3818190058373504,-0.9651287145277683,0.30994840305025073,-0.9140403184087605
-0.8320168979161131,-0.796884088762111,-0.5466400034812987,0.366589432731242,-0.3961939870590565,-0.48563800252134365,-0.4103233678002913,-0.30170651728949077,-0.6959137000944416,1.792640873344716,0.21820398916012235,1.1266257943152083,-0.7974357451590846,0.6367144998585814,-0.7886331100749697,0.8253903351039031,-0.13711006751398502,0.2486232759427123,0.19922799904901098,0.3599718391091359,-0.5412099927119086,-0.24121492686314291,-0.5840653919133467,0.14834331757605415
0.4624136415226215,-1.0659158880714852,-0.21286192709500124,3.7674796664711656,-1.4435726278939796,-1.1635590720308047,-0.4103233678002913,-0.30170651728949077,-1.0591626162008208,-0.40953830317632806,1.7892904868226502,1.4626629940873443,0.10400512782734549,0.1253503694062529,0.2678352329381596,0.6150210743898284,-0.8242070598953483,0.15577223177051908,1.6016190456088615,1.5833898127836021,0.21504391066628809,-0.03251529906441633,0.3581356831479385,0.33926350587575244
-0.3770576729584097,0.3883722990319673,-0.017048727282056645,3.983020135338746,-1.1047421374004247,-1.1635590720308047,1.1845731148156817,0.7163216085339428,-1.8098823483391442,2.064586512749461,-0.9278508426574396,0.029118526645923605,-2.5623965706478584,2.454765543005503,-1.7986856375627545,2.374156524261763,-2.6884344074897193,-1.1331240708196657,-1.3989601956305704,-1.4608761295653658,-3.8596213865725537,-1.0418381069260343,-2.731948111412043,-2.486897878926461
-0.7992401190484741,1.7114293523863755,-1.1292540726548033,-0.44091014318025457,-1.3201917435015535,-0.48563800252134365,-0.8090474884542845,0.7163216085339428,-0.7904521459612935,-0.510980724880741,0.7172961572551494,0.6269995809390859,-1.4648620903440417,-0.6578865781477687,-1.520483642893001,-0.2898997673178266,-0.9589308822176439,-0.2883433986591561,1.332620682698736,1.468241881820924,-1.396977218101372,-0.5147036477118648,-1.6454124703656343,-0.17270328279192185
-0.7212185254785485,1.6889241406657904,-0.22854181987565658,-0.419404087659243,-1.1943454261138573,0.19228306698811726,-0.4103233678002913,-0.30170651728949077,-0.3910949431932238,-0.9617704040399307,0.08049165229694559,-0.12779895200162833,-0.9512276961334258,-0.9818675762316033,-0.5392928981901366,-0.9409880030330955,-0.44040412456348266,-1.0805508210102555,0.039698683196316475,-0.15849700307365547,-0.9028876837992942,-0.980603607196654,-0.5284311526004254,-0.9619627344686592
-0.9959234669066893,1.8226871548233252,0.09653026485841644,-0.33239101348113137,-1.6658045536939512,1.5481252060070392,1.1845731148156817,0.7163216085339428,-1.1855783500292454,-0.13465288110881224,0.5290855800080285,0.9679356302380328,-1.179744028294736,0.6816351236604175,-1.5475921334236349,0.4245060685781392,-1.0154050970899644,-1.1832483658436284,0.40238838891734763,-0.4832707867731166,-2.238747496562048,-0.303093677179874,-2.343891568310307,-0.5973031116004724
-1.3408986291750964,-0.9433539867231834,-0.7561510587630752,-0.006347710745661247,-0.8835490532799314,-1.1635590720308047,-0.01159924714629806,0.7163216085339428,-0.5563228593466386,-0.2537535973409372,0.17417449695376364,-0.14165066176788438,-0.49965977798967,-0.6644175038888056,-0.9831516813774128,-0.28070112659710705,-0.09892581869672712,0.3455523626447407,-0.10864531274040733,-0.17550141516304735,-0.461848050871886,-0.745586294609991,-0.7810834111479393,-0.5767582050194643
1.6465545663947125,0.24952025565804534,0.21290231770536744,-0.39942351619172967,-0.6045767856878632,1.5481252060070392,-0.8090474884542845,0.7163216085339428,-0.1735941626291634,0.18639734571379257,0.4228688588276496,0.17333702729464118,-0.2890291872675272,-0.02523788388622506,-0.6654884693172732,0.06799116224294174,-0.1835460828547053,0.460267889652737,0.5456456736377663,0.7794292586441925,-0.30533092440874804,-0.20158573493685877,-0.4244507453779016,-0.18513788266214745
1.2366477939134133,-1.5632097265656393,1.1408005697094155,-0.3801406841342984,1.0326525992696114,-1.1635590720308047,0.3871248735076952,0.7163216085339428,1.1451831380888704,-0.6934943202313145,-0.6459821998698084,-0.693291855685186,0.24377403541057943,1.1906083568701167,0.4378163947451537,1.1087107971117383,0.6933061267989373,-0.49238293718445053,-0.43753985544594554,-0.7629861159469314,0.5924380391074697,1.336027705981596,0.5736834883690081,1.04740840007536
-0.4912908433275111,-0.9517284262297929,-0.7760107085533895,-0.43088747343569417,1.2004340615292628,1.5481252060070392,-0.01159924714629806,0.7163216085339428,0.7373490447028068,0.21062526733787781,-0.5983678089946839,-0.29796121098983513,0.3691623429679543,-0.2244935206071423,0.5555332908015119,-0.29461162027518345,0.7049272497206314,0.07517078951593156,-0.4440247714526236,-0.12522953762409308,0.3478563913954618,-0.03761778947338171,0.5576732277347249,-0.09732570255949322
-0.8111578369899349,-0.9616162151506122,-0.1754834885970081,-0.43388965707605565,0.8183239207287906,0.19228306698811726,-0.4103233678002913,-0.30170651728949077,0.347888887666936,-0.8264778789616187,-0.871964703162757,-1.045135095339662,0.687678882095512,-1.2936128648046827,0.9263041628729082,-1.4427120693100477,-0.37133124873387857,-0.01873572762722212,-0.1330024143169403,0.6932793083886062,0.1372364423824526,-0.23726249297492635,0.3827487390544379,0.020932546964842813
1.4060712299541864,-1.5641248857336667,0.4462475386382723,-0.4399994960344701,-1.097195685555368,0.19228306698811726,1.1845731148156817,0.7163216085339428,-0.5642635941253381,-0.6407782017800466,0.8444098266121387,0.30065041614839233,-0.23405008979421252,-0.11347710165132922,-0.37399145731975697,-0.3547194586189282,-0.23324266730062984,-0.38262136157399235,0.4760242292787897,0.16235513803171606,-0.10091806385438433,0.5388232502998586,-0.1555194594461702,0.2920243248520829
-0.13292373601474333,-0.8523987999834413,0.9043348534916873,-0.21006686009742417,1.2473843778092044,-0.48563800252134365,0.3871248735076952,0.7163216085339428,1.1985849175425296,0.6936446031127208,-0.716646404499264,0.4459574824922116,1.214567935063444,-0.21915471540105794,1.1191570558516766,0.09619636897152575,1.3426875205592812,-0.38849269303853723,-0.8985726712161298,-0.571542627868452,1.154195936412612,-0.42158094399807006,1.1555813154852352,-0.5036968812099875
-0.44890299531688455,-0.9271759304752413,-1.1013686474543956,-0.4167202155975595,1.5984835249206681,0.8702041364975782,-0.8090474884542845,0.7163216085339428,1.5898649252820725,-1.5206716797879098,-1.4296431351037548,-1.393996592315206,1.421660601994253,-0.9472258580957408,1.3121910822584202,-1.0947050457904695,1.5817279788602927,-1.4858594733937416,-1.428026298105713,-1.4298980816091982,1.3549276936967762,-0.7090057827494877,1.2606310546265074,-0.83434097037278
1.6445664974854934,0.7328682755935173,0.1381266893427456,-0.3714828375711347,-0.7959133209534056,-0.48563800252134365,-0.8090474884542845,0.7163216085339428,-0.2829532789235216,-0.3713256779944567,0.8388561072537172,0.2998705248607317,-2.9592584666213053,-0.05000139795412751,-2.6250871410840793,-1.414021815048329,-0.08776724660003106,-0.17618231183639113,0.6287990975893543,0.32426697100500873,-3.192724529745661,-0.2529387206599491,-2.650233130762163,-1.7761423980748403
-0.5813759615983505,-0.7977089060948549,-0.3121655931080448,-0.367839287996186,-1.0318942616402835,-1.1635590720308047,1.1845731148156817,0.7163216085339428,-0.796703140110478,0.9270226072535112,1.5717935919095287,2.280550060840282,-0.5667307127764797,0.11605824134668183,-0.5480411579759807,0.7083272712180508,-0.9007075133300677,0.7224294996954834,1.7157463076465276,2.718403310393178,-0.5509557864213203,0.272444252699553,-0.5284118184258828,1.0680445982718172
-0.1951622647758047,-0.9052977262923432,-0.7284876497436326,-0.15310559549599728,1.4752729076904736,1.5481252060070392,-0.01159924714629806,0.7163216085339428,1.5358263008727415,-1.5659745466920292,-1.322697028644942,-1.330064166116665,1.1800797298086563,-1.0782695914173601,1.2290693488034057,-1.2856046633020637,1.5218864558860525,-1.494080129729703,-1.3232380331254752,-1.365340576006683,1.097510077892232,-0.7530128307409428,1.157246661350895,-0.9240389599868153
-0.8881235746432071,-0.7150283700378491,-0.7881785001272784,-0.33696517621995914,1.2086497978127622,-0.48563800252134365,-0.4103233678002913,-0.30170651728949077,0.6544760999651451,0.17190662684425137,-0.6287285411505552,-0.22576986456076895,0.2824856401693235,0.04754370396084491,0.2522555545626581,0.13976995826990482,0.5415430736675243,0.3919590060505568,-0.7198809845819462,-0.1618052649071222,0.2525014578487892,0.5166581538804664,0.2435318204517864,0.6484456054658284
-0.6600802913744226,-0.9188030339216614,-0.121378218770572,-0.3922517392893634,-0.8261337459489239,-0.48563800252134365,0.7858489941616884,0.7163216085339428,-0.4042432788684111,-0.11317672457217037,0.28793362144158335,0.32791335599906274,-0.4388579965123005,0.7100503250211754,-0.2955436714487866,1.5586648992886922,-0.08856922288281414,-0.18968409638374867,-0.02721236127596552,-0.0893563010238393,0.08609971105407914,0.14249838335580628,0.2932215179779764,0.6309700164343787
1.648280349997442,-1.5333166053558507,0.014071397955206974,-0.4101438433794235,-0.8990869924747402,-0.48563800252134365,-0.4103233678002913,-0.30170651728949077,0.039917245703254646,0.7516952543967301,0.0344713579267864,0.231566913057028,-0.12241251270582498,0.5631542507389607,-0.1332160360089288,0.7797983517299248,-0.14705795993706383,0.20081936260689012,0.0863865043256915,0.303974716240191,-0.15979099111953093,0.34983717533117564,-0.12323864370640175,0.5384786044018437
0.1131291247664286,0.1282056834826189,1.914395968682769,-0.044760828151041855,1.345223201203233,1.5481252060070392,-0.4103233678002913,-0.30170651728949077,1.6190181706201265,-1.1811863361301222,-1.2748790093866054,-1.2312857335226213,1.4922847081900836,-0.6089377495492962,1.4116419722096505,-0.7573450052481394,1.5885217680687074,-1.1820974224580298,-1.2408073532896964,-1.2278050533006626,1.516840651992094,-0.6360874127979295,1.4471041716179736,-0.7672436533025784
1.5890882646995883,1.4230967752331836,1.0871692502417176,1.3002383132118556,-0.9974313580339137,-1.1635590720308047,1.5832972354696748,-0.30170651728949077,-0.45477879917437636,0.9810038282417111,1.2675627958114426,1.853286419190405,-0.0555414646571248,0.49008112252655883,-1.1851593046058237,0.9428942442942029,-0.34024917151426615,1.1899917701630915,1.085546194782182,1.86473383848431,-0.36624311951617705,-0.29189404128222207,-1.4247897701840015,0.35335600188822364
-1.3894498289385429,1.6759439103941014,-1.1042006395696977,2.925368376374673,-1.4468032870595444,-1.1635590720308047,-0.01159924714629806,0.7163216085339428,-6.453787927139524,-0.7164102313109522,-1.5058013094482754,-1.0408660978948694,-4.376154251721321,-1.1599808787191537,-2.759531925163724,-2.594613386908682,-6.351454456276342,-0.5102725603101806,-1.5946307769631278,-1.1865086495286281,-4.16498015731568,-1.1111066894422044,-2.731948111412043,-2.486897878926461
-1.3911923440904983,1.8456338497877454,-1.0195258203473072,-0.4190370715619881,0.628141267178628,-0.48563800252134365,-0.4103233678002913,-0.30170651728949077,0.7661003559002582,-0.29491055461973337,-1.3442962649373136,-1.1314415884272984,0.1311422660002222,0.623229870472292,0.12828254788958146,0.48058352678608646,0.8538576911230088,-0.37910287074820803,-1.2013373813071848,-0.9805198249813123,-0.3937804239686757,-0.09309588927710016,-0.44855489974188967,-0.07573176314148759
-0.8458209141856706,-0.7702146666680036,0.008929416054848356,0.1459454190006797,0.7992728258052495,-1.1635590720308047,-0.8090474884542845,0.7163216085339428,0.901887075944055,1.176991523849636,-0.6911779891279622,-0.7677205923057955,0.5086365903393946,-0.04768127801480164,0.47585110926530105,-0.4763926318706629,0.6858282521399321,1.9668372080374252,-0.666646038675971,-0.716216571800543,0.27068261719167463,0.6424477859268048,0.41082282944198273,-0.030528650304696085
-0.6140504058176676,1.5793889595961124,-0.6288933196892935,-0.3687659629779379,-0.885846395226324,1.5481252060070392,-0.4103233678002913,-0.30170651728949077,-0.3110131062437097,-0.5948777525632009,-0.06795723586478053,-0.4806678068743018,-0.7536810384993151,-0.9458224040767865,-0.7831919235985633,-0.9495498962642406,-0.1654219832832377,-0.5195878582363862,-0.05654027391652446,-0.3263886939484748,-0.3481739097416242,-0.2058184924189718,-0.3719581139140311,-0.2680438013403463
-0.49982841648778736,-0.8811931883497365,0.4742127017929925,-0.41211617166630615,0.5899556389379651,0.19228306698811726,1.1845731148156817,0.7163216085339428,0.1827643560282044,1.8066175318579258,0.3261373435722434,1.8935675176648752,0.37274362717208565,0.46246632593591813,0.22279382789573873,1.4660761386337713,0.8879620978278654,0.571138108025503,-0.47287666561060776,0.6616435844281007,0.825201109078,-0.07956437319254782,0.8556663414114207,0.45409181702933765
0.9567637331679149,1.1646482455626546,-0.08725848716114229,-0.4276794038948916,0.4676521402356961,-1.1635590720308047,-0.8090474884542845,0.7163216085339428,1.0174450144407272,-0.6208016107088593,-0.677851100949898,-0.8981361806613885,0.25900497601529476,1.4777545388415887,0.4952274941338889,1.5674807591710498,0.9945481550851439,-0.013575472487471478,-0.688620659787041,-0.5249506766623928,1.53661062524955,0.8579312017692525,1.5054419367981178,0.8609204638994323
1.502663759704316,-1.687413917046258,0.42278735942766577,-0.4053585111694924,-1.4785306505997038,1.5481252060070392,1.1845731148156817,0.7163216085339428,-0.7460159922286252,-0.09888970211882499,1.3013830922671383,1.3979846351273735,-1.1137547213875667,1.682030926648573,-1.4989348027449525,1.0202188507114693,-0.9406814269118676,-0.31066276484375027,1.888053456084489,2.7813659633276764,-0.8993126235557853,1.2462723196805494,-1.314920390633713,1.1305648340579169
0.33718309086469755,0.09193727916710707,-0.07186504382890024,-0.424154222130877,1.5002775927580352,0.8702041364975782,-0.01159924714629806,0.7163216085339428,0.8956573251882987,0.09535867027345195,-0.6672197809630267,-0.7887429257750321,0.9356947254328902,-0.3292576855866496,0.8087327024156529,-0.23029306193363183,0.7480197627143498,-0.39164561833731637,-0.44810157522939226,-0.7783732053386901,0.8151906656733088,-0.6286303973788203,0.7049866903696589,-0.5051127219901093
-1.0086370392309485,1.7856644041885341,-0.9449696595105117,-0.44018476394982353,-0.9064670661753433,-1.1635590720308047,-0.01159924714629806,0.7163216085339428,-0.5799378378061996,-0.4155995888378337,0.11097795861965733,0.6615476709465802,-1.0835982690199193,-1.0506580119768696,-0.8026252927791637,-0.8874737509856864,-0.28197614282054245,-0.44292258987162453,-0.42038173740082985,0.06115671608854921,-0.5413642953889147,-0.8502089196026485,-0.33618028909429337,-1.1167784146701751
-1.0572004880209163,-0.8962978342959089,-0.04367031037122759,-0.4008857613311785,1.4915625951978015,0.19228306698811726,-1.2077716091082777,-2.337762768936358,1.0361789463612707,-0.36967202293719137,-0.7386093742392537,-0.42264014409220463,0.9447684874205513,-0.35605565884778567,1.0658425687899378,-0.7261318237798337,1.045097377009307,-0.25569987025362917,-0.6804459577689748,-0.2906651978405208,1.042927222919295,-0.24186872905840223,1.132928180058775,-0.6041046526208992
0.5803388365230914,-1.2727233959678745,0.39778579236755485,-0.4405135588185797,-0.885597929817295,-0.48563800252134365,-1.606495729762271,-0.30170651728949077,-0.719235611094129,-0.26478430446709994,0.3472489908017717,0.2905772110765397,0.12079103954325911,0.2874561311725154,0.19915966161351129,0.7292368870242907,-0.6784793346067781,-0.4856960467317884,0.05528797009363471,-0.1730252340197469,-0.02443109681827944,-0.10378199209787828,0.10859926803261263,0.24806861155750362
1.5533279090879326,-1.5192343983492218,0.32826051094600034,-0.43347160528790407,-1.088517822199393,-1.1635590720308047,-0.01159924714629806,0.7163216085339428,-1.1525105183413593,0.31741231030952527,2.037113223297228,1.419483047858494,-0.9293524155265709,-0.27726299234946017,-1.0873605630604117,0.07929516296256421,-0.6642714410312127,0.21673402818603146,1.1594309896259398,1.3282611201606516,-0.4402433867338269,0.043768778478332056,-0.2798486291751743,0.2012746507773649
0.36335921305349056,1.518785671735652,-0.8430750010895443,0.3549150780968415,1.2462348645301276,-1.1635590720308047,0.3871248735076952,0.7163216085339428,1.310840764690854,0.7146025868101806,-0.9098385033496651,-0.16553407270535844,1.458354946933065,0.1939422293319056,1.3488624482154539,0.07808653279237611,1.3937966101421218,0.14269209171519698,-0.9780497280091086,-0.5593185377033955,1.36775450436041,-0.30239630248112254,1.2900815644511532,-0.42559961895106785
-1.4450506860596457,1.4379262327654905,-0.968207692428629,3.4634040395871177,-1.323152032560913,-1.1635590720308047,-0.4103233678002913,-0.30170651728949077,-5.009670265147697,3.5190917606398577,-1.776722858381369,-0.8728561374190802,-2.0407012374544116,-0.5740959024868513,-2.672338673633268,-1.1360504765907231,-5.66125643431365,2.3521661755064627,-1.7530341260205007,-0.5798921827952501,-1.709855886310596,-0.7475267735155207,-2.6618299120298494,-1.193062976470749
-0.3037780598543872,-1.1190227624820595,0.8719710661853752,-0.27779107663793895,1.3954008777326854,1.5481252060070392,1.1845731148156817,0.7163216085339428,1.261954919517551,0.3593529526015491,-0.8687239544464619,-0.7395970109005391,0.9992649024964756,0.47427382166806586,1.1080545903588863,0.03585771129750818,1.4892840876258047,-0.8084057439334612,-0.9905081585607085,-0.7174718126737933,1.2235510978195032,-0.4312159943238916,1.175782269313527,-0.5190663234285917
-1.2288959457100659,-0.8227671225290937,-0.3294639967060153,-0.3795104996220754,1.0429604647577366,0.19228306698811726,0.3871248735076952,0.7163216085339428,0.8919673705921998,0.6208695925272169,-0.9775433620981933,-0.1284201212592463,0.4457125310752778,0.42829930385152243,0.5057588384361386,0.4418534817003533,0.8714232430489784,0.3005874314392303,-0.8689587494772614,-0.30462016988038537,0.14289001005109053,0.3216578928940318,0.2328945486466881,0.3534512078053032
0.9842875498263755,1.1114283248449628,1.7697093522161218,-0.23753230323329402,1.2228863530722933,0.8702041364975782,1.1845731148156817,0.7163216085339428,0.8790778845238154,-0.0716407762956685,-0.27684386745651746,-0.0206269372534301,1.3255443849787032,-0.8421131315378955,1.0973126288662984,-0.8769256345317734,0.04669826279844404,2.736152961653526,0.19483044000877467,1.1405782499124129,0.2555898007461342,2.7925919975468108,0.17187632826602195,2.052270237188541
1.0535698039465733,1.061112130644328,0.03095652143252979,0.7309640306375779,-0.0588491435606474,-0.48563800252134365,1.5832972354696748,-0.30170651728949077,-0.4936530670298371,2.0850715609190957,0.14253736054379107,-0.3441546182551526,-0.012159609898597571,2.275946575272947,-0.30487631791466585,2.0719250933737854,-0.7518113467526479,2.189633117753918,0.2515854948323398,-0.12565780259668738,-0.13777598259235407,2.3033997445879986,-0.4456089798077605,2.178574396848447
-0.8548392214815821,-0.8065608534735405,-0.2773118554218111,0.8838496447551206,-0.7140365435589497,0.8702041364975782,0.3871248735076952,0.7163216085339428,-0.2033354159603634,0.8419844298375396,0.05675245954712333,0.372371153494947,-0.062203244121993365,0.6579836341823497,0.2245051201118587,1.0949905822583343,-0.4829585273571296,-0.02618420261159291,0.33948055640124253,0.22693618835637583,-0.6109744911907398,-0.03193479741074618,-0.41305935387047427,0.5757087898883066
-0.957775317206334,-0.837210829872913,-1.0427126983891997,0.007164501722102742,-0.8955285956935815,0.19228306698811726,-0.01159924714629806,0.7163216085339428,0.8585934969847977,-0.017728053849949778,-1.0728971984531663,-1.0905882918248295,0.5306260374836792,-0.18711367488485722,0.8490990140177946,-0.36190349776295916,-0.2566085847235812,0.38433845653772764,-0.16276252467508115,0.2641832402388544,-0.5300251090504806,-0.16181820567805832,-0.06679080494969371,-0.09643766116052802
1.0016024073638334,-1.4859866186091621,1.2175491097187645,-0.4336739426789761,-0.873694255941296,-0.48563800252134365,-0.01159924714629806,0.7163216085339428,-0.9490863869029346,0.34913073390080646,1.9902203843024795,1.9442992635878915,-0.3365976566523415,0.2435455815816178,-0.7589572845776122,0.6888730595628636,0.04222983611676361,1.3318175772323717,0.7247335381963277,1.8477422331475486,-0.36649494881099376,-0.11518231908304423,-0.7478911954545068,0.28618279787350653
1.4692372837964438,0.3658137104293071,-0.6229334210347358,-0.4405432930357872,-1.085557545593747,-1.1635590720308047,-0.8090474884542845,0.7163216085339428,-1.3932597031953744,-1.1495052847267464,4.662761342709517,2.4379710564748236,0.5182459248982968,0.9412340691944017,-0.3026635373099995,1.275507776285679,-1.5065547358940803,-1.1354855523232368,4.959036547312535,2.6947717172692798,0.23467807925312217,0.8271005432267433,-0.6570855292411542,1.525383393383013
-0.6324596593688941,0.38869707230516903,0.7578738219879838,-0.4356517768836458,1.0231096546628473,1.5481252060070392,-0.4103233678002913,-0.30170651728949077,0.8313410099843112,-0.27926307143335666,-0.8662073953874396,-0.8128185744447352,0.579373624203717,-0.8383755796168941,0.6626060638592256,-1.0196741165594112,0.9611604700187859,-0.4861464239562371,-0.9649122547040632,-0.9733887027086645,0.6619278147192267,-0.9122978052933652,0.7410305447415863,-1.1018802038607758
-0.4910132979831217,0.19169278823334374,-0.6428668381061129,-0.4382955154238825,-0.10487399452264448,1.5481252060070392,0.7858489941616884,0.7163216085339428,-0.10441630826033879,-0.27414161661831443,-0.45409148422140033,-1.1333699568984246,0.15795949009451263,0.06482922984523055,0.2843439362921781,0.5374265466707582,-0.2001345974397396,-0.2958710898239301,-0.39222950285030284,-1.0678676543964418,0.2096712471292322,-0.3236062381096726,0.3359843673079206,-0.012990053643773564
-0.4120093012949845,-0.8583110260008535,-0.511413768543325,-0.3882142885512064,0.7327537986583074,0.8702041364975782,-0.01159924714629806,0.7163216085339428,-0.49188036295415993,0.7409399551064723,0.9435674571520414,1.6540196801244076,-0.5642036583889583,0.14169304842421748,-0.42334612966044477,0.7835633877177768,-0.6125806352956981,0.7652525363028758,0.974420356639956,1.7218683334044982,-0.6781849827486824,0.3128647255821157,-0.6660644502414953,1.0697148686579274
-0.8625174155715339,0.3041530155367342,-0.5490705632782189,-0.43875844536809133,-0.886770583280935,-1.1635590720308047,1.1845731148156817,0.7163216085339428,-1.283523779354791,-0.839235057794521,0.6054036595853719,-0.38474786426682395,-0.9786219472595423,0.008798233467922993,-1.0510223768395064,0.7789765564486583,-1.1150124722583772,-0.7359507802756609,0.4922834843297186,-0.4897200166364517,-0.6422672572361244,-0.13280739674569617,-0.5109516250436528,0.6999350867213431
1.5539338518746357,-1.7124706962343943,-0.6538147788701737,-0.42337233310326233,-1.2034841971118204,-0.48563800252134365,0.3871248735076952,0.7163216085339428,-0.846986298039461,1.429720687529083,1.9519084333863945,1.9864534209420557,-1.0616788656193836,1.3423827401420945,-1.3829474003902993,2.0022156939939832,-0.6926039307989794,1.9410245432331914,2.2385956955017767,3.2126271786914478,-0.2500806760174024,0.29987335829085604,-0.9346762660936494,1.4506049538356531
-0.5434045365988333,0.27630159249345987,-0.0780651832069482,-0.3538909638776973,0.3146532821313751,1.5481252060070392,0.3871248735076952,0.7163216085339428,-0.04067013832513061,-0.8196395139624646,-0.61809418372362,-0.9468043665373613,-0.33919218174812554,-0.7248244900876032,-0.25103685241155604,-0.49508468202056344,-0.0621852091203308,-0.5859280359205292,-0.5468943555808974,-0.7916740478595606,-0.33377408172827455,-0.4091841374687502,-0.38950259560775014,-0.22940749769394062
1.143728743435843,0.9517616488946257,-1.0416234448951733,-0.24211467397276534,-0.11194112000941998,-0.48563800252134365,1.1845731148156817,0.7163216085339428,-0.5936291820282389,2.0719084029197803,0.8833482095750279,1.5340084597633057,-0.12638475535719962,1.5013423509339252,-0.1404002901762903,1.862562806508493,0.0650153574002198,0.38085846584025307,0.2544672374922359,0.1833966326042971,0.5989013524268044,-0.3895254258931024,0.5714389862187349,-0.28560323218736694
-1.080881217484019,-0.8751421493396699,-1.1270790212757447,-0.43753506758338173,1.3244532932617668,1.5481252060070392,0.3871248735076952,0.7163216085339428,0.5703766576288519,-0.17941867060414535,-0.4654702142955042,-0.4354532144036624,-0.010622173547739262,-0.4075551328342747,0.2705469457905391,-0.26766787714989243,0.5445176550898448,0.05549648118191494,-0.32071102931616086,-0.13970913873327132,0.01622559815128612,-0.3448983819590973,0.13174787969836296,-0.07769446973974069
-1.1595427747430633,-0.829230900647983,-1.033489861032555,-0.2701967201416351,0.9059463417659499,-0.48563800252134365,-0.01159924714629806,0.7163216085339428,0.8209057069158332,0.7694447303801467,-0.8835723602984978,-0.43630456533614,0.20405494431319557,0.3943798913924765,0.30825266735695594,0.3476124992784814,0.9900356672739026,0.03200756527961596,-0.9278943749199596,-0.46111519427935743,0.16156475481181684,0.5136173082795997,0.288185291366499,0.5485735883071291
-0.22586665259803373,-0.6737230216003588,2.028104363111472,-0.43973620915101574,-1.1216456158323138,-0.48563800252134365,1.1845731148156817,0.7163216085339428,-0.7729973404334225,-1.076755296029087,0.6205432999866651,0.4901599181224746,0.5316495338208894,-0.45708526718401776,0.9222315253840674,-0.1908615353251881,-0.7155791698386442,-1.0021021672807677,0.5339428627259397,0.1949690113085487,0.4771931699847178,-0.680276692589705,0.8321635884946657,-0.553127187272224
-0.5994104984390045,-0.6912030636960051,-0.22289873002501792,-0.43963855881608616,-0.5682092319927692,-1.1635590720308047,1.1845731148156817,0.7163216085339428,-0.20552960723554028,-0.2794507034634177,0.47446761170622187,0.20531039938262985,0.3920161394398446,-0.3788288663348598,0.5379626872170684,-0.17740849548127316,-0.07127418262314661,-0.41923944020303006,0.27221596074328225,-0.3251753660838347,0.6278163920576745,-0.3004809367918911,0.7678125040035181,-0.3322162512179371
0.4816505052016438,0.12297916380320453,1.9001410011819726,-0.44146172986813287,-0.687244241070415,0.19228306698811726,-0.4103233678002913,-0.30170651728949077,-0.40670979674192104,0.07972596632231986,0.694610676443186,0.2225195836881046,-0.13647724880154438,-0.3101599057418153,-0.11315204925633571,0.819440558191666,-0.4528279520510929,-0.4523593798425991,0.6283728302023667,-0.2922637134189057,-0.18589419641876426,-0.6655454301589927,-0.10059867289766336,-0.28333811422120236
-0.4057198855000664,-0.9815796142519639,-0.8458226120549864,-0.20330524580573128,1.2716393905784134,-0.48563800252134365,0.3871248735076952,0.7163216085339428,0.7428556520723846,-0.3663274691498448,-0.4293217200310464,-0.5801082874632415,0.551207938920272,-0.722350279749706,0.6851001031872668,-0.9307419787338174,0.5087619118980666,-0.11291162187391884,-0.2555369746947601,-0.39770770819578466,0.47688776973082236,-0.7997116076981408,0.6110723061277697,-0.971009190608125
1.2263514897404657,0.7722190644813839,-0.23285516995516786,-0.06223572935596853,-1.355495362669501,0.19228306698811726,0.3871248735076952,0.7163216085339428,-2.1279467356574497,-1.5676219173614383,5.479174874250482,2.0199651290290968,-2.0210680237307543,0.5489343361390412,-2.2717073433678827,-0.23578250794356803,-2.129669870171047,-1.5886255756903231,5.631986582588365,1.9648504032821523,-1.9072091933497868,0.39056276305962173,-2.1682711579654437,-0.04862926491909463
-0.16811573487276052,-0.7561654613793434,-0.2827085482629425,-0.4382985841372282,0.5372795355990249,1.5481252060070392,-0.01159924714629806,0.7163216085339428,0.12192039911300848,1.3334808779184684,0.32841670254208755,1.1280124413719823,0.2442864983112638,-0.17368695420127062,0.1127991214378504,0.5876460325952794,0.7275766730935634,1.6353067848150455,-0.26321273292540487,1.2995456044731253,0.5688375133401256,0.3871096958185724,0.5747937913587536,0.7728485509434194
-0.5605028111462539,-1.1110853857800742,-0.15192498589386744,-0.4325019849011319,-1.1214511732459276,-1.1635590720308047,-0.01159924714629806,0.7163216085339428,-0.8094490391131749,0.4306776704067523,0.9113290275084227,1.6409112201268417,-1.2331035428769062,2.328299592475137,-1.9437821072921977,0.838270315284783,-0.5567248238388885,0.16704695101790254,0.2530310626657111,0.40044198344220006,-1.173427895221021,1.7976342713722697,-1.8538501220367611,0.9855652122035581
0.36350058325998086,0.032440342333394205,0.6568133850809658,-0.3840818811375446,1.1176226070936435,0.8702041364975782,1.1845731148156817,0.7163216085339428,0.8761791892270161,-1.0761692929258868,-0.6065069493756754,-1.0396494605398594,0.7438201339293747,-1.002166462444568,0.8993809484812534,-1.1524712122204084,0.7913289399402064,-1.0347913140055296,-0.6131412826284096,-1.1373039416704422,0.9347280795940737,-0.3925702423871448,1.0891056441735625,-0.6271419591982353
-0.6395145965467994,-1.0781819564528614,0.8416549281156664,-0.3531849316735766,-1.5286281657423195,0.19228306698811726,-0.4103233678002913,-0.30170651728949077,-1.5022244233274429,-0.4022674334963744,1.2222078207141651,0.5433472536142208,-0.4953420338512784,1.7682872705590575,-1.7277811114319634,1.1256304425119565,-1.5941487166381585,-0.6359837734812831,1.6855852034579564,1.5123733244830562,-0.6822206616659833,2.174054338685236,-1.771739012391432,1.2994900564241663
-0.6454437138396345,-0.8956331636401547,-0.4628033933083747,-0.4280114397556375,1.1778544787420884,0.19228306698811726,-0.4103233678002913,-0.30170651728949077,0.10422917517440569,1.0076951270933368,-0.06126503601093582,0.48498156847820867,0.17646438010936455,-0.25933980511807037,0.25798219145585133,0.5314264210660816,0.38810210171482573,1.0443340242780592,-0.3703778664475236,0.4331290253686791,0.24579895248652242,0.1413301895121752,0.29755845573717676,0.661088799732626
0.9856505795799057,1.074070619398769,0.1682927752675745,0.20943059915976758,1.017131940080385,-1.1635590720308047,1.5832972354696748,-0.30170651728949077,1.0913697393345938,-0.15334951329876947,-0.7890524211399368,-0.568101764710354,1.6640300619070763,0.1344074236324377,1.3846827955607628,-0.0817988132800035,1.0076752309732875,-0.14405290250761782,-0.6434284361927596,-0.49660906441706226,1.4327777440250073,-0.09023351922625229,1.227102554638783,-0.2933712269071653
-1.2919826898796598,1.808460287441616,-0.4718461595053737,-0.3391788038976631,-1.051460234565861,0.8702041364975782,-1.2077716091082777,-2.337762768936358,-0.2253090339057648,-0.6650289990899884,-0.015746039150223424,-0.252114248418101,-0.64812821384397,-0.9269382873764076,-0.2904584055476411,-0.8294096772274973,-0.5680906380046868,0.4164289943543174,0.47168553573485184,0.8552841022656115,-0.8935461905759249,-0.42129761540393273,-0.7855080261301214,0.09602526705279997
-0.79084373767051,-0.6971219941996692,0.4840741730669508,-0.4267734077341236,-0.051935164790865435,0.19228306698811726,0.7858489941616884,0.7163216085339428,0.221346789911152,0.8095026266171059,-0.21777576969729756,0.21122340279942922,0.3549915882805076,0.9195260712156665,0.5359655920130123,0.9711602617811876,0.46311312510668107,0.7257268933213928,-0.39769774526844437,0.1422505962285375,0.39981381150207146,0.5760552032840037,0.6076468986649834,0.6144733816139599
0.9048918894741222,1.1663466983546673,-0.6273004258183557,-0.4187957343057566,0.5559070061680365,-1.1635590720308047,-1.2077716091082777,-2.337762768936358,0.48730265445145426,-0.7536143728857725,-0.37899897174340924,-0.9014223692122785,0.8200224857582221,1.788144519711754,0.9764144392580303,1.8820540277220195,0.1519391355909352,-0.36879362577956254,-0.17271079354950397,-0.5226907773904463,0.2437043737736698,0.9388488823619563,0.44009042494117984,1.0350268326788394
1.0896241159763371,0.8165611575390269,0.4315791481492724,-0.4413128778895191,-1.5740379521405194,0.19228306698811726,-1.606495729762271,-1.3197346431129244,-0.7343312578335571,0.3168193416884968,2.491007683750904,1.982374056382172,-0.7668521212521869,-0.13414307579004847,-0.8352899961236775,0.2907446319871515,-0.8517156793686388,0.40257229061768685,2.8319531320402374,2.416063912340903,-0.8485582606712324,0.01175565234104796,-1.0477402160969604,0.44194687547977546
-0.9775438088111075,-0.7215503854250065,1.2144114703273028,4.337177115571187,-0.15461255807857888,-1.1635590720308047,1.1845731148156817,0.7163216085339428,0.5269597299335606,3.4885133944038302,-0.9160782045666643,-0.24564893054118012,0.1025208198943644,3.7317313132507963,0.3160114362121711,2.9726919717914737,1.5983035209020164,-1.3301542710331073,-1.3262407306489619,-1.3170613664867004,1.6921596283291231,1.2215330112691196,1.4991209217025965,1.1798908429218673
-0.5898875623232388,1.7373372526475628,-0.8515677629154557,-0.439065771518281,0.8480764634385949,-1.1635590720308047,-0.01159924714629806,0.7163216085339428,0.3436371937899948,-1.1931132560815136,-0.8232008810214537,-1.2377092870141753,-0.21543274859892242,-1.1872292530013122,0.09741485562187203,-1.2497975886701158,0.10669727700024716,-0.9404432214357498,-0.608607365785389,-1.0835680614391041,-0.3604574559356219,-1.0435745677794976,-0.053217910287694146,-1.0108569074753
-0.6006286081026406,-0.774577731004665,0.36103474653391693,0.4079240324303963,-0.6788766862847571,-0.48563800252134365,1.5832972354696748,-0.30170651728949077,-0.32311293197789065,0.3070262348702022,0.5357759414113085,0.7839705457849452,0.5860120557540031,-0.6100369055385302,0.5856851754932694,-0.3633628251887472,-0.7428704878320547,1.0259574549957173,1.8754859313304866,3.6775789301301556,0.03501252141606701,-0.2575026720971787,-0.1940057631576205,0.865657905282594
-1.5285111188658917,1.7319193629904845,0.24347276002354296,-0.3998244193636606,0.6644349268673029,-0.48563800252134365,-0.01159924714629806,0.7163216085339428,0.17795878064175333,0.8640518842990521,0.031145241158177395,0.4156955819218227,-1.5192460542395279,0.017804589845190063,-1.6723321586321058,-0.5671421613295728,0.47287940192340844,0.5937106961151055,-0.43676083289080836,0.05110493775436901,-1.1853439995803086,-0.5018940829351768,-1.2392613339949625,-0.46388300411174765
0.3966472265213917,0.28585793685686006,-0.9965372571416331,-0.3714929788611861,1.483060230947206,0.19228306698811726,0.7858489941616884,0.7163216085339428,1.0454682026178412,-0.5284968817199273,-0.9806888311156504,-0.4153063701187368,1.1765518122664271,-0.8014175133729162,1.2883704939809777,-0.9155781295535678,0.8916476656590098,0.5709513019366949,-0.9950988314535747,-0.4047217785405399,1.1195213318735584,-0.626381583984292,1.1972190461995489,-0.6985755648683605
-0.7817081022079693,-0.7936125707574869,-0.19513414155350092,0.08936008540977522,0.120955682588576,0.19228306698811726,-0.4103233678002913,-0.30170651728949077,-0.6814727610350518,4.8175416499172545,-0.5786416340973309,-0.6470808222863351,-1.0480203355885949,1.9248426717628095,-0.7841392382054522,1.5322602141120618,-2.7396131846648717,3.2096925317844995,-0.7906276395195918,-0.46697997052262746,-2.756323821364501,1.765153331090347,-1.9534747352489583,0.9954590515121488
-0.8836801896254773,-0.7616079824353952,-0.5532782551469532,-0.40897381323809406,0.4290109819474826,-1.1635590720308047,-0.01159924714629806,0.7163216085339428,0.18651356370231714,0.865000197141395,-0.1774317713786538,0.012109047301661896,-0.6039148874334728,-0.20920706526433885,-0.5475823306965055,-0.02472654337495346,0.4283234950088391,0.9719604679655206,-0.2126925252016602,0.09303111134808532,-0.30139707610084215,-0.1688764146366318,-0.29421891733241146,-0.05358754867489813
0.6097989291831544,1.2491964029875628,0.4684118683028373,-0.16301524355896826,-0.0874176453689853,0.8702041364975782,-1.606495729762271,-1.3197346431129244,-0.6327257974015801,-0.11196932531023648,0.8441584384805582,0.3624953090217196,0.19311668457529912,-0.746314831218248,-0.10625342179133493,-0.3178180518874198,-0.44703582525705615,0.11387616931355524,0.8751311001553703,0.778994635074138,0.21784379455320607,-0.5558505794026529,0.013418082606141355,-0.1191503332381147
-0.5300212612444113,-0.7338269788085241,0.017684196977213698,-0.43952209565323525,-0.9890706284759362,0.19228306698811726,1.1845731148156817,0.7163216085339428,-1.4845283111241157,-0.6614219660846989,2.917684483087168,2.2545507324246286,-2.0020375673937694,0.5289276559086808,-2.1167695110754527,0.3462951943981193,-1.4734139388098904,-0.3511159514309357,3.237416600897759,2.9015130057019443,-1.7552620817804063,1.0239845100784433,-1.8785916958944906,1.0247772969930435
0.8893097581546036,0.9394312098351776,-1.1994938347205053,-0.18748561342480993,1.1611711902560529,0.8702041364975782,1.1845731148156817,0.7163216085339428,-0.027379997288221315,0.6143612028707919,0.8616980561952737,1.0157020179717609,0.043740300736569246,0.43832571869881415,-0.12412093435491897,0.7046458009820653,-0.29581602582534317,1.1112921847291544,0.8756461234968854,1.0040582668669389,-0.09503899449902405,0.6770603445938624,-0.24553907198351144,1.045121437780741
1.666898997977223,0.09359756548386533,0.8099333304705111,4.859630669661004,-0.6089015035282382,1.5481252060070392,-0.4103233678002913,-0.30170651728949077,-1.9919614378540533,0.2918993663097006,0.2304971085923246,0.24333465813889937,-3.07080217556331,1.913751380215815,-2.1371553071446083,0.9838891958847505,-2.3412472071219863,-1.3835059538226604,-0.16772836062954885,-1.554736962889624,-3.6603224921887527,-1.2124770456027638,-2.731948111412043,-2.486897878926461
-1.4324607591556942,1.3794286533880622,0.6712826896316294,3.1484131285414123,-0.1676731196107702,0.8702041364975782,1.5832972354696748,-0.30170651728949077,0.12402006870860972,0.6455372927861434,0.3029824184051844,1.2299701595828958,-0.4220656045588702,0.09349192989512689,-0.07618064525121149,-0.14670076257472647,0.23792706995543955,0.648185777986241,0.1991731932421123,1.3483216891278735,-0.29028133102762665,-0.03910580119978877,0.006931401875718592,-0.26286366506954445
-0.8030432609713875,-0.943502736039711,0.5517510850819198,-0.4416405602689319,0.8568239596544108,0.19228306698811726,0.3871248735076952,0.7163216085339428,0.01663083172871511,-1.3460681367643526,-0.700998112786265,-1.5099725829128523,0.8191195408983467,-1.3826651673489447,1.270158431261699,-1.5754797927208581,0.0640564816199196,-1.2013628866642148,-0.6863731042928097,-1.5131967740732777,0.8045236346163129,-1.3683463007742729,1.2692797305466272,-1.5302974869015056
-1.5087914088100205,2.152837403922251,3.1672476360577537,4.8712899649884385,-0.32560456791064657,0.8702041364975782,0.3871248735076952,0.7163216085339428,1.0207617248985306,0.7808585409868655,-0.6768704474388332,-0.4512239151906921,-0.03363778536232858,0.07443763704542557,0.29876057058878625,-0.1619222838935882,1.3131064803949692,-0.6973570632295977,-0.8557706494573465,-0.32909333681178543,-0.0930106239971354,0.5800594734263749,0.15599319526030392,0.5362937927530034
0.9684784313555139,0.8657885667960662,-0.540839164038329,-0.3442244932850337,-1.2180032408094468,-0.48563800252134365,1.1845731148156817,0.7163216085339428,0.008166961255080386,0.038507321800763925,-0.026641976119479053,-0.4696738751030109,1.0450654106105333,0.4760666617914016,0.7765905535858587,0.5287023606413871,0.08786091652447231,-0.19534373903990257,-0.1027361562127367,-0.7240081821896449,1.1243321871474508,0.15562025351466852,0.8284462132724941,0.22852538739054234
0.8924868281186364,1.2701599978299007,0.5460696352926779,0.7851594781135167,0.623035775671131,0.8702041364975782,0.7858489941616884,0.7163216085339428,-4.264144702599049,2.2950906624681795,0.391952754735936,-0.8183695040840301,-2.933513721836043,0.9907706378444445,-2.381781069834617,0.7598445764250815,-4.816238163179297,-0.9920583008492847,0.27651135093362145,-1.132102788063501,-2.94682306759309,-0.8152476199254965,-2.7308850590593963,-2.4341869991929843
1.7033932755311436,-0.13117339696822616,-1.220817531689576,4.519268896460666,-0.9491327461319863,0.8702041364975782,-1.606495729762271,-1.3197346431129244,-4.012370150871144,0.08576232005654316,-1.8218794007165955,-1.417059797611327,-2.9595382127570486,-1.1853665230643697,-2.7595045217628518,-2.5884784898857216,-3.935826105570385,0.20981130897314412,-1.8478690674150042,-1.5174287789138179,-3.224335928529706,-1.0186883363205776,-2.73186457876699,-2.4769869790710795
-1.0900678165293793,1.770624954277367,-1.2309759506260576,-0.4186895252395774,-1.605031528093079,-1.1635590720308047,-1.2077716091082777,-2.337762768936358,-0.3320296293669214,0.2936947221041885,-0.37083385325661045,0.32251550455395006,-1.2561507934981946,-0.3850042415161982,-1.1992521904445486,0.13399751337571272,-0.508011148516661,0.42425318602492595,-0.3343819537685268,0.6750421344113512,-1.1275221620045826,-0.09218269116819294,-1.180003479344506,0.5404565894032359
-0.3562911314255553,-0.9583901691622351,-0.29310782659045326,-0.3599149882862897,1.024934901459796,0.8702041364975782,0.7858489941616884,0.7163216085339428,1.227930952386533,-0.6695181596667428,-0.8311946239425578,-1.1326931307363988,1.043410567603489,-0.8727131106592484,1.190151884268093,-0.9814365732288101,1.0792982812293177,-0.2812853595419106,-0.697772473322433,-0.9377930054538873,0.9953209551556755,-0.7306303010898378,1.113559681925397,-0.7547680163991288
-0.9167745207148776,0.2984043727613016,-1.077711280402974,-0.4416805556175225,-0.5478219284015547,-0.48563800252134365,-0.4103233678002913,-0.30170651728949077,-0.7601697114719237,-1.0104533977080548,0.9828851204597162,0.02671711790145321,-0.6788407277691245,-0.9729253409849155,-0.5018581716233828,-0.8283167836620065,-0.6511994415550202,-0.8682934239075196,0.6602604964121832,-0.1933474010599402,-0.6776007387847074,-0.8732292605548742,-0.5014466407054197,-0.6804359335054511
1.6909364802498272,0.5004131885651059,1.0717088377429198,-0.4127601379316759,-1.1659864668457802,0.8702041364975782,-1.2077716091082777,-2.337762768936358,-0.04203085762245419,1.765055109473073,0.6216683517997017,1.2860091950925268,-0.7553980631972376,-0.22439556393188037,-1.0898773481385982,0.0819199645364503,-0.7874717303716682,1.4876478988202813,1.0150735688790289,1.04237553339235,-0.5484571819452922,0.015115671896068094,-1.3241500476369426,0.12328964058778688
-0.698766508805097,-0.9158522686759644,0.5609250706638677,-0.42850533584395095,0.5402287790304993,0.8702041364975782,1.1845731148156817,0.7163216085339428,0.41902181950189954,-1.2665842529834548,-0.3680604706469462,-1.4532484204610685,1.0559903286829544,-1.3487649468545877,1.2965120228901976,-1.5423835178449987,0.4672354352292897,-1.234829500771046,-0.33956020700071204,-1.4399404563837546,0.9949967821725294,-1.3762860909463621,1.2903224813002292,-1.560806437684866
0.5141128208294221,0.8902946674973053,-0.34283599169081647,-0.31122100024148674,-1.2937442204837706,-0.48563800252134365,-1.2077716091082777,-1.3197346431129244,-0.916077945347213,-0.12328327969273793,1.3389686154122198,0.9125524952836221,0.6517859900613497,0.35154952769854825,0.1743201427144698,0.230735921718391,-1.0139163042948416,-0.49586633223410675,1.449987497275759,0.8624961847087368,0.49317425703379414,0.3104098550282145,-0.15191057283935383,0.06727030220332612
-0.5239205155055089,0.2340666983568677,-1.1087920813456364,-0.4113473850010665,-0.10591719579233547,1.5481252060070392,-0.01159924714629806,0.7163216085339428,-1.3708936535305165,1.6450014538553985,1.1437389538075653,3.009497741662593,-1.7460159623900628,2.745007732783549,-1.1646213740857272,1.7282004550038497,-0.1762172786495352,0.5455658523826116,-0.01624057306225376,0.5646730028919261,-0.3101456258027788,0.1659051888032928,-0.12381558416426997,0.3213581012717053
-0.5197965900824764,-0.9203376190972286,-0.9152372246965013,-0.44151848491390533,1.378811155375117,1.5481252060070392,0.7858489941616884,0.7163216085339428,-0.47822922128312445,1.8246087447239077,1.0434568709493757,2.089026056777019,-0.3548488644279332,0.25886598340531586,-0.5635685236071986,1.45989985799347,0.26666830863173624,2.027817697441281,0.07244879459835056,1.9183402182659675,0.06870178660521849,0.4283232741218451,-0.026367477634572856,1.5496545888485458
1.5493733674945547,-1.4661706748992958,-1.227790590919913,-0.43327588856511984,-1.4663442003473546,1.5481252060070392,1.5832972354696748,-0.30170651728949077,-0.8140605001368824,1.1590090500097123,1.6889590855297436,1.8567943670764857,-1.549116375531525,-0.17925861451649946,-2.201847661838168,-0.6921352096625025,-1.2229124888411054,0.23517571344101312,1.8926022982561859,1.2704100631223891,-1.5910886121605246,-0.7096384426216238,-2.2799682035523836,-0.8172504981146623
1.022086523002193,1.0582272842494267,-1.227163529912382,0.3589519220497361,-0.29237090630250734,1.5481252060070392,-1.2077716091082777,-2.337762768936358,-0.0746184515647147,0.1406566407526772,0.10469685229863278,-0.5503102233723317,1.4959441364348578,0.6470576375913458,1.0280427547980397,0.02795741296259582,-0.2244365862773815,0.38776311103792127,0.2114411367989292,-0.09099923722673439,1.1757914431217675,0.8251370975336588,0.7650796510176067,0.37210639057329925
-0.40121395617286754,0.26952635888913057,-0.625184592247268,-0.4357074538096644,1.0237301669946126,1.5481252060070392,-0.4103233678002913,-0.30170651728949077,0.18722898637131422,-0.5791056097404139,-0.6762253910884811,-0.9515778360798278,-0.0867662032389366,-0.6484817388967302,-0.046103637857295654,-0.9590453981066142,0.22155863342973064,-0.4156255037215327,-0.6533224564725543,-0.8680837910565115,-0.03370693127641812,-0.8721247083234871,-0.10026616854311338,-0.8996369510861439
-0.7272995911033585,1.4750864488537214,-0.1851686724937622,1.6787413087086511,-0.44395222677175433,0.19228306698811726,-0.4103233678002913,-0.30170651728949077,-0.08660671521986031,-0.9388482599784724,-0.08908035342718038,-0.5350797679195067,-0.21527193388113422,-1.1936846311819265,0.127908293614555,-1.2809392357624105,-0.015482232493583084,-0.9110723896284866,-0.18798426049203704,-0.6073152911595834,-0.20494760086460653,-1.1821531588865868,0.13171772707559332,-1.2644642575854732
0.9936573858534631,-1.5161416837794497,1.2570971961407773,0.18569360695796938,-1.0927015497773716,-0.48563800252134365,-0.01159924714629806,0.7163216085339428,0.3811395952771716,0.4329985244005004,-0.20604925273590938,0.10795301519563485,0.6230570958996061,2.3433241274212326,0.7838244321424898,2.5484104717255023,0.2371336965171676,-0.005592947491755881,-0.11578626659393183,0.13983620990562415,1.2333371842160854,2.3620146353574167,1.252598899912589,2.4099389173444985
0.47353790059722894,0.11858065399359695,-0.5145467716078712,-0.441688885720655,0.06276533940952103,-1.1635590720308047,-0.01159924714629806,0.7163216085339428,-0.8546227269178929,-0.987686178586486,1.3811202902318813,-0.42656564900370963,-0.5159208857643335,-0.7470761864417151,-0.5754702678955482,-0.4001620960013076,-0.7800848455866224,-0.898562818998822,1.3850491832456866,-0.3615477973635617,-0.43650642314732324,-0.6934502916812848,-0.5636098352472582,-0.35036371118410786
0.381622934482481,0.14995322393874905,3.7883207582007925,-0.44153761430383504,-1.4996019235665496,1.5481252060070392,-1.2077716091082777,-2.337762768936358,-0.7957067564316255,-0.2792696257029,0.29344989236132607,-0.6523741325256649,0.06331180925740132,-0.5925429305116567,0.16425115140318908,-0.2881519484231534,-0.8274320796801113,-0.5344797326255115,0.3938676580792558,-0.6376729370306087,0.010050285970931879,-0.7064626939742301,0.019625047795653366,-0.3850386153125642
1.2032938105535085,1.2332211236054713,-1.20120360218878,-0.3177897265180552,1.5115078321110929,-1.1635590720308047,-0.01159924714629806,0.7163216085339428,1.531708737325058,-0.7518030298142026,-0.9517295578186049,-0.548491171660409,1.2849962046696128,2.561062180818607,1.150729978560858,2.356712075477757,1.5474996729873944,-1.0601961374183926,-0.9835677613237137,-0.7546286799415912,1.6548307430227012,2.9215449289538302,1.4556601303954555,2.8354632789446352
0.693869404485765,1.245144965612048,-0.15265250644942738,-0.2560289925994817,-0.002798349005827515,-1.1635590720308047,1.5832972354696748,-0.30170651728949077,0.42543549692849786,0.5778509656679659,-0.02905889915115138,0.6675327418059048,0.5852358567161466,-0.6550053428477703,0.5364036616660702,-0.6581085171055328,0.21441567797662406,0.357701814710891,0.12373138811086826,0.5697488652615899,0.5419728220405111,-0.6084416252249738,0.5194882764606402,-0.7061444352761768
-0.24680180774922084,-0.9638488968255943,0.32939485552397,-0.1367495570829335,1.4188014526290063,-1.1635590720308047,0.7858489941616884,0.7163216085339428,1.3984708590148942,-1.5588943677012566,-1.1233826096494737,-1.3679985402747399,1.2150892129931035,-1.079643980148751,1.2209231923978512,-1.306596798653574,1.3887277595347824,-1.4936344071831464,-1.1043937894773281,-1.3756282941297175,1.1802273016821048,-0.9603597791455376,1.2039308288587478,-1.1507083388108745
0.496518197638953,0.08135875746493271,2.8244180071198053,-0.4410994020380697,-0.28085505661213167,-1.1635590720308047,-0.01159924714629806,0.7163216085339428,-0.8481762935491699,-0.4118087792551556,1.9170638002355607,0.8410144445624558,-0.440192639547927,0.1676311551055644,-0.6427352020516779,0.9103262252838983,-0.6505571413491996,-0.30153650130959914,1.7815610369764576,0.7649806445029186,-0.3555211438857668,-0.13711710369826255,-0.40726027459243697,0.47450060692783713
1.0708466540255641,0.8274520717643968,-0.8585861315704796,-0.42601743827697275,-1.4446513062334072,1.5481252060070392,-0.01159924714629806,0.7163216085339428,-1.1123184748226018,-0.4189187480435774,2.54362453857922,1.0527523243150163,-0.08400757565780087,0.3938644817511787,-0.25898468754560555,0.5506808072614069,-1.0128115442994148,-0.25661044161627283,2.5662130280814095,1.4893344242886069,0.04056302222240804,0.0012459859629829354,-0.05928262808967218,0.18758962093785825
0.722377760115973,-1.4029478671573925,0.6795434702645923,-0.44130711193865385,-0.8805311782523039,-1.1635590720308047,-0.01159924714629806,0.7163216085339428,-1.182179726873772,0.07614887733278644,1.0895969843367805,0.48581538010539715,0.35897264596085804,-0.3923208175111466,0.16317008011651815,-0.46562677366892835,-0.9598945828737014,0.18686894633929368,1.381484218740315,1.2163990616037637,0.7637945959584179,-0.5057184823488455,0.48098502819172545,-0.7900099891928423
-0.5545677805730568,0.26103472159340557,-0.4387646158059668,-0.38847365570622705,-0.05812381797441943,-0.48563800252134365,0.3871248735076952,0.7163216085339428,-0.7830986425355503,-0.5503355793228721,0.1110829900997519,-0.18086620403191433,-0.8810141320438059,-0.46303788245151023,-0.971914754062542,-0.19849426632313766,-0.7043169994662449,-0.45847354684313246,0.03364146740817934,-0.1773194366903719,-0.8091362160534372,-0.3983068951683668,-0.882780126500106,-0.0928051892473429
1.0040695511063,0.8124360444304022,-0.7953146579792496,-0.21914833930773653,-1.335085592382608,0.8702041364975782,1.5832972354696748,-0.30170651728949077,-0.7101322916359506,0.17316941610957973,1.1451439696685708,0.26901254839524236,0.21942644889345883,-0.5772280754985621,-0.5235152511142791,-0.0522885945985616,-0.3574897270920279,0.4119652077736359,0.8002401789553406,0.534630152374031,0.4167568864573477,-0.492006022321219,-0.2648254976321453,-0.21126029026335916
-0.6186009486775508,-0.9579224743261775,-0.9524822606147157,-0.4415552061068673,1.597502698170679,0.19228306698811726,1.1845731148156817,0.7163216085339428,1.1708556648349129,-1.1244962740942333,-0.8725001319066024,-1.3904646277368327,1.0380643716521387,-1.1609463565728377,1.084432764066886,-1.3756232866777471,0.8773865163793263,-1.151056006948149,-0.7389367686162502,-1.4797639761339818,0.9270839158177705,-1.143514007218226,0.9716468407825896,-1.3271750946074232
0.39588621711183014,0.2999899808247536,1.4649010657751003,-0.43211605058987884,-1.6650299465914757,0.19228306698811726,-1.2077716091082777,-2.337762768936358,-0.5321123349156187,0.34671400765060273,0.02418614624190073,-0.19349476432485974,-0.11264093396497668,-0.9100795330998724,-0.16727017818160703,0.2668087328257579,0.4948327686917479,-0.09285441676542629,-0.39794697835689624,-0.6635517122315338,0.49191190545959423,-0.8861065451584186,1.0571831841003725,-0.9850621648009067
1.0633241238220557,0.8903067438173596,0.8021281187545706,-0.3756201786558763,1.2511617608996932,1.5481252060070392,0.3871248735076952,0.7163216085339428,0.37320827155018493,1.5328828338980585,-0.1796586945410837,1.3705954470099186,0.869212253391171,-0.3463621635729296,0.5267581964479368,-0.32231386318267413,0.6600834433799534,0.881887127584368,-0.35767040181185417,0.32102220558843236,0.8126398638525365,-0.570007564823051,0.6679995020703846,-0.39232565600297836
1.5391042296187978,1.2697099696935192,-0.48231281519245517,-0.4358588988833575,0.24035594900081989,-1.1635590720308047,-0.01159924714629806,0.7163216085339428,-0.48654557580540597,0.027526607044254157,1.5448518982084234,1.7754264040231718,0.21572032481951908,1.1980870106709058,-0.3929715081450905,0.5741321819929641,-0.4153058036373403,-0.1893487367451922,1.0732568781547012,1.0691985155372448,0.3039103479641435,1.9905531404061663,-0.44977777541981434,1.2056706859965058
-1.5900979803623965,-0.9361343491389327,-0.08320440597764461,-0.4233734490713091,0.34313380105287494,-1.1635590720308047,-1.606495729762271,-1.3197346431129244,0.12515990239899819,0.10829808350267398,0.04046027050695438,-0.11178921305885034,-1.1829245860465418,0.8762578422926802,-1.1200804878611914,0.052554122365275645,0.1929929109885445,0.3815821692167761,0.08434790343292477,0.3425280568910223,-1.0784062920863973,0.1112238433491486,-1.0174276193256302,0.0013664683270705202
1.2301515088995494,0.8834448253822165,-0.497799479604542,-0.4162013478543955,-1.2777707444089756,-0.48563800252134365,-0.01159924714629806,0.7163216085339428,-0.7867520036732923,0.9462228900775845,1.918996171644453,1.5572057539166448,0.4213884830679603,0.3162314314776672,0.2919907638074772,0.45241729125320873,-0.49944030294544867,0.9350548144230955,1.5670104322800849,1.3499426836916462,0.31162181884288004,-0.30198772976980376,0.11450205669184814,0.03477465394075063
-0.2216887223663228,-1.0600408656935443,-1.0350571563824946,-0.43204056024157467,1.5995549178380721,0.19228306698811726,-0.01159924714629806,0.7163216085339428,1.5490914980541417,-1.5343573287334007,-1.2743847059825684,-1.3131487043950134,1.3741880973032523,-0.7444038440290529,1.2922249780711632,-0.9124321209310683,1.5276509534387224,-1.4792980735522292,-1.2461305215131067,-1.314881925862052,1.3140242060182907,-0.703505988380107,1.2480021456056027,-0.8463162080064869
-0.957875302702075,-0.7709363287740297,-0.7093119664687763,-0.01146453764604778,0.9805395998485319,0.8702041364975782,-1.2077716091082777,-2.337762768936358,0.9017313367436329,0.2196110423665534,-0.62768510055607,-0.22319957488170722,0.18611421615274668,-0.3824086669622912,0.32466529507277886,-0.4836006029905805,0.9736875771582286,0.3191069835132048,-0.7073903551212826,-0.0599691025060203,0.25648127644978574,-0.3996647259914827,0.4428006851838058,-0.3921227436571605
1.0359971205452074,0.9012804562351561,-0.9508095494186017,-0.3309718433863824,-1.044605126374712,0.19228306698811726,1.5832972354696748,-0.30170651728949077,-0.6863907208254453,0.7354585295269086,0.015257511242268883,-0.7632386920067007,0.41848266832734454,-0.09173094161564058,-0.04846621712903888,-0.1816975501979655,-0.07420597741138976,0.5970831092836375,-0.1562070417144227,-0.6658495839728192,0.501987366609494,-0.5605204034376541,0.19007043822437264,-0.5976591867810613
-1.1832782223102143,1.8664922653797356,0.04090406785736108,-0.4313111044677307,-1.0905228260854507,-1.1635590720308047,1.5832972354696748,-0.30170651728949077,-1.3250206697619198,-0.47898670068092136,1.1130799929970268,0.41676704245285523,-1.3994798292160189,0.7195758628709511,-1.8318760244909376,1.345776634642766,-1.419866648332359,-0.67027872218151,0.8819456470209687,0.22942454934833234,-1.5058585898798242,0.3465902725709361,-2.0050027869172764,0.8081834568339108
-0.6352392950487367,1.6098349706435446,-1.0907918051652747,-0.4414775127454034,-1.5220947819261024,-0.48563800252134365,-0.01159924714629806,0.7163216085339428,-0.6794201466980119,-0.7295494083946445,0.5442930032823202,0.46662112848546,-1.1360619860630041,-1.000758792849555,-0.7506714218541303,-0.8803307754505537,-0.843424540038286,-0.8350516455982322,0.9067493144314895,0.5794055149761371,-1.2095438790693165,-0.9472396261296702,-0.8905865275714995,-0.7910568754773328
0.7355585937914292,-1.3563034686700277,0.6014205316170468,-0.28927030632669715,-0.7740278916973405,-1.1635590720308047,-0.8090474884542845,0.7163216085339428,-0.6775679512146686,-0.5333980616722815,0.8253522881919476,-0.04877161792197986,0.9959952414788147,1.3127735323307792,1.1159812712239758,1.187568357743996,-0.6936462860334269,-0.3486028462709217,0.831090634324363,0.007852504022812479,0.08099952681401491,0.2779579988557662,0.4240013503908962,0.49084256369995066
1.650826190548982,-1.7418175582789435,0.17861850951187025,0.87051966993062,-0.04379759449970574,-0.48563800252134365,-0.8090474884542845,0.7163216085339428,0.8060554327916789,0.41546354010076336,-0.789637528015349,-0.39579962364862264,0.5946059942725909,0.9761312734266718,0.6977472710281132,1.0450857429676013,0.5803646157440617,0.4832766062054751,-0.6832982477802834,-0.53355269477567,0.8412476717437288,0.9396979022514339,0.9203261209815013,1.0588852587240372
-0.8003978334900194,-0.7204857631610817,-0.8543284233013521,-0.40719400229806596,-0.4095605882067054,-0.48563800252134365,0.7858489941616884,0.7163216085339428,-0.2979629927101792,0.7451420129742153,0.17216782816226273,0.700743329542733,-0.09647274136059035,-0.3784148523913979,0.025111591598852852,-0.19653550602351827,-0.358454429137394,0.5481817565990511,0.11456476864942974,0.6234717596248757,0.017806399315568266,-0.21231487365394336,0.07955238625628368,0.006651911938514265
1.143344952611154,1.021875884315435,-0.4390186241144977,-0.3738341991174897,1.157876087277671,0.8702041364975782,1.1845731148156817,0.7163216085339428,0.8931337014184768,1.5141700088068764,-0.5899498635889059,1.047070544512004,0.8996936706107634,1.4475183195596275,0.679053948689982,1.7069411446428497,1.0279133544097632,0.8895035918745792,-0.7402790133743069,0.8040454492395895,1.0278531792030046,0.36981870978984077,0.7483953445769098,0.6675812371920304
-1.568703119253871,-0.9122061515249577,-0.9997290969118938,-0.4173016043373614,0.23999639647307325,0.8702041364975782,-1.606495729762271,-1.3197346431129244,0.5728445460438731,-0.07116629858677452,-0.2178294044942104,-0.3261582490895206,-0.21034461857691705,-0.35975160968925946,-0.36642351759912356,-0.3908469340209433,0.8334990823456782,-0.02819896013005169,-0.4106131296827903,-0.023178257601876247,-0.0015549236771177093,-0.6497386996063673,-0.0975180654554843,-0.7352957547326961
-0.5745804314015496,-0.710708797421796,-0.976461936870936,-0.44140585215135475,-0.30334298330139164,1.5481252060070392,1.5832972354696748,-0.30170651728949077,-0.7815277735397984,-0.6538271612712028,0.6075779870751209,0.5801968998855789,0.654126975864289,-0.33019720436670813,0.9221605704402623,-0.10240738313820463,-0.9638351408368714,-0.6471264038640155,0.7785327809288868,0.3440470452223006,0.9553350418532132,0.3483913409295776,1.0227633569424417,0.3405544678070792
-1.1825794454690775,-0.8605293340149811,-0.5452976352387635,-0.2215160034744962,0.3274669306444378,-0.48563800252134365,1.1845731148156817,0.7163216085339428,0.10243860837436239,-0.30361950814652455,0.3515819789851525,-0.3373106424061222,-0.8511721617909441,-0.3169115945448803,-0.8301773178156706,0.20208150003258976,-0.2892453643618745,0.20506168060382224,0.7904475713087897,0.6996827742617708,-0.6819216716123191,-0.5131977133054497,-0.7386196984286151,-0.28444598785045305
-1.5169673275232605,1.8145817088958989,-0.3623860389847343,-0.250488236546696,0.5492170776436656,0.19228306698811726,0.7858489941616884,0.7163216085339428,0.5506669001521279,1.163770277030055,-0.8542004347822832,0.7209341957473693,-0.15274598038505155,0.3035904719842043,0.21650263644966097,0.2620327997143877,0.5397880023518113,0.14214170081338023,-1.0026196448721238,-0.42793692830965796,-0.2908637435058213,0.02106020630109451,-0.0010902385230548604,0.1331610042289505
-0.4539469676813846,0.22410991087476378,-0.652322170085983,-0.31334489066540117,-0.903264216842469,-0.48563800252134365,1.1845731148156817,0.7163216085339428,-0.5743369828653484,-0.11461467990391855,0.4212912284451343,-0.3522250430507662,-0.19572120023940046,-0.48215829328360793,-0.39104973095281287,0.03524986526515202,-0.6743580713911735,-0.2881990541266507,0.2525850142431177,-0.7488508642354165,-0.42245462321941085,-0.3726034109653727,-0.6719782745868744,0.11119886792208071
-0.6038135958423868,0.332893422507439,0.7058871759586691,1.6197742632916259,-1.2564812606482325,-1.1635590720308047,0.3871248735076952,0.7163216085339428,-0.195176536657752,-0.0904120757523832,-0.2710282887915587,-0.6675923451960852,0.07469987371705052,-0.147813745203987,0.09317809626301277,-0.08916907719814708,0.5703664717847894,-0.3590090719486277,-0.7912135482220991,-0.8968444438302338,0.7760476937013145,0.2861615421918526,0.6406131869255584,0.17949194100652907
-0.9088227385932862,-0.9519382721994532,2.214265145151984,-0.44050869733059517,1.276222159727356,0.19228306698811726,-1.606495729762271,-1.3197346431129244,0.9925363361637543,-1.460704624347005,-0.9854340718550341,-1.372322282927378,0.6528447465144605,-1.4243367690268915,0.9821681800583291,-1.6172044211018823,0.9911652799312511,-1.0665528923656644,-0.9176727138250682,-0.951770456479139,0.756714529802504,-1.3421935690352715,1.1434889841173679,-1.4888607529740037
-0.04748807938079893,0.2666183450985559,-0.47730028150204007,-0.1424644876278563,-0.6263551093068646,1.5481252060070392,0.3871248735076952,0.7163216085339428,-0.8950505035766263,-0.2829729807674571,0.9999503379960749,0.684612204714835,-0.3361835885345408,0.016250151641602293,-0.4950473343745683,0.19831097146010848,-0.9029434791021973,-0.5104748407270875,1.0184140962419883,0.5500613041594569,-0.8221695267388213,0.2087722684890938,-0.8258211269265578,0.2626060752779163
1.6249423460923578,0.3533638190393008,-0.6628572236151732,-0.4219777452660035,-1.513899657690509,-1.8414801415402655,-1.2077716091082777,-2.337762768936358,-0.2183372262909712,0.7395120239516723,1.0220541090695399,1.8460779383730381,0.384628192182654,2.348192230279485,0.1614667207512578,2.41841734051798,0.26922776866811116,0.7179350120478539,0.267030901561221,0.6267674833788434,-0.21095144018876233,0.7540087418327133,-0.4231606562887017,0.47518699865892977
0.4293072857743242,0.348798284449795,-0.3010488900442641,-0.29694297638758305,-1.4011689809746544,0.8702041364975782,-1.606495729762271,-1.3197346431129244,-0.19812891149708448,0.3711645174089794,0.13597888798537872,0.31626942799314395,-0.27126666563878965,0.4514092027422426,-0.21681171323144638,0.6286968254628961,-0.4024579788130979,0.296500970874909,0.37489259022243193,0.7285663897722916,-0.24030695214983855,0.3243435045378551,-0.30628952490865813,0.6277628144531879
-1.3809630720954553,-0.8856422385820143,-0.321483285186325,-0.00878450148338784,0.3528972877688156,-0.48563800252134365,1.5832972354696748,-0.30170651728949077,0.2566279547706588,-0.16342638143375918,0.17045423237058394,-0.2861945946751361,-1.372068424520005,-0.6652963405608597,-1.3032055021156679,-0.3839534787589896,0.23253622716781694,0.1706696769177599,0.0618153138346293,-0.1753692279820458,-0.9441986770639379,-0.1051495891717771,-0.8446592604113026,0.4283815475094882
-0.9030066982971245,1.8198931301014174,0.202833369575404,-0.1791781331701104,-0.1457936273657938,-0.48563800252134365,-0.01159924714629806,0.7163216085339428,0.203951648623748,-0.3825952432651889,-0.6843391528584147,-0.8367322884393671,-0.2710093620903292,0.6833655066963553,-0.23651735548212674,0.7177977948779415,0.4079609261919718,-0.6026756412531081,-0.7552174763395963,-0.8462826679817252,0.126582689597365,1.0159746819364546,0.14290070052620937,0.6840951707003012
-0.49239080941410573,-0.9450934614668607,1.0615651698815252,-0.43137920277011876,1.334872920444723,0.8702041364975782,-0.8090474884542845,0.7163216085339428,0.768409398554098,-0.44766988674302394,-0.30342422568900235,-0.5068972301365703,0.4010336758372869,-0.6657074701628077,0.6355325660151636,-0.817985493525143,0.7708446112870003,-0.28006741850537575,-0.3508237356389452,-0.42942958667398884,0.42072342678643604,-0.4546923977233851,0.7049757415786818,-0.642622138272647
1.07632460823793,-1.5343176584735643,-1.0038488614539485,-0.40874916161717323,-1.6412829716719353,1.5481252060070392,-0.01159924714629806,0.7163216085339428,-0.9131431591239443,-1.0592373399786532,0.3384670321841592,0.024163412416996672,1.3081182639151767,1.9111085468355646,1.5086254811149955,2.026895053717758,-0.9700745245101086,-0.7760451357634296,0.6631595922542206,0.8498380978776008,1.7962786792068663,2.6164035746752887,1.9215415704367553,2.7648629144506476
1.0333940995064308,0.95939009942213,-0.2570347893550564,-0.35139462277286704,0.3624793543307853,0.19228306698811726,1.5832972354696748,-0.30170651728949077,-0.13251560717605781,-0.3073655944782019,0.48166234802532853,-0.5542685493600714,0.42555637171377664,-0.897990703133904,0.5293218294175924,-1.1010638894817966,-0.07691245960528711,-0.12578589146821512,0.3788653147072332,-0.491928509782453,0.425590600248078,-0.6152207984468967,0.4825096038876813,-0.7912278420711332
0.03897867796159969,0.12236202127410398,-0.9837857920761198,-0.4403929713049921,1.607965781892789,-1.1635590720308047,-1.606495729762271,-1.3197346431129244,1.2622846718052152,-1.5307620805617799,-0.9266300715160822,-1.370812817319458,1.3484615543616039,-0.6908083412516286,1.3740351468506238,-0.8328140334913304,1.2415320430380825,-1.4654463216005902,-0.9169773925131462,-1.4096341360367348,1.2646990888496847,-0.6489541799006308,1.3111429976655489,-0.7648150185424908
-0.4466345864470037,0.2965220413326454,-0.5241466141199461,-0.43616220146581725,1.4056424721715681,1.5481252060070392,-0.8090474884542845,0.7163216085339428,0.7480079744612425,-0.5017420964142945,-0.8244869970904951,-0.887621627625254,0.708904995379362,-0.5029064711554743,0.8153207587694771,-0.6612200662982718,0.715614349523947,-0.7173918615110031,-0.8260311161523402,-1.0001090517170905,0.508184198747768,-1.1133812599816544,0.6373607008440751,-1.2216160391167612
-0.2217409765989682,0.07396900150659119,-1.0660737536662794,-0.44043937025077906,0.43775250764579143,0.8702041364975782,-0.4103233678002913,-0.30170651728949077,0.5637918452521855,-0.059186379012645424,-0.5610882679696957,-1.169718560787747,0.6337861773823656,-0.4581711108278026,0.6741796525503245,-0.5669214117377878,0.5774569908523031,0.07123721531322601,-0.5494108853983097,-1.0074229612772885,0.6685358154152214,-0.23518550120131212,0.7349135594969683,-0.22251125582761277
-0.8805369264018937,-0.7745247112375808,-0.3532009998135661,-0.4036637844872643,0.672714499485614,-0.48563800252134365,-0.8090474884542845,0.7163216085339428,0.5751109648567055,0.9310083742263281,-0.21905565102094532,0.5012998950001836,-0.14900697863547555,-0.02417278531409795,-0.16859046899310678,0.11208183915146161,0.43643292769744935,0.8817625901918291,-0.1505995758303909,0.45360254493996494,-0.030628386827999336,-0.44939640676319664,-0.07921264278886754,-0.22500340328835156
1.1178734663609289,0.9172402948566172,-0.24142266937095513,-0.29968886351198043,-0.4093450248151811,-0.48563800252134365,-1.2077716091082777,-1.3197346431129244,-0.298490468453234,1.3064266524552723,0.5267319636218923,1.45224099995932,-0.7390955009619884,1.0861944175121288,-0.49182734613901846,0.9671551213795219,-0.26048878622208393,1.942647985942689,0.47479836228352973,1.846396897217329,-0.9208673797063259,1.501887406418126,-0.709229450401926,0.9637960130867375
-0.7067258284101269,-0.8575829845158208,-0.03434418423669863,-0.4202183162354838,-0.09606721458121312,-1.1635590720308047,0.7858489941616884,0.7163216085339428,0.13040085313893238,-0.38015891846390004,-0.15601717946909655,-0.3657320446883187,0.6375394737735226,-0.9430900451733919,0.8333113186641815,-1.0647874604156562,0.014489577089407298,-0.03815551421267026,0.02987073237146085,0.06464382467029504,0.46237187130613405,-0.5338085806716987,0.6548777236651848,-0.5372276728521613
-0.9403081633598078,-0.9037464386331788,0.22877604604170115,-0.3575046192585665,0.9366521262517588,1.5481252060070392,0.3871248735076952,0.7163216085339428,0.6342372220955522,-0.9834683904718389,-0.5317088687522721,-1.0625784554192208,-0.2564200602973861,-0.07526323748666844,-0.02773177226457751,0.23178879788157922,0.5699919977012176,-0.7894446659507103,-0.49615834750493515,-0.8090208390769803,0.003649884188156155,-0.2421703022968591,0.2492295365181208,0.13204694347776755
-0.33539685354657917,1.7000071103074474,-0.19315906254101958,0.6488598614757808,1.0808916928021588,-1.1635590720308047,-0.8090474884542845,0.7163216085339428,-3.7758387618340192,1.5909149790092403,2.84631623182402,0.46584679420541586,-1.3653897297292654,-0.5468691607660471,-2.5457120974974785,-0.015022323316649943,-4.2918287895517935,-1.3960599048253122,2.5498680021416886,-0.4747594906207842,-1.320564884110822,-1.3057173736117005,-2.7318702139055024,-2.473864100490828
-0.3069264996775729,-0.6113975779188275,0.16979747971354053,-0.4011256927218924,-0.0718732343947264,0.19228306698811726,-0.4103233678002913,-0.30170651728949077,-0.1327092190069142,-0.40948496941435875,-0.09503465517714971,-0.3709361823210544,0.5091497679721583,-0.9164210907268983,0.7385362272955291,-0.9404866085218964,-0.21979705857708598,-0.45503861738908147,-0.07650148808963288,-0.40644397331740956,0.5392233040125556,-0.9051216500753384,0.8438957393974588,-0.9482927304967024
-0.42975509062910483,0.3042407871658314,0.26428052653346984,-0.37834896577893284,1.3297174361755992,0.8702041364975782,-0.01159924714629806,0.7163216085339428,1.1894091421231106,-0.8205837914310101,-1.2116761164081553,-1.1068998457437718,0.9249532552607618,0.8722030128051456,0.7970013381352233,0.7309674435101275,1.035757373414003,-0.7823075344476865,-1.0465967875086686,-1.0345972783212816,0.35724893728496204,-0.14334668384042093,0.40035109292903526,-0.2608936349392085
-0.11004623430356943,-0.6719559351266321,1.4520388783542153,2.0840235055118295,0.20540773804172746,-0.48563800252134365,0.3871248735076952,0.7163216085339428,-3.5038043172666775,0.2236091467879223,1.573825079783655,2.2688539490597157,-3.137063175958132,-0.6719263323392791,-2.6908087346982175,-1.541696683214634,-3.571482895558651,0.04012886404972106,1.462505469938557,2.185822770176787,-3.1393821400918474,-0.5839605321913829,-2.6611588336933707,-1.4130803153431113
-1.0244927876171182,-0.9763808414187937,1.1116331760766907,-0.4296767594234061,1.0037152039570083,-1.1635590720308047,-0.4103233678002913,-0.30170651728949077,1.5293948064064935,-1.2768637251563835,-1.5527568955601283,-1.2555454580696168,1.077098272929734,1.2784756055161355,1.1617785006677994,1.157709229162742,1.5852331145451777,-0.9493655333255593,-1.538616854260301,-1.1409405220713558,1.2474396247258293,-0.2265386130082633,1.210271395366728,-0.3399488909552656
1.5091394885836964,1.5532550357162,1.5646422636763067,-0.2107774432841921,0.2786435711730319,-0.48563800252134365,1.1845731148156817,0.7163216085339428,0.21682400292323842,1.279575866378095,-0.08324355264809312,1.520575696274378,0.8793771730195277,1.0346558939789896,0.8631185650574565,0.7038160283755034,-0.3132500316103716,0.9883288408445177,0.7442322263839838,1.858694693378296,0.5627015781040525,0.3944831078381233,0.5721450094464147,0.22741397826304421
-1.5830928751236064,-1.0916330289445904,2.70488750979365,3.3526474043902375,-0.10561522369787398,-1.1635590720308047,0.3871248735076952,0.7163216085339428,0.569928490554595,0.4008833747292201,-1.0940786668378408,-0.578428768739436,0.21830431952933851,0.02948328863511897,0.4128318809609455,0.2583009807859633,0.3596680619676685,0.5822575888133996,-1.0088184721787392,-0.4724763063440543,0.1833134195193668,-0.034044844187009815,0.39286116405397553,0.269911424798538
1.1382671237981048,0.9973012185823226,2.626686453207821,-0.35531304238589745,1.067457084004197,1.5481252060070392,0.7858489941616884,0.7163216085339428,0.8626919186360377,0.26047074424430106,-0.4341543671048924,-0.09154946255283881,0.7965421074970257,-0.0491110239160176,0.27333728200922136,-0.09578816478026353,0.9907334990686323,-0.13378946155014462,-0.6005704942025367,-0.3071628028450293,0.8393928345195423,-0.4860374479142658,0.3176303702432398,-0.28936411844759435
0.8173934244846482,0.9143459077472873,-1.2387995565397454,-0.33918628832800196,-1.6824971921508542,0.8702041364975782,-0.01159924714629806,0.7163216085339428,-0.5275523605680263,-0.32767606775082647,0.5779060344199911,0.7997761515260651,1.1157767141200097,-0.9865812558826481,1.0509318941703134,-0.8226590291659162,-0.3162344903726869,0.18297312949714914,0.49891729541526886,0.8643724187480201,1.128382975822441,-0.9755986719740793,1.0705231128210293,-0.7575995716915781
-0.8955205263577234,-0.7271142062556294,-0.2780675722646097,-0.1726931682318689,-1.014880109829694,0.19228306698811726,1.1845731148156817,0.7163216085339428,-0.3888945844812454,0.7268369662606937,0.030752572097321837,0.6137424709877818,-0.20866280634609002,0.6346362208615782,-0.24285332346417063,1.4248903851152528,-0.6235987397830707,0.7245577768848751,0.26106268053286974,1.0410796333184396,-0.33080913518539057,0.5615988983753293,-0.49700486392785714,1.4692510453224428
-0.3276962491741589,-0.8800710074672197,-0.5035541847327735,-0.4037826202690665,1.35402703524854,-0.48563800252134365,0.7858489941616884,0.7163216085339428,1.3929660790339986,-0.3835977380690888,-1.0939009765941194,-1.0504380435140763,0.8936241657954076,-1.189167974243526,1.0124227510973325,-1.4496647660205078,1.348916162056303,-0.343436772783806,-1.0751155881314796,-1.0282770115613626,0.8754621154804348,-1.0393863486938115,1.0146629895228338,-1.228537029470818
1.5821688996140644,0.3439315443715238,1.0423515552707316,-0.30929194275091315,-0.5746480893608819,-1.8414801415402655,0.7858489941616884,0.7163216085339428,0.3246277830256413,0.9166721304938642,0.14351841371802254,1.1976414863204352,0.06781481195068476,0.4435401644111633,0.42559187156958156,0.5643598277300876,0.7831236925018795,0.21781190798407882,-0.5459273534861949,0.00015304851802677052,0.412709760753919,1.0908767813327231,0.8496225653445652,1.0873481661647513
-0.1224299937259475,-0.6682641960775864,0.5552596265054328,2.0060109817088767,-0.04395835532778696,-1.1635590720308047,0.7858489941616884,0.7163216085339428,-0.7489838085023205,-0.17079852100391038,0.558004407392648,0.44492804683127823,0.25396039700130707,0.12825834033336117,0.392614393544207,1.1020944558219365,-1.0640310598123328,-0.41040025640376726,1.1203051360213838,1.0444040155398326,-0.5811194414830361,0.2389429001929877,-0.72726853938327,1.4583071630344988
1.0595126307439937,-1.4873314086689031,-1.0542293189925949,-0.39702121755708325,-1.155537428144285,0.8702041364975782,1.5832972354696748,-0.30170651728949077,-0.799054715235891,0.6964570273222108,0.8629657877586673,0.9455593839600124,-0.15875020633718773,-0.41665345533135145,0.10739729071598918,-0.49516785544495645,-0.8274674014120735,-0.7006899859128216,1.1328397852514225,0.6052340483013564,-0.12112301498470641,-0.9531314657090447,0.04694171646454278,-0.9593510114064957
-1.5827771679626437,1.7400958692018893,0.046669488052241574,-0.3540713505199407,0.33037416688701127,-0.48563800252134365,1.5832972354696748,-0.30170651728949077,-0.21767191975657732,0.1898944983179164,0.6674515260133155,0.843336492291905,-1.1143533809769852,-0.06304760743029847,-0.617572287265902,0.35965891435388864,-0.6563427135950377,-0.09650945306235402,1.1224700648960642,1.3652421856423347,-0.821870536685157,0.5696419961628415,-0.2528644214132514,0.9495531321309751
-0.6839608789628654,1.7508597811476119,-0.29880006543132775,-0.4287223928031192,0.008945782115844353,-1.1635590720308047,-0.8090474884542845,0.7163216085339428,-0.283862222053941,-0.4391922603765818,0.14080753842756197,0.38423388867576064,-0.7023444539449042,-0.6658728760550108,-0.47451376692244485,-0.23026756064785078,-0.27554121512603086,-0.505426000749648,0.16596851602992035,0.0860447143359379,-0.5619300492179932,-0.5103006784303948,-0.3426421178071019,-0.09006037992973946
-0.6394791357419259,-0.8306935093324013,-0.1847630041916144,-0.4323712447917069,1.321113498059166,0.8702041364975782,-1.2077716091082777,-2.337762768936358,0.47514229646718276,0.2960195600656978,-0.501530422966534,0.04499750225322853,0.40686922501876543,-0.4594284618554548,0.5205507406498281,-0.34773106010837496,0.5957319360677427,-0.1477745403126826,-0.6499283571298666,-0.42301609033722537,0.6474503774959304,-0.9259088465628631,0.7548968409332177,-1.0441561239822967
1.0250272960945128,1.082952822200137,-0.5239020962990185,-0.4345478799375846,1.5114072199486364,1.5481252060070392,1.1845731148156817,0.7163216085339428,1.6647665721653286,-1.1201498937814498,-1.0471675632363935,-1.0424842290501628,1.396005055772457,1.9238093009473358,1.2531583318682844,1.9713931399135107,1.6645980420960114,-1.1578106749578838,-1.0088950092641902,-0.5450696372569948,1.4781706612229109,2.2814195630048557,1.3172628070030779,2.2813057482143932
-0.5110632662211011,0.21604341076319183,-0.9937877710395276,-0.43286420721052565,0.10276840402533512,0.8702041364975782,0.3871248735076952,0.7163216085339428,0.027343441029683935,-0.09228351247960809,-0.5185015997598711,-0.5375416959500491,0.05944082031722546,-0.43730323278310795,0.136579604747055,-0.2723003491817675,-0.07804949164705548,-0.28547600566245535,-0.4510679345526626,-0.7192403087870977,-0.01976556994106936,-0.4113982860390718,0.0654575557767998,-0.22736915668676086
1.2706807093684012,-1.4684602499562704,0.6475300656376992,-0.3087305358573062,-1.3758770261125353,-0.48563800252134365,-1.2077716091082777,-1.3197346431129244,-0.9583029587746791,-1.1040996828604142,2.3581764331373245,0.2382483464332795,0.26122993697740077,-0.5440973085711541,-0.00418883376724256,-0.5760044466296339,-0.8566563066268326,-0.9897198822843122,2.2090889177223643,0.45324610525135656,0.4749729513473241,-0.15281737138521204,0.25535999051354413,-0.28480067408530196
-0.4489723308993172,-0.7433215464877766,-1.1573879088170214,-0.44153976240317705,-1.5238282003817214,-0.48563800252134365,1.1845731148156817,0.7163216085339428,-1.0386057270158453,-0.24007406571368686,2.699767342354719,1.8026059019313525,-0.9480174055271311,-0.5691599066668092,-0.5419873350561981,-0.47605666877747793,-1.0989940212958853,-0.40930739745612027,2.7983592022561736,1.9020728661356832,-0.995814525072487,-0.3420296799434561,-0.6718952897028825,-0.2592092225601101
1.284738107519362,-1.3903198233936793,0.2778956259708838,-0.13607996813786857,0.7578571457646203,0.19228306698811726,-0.8090474884542845,0.7163216085339428,-0.039096756669941085,0.5656595102572064,0.7391709213343444,1.5370342504104217,-0.07970007601254235,0.004641453601492219,-0.09919177424115709,-0.014552053451686123,-0.21338206763334694,0.9977385940694383,1.0473817313487455,2.203833094472825,0.22564729759241198,0.9053080355665111,0.07662662600077841,0.7042329899117284
-0.13453407032415374,-0.8848137373268656,-0.6267978098216586,0.3889987668520056,1.2389469932764343,0.8702041364975782,-0.8090474884542845,0.7163216085339428,1.6126387567313156,-1.526821859336534,-1.3424243225991603,-1.3097068067541475,1.4446258966704757,-0.929103096618829,1.473785457850433,-1.1248255952449335,1.586717583159197,-1.307371603465236,-1.3430299741709586,-1.339058343319029,1.387111477574368,-0.8027188616891723,1.4660225527889659,-0.9393289797626571
-1.517412628235829,1.7024476203774852,-0.9634228794165665,4.932050130678293,-0.771293830262434,0.19228306698811726,0.3871248735076952,0.7163216085339428,0.5625689567462009,-1.0464308113515433,-1.3653405289570095,-1.2262789564885108,-0.6576255737104862,-0.9065423319778775,-0.1116573679400925,-0.7655204559178358,0.3532789250751592,-0.3885254986141067,-1.1208371633828051,-0.8896446307934746,-0.7570398319632333,-0.5371954305860123,-0.38801890408762474,0.014432407169971382
1.6852387769524888,0.38087050615947743,0.2712046026019835,-0.2602104324164564,-1.546515635896946,0.19228306698811726,0.3871248735076952,0.7163216085339428,-1.8228546151148224,-1.2815727621990498,5.422164522235414,1.689204568473441,2.339454259056687,3.2583620588804934,2.215259772760913,3.2643253298605726,-1.7822087638824335,-1.1339727201109895,5.370516714665948,2.0303833625139025,2.383730948397893,3.6731609552673645,2.3395414275760578,3.5296653044682964
-0.5517449254578782,0.3031102750648379,0.7429593064180589,-0.43965700533654084,-0.5041717436983906,0.19228306698811726,-0.01159924714629806,0.7163216085339428,-0.6491729808102042,-0.28735867384599106,0.31634639532507786,0.18874322311333433,-0.2963866392893451,-0.7020937711697536,-0.34363419993350786,-0.5043035929940831,-0.6673038299272344,-0.4072017746830653,0.25710420476184476,0.07484597040075028,-0.3359425608923706,-0.6271894997633322,-0.3957593951752404,-0.4364686244368532
1.6598727897239,0.3890898623818051,2.3789691133787576,-0.19981267369716618,-0.45838688467872785,-1.1635590720308047,-0.8090474884542845,0.7163216085339428,-1.4096644455018597,4.769088119940688,0.6258772046036409,1.5211208908184908,-1.1103752298737564,2.4600588643646364,-0.8990265745027639,0.7478244472904023,-1.5131524803865666,4.790159565902141,0.3868308631194519,1.398040189572378,-1.1295274557856367,1.9789724060851122,-1.051831457772928,0.7012691059706062
1.2386754227127141,0.8012268837784262,-0.1849412493253187,-0.23345074263557083,-0.567302798188426,0.19228306698811726,-1.2077716091082777,-2.337762768936358,-1.2187130184581751,0.8182762232337061,3.1447415207689366,2.5141550260480114,-1.0564293967427327,-0.15190252117241634,-1.6748764001885474,0.059371727649008936,-1.4915624358663213,0.6169965888327484,3.9789391682340893,2.883828581915164,-1.298424968253416,0.20546333393816804,-1.99341974812017,-0.1540794144369699
-0.4619081670305935,-0.7567100630177904,-0.6047287460288244,-0.43155206145474706,-0.7201586638571472,-0.48563800252134365,1.1845731148156817,0.7163216085339428,-0.27388413163369607,0.40007655699995753,0.3859470163364687,0.6554691728967055,-0.023296565154471423,-0.12879694879396714,0.12957181243993945,0.20467543851188966,-0.33764173582648915,0.47933473776290847,0.24895632853451874,0.370924030666751,0.01053059311686455,0.11704238238693374,0.049060437861330713,0.6655928982314869
1.035886932662895,1.0103987196091173,-1.0076509242698635,-0.2380017194684483,-1.627768105613315,0.8702041364975782,-1.606495729762271,-1.3197346431129244,-0.4477342158053227,-0.6236988034711084,0.5771674568887332,-0.27723912958837094,-0.15756346519312056,0.0676476752491949,-0.47373722896601833,0.686904491076405,-0.5498064982146902,-0.5825991241831485,0.5990443603495371,-0.2589013167959955,-0.2066442435045041,-0.029170519153474832,-0.5105056356016755,0.566897823185649
1.6522332683850602,0.29995329815864946,0.6640580559436144,-0.37969080429737023,-1.2106418529824943,-1.8414801415402655,-1.2077716091082777,-2.337762768936358,-0.2300344782985109,1.880880618659921,2.185570304553863,3.7798876750664645,-1.3382882805115364,0.3725969005343795,-1.7228013965186524,0.29202087325861575,-0.13987740686720365,1.3213420760826329,2.116345711390714,3.2350746397643966,-1.6801510184368917,-0.5012108746661318,-2.0822001921358706,-0.7864093367638799
-0.7513755966964545,1.4866393395453623,-1.0601376067427937,0.3091073796951191,-0.1783943964753998,0.8702041364975782,-0.8090474884542845,0.7163216085339428,-0.11199220488867977,-1.0044391485691535,0.4178059658037184,-0.3156809453700645,-1.7464329370849851,-1.0035978723889651,-1.6086856621816763,-0.8531886453994703,-0.09247823708277564,-0.874714774890007,0.41588112484576023,-0.26412405381121656,-1.730188583574107,-0.9459952340656463,-1.6405824894318057,-0.780042156956654
0.1447401573147053,0.12550086695956186,0.9616149210299989,-0.4416885465470747,0.5016821274143546,0.19228306698811726,-1.2077716091082777,-2.337762768936358,0.7200009586739635,-0.5589600984361361,-0.5155227103501131,-0.9872899455264651,1.2760306054699164,-0.5437928996052217,1.2222753027555786,-0.7074818834454275,0.472527277028488,0.05529729563062771,-0.33894500485312334,-0.8249246764595104,1.0227277662463141,-0.4640512563306415,1.0259678334444429,-0.5345625385129095
-0.4938114656802173,-0.8432216446965983,0.26343380665963656,-0.3500610460921495,1.2369778477809419,1.5481252060070392,1.5832972354696748,-0.30170651728949077,1.0982982835223414,0.20961706646402242,-0.5746508774832226,-0.05149993500513246,0.8219684629654695,-0.23674243152713415,0.9451997729079742,-0.11691447612772872,-0.18985123959841277,1.749561548229573,0.6913433888997876,1.4922597373510966,0.206872965792372,0.6393870858600609,0.043263139934206156,1.6310249648774038
-0.5057672864389857,-0.7072852838415187,0.8509373903536012,-0.35260270630560997,0.6353369097930782,0.19228306698811726,-1.2077716091082777,-2.337762768936358,0.03424959970607727,0.1151640021369273,0.004491704599949227,0.5102810612471744,0.05470738800165401,-0.2826295316085629,0.24948787104032089,-0.1917226941296339,0.29818594468272125,0.4921557756685452,-0.2372795166406805,0.6683884442944752,0.0394758522631118,-0.11074264587006087,0.24353225492761896,0.07556394975177376
-1.4589009676577158,1.7955263266649566,-0.7247838798057767,-0.37624231990890905,-1.1541994783289462,0.8702041364975782,-1.606495729762271,-1.3197346431129244,-1.0231980993436853,-0.1775289847342703,1.1512378337961997,0.7272740468117019,-1.2501832571261167,-0.725272339575748,-1.4749853056410323,-0.3727308206022164,-0.7527878833989292,-0.15473229340438532,0.9704721096941837,0.7008718319868096,-1.353772468539705,-0.8246402311247439,-1.3328253569255895,-0.46729539125905817
0.5298022597613349,0.26785717360422556,0.8286220139661753,-0.44151122659928665,0.09271416647146868,0.19228306698811726,1.1845731148156817,0.7163216085339428,-0.01035718644477166,-0.09215152748311987,-0.045883039865619236,-0.6789380181838439,0.027167998614683643,-1.0822882556997584,-0.6287617937611862,-0.010295300363649295,-0.037465003693427264,-0.4022517228162084,-0.106602492954735,-0.7285781330515327,0.27042804066818693,-0.6326624101127009,-0.03466392399735109,1.1767318752381888
1.5399081300040856,1.5527582178246422,-0.11392864521912119,-0.2600733452387652,0.8437659760407814,-1.1635590720308047,-0.4103233678002913,-0.30170651728949077,1.2178218381977897,0.379266365654943,-0.33800220357530436,0.555733823591122,0.9608266112847623,1.0973585941504562,0.8613971364207922,1.0063995077830814,0.3019087915067486,1.6353258491872635,0.5922147687526333,1.874459178962968,0.9005919318744849,1.0019048415230412,0.6696496412819096,1.0560728961363577
-0.4714391581452692,0.3516366570338786,0.8323813950999388,-0.41118971903167906,0.4165411986081665,1.5481252060070392,0.3871248735076952,0.7163216085339428,0.030721231954182873,-0.35079367041127096,-0.24299651380446474,-0.401859193141304,-0.2441077996107096,-0.7893171460408919,-0.13445691016903902,-0.7740677022566347,0.02165019340849521,-0.2671311278040596,-0.18906935178722437,-0.37662895761554993,-0.04566809018590572,-0.7085601841423443,0.0944557762598979,-0.6466178826307097
0.3148166403113605,0.10029311420241852,-0.34594584079156243,-0.43051308911542946,0.9457898055939745,-1.1635590720308047,-0.8090474884542845,0.7163216085339428,-0.09781696814365085,-0.275437177231359,0.4032688176255699,-0.30341194083554746,0.7584702355978424,-0.9752355876013666,0.5164463717575464,-0.9087755634896536,-0.1528773063132057,-0.18244347257440033,0.3734796591077654,-0.2560887568912847,0.6064782091006755,-0.809961770841121,0.4044571067833048,-0.668051272547964
0.05184910142595517,0.30452025579912295,1.3332326123828577,0.6908796150647862,-1.387222001522178,-1.1635590720308047,-1.2077716091082777,-2.337762768936358,-0.36116048919362115,-0.11768104992943641,-0.08669892048467226,-0.23685027726308944,-0.11718662998778234,-0.6494433894510979,-0.13123930178874715,-0.672293116911797,-0.28654111253507253,-0.11287733076285182,-0.10298471268628859,-0.17342663167912956,-0.01488264570171529,-0.799688318946274,-0.010017630689671004,-0.7771837066239691
-0.557859748564601,0.3307937157500365,-0.4303524925102074,-0.3939605694361045,-1.197924287458674,-0.48563800252134365,0.7858489941616884,0.7163216085339428,-0.9500762376672489,-0.33437830956762404,0.19295382984391762,0.009127191746012503,-0.7474335653962737,-0.15117977175075106,-0.9818135416514776,0.07214277156806641,-1.0639560921673048,-0.5920189790494519,0.28607319309840173,-0.007967149111654493,-0.7320436682440145,-0.19156652752667525,-1.0455446359254175,-0.08527382037450346
0.17758254535994134,0.17209447751911697,-1.242158729934173,-0.3386659960558006,1.3805400628191886,1.5481252060070392,-1.2077716091082777,-2.337762768936358,0.7792797571830391,1.3978357083823505,-0.8474373346827428,-1.022243436605223,0.911116518698261,0.7715497001002707,0.9989479224834047,0.720300582607553,1.1459409217610008,-0.5611343246729428,-0.9607612620935553,-1.3769566140949037,1.1759494087703353,-0.46686597566338445,1.2481752842248215,-0.6390679523920736
1.3280209811943522,0.8500907007740182,-0.8916822936822432,-0.3498077803343923,-1.2254083822196682,-1.8414801415402655,1.5832972354696748,-0.30170651728949077,-0.21702365362164314,0.14824262943106215,0.3431179124499878,-0.3062263915367536,-0.24057082879548033,-0.5676445180098717,-0.19451846317295549,-0.850486162985821,-0.4510917250614526,0.7486643041702514,0.34898325446358947,-0.31544080116097356,-0.32102785643898174,-0.10131499422157665,-0.22791169230096697,-0.4841006245693212
-1.252433413716234,1.8239810222848005,0.07334353032188065,-0.36819092055268327,-1.0143360486271877,0.19228306698811726,0.3871248735076952,0.7163216085339428,0.28794980794234193,0.24986876345531864,-0.2161517384211787,-0.4782949646221094,-0.4276624332259436,-0.8408641007261487,-1.1067670927622688,-0.4781374429213719,-0.006854353249498733,1.0251360776602347,-0.32477816147994754,-0.35232478608425144,-0.7478794268964092,-0.46982418375762797,-0.9660227415558023,0.38057933838998664
1.554811450007332,-0.20559637503100275,0.7815818713046546,2.43926927816022,-1.4218962349495725,-0.48563800252134365,1.1845731148156817,0.7163216085339428,0.9310259762809554,-0.016664848517967328,-0.9304767895250685,-0.5391509706244537,0.10980513100009194,-0.2927281659299153,0.2293825012490733,-0.36986068358153645,1.0973246998255395,-0.3290666308408586,-1.0419437864432513,-0.7913959711678197,0.3064031832599633,-0.07533161571043444,0.35292197315891805,-0.18348958287228648
-1.131860482870762,-0.8039724724537435,-0.3121555923791724,-0.40516567968329803,1.103203086727872,-0.48563800252134365,0.7858489941616884,0.7163216085339428,0.7400775644285963,0.7122475478027367,-0.8152827543714068,-0.1651365730042994,0.38858923736479056,0.5415479812666979,0.48428130580304457,0.34779126983059677,0.7584606117832394,0.5330611097433137,-0.834760045375244,-0.42432058795136374,0.11063640077811782,0.2194887432765919,0.23592414862614097,0.23212439833817536
0.33414625655379504,0.3033675105685496,1.56576948868777,-0.43277581103830515,0.669067126878208,0.19228306698811726,-0.8090474884542845,0.7163216085339428,0.18792449050367796,0.011430991742245517,-0.027052709955449915,-0.9513466124660402,0.008062066570150336,-0.7936402192892225,0.2120765463836044,-0.237642794047326,-0.35657582279520555,-0.16854368830834282,0.06939419673194758,-1.1360080415965315,-0.39745163721566,-1.1077813347113912,-0.6362333395876508,-0.3569229443068215
-0.8946094407829696,-0.6862124684465392,1.3167508040141993,-0.4220295031543594,-0.7505732494019903,0.19228306698811726,1.1845731148156817,0.7163216085339428,-0.3244886358624062,0.5213868331586845,0.1491415545684243,0.16178296652126828,0.4280805671729816,0.3353813513421769,0.590767047897103,0.4798922457776885,-0.3412780535107487,0.5143197177017153,0.18888637811244022,0.16087152499616653,0.2268176170061425,0.5367553808484042,0.4211238169527893,0.6347850715784616
1.3929033703488687,-0.20514987454779288,-0.8708466679990294,-0.4251686450864515,-1.257611621896032,-0.48563800252134365,-1.2077716091082777,-1.3197346431129244,-1.1454444631552922,-0.4023282211335107,2.988188262921685,2.861325951064288,-0.6038710505326241,-0.5027250349806264,-1.2405106392687075,-0.38763638752904483,-1.1768313294570558,-0.39764227947999875,3.2156077106363075,2.750122681255483,-0.5938995492592676,-0.8123260621020478,-1.2654204721511233,-0.6649553756276556
1.574509869238276,-0.03313830898166583,-1.1064675458576037,0.691521758837451,-1.4897529151287756,1.5481252060070392,1.5832972354696748,-0.30170651728949077,-0.6500485284124606,1.238445897268006,0.7700528941916588,1.933567553113498,-0.16110863160285596,-0.04536725956713982,-0.5768269616782175,1.0518947170469168,-0.007309075030814673,0.7773491280642404,-0.016532910499922115,1.0628018560500936,-0.052640556552216444,0.6133692571675862,-0.12859998858327754,0.5975498353802174
-1.0537513257453108,-0.7693372152406802,1.8577743419900317,0.19801582189346398,1.2009957147543069,-1.1635590720308047,0.7858489941616884,0.7163216085339428,1.4055234372094314,-1.2046674051655109,-1.3805021108661304,-1.1674293775486542,1.8476471154572136,1.336562471775607,1.735868604714553,1.4383508791811654,1.5540696516854255,-1.4383038301779363,-1.4861717169469861,-1.3555416190898246,1.6861116044105129,0.5046123957721406,1.4819043823671862,0.4187194096038694
-0.5058080917264263,-0.9242785981473619,0.8697056867944666,-0.3842763497015533,1.3528549692838607,0.8702041364975782,-0.8090474884542845,0.7163216085339428,1.4094902411908514,-1.076483422358132,-1.2912296691479987,-1.2000325148904174,1.1070555532913497,-1.0050746552441008,1.2129352522955634,-1.190045199017409,1.4798596487047413,-1.4647868428754083,-1.37064306604883,-1.4650718187542147,1.0064728720730554,-1.0233456574081483,1.1227503664464584,-1.163507978875101
-0.1284043234102159,-0.6783718944082182,0.7220044666891541,1.4187058110298785,-0.04420701549904803,-0.48563800252134365,1.5832972354696748,-0.30170651728949077,0.31189983811674515,-0.2698116862369336,-0.08054063065464132,-0.028737129384798207,0.7745026291072075,-0.9519155755249774,1.1920509646926318,-0.8856500821127933,-0.11985603869825835,-0.09343105212769881,0.14722918876442503,-0.10612150446793614,0.7387142296804411,-0.703235860322742,1.1766096850887842,-0.5826719571765147
-0.9146091859140643,0.32341892653613935,-0.6753150193183165,-0.44153263329754133,-0.3818726724228293,0.19228306698811726,1.5832972354696748,-0.30170651728949077,-0.7407386307692023,-1.079199010447998,0.35036556417230785,-0.867718510221253,0.19948113549528018,-1.0236178094966686,0.548898166199251,-0.9641672332738325,-0.6891277443686409,-0.6542900274167442,0.3256965576588269,-0.8674619918710822,0.11317850304143257,-0.6446150132135604,0.4054800801307338,-0.32134194248478165
1.7055496710566016,0.8078631894904891,2.0128330358221387,-0.4081854822605781,-1.4701818036628973,-1.1635590720308047,1.1845731148156817,0.7163216085339428,-0.2705772890747754,0.046906039902508974,0.29727295031086926,0.6571760425173728,-0.47284684228785384,1.9612311914939968,-0.4353881972662326,2.0533163474241025,-0.8487936708849987,0.06815807161082175,0.9870621498294507,1.180546065046129,1.48971588971165,4.005333145283858,1.4334985609257926,4.35407884655375
-1.0496372418740674,1.7926207422259646,-0.6070472632210893,-0.44000624558871837,-0.3077027863643241,0.19228306698811726,-1.606495729762271,-1.3197346431129244,-0.2708453669944226,-0.6525765295333015,0.6355594444695825,0.027304076830932864,-1.601750627648673,-0.9211264501620374,-1.2718227915415565,-0.7210435979995162,-0.30145525867909606,-0.44463089379641557,0.6179943536541851,0.21270457254814157,-1.1003635172372,-0.8614496596107379,-0.7978703407802539,-0.67113151226175
-0.7746821978200805,-0.7831460673585405,0.340065942777083,-0.09218966773111845,-1.3798943614120835,-1.1635590720308047,0.7858489941616884,0.7163216085339428,-0.9841763612215887,2.525353974909957,0.2554472407696139,1.8263259889418508,-1.068235817712657,1.7985760736055416,-0.9588892333070576,2.0265857688927738,-0.9872680603080806,1.3274748617947347,0.3618582011874424,1.1271777296595267,-1.2579413486901065,0.6238776356884053,-1.5896786057443393,1.1445073239304802
-0.5645538573216983,-0.7347806438243393,-0.3123015273849433,-0.4366567708136876,0.6617454108283877,-1.1635590720308047,-0.8090474884542845,0.7163216085339428,0.13330959907348283,0.2538925708945041,-0.3943040726955363,0.12327820026267053,0.1966522259263705,-0.23811759681200972,0.23055127460914338,-0.06716970644620483,0.45038501182246465,-0.46148113725240786,-0.6880732385320799,-0.580755966915006,0.5245343301816123,-0.9955016471407334,0.5895568456684966,-1.0698716967495165
-1.0574775067181916,1.824191601923551,-1.0307890391914798,-0.4331425933480565,-1.5307101151898033,-1.1635590720308047,-1.606495729762271,-1.3197346431129244,-0.46329790247092417,0.21738014893516347,-0.4145569237133934,-0.42049183967901116,-0.31362264161984305,0.09201437048650694,-0.16765492144832686,0.7509909223294386,-0.8161077776529078,-0.723145835671247,0.2609004919612566,-0.3141457966641699,-0.9449271505331264,-0.5798079438228383,-1.00522254147925,-0.5134157133553524
1.3931297964134293,1.0962564905405578,-0.8170523902260463,-0.32654216859276847,-0.7810527049533788,-1.1635590720308047,-0.01159924714629806,0.7163216085339428,-0.3798919541394441,0.6213244074274811,0.989795296604442,2.352113552236942,-0.7644851668503752,0.718938312460159,-2.0426184216587306,-0.01851534558950609,-0.6940811165816662,0.7213094059303828,1.5072319038755158,2.737482505966488,-0.16376842878901302,1.9773169729167148,-1.4689964696002384,1.7362143713995648
-1.201846158480781,-0.8733540439763036,-0.794085359201924,0.019314510559088737,0.7540109687596461,1.5481252060070392,1.1845731148156817,0.7163216085339428,0.7297000982119036,-1.0179490659818322,-0.6487717288713899,-1.0554883214984336,-0.578192346991467,-1.0480571124847833,-0.2792504331384099,-1.2097519387897393,0.5377061594977534,-1.2840841261763956,-0.7257737431485112,-1.2312303670620213,-0.48681459030860547,-1.1409601862992511,-0.08815311267803949,-1.3222822807030863
-0.7150370679603341,-0.8616815786162175,-0.4760950730704464,-0.4169270189796654,1.4001621894102605,-0.48563800252134365,-0.8090474884542845,0.7163216085339428,1.0251051536873075,-0.9046247431617339,-0.9415903031220391,-0.9843640941881994,0.9168138863444539,-1.4763445527371057,1.05467549463403,-1.7978175653516755,0.9519080879879498,-0.46288942490402013,-0.7547313484343984,-0.4229829539842643,0.8846035188822855,-1.2572415682977878,1.004665700618887,-1.5775320717774541
1.6986678029437283,0.41057413873424287,0.528559609128392,-0.40774042547196204,-1.0844834751280776,0.19228306698811726,-0.8090474884542845,0.7163216085339428,-0.4875897000135753,0.2199949169376442,0.8621157042040211,0.4908100880135908,-0.7651882249721411,0.9484693289458995,-1.6587407611819267,0.14037126551103488,-0.7394556592556915,-0.007139142355384395,0.9711753911813993,0.2645395008120415,-0.7994929855477327,1.1021549765223857,-1.5781229389246751,0.595099987630648
1.277783769466868,0.8315454499608083,0.4104227848043685,-0.4220229740629383,-1.1016513282412383,-0.48563800252134365,-0.8090474884542845,0.7163216085339428,-1.5691444932949574,-0.6811715223995122,3.3739043836737577,2.0595243374829018,-0.6922262301457134,-0.3228402475905649,-1.6969665692650173,-0.11559050168031586,-1.4013937011400703,-0.43355084159651464,2.8243654929500956,1.7488080092464422,-0.11442687403552705,-0.02630106588777348,-1.072463541969728,0.37592106691399874
0.6427745165256086,0.3418904550989337,-1.0399446350402917,-0.3009932267415289,-0.6491725517498756,-0.48563800252134365,1.5832972354696748,-0.30170651728949077,-0.9930678406468079,0.1756565686286009,1.5094329490876657,0.9532310066309071,-1.1043072021713636,-0.4482408776763794,-1.5922603419044772,0.07052520539461248,-0.5428575391811997,-0.3364340203459919,0.938190016798554,-0.12235231705225286,-0.780714303968964,-0.9029506447227608,-1.0818841511013055,-0.29369144203410613
0.8103966740994367,1.1348320350429286,0.7518407037113255,-0.26817899347102747,-0.12585573122436172,0.8702041364975782,-1.2077716091082777,-2.337762768936358,-0.9567470743661195,-0.017939075626224106,1.3158620894545956,0.07134831140061712,-0.193616743105824,0.20290043939313213,-0.5136514121405222,0.357790389373186,-1.077468657421411,-0.4708721974889852,1.55264629596225,0.2635418279147805,-0.4138658706518215,-0.21111222962897974,-0.8706294450279446,0.3059011554714881
1.6754095902184223,0.24774950052721767,0.21244996330833965,-0.4326303281839226,0.19555471328155663,-1.8414801415402655,-0.01159924714629806,0.7163216085339428,0.04839084702162114,0.2989797766276334,0.5469641120877372,0.9592756416656198,0.26071337627946334,0.2662075200479811,0.2736716076015854,0.04575757198928898,0.1355673307557353,0.377407690674229,0.36901519479418377,0.6812018241959747,-0.5501046034048392,-0.025880795139802997,-0.27463826465006363,-0.10300055604928329
-1.3300186760574053,-0.8862410363512943,0.041389307304175046,0.19407714446538585,1.1467376394978372,-1.1635590720308047,-0.8090474884542845,0.7163216085339428,0.5355850045125317,-0.3205860702072481,-0.5922515637297441,-0.754720233472017,-0.6719345099332179,-0.541289734915973,-0.5869464147352479,-0.02787366359196085,0.5735081031507966,-0.22577357196493278,-0.582012977340754,-0.8130864904698845,-0.6378434864819384,-0.4046776030004082,-0.6357773137539446,0.014257526274540413
-1.1966202044610508,-0.9803412447064825,1.5909001297808956,-0.4057600625398212,0.5667847324161047,-0.48563800252134365,-1.606495729762271,-0.30170651728949077,0.8360730329763124,-1.3288746684623445,-0.8240310213841031,-1.2244542609407276,0.29078863508292957,-1.3222287497730836,0.7454792346539532,-1.5012487668980423,0.8560337100897338,-1.2162190834424755,-0.7874848429109323,-1.2229005148315784,0.28433158182216917,-1.2693993699865227,0.7361791875968029,-1.4089115841065356
0.9849424813408584,0.9789424346336159,-0.6021254045065875,-0.4023829142155132,0.4828208049348766,0.19228306698811726,1.5832972354696748,-0.30170651728949077,0.009822438346807759,-0.08082896258965012,0.41940761594252646,0.09152172512820844,0.7209653844813794,-0.32839382530322553,0.6591808351433641,-0.5197075465881464,-0.10234133003852793,-0.07492078465058345,0.5624693449179091,0.21506916478390264,0.5315205326912764,-0.348049983283127,0.5716994110326865,-0.32466695231827364
-1.5946535878495645,-0.9435135685152604,0.3815730448173548,-0.31077059710817756,0.1275978581503731,0.19228306698811726,1.5832972354696748,-0.30170651728949077,-0.04906904513112097,-0.23968466499376573,0.12321524510753247,-0.4960149594870707,-1.1875333690875256,-0.5918445315885418,-1.5144634905179808,-0.5070887257288272,0.03742963095019729,0.11746262338834927,-0.023459457031905308,-0.326014074044593,-1.2990323347253698,-0.8500455763752709,-1.5857260053064968,-0.5637384801893631
1.090587209271231,1.0684986213628473,0.2898156018644431,-0.2658432746101966,-0.03791849243386049,-0.48563800252134365,-1.606495729762271,-0.30170651728949077,-0.23145180096025883,0.8042369778721126,-0.3041548099569354,0.3885397012960118,0.16938281467006303,0.49222052737641525,-0.02215475775288664,0.6522872148959153,-0.05371500317459296,0.7402756090106,-0.41348993703400416,0.4272622788557738,0.2948806651949021,0.5389712465617205,0.19314696159372738,0.529633166591278
-0.35660436486415603,-0.9436837062775745,-0.9210403262090968,-0.4045492279324823,0.8113656808045742,0.19228306698811726,0.3871248735076952,0.7163216085339428,-0.0088840827435063,0.5698356080769549,-0.4554618492858904,-0.9594577597080923,-0.13589517099636017,-0.053389833615730416,-0.18452932922700083,0.44117697836012565,0.059464337840980735,0.32988380077968243,-0.41983738081335675,-0.9270004952944606,-0.02625086108977036,-0.05599798076798457,-0.011402522405504795,0.3137218038616074
1.691122573414197,-0.20117801072190328,-0.9722826322752024,-0.33145620587064256,-0.7448411686055116,0.8702041364975782,-0.4103233678002913,-0.30170651728949077,-0.27464533038917716,0.09028785040350815,0.2059616669163522,0.5679351020953143,0.29153243293320186,-0.2501325432607364,0.49613739212755414,-0.1480637082178456,0.0733242941496414,0.12704841256972113,0.009590593775202848,0.2099347316714374,0.8101302704618253,0.4148941426883557,1.0430768400113295,0.4631218583555136
-0.4361682980173501,-1.0550477646679004,-0.10850110679256966,-0.44091907475120284,1.5191538998215766,0.19228306698811726,0.7858489941616884,0.7163216085339428,1.2091623000810316,-1.406017495677491,-0.9375347611086792,-1.3463019854907976,1.0905833613093379,-0.4913361570447419,1.1931520443920276,-0.6410886974237341,1.2225945422421793,-1.3501432653033403,-0.9539210038617577,-1.3544797243582167,1.0454098018947446,-0.3673273817924982,1.141089374094921,-0.4690357402711352
0.2822019600257432,0.1870544949731196,-0.8408141220266282,-0.44111744607254233,1.2062638221000666,-0.48563800252134365,-0.4103233678002913,-0.30170651728949077,0.3069706398859579,0.28420169801890255,-0.4580295252638782,-0.9680024403724657,0.6345161570791099,-0.5654931320491112,0.41607002661068604,0.08410836718392205,0.8337391426734718,-0.6715764612331846,-0.5627137711459623,-1.0642424926036433,0.9119700372857537,-0.9325555851313142,0.8850236561700123,-1.0337488798211263
-1.0028864953542607,0.32681772969095174,-0.2977413275541953,-0.3807521914880322,0.5921838122712567,-0.48563800252134365,-1.2077716091082777,-1.3197346431129244,-0.13207977497540443,0.1006709699957824,0.32096394368283976,0.11815090562588004,-0.3038098466624362,-0.3441929168820252,-0.08340522474377894,0.02796905201097774,-0.2146408139937579,0.03542751558406733,0.6791627286650685,0.6893047371874896,-0.19940575382857792,-0.6213595846532067,0.005172730601255564,-0.3761816871326957
0.01852884791632613,-1.1343868838655935,0.07684240139774307,-0.3327517585011531,1.4824960777546174,-0.48563800252134365,-0.4103233678002913,-0.30170651728949077,1.4244355395264692,-1.478034202979861,-1.2221918538073429,-1.2852750580901275,1.620644871732179,-0.6540360376947695,1.3895057485267979,-0.8586881611478945,1.2916684194610917,-0.6654192384621495,-0.9695107683695938,-0.7771965065777285,1.38199247481791,-0.34517151501670296,1.315420629473624,-0.585264992605087
-0.81242147127997,-0.8973225508863741,2.2739100278997064,-0.4411028842201609,1.3841382172138137,1.5481252060070392,-1.606495729762271,-1.3197346431129244,1.4574640366729752,-1.5297847490123224,-1.0440629397945285,-1.232925311254184,1.0702449452676774,-1.3221649281702772,1.1963203368828057,-1.5440091267316607,1.469565821793374,-1.5148274898714005,-1.0304772335341472,-1.239236557725974,1.049418008525338,-1.263031023226099,1.1658972924122608,-1.459540802877883
-0.7308789650032512,1.7521529058293532,0.3923843272698476,-0.438112142035242,0.279654594717344,-0.48563800252134365,-1.606495729762271,-0.30170651728949077,-0.42917818017297005,-0.17899996844391322,0.3676916018909715,0.4788948217451535,-0.10595628307357846,-0.84545031466952,0.07839016047475271,-0.5298099790321048,-0.7343066519859999,0.38159380591150643,0.8586457761260948,1.3401396966778056,0.054630023482298465,-0.7066114414861522,0.09083746152751776,-0.15648266937035613
0.9162985471857216,0.9061168463616566,-0.2870513341612621,-0.22294087943793336,0.5106857715962896,-1.1635590720308047,1.5832972354696748,-0.30170651728949077,0.6138769142480416,0.3432158269257664,0.09515829134096375,-0.4949209236125969,1.2692639986334513,-0.30471082994092863,1.0291927978158006,-0.23624898530962116,0.563738184918403,0.5295291253034272,0.10310247443410786,-0.39586183422043036,1.1326214917899307,-0.05609832631174138,0.8908717008743636,-0.006152652569699007
-1.3773674130634899,1.8033772652108861,-0.24157964509736157,-0.3828904830606554,-0.8232480168236856,1.5481252060070392,0.3871248735076952,0.7163216085339428,0.1528836729405693,0.3393249040886929,-0.8294253151055015,-0.4426460661371083,-0.7520488286747741,-0.6227267879015184,-0.647476931439183,-0.4697721057544767,-0.1936039005132073,0.41815332968301855,-0.5625003190454566,-0.12578658658468214,-0.9237052669231894,-0.12280825844426407,-1.065373852231492,0.1099438923121962
-0.29541277355963863,-0.9602406037824051,0.8411446230665129,-0.36325489352101875,1.4795372727627072,-0.48563800252134365,-0.01159924714629806,0.7163216085339428,1.4676464291478661,-1.5027355227860917,-1.2578176286166425,-1.3516784511394115,1.1600110060048259,-1.227614027900059,1.1246604270645488,-1.449912324656319,1.464824425489817,-1.4343156996840858,-1.250944596725596,-1.355497511917302,1.0884492598647222,-1.1361850262736644,1.0841104755282487,-1.3089622910575807
1.345025525996036,0.27276635545721895,1.8052382630598502,2.2220685274831173,-1.1153179382938914,-1.1635590720308047,-0.01159924714629806,0.7163216085339428,-1.2792653241397263,1.4771279761654252,1.553660474392909,2.607016096447407,-0.8405274186935144,3.0854207135360676,-1.5589028803228995,0.864858348167387,-1.145397218377914,1.6443791976874131,1.7314879522989706,3.6196556895770637,-0.7187381987716502,3.112431988539163,-1.4595593938346123,1.0203090585478305
1.6684157807445175,-1.4293578918612657,-1.2409147106962368,-0.35282703571162954,-1.2080500028668804,1.5481252060070392,1.5832972354696748,-0.30170651728949077,-0.9385612219960202,-0.636046353309068,0.9254639147097254,0.30766466218391836,-1.5342323182291793,-0.15454258114736483,-2.471585392782872,-0.9594419104065504,-1.0284755944821946,-0.30521302835339065,1.26819579997512,0.8916655788741195,-2.3087966079311664,2.452225279194952,-2.4953657670306035,-0.9779839079087566
0.984893531085633,-1.4946647205082841,-1.2259639782010383,-0.40946563188822804,-1.6128896271837447,-1.1635590720308047,-1.606495729762271,-1.3197346431129244,-0.13013840292438003,-0.11145706416515204,-0.6707641937530499,-0.38761363046023756,-0.17920869736813003,-0.36663209543454295,0.039689350910710755,-0.4121316148918986,-0.0394240853218384,-0.012103430604092373,-0.6790186983387793,-0.37587667284562265,-0.145053208192538,-0.20803178241779585,0.055557850144814284,-0.10554927148197406
0.42250045667742786,0.08124249672517592,-1.2413336698022084,-0.2807428816958378,0.9262148770651044,-1.1635590720308047,1.1845731148156817,0.7163216085339428,0.39939406609227984,-0.5295505255292824,-0.7378194799574469,-0.7929634730596693,1.173098226860422,-0.3221705256782713,0.07944368714038126,-0.035058618166763936,0.30652542380604286,-0.6317067929894099,-0.8273647639210796,-0.6304007613635995,1.473241217244732,-0.14163318977451292,-0.21392626283608585,0.45827570040125726
-1.4720670202608708,1.7004955254615353,-1.1994557069416796,-0.3528930049730006,-0.38066179940397055,1.5481252060070392,1.1845731148156817,0.7163216085339428,-0.1724456031578185,-0.8048318768832446,0.3116604246332514,-0.01828552682556774,-1.30489790373018,-0.05477076758363349,-1.2118508797523608,0.2187402476628966,-0.22151216535586257,-0.6235026756153204,0.38581872683083307,0.24458255011610577,-1.4818995507709505,0.1634477425348995,-1.3781110770716374,0.3885522657403152
-0.6604490383053722,1.5263290657194057,1.1571361863008875,-0.4408364359159155,-1.0818189380278014,-1.1635590720308047,-1.2077716091082777,-2.337762768936358,-0.40675721747821847,-0.8617867571116979,0.41219369579143866,-0.26529738070551184,-0.996142698850337,-0.8671517674117425,-0.9190694069863964,-0.6625800040974267,-0.32596835858998524,-0.9982253529135284,0.2136096477524924,-0.6314758121229099,-0.9176677740478169,-0.901963502143641,-0.7342284077427796,-0.8021652847015562
-1.2299065899562216,1.863003961545173,-0.3882186806457697,-0.39827120786997167,-0.6428785168789374,1.5481252060070392,0.3871248735076952,0.7163216085339428,-0.4480445064035238,-0.1570271010879656,0.1832146779431002,0.5111896319924517,-1.360769225082185,0.3313951913699163,-1.3920891295788096,0.6399495620593081,-0.4450975907333336,0.047111499861006906,-0.06776097681167656,0.3640896130896711,-1.3811506626650236,0.19877559858071694,-1.2859977689454551,0.5479868218659243
1.029206303900724,-1.4423889059036095,0.2801607910604594,-0.4393591702321957,0.34479512634848947,-0.48563800252134365,-0.01159924714629806,0.7163216085339428,-0.6727614164491594,0.46375835394231213,1.0756281571810615,1.6143678259342478,0.25902784744182444,0.638203263824621,0.4887946572285635,0.6084180722341274,0.2624378939815376,0.13277478052863717,-0.1528475293333871,-0.11294669760081345,-0.4022341044599543,2.4096420647104746,-0.027457360260194175,2.0244850090010966
-1.3090290473205888,-0.9545804404785959,-0.7527589901140356,0.7397577297866003,-1.1933860631650155,1.5481252060070392,0.7858489941616884,0.7163216085339428,-0.2388489332907846,0.42772285147855854,0.5004920784407488,0.21732517081869768,-1.4456863051509814,-0.3907088034134921,-1.5932485547646904,0.15992748230934595,-0.24306952817050362,0.297775436537123,0.33555579197258717,0.11311505487780171,-1.1908663870799192,-0.1310491496404866,-1.2411750696940156,0.6599103424062299
0.1877698636904207,0.30343809610524797,-0.7326385594127466,-0.4416825770920612,1.4378888293693473,-1.1635590720308047,-0.01159924714629806,0.7163216085339428,1.042509934450009,-0.4601203643158299,-0.480367538919091,-0.6628000339246695,2.146526628956692,2.163168378333179,1.857042372747426,1.4019873534158966,0.7160850024988022,-0.31867413398704175,-0.30841188187219204,-0.5480805674909186,1.296305038963533,1.2845903656088877,1.3185588484111819,0.8245858958796068
-1.422326445777586,1.378519733771689,0.7323974652222465,3.005379858112877,-0.06508894354988654,0.8702041364975782,-0.8090474884542845,0.7163216085339428,0.421683867964382,0.10018055641584196,-0.5441210478417046,-0.1725253092562227,-0.6214108139967218,0.251152588579777,-0.44253031918124786,0.8371235420795916,0.37412785047194275,0.3771406656685568,-0.40585931299727585,-0.08378133353241257,-0.6867833506166191,0.20761469946774314,-0.6470481816654591,0.7666109218933866
-1.0491761574024008,-0.8216295815794483,-0.6647187458411046,-0.4249402948108897,0.44030699002968143,-0.48563800252134365,1.1845731148156817,0.7163216085339428,0.3721419902542462,0.8587647735341821,-0.11822023450906137,-0.3042750135809658,0.2958012893973861,0.5384689467005708,0.419876252524805,0.5201594299047975,0.05109513566228355,1.0407818613143318,0.07774800269412654,0.2064114417745665,0.07435100449512769,0.3645791699056053,0.11342108082079146,0.5273016317651879
-1.2133049649753318,-0.8649553293800287,-0.6152392531261665,-0.20102482580543476,1.0121167941468816,1.5481252060070392,-0.01159924714629806,0.7163216085339428,0.4603023470890818,1.4905790079642867,-0.6707092400676883,-0.6230945198797143,0.17118465424136678,0.016518062593762078,-0.006477813811560385,0.09591493939716476,0.6243366216565572,0.9607158308119614,-0.6776576675670289,-0.8019094195006876,0.19539367079173045,-0.26783386292522493,0.15161411334535918,-0.027148587712786783
1.2223418128703298,1.1940496802127651,-0.012357313934283846,-0.42471684326590153,-0.2419847701869089,0.8702041364975782,-1.606495729762271,-1.3197346431129244,0.331075541251159,0.8281925760224311,-1.0529908154341445,0.2694914061609349,-0.25346316603752,2.5275137390527385,-0.3976585008616606,2.551478080241204,-0.3650265926848252,0.7641924829307981,-0.41156142536555207,0.9860369269724845,-0.6046993630353492,1.5714825680676143,-1.080699943772466,1.5456666730937443
-0.7312418965767066,-0.8377124313479204,-0.4926490328015305,-0.43796820581238566,-0.021119074528331058,-1.1635590720308047,0.3871248735076952,0.7163216085339428,-0.00781597405888555,0.07146784372803133,-0.2627463887275773,0.20276659231799,-0.2473310506920384,-0.26077154787110374,-0.15768685362854545,0.1506911781511653,-0.28983058537712736,-0.5383158309406573,-0.008658346891312,-0.026561837470046517,-0.6772243684568178,-0.5411078335781632,-0.6180131176317717,-0.12207381148498549
0.3273353707325494,0.2931424307068636,-0.8149018763496139,-0.43764403727126494,1.4899730102069946,1.5481252060070392,0.3871248735076952,0.7163216085339428,0.31248857706536354,-0.9900007353408689,-0.38237704472363276,-1.2018124938925376,-0.7108826433613248,-1.1075708403039572,-0.6136226089653946,-1.2398314246353048,0.3069237036445327,-0.9907543349279834,-0.42893944325316186,-1.2055393496015905,-0.40401156140991606,-1.1039844095856386,-0.4088765681366163,-1.130394881097249
-0.26812938614851817,-0.8494201044507143,-0.8032873870062143,-0.40526839953267463,1.5196795184590826,0.19228306698811726,-0.4103233678002913,-0.30170651728949077,1.5675282965749946,-1.5184768476905166,-1.348894469597828,-1.337296941476705,1.2706672559486687,-0.6657907832580756,1.2189858139322143,-0.8484246128881311,1.5719308410457946,-1.4564371677814907,-1.3335828381321633,-1.3326094269076814,1.2211266685175857,-0.530979802230686,1.1832220162299423,-0.6800261945121847
-0.8801530494191667,0.49568416098612955,-1.242158729934173,-0.4207552280131205,1.2355321852100365,1.5481252060070392,-0.8090474884542845,0.7163216085339428,1.2297873051791282,-0.1386103747620309,-0.8819739873976532,-0.5596543316792673,1.220419208350662,1.2802961796924897,1.210346498631517,1.1308174040397843,1.2935388781357273,-0.8009519334007619,-1.0115730510383154,-0.7629593381914305,1.1348092015547209,0.5519979226058102,1.1685847426736842,0.4246217976594119
-1.2673358032158721,1.7932718676308463,-0.5309960827101073,-0.4249132829129455,-1.5181587029517327,0.19228306698811726,-0.01159924714629806,0.7163216085339428,-1.0510918170326808,-0.18156680031816558,1.5284840928971968,3.0927070712865397,-1.58311689526437,0.309032669739942,-1.64379725337402,-0.17285043489354873,-0.9172364907689601,-0.2268770772503116,0.9491448100380131,1.7253242759029186,-1.3484382662040393,-0.5566898330413478,-1.5546127999187693,-0.4836440402242822
-0.4549739774205086,-1.0166363850430455,-0.957245107740148,-0.333247765945004,1.5192015283545388,1.5481252060070392,1.1845731148156817,0.7163216085339428,1.209021134305348,0.42696975305653256,-0.9899704885900443,-1.0374572210351993,1.1704794485227556,0.11687373344164134,1.1936967668177616,-0.04126183862691545,1.2930507008479784,-1.29694769991511,-0.9646122754981127,-1.3071124362274944,1.329579014751959,-0.9227108823779744,1.3088272849263425,-1.11663181776072
1.1364945592702638,1.1944404178465187,-0.6549789708615756,-0.25344377251397837,-0.09413815867464644,0.8702041364975782,-1.606495729762271,-1.3197346431129244,-0.1180902922898992,0.6433285039500758,0.025208084958041,1.3533754091739434,0.005643651458645624,1.2315857530137653,-0.07084655226141731,1.175003154972729,0.40418705403092176,0.4728561936637682,-0.6910654684250551,0.13940131766243752,0.23096776378472433,1.544480065189075,0.24757027331411507,1.6135793013132584
-0.34714711918090474,1.7335700652944872,3.066472434224929,0.05877055054541893,1.1862863023955494,-0.48563800252134365,0.3871248735076952,0.7163216085339428,1.2169456053247778,-0.2886539260228218,-1.245179959568803,-1.3724516135968248,0.823093451257907,-0.5449083632176306,0.9796962155875026,-0.8541192461667351,1.0098502940684,-0.2252027549500256,-1.1485784140829083,-1.3473221467378265,0.5699799025957045,-0.3418605413584711,0.8284443015788314,-0.6667908042890177
-1.1772035954286406,-0.7867302723421064,2.018858224949477,-0.40395053380289386,1.2334138916771875,1.5481252060070392,1.1845731148156817,0.7163216085339428,0.8371598723949228,-0.5426240314024533,-0.5639613665393429,-0.5922828228682802,-0.13673121693363618,0.3516193065759431,0.009430108303978687,0.7714689779147716,0.7475645857560758,-0.41157680051777246,-0.4806513688201555,-0.5057435926781954,-0.2837459029556845,0.49291875929918016,-0.15716038777004784,0.9065013699774723
0.0005472430569622295,0.221105107990679,2.851376043301751,-0.4406070576688862,1.4594734384499712,-0.48563800252134365,-0.8090474884542845,0.7163216085339428,1.2360244568590462,-1.50197919863533,-0.831765502809251,-1.3917779743900165,1.2241605925405015,0.022236824326201953,1.1023477855928436,-0.09179884825336482,1.1669132001134763,-1.381659891239403,-0.8453746605235188,-1.4263294844664813,1.1712260069424616,0.30317467301974266,1.0504138333933781,0.27918301641565985
-0.19873324624238983,-0.8076525053440904,-1.171233025018498,-0.43355462141342166,1.6034668366094929,1.5481252060070392,-0.4103233678002913,-0.30170651728949077,1.5651234530695017,0.5179700024852376,-1.3306141961033895,-1.0362952854739127,1.459392261423804,-0.18154878167856478,1.3315809970448644,-0.36919987334025073,1.6854421426170374,-1.4235367407705992,-1.3780193624849186,-1.3058564788925584,1.5183658217757938,-0.7241583891425419,1.358117004001208,-0.8159990580030251
1.5285875420632375,-1.7126572713517996,-0.6107565896863645,-0.3177430368520566,-1.0472121752584829,-1.1635590720308047,-0.4103233678002913,-0.30170651728949077,-0.3450285760173564,-0.6828444033141042,0.4872880067536779,-0.07329564764372914,-1.1581560223348562,0.6060719212317919,-1.6763756208583382,0.41606566608797063,-0.5611492804263996,-0.8122178013324727,0.9632542207464434,0.28839113723114435,-1.474772323856189,-0.17166097664552915,-2.208536379525148,-0.4501199407752184
0.588657004708815,-1.2991068840837248,1.5744165474734255,-0.009629500041004513,0.09769945691689208,0.8702041364975782,-0.8090474884542845,0.7163216085339428,1.1354291768904707,0.025718656771035978,-0.49593054251240903,0.14918418831601696,0.79479720824802,0.9999193253818033,0.8124933144373263,1.0526184304597956,0.46201824245124895,0.7264311609418237,-0.10992228406105427,0.4780906680090529,1.6522185864282826,1.1421040936528837,1.5970626362255043,1.4743770127093891
-1.6074305777233493,2.2019125105465887,0.05048467682480109,0.7125750091494042,0.9466808625222998,-0.48563800252134365,0.7858489941616884,0.7163216085339428,1.664405937008939,-1.2511281030617047,-1.6463286738230414,-1.1734684555757502,0.5965314824935722,1.6612727645176193,0.5665480542209037,1.8045745827285242,1.5909196402848953,-0.7226400108343548,-1.5618341781373772,-0.7548270502708042,0.08378636136474671,1.1086643436512553,0.3424082662805593,0.9010770317920398
-0.12086895671513395,1.3672446944399101,1.1801813862874204,3.098604131578012,-0.40842732109257146,-1.1635590720308047,1.5832972354696748,-0.30170651728949077,-0.5818421595516965,1.2419611704996905,1.1762385633303383,0.8072567520601466,0.07861946443860215,1.028466762707354,0.09337685824845435,0.6336279894779685,0.013594016424003302,0.7554434216183823,0.34161865948518316,0.1994485088826239,0.5040235209259489,-0.8096247278676783,0.6624973001286387,-0.3412267210359602
-0.18726256475433672,-1.0980463038791963,-0.8058106780513618,-0.09676237880702247,1.4699165823940457,-1.1635590720308047,0.7858489941616884,0.7163216085339428,0.7330960259690711,3.0110256050932933,-0.9651772242055142,-0.8448368367348746,0.9649201201455517,2.157106490896793,1.0069975625368268,1.2941430697277392,0.8804809914124564,3.0570150117007437,-1.1709535514138905,-1.2287955615810668,0.9938525614311706,2.536745203826376,0.9756735627974429,1.4005165400282995
-0.253337077009245,0.09407638153490963,-0.6862021393231131,-0.4378448280308107,1.4368172288900622,-0.48563800252134365,-1.606495729762271,-0.30170651728949077,1.4097638926459788,-0.4036724889653177,-1.093607823661664,-0.9641271221859958,1.0650412192440866,0.4112596126130939,1.1375692026982076,0.24620735563790516,1.4192074555678151,-0.24120667645364036,-0.9242637389684139,-0.820487897913442,0.9014325838477281,0.5719228986670848,0.9602653118765583,0.5423009830780096
1.6786358407651936,0.17118397998907664,0.5216317827865511,3.526383282343535,-0.32878530844382825,-0.48563800252134365,-1.606495729762271,-0.30170651728949077,-1.7820435893647593,2.915723184542449,-1.1726644352205733,-0.2890517648723932,-2.7868486503148158,3.5093116407676663,-1.6056305891012315,2.5347701609008793,0.09659917618093787,2.5658274036543185,-0.8144751704746859,-0.4177731132793847,-0.4138086367211814,2.3587593615250775,0.06847455595711287,1.8111159220465958
-0.6709134792772019,0.3478470156791533,-0.5638127907812551,-0.3577470243552596,1.0843616126992037,1.5481252060070392,-0.4103233678002913,-0.30170651728949077,1.1226726333487014,-0.5792274934509002,-1.1093555116041132,-0.8739238643356203,0.7639898732003768,-0.6981911461651854,0.7398504362547028,-0.8682929915795644,1.3207985158128415,-1.1061486650020909,-1.2645049941440063,-1.333702478766844,0.8947870376932331,-0.6804341331380382,0.8704293957211637,-0.8317353081647538
1.2049750546258355,0.797131100326814,-0.7631231026132872,-0.3479293692118985,-1.2610920368136533,0.8702041364975782,0.7858489941616884,0.7163216085339428,-1.4267378293270834,-0.9283397096592535,3.3565769871003286,1.4447762021656476,-0.9252817780923119,-0.9969480230285844,-0.9668911881125313,-1.1502648932849777,-1.4033691236212837,-0.7513776207563542,3.408853702176098,1.6748828656175982,-0.9330018887449368,-0.8619919548327744,-0.9547451392688855,-1.0117656567925688
0.9661821150736799,1.03448066121584,0.11682638693585887,2.6930620599775983,-0.5233106912636878,-0.48563800252134365,-0.8090474884542845,0.7163216085339428,-1.2514227733338261,1.7371277524946482,0.4504802281301491,-0.11237712709901411,-1.2500629915416144,2.2987996568327143,-1.286534748247133,1.2602582689403707,-1.2116928775143048,1.3919686426501336,0.5510811201336971,-0.08375760073907568,-1.0578068847061026,2.3041362916113184,-1.1511121399161823,1.5465434766589958
-0.7047950200765957,-0.7064086830647288,-0.4678455107875659,-0.43662868724123766,-1.3758426677024984,0.19228306698811726,1.5832972354696748,-0.30170651728949077,-0.9835138414549349,-0.34692870762219197,1.2890422930192007,1.5088808869174715,0.8590840233428736,-0.6332651178994276,0.9104825325461702,-0.530739664368598,-1.1851274757339498,-0.5446445092670269,1.4599245821038933,1.6501813265238985,0.6938368757297454,-0.5607188944357061,0.8656942608615521,-0.5071265670451491
0.4848012390698309,0.14731860444022446,-1.2414188545820672,-0.4408693745159008,-0.11735953848036158,0.8702041364975782,1.5832972354696748,-0.30170651728949077,-0.2898944320931748,-0.6453014188554081,0.1212964622462929,-0.021850607696204706,0.4782361760887634,-0.647094814373375,0.7547082252019259,-0.6086468770840887,-0.6551195620727638,-0.4873252458913384,0.6622811869105386,0.5780479096395502,-0.04407790265699886,0.05842674036745485,0.24091644973096127,0.401339657828472
0.9984762250274741,0.9178878427804547,-1.03734151674861,-0.13234323401346446,-0.7329767073200735,-0.48563800252134365,1.1845731148156817,0.7163216085339428,-0.2873535395003081,-0.012784592433287494,0.742158003839011,0.1033536362824001,0.8595314456243635,-0.29796968007801045,0.587477999787675,-0.7726690548134226,-0.23361113304835276,0.24109792449634676,0.5806827832026135,0.12143030920139962,0.646541044805918,0.1281327650615431,0.5229803325161191,-0.2688611327743718
-0.2817476995078059,-1.0232659364030523,0.36533604641545875,-0.43979875426666376,1.5227709469598594,1.5481252060070392,0.7858489941616884,0.7163216085339428,1.3934373625750827,-0.8687871796381856,-1.009965836629877,-1.2779866518741532,1.2617078510936552,-0.25834060265591546,1.2538052999273277,-0.34418350431669525,1.3930833478485063,-1.1922188338424813,-0.9833909658304363,-1.3302361117508974,1.2281357645995055,-0.41702547095437703,1.2394216823911732,-0.49504955756904684
-0.825883184356964,-0.6965548559781685,-0.543818190679313,-0.34037108947875405,1.2511560737041536,-1.1635590720308047,-1.606495729762271,-1.3197346431129244,0.919744135405548,0.47668324496646797,-0.2725538030971931,0.5703230524619638,0.7541108464036447,0.40455607012606903,0.9217308743520009,0.3516613188055358,1.320576389457204,-0.08107424406502492,-0.8532527266092579,0.05251797931388279,0.7084246599713172,0.505308804577958,0.9283645755949892,0.5198852928531696
-0.7687040949004654,1.5428875138574176,-1.0675138586238906,-0.4398950644890915,-1.6488338515037868,0.19228306698811726,-0.4103233678002913,-0.30170651728949077,-0.8557374340139038,-0.5445595971591307,0.3793779926704666,0.6502999402180603,-0.45053862463631067,-0.2038306526823612,-0.4674946482671565,-0.10926108254950508,-1.0153171113839299,-0.5853853202854493,0.4977235079264432,0.7382514292811325,-0.4165522024203491,-0.1798912430194713,-0.5167255047234102,0.019839699203141575
-0.5294137242848508,-0.8050325438505381,0.16512062099796546,-0.3627142621397846,-1.0372042272987143,-1.1635590720308047,1.1845731148156817,0.7163216085339428,-0.592030628093955,-0.434600159213472,-0.03773830420030018,-0.9021569361565681,-1.4990334310437807,-0.42625320950700485,-1.7341582861670868,0.10120796011867625,-0.5585821734171259,-0.7856194739420086,-0.047528201258417,-0.9709383141860471,-1.3818985956706302,-0.6191315916174901,-1.5434001952163825,-0.14955574442995612
-0.6885620389657454,-1.0307904821366958,-1.1785573088263477,0.5160713697414532,-1.5238580201052936,0.8702041364975782,-1.2077716091082777,-2.337762768936358,-0.38934160943757584,0.35814773809612954,0.6859476176175371,1.1011742652909886,-1.3731996071571269,0.7180146575584269,-1.7122529525156598,-0.16250737493247866,-0.2088223779715326,0.021737934590903424,0.3932052122912978,0.6469058779966688,-1.5033446009232398,0.1028491223207707,-1.7048972082957796,-0.022738053649676543
1.0055065743840093,0.9428770471638285,-0.4769989279061591,-0.4011685913963305,1.0032878506489562,1.5481252060070392,1.1845731148156817,0.7163216085339428,0.5191708054696175,0.16860738747731516,-0.1689770169952626,0.20204817542708542,0.889526368542144,-0.08886723423715022,0.6387786445157649,-0.060727035451362314,0.43199722823906905,0.13961901394940734,-0.17506306514972658,0.05328441420210146,0.7893598480967776,-0.40182961402214146,0.535803712919614,-0.4736536060528723
0.22272725512351624,0.3055638805217483,3.9197131914761587,-0.441688885720655,1.09467620941913,0.19228306698811726,-0.8090474884542845,0.7163216085339428,0.09319005720068278,-0.22150787633914873,-0.12293793845628923,-0.9971551969539237,-0.3938322579719406,-0.19511517105315368,-0.6601538474707552,1.4223719042866998,-0.1694142493488674,-0.49867486088671986,-0.04079385315890468,-1.1119659159267579,-0.23153413526130984,-0.3124288177495151,-0.5178627452147653,1.3881282804386685
-1.086721082212635,-0.8837430011073595,-1.128249856608469,-0.1454628479744115,1.1908551047055194,1.5481252060070392,1.5832972354696748,-0.30170651728949077,0.5834018273068733,0.06755828620304068,-0.1305824557027108,0.1508234187346039,0.42668922205908283,-0.8594351554360534,0.6844888329570946,-0.9084276997964377,1.0784582066351271,-0.178671450357046,-0.5708287718493243,-0.16080768156757197,0.6191030984570116,-0.3029729405630543,0.866842580486634,-0.3588799688543209
1.1002233656896832,1.0386447738898312,1.5262011048680766,0.08585084754483183,0.15935812138912214,-1.1635590720308047,-0.8090474884542845,0.7163216085339428,0.46478602795920115,-0.21377885036661456,-0.06500624294402804,-0.43604164941329016,0.8012912639183366,-0.26007741999215356,0.48742914916716046,-0.45234858110239334,0.23656217632835888,0.04567523462419221,0.30918572126773414,-0.11700518437686132,0.9284167795945194,0.12473883193237643,0.413717959151302,-0.24930427168560063
-1.38663322670009,1.7625802099653893,-0.5375694935040379,-0.4383895512369048,-1.0388680028889443,0.19228306698811726,0.7858489941616884,0.7163216085339428,-0.2521332723686286,0.07630309543968607,0.25412171791237853,1.7998616084513028,-1.7646905774492876,-0.8159784458887525,-1.7663611213059625,-0.5989699891731097,-0.30331101513797903,-0.3352621185304163,0.023107488835631955,1.014945797757424,-1.9793150632503906,-0.8264456996623096,-2.0575358680811453,-0.6783167811097688
1.6967543391597846,0.46718641828579405,1.4162852011290823,0.9549691053126741,-1.1043575044787228,0.19228306698811726,1.1845731148156817,0.7163216085339428,-1.2598966944452117,-0.1669536065687283,1.5753122264253276,0.948213289238052,-1.2835107374845163,1.253381834344887,-1.4647300686201115,0.9989373084603025,-1.0513084086516153,-0.34013113443588583,1.3530636068797546,0.8766561543484067,-1.8821213179801106,0.5307068519707568,-1.8806426825090043,0.29479716562007324
0.19740343322875292,0.24622823123265916,-0.6928176214721387,-0.41785926223232733,0.1414689855504005,1.5481252060070392,-1.606495729762271,-1.3197346431129244,0.23979656289164733,0.3773124222405268,-0.5867145502916723,-0.9490686734845463,0.9258037864348393,-0.5675341364788576,0.936435735563197,-0.47341512789805407,-0.01862586663820664,0.19795884021186524,-0.5152571960875794,-1.0737972256434074,0.9353091184579339,-0.7901125637144906,1.0003126872538877,-0.779906924148707
1.5485052065388074,-0.08817265469989015,-0.2366161583489288,2.351598153533817,-0.8555409906902578,1.5481252060070392,-1.2077716091082777,-2.337762768936358,-0.7109636164321027,-0.10001240993705325,0.9926333047480915,1.3418608552515927,-0.3694341637212335,-0.20780438779886928,-0.936393739623025,-0.1256714868890534,-0.783686342233574,-0.04792550979572973,1.1092072188301398,1.5605319982802002,-0.5900012317755032,-0.2311115794462156,-1.155173185521797,-0.05610002525055686
-1.2624696936473807,1.8520588520389818,0.04318476979357761,-0.41735508070519084,0.23139506671761118,-0.48563800252134365,0.7858489941616884,0.7163216085339428,-0.06147724270538693,-0.2578277826950431,-0.3364678167473791,-0.1796677137799014,-1.011560899259766,-0.324005077817347,-0.8278241257507787,-0.17504236848828233,0.1316537192684954,-0.39294187185349344,-0.43583852718038113,-0.1764737432281787,-0.5737687733030553,-0.07868487401491295,-0.25222582883476274,-0.057185170676791616
-0.5788982758598501,1.6338956301238874,-0.8371455510827139,-0.44125979722420006,-1.0270294228137757,-0.48563800252134365,-0.4103233678002913,-0.30170651728949077,-1.015007743271027,-0.9301796601896533,0.3855565454230274,0.060503463724284244,-0.7970421660275498,-0.9556231746687187,-0.8576471056315934,-0.7937043461870237,-0.8570715190481701,-0.7308114464274997,0.2799721167443954,-0.092555212892534,-0.7827559527427609,-0.8772219399820307,-0.6694157361272711,-0.7286836154040722
-1.0714274153351897,1.8429433451617498,-1.1006048641098292,-0.4390026140058908,-1.149308817816051,-0.48563800252134365,0.7858489941616884,0.7163216085339428,-0.5942336822042394,-0.6020401555079685,-0.24996695915466335,-0.5081123914114323,-1.1301573461138839,-0.39045120952905527,-0.9574642729355967,-0.08603490378776674,-0.7265974563968001,-0.06106705198494803,0.0023162671846290272,-0.027965027681382412,-1.4824398390761937,0.0556692233607255,-1.2348721287931228,0.45983674914509454
0.3373150660332836,0.09432557190172156,-0.32638977265067043,-0.4339442775894294,0.185209953669081,0.19228306698811726,-0.8090474884542845,0.7163216085339428,-0.11736417939711231,-0.6987430049845489,0.09664188098045688,-0.513954456152879,0.6750867323266777,-0.9744824416575929,0.6135519584233518,-0.9021092658348863,-0.16287294679920736,-0.7150829679640428,0.10198291557989789,-0.511111323627049,0.6776167797863165,-0.9732657185728072,0.6240329374467255,-0.8964407344030774
1.6145199194392623,0.40575382889100114,1.0521762917245294,-0.4211909400850653,-0.31187442064582166,1.5481252060070392,-0.8090474884542845,0.7163216085339428,-0.6948049320116471,2.652984237604514,0.7107838457924409,1.2983718004740823,-0.7635188490794894,0.27299415375784963,-1.2318469524873117,-0.08971362773143686,-1.7203673299066249,4.130885473235087,1.4889147445067323,3.0704104296679877,-1.2272289347014127,1.4710043750142763,-1.377103875196925,0.35625410030839283
-0.9424732233417817,-0.9122501861350123,0.11934615391464148,-0.43026453970089923,-0.7171818321158709,-0.48563800252134365,0.3871248735076952,0.7163216085339428,-0.8361694362141848,-0.2931651911948986,0.8759176719878249,0.38715288058274994,-0.5748872352626836,-0.2652798845935985,-0.7930159661038384,0.7648263506842421,-0.20105159693987837,0.19359025169764738,0.06519918435206438,0.11974581822073702,0.025722538730274018,-0.31385565625673384,0.13075710101011642,0.6888478904866017
-1.4615293425212614,-0.9412578094089705,-1.0983316761141002,-0.061655172722017024,-1.1791953147370038,-1.1635590720308047,0.7858489941616884,0.7163216085339428,-0.3807157409572832,0.23782677109316272,0.15663603826222988,0.41845863030257757,-1.6072283343025697,0.9844703484883107,-1.7741052143870855,-0.08869749957493814,-0.49277200602443005,-0.08210693882502396,0.2930566946846132,0.7472834139635076,-0.8368085925822467,0.33507693611242645,-1.272427090110201,0.007474799155499225
-1.317255778531897,-0.9269517522479147,-0.6606071786752022,0.38015156721614335,0.7578761169205451,0.19228306698811726,-1.2077716091082777,-2.337762768936358,0.02242470459910088,2.0265270261477406,-0.7205529920505567,-0.2998775971632887,-0.4929422494226348,1.6840102505444052,-0.09894664914957693,1.706838877948078,-0.7684910332824249,2.5035250352469536,-0.6228150846586987,-0.24450294453042706,-1.2491062612850417,2.4246764028797645,-0.7955902550593054,2.2580097189260546
-1.19735399930704,-0.9943924421956476,0.9660956047336772,-0.4297269797248646,-1.1263493292137026,-1.1635590720308047,0.3871248735076952,0.7163216085339428,-0.23767707461374446,-0.34196943884957226,-0.5479601322842151,0.07215103851645135,0.1563899384489025,-0.27957312802969897,0.449936028003797,-0.03728860752643218,-0.19545237414075795,0.2657611562094044,-0.2749550263066893,0.8173223798517015,-1.0853398393798726,1.2944972074743508,-1.05033003963884,1.9152276329423996
0.41281781111385923,0.08476415091368517,3.1094059204425957,-0.39473410227031136,-0.31291256017310837,-1.1635590720308047,0.3871248735076952,0.7163216085339428,-0.02444018574607722,-0.6293921504325697,0.5010609989579273,-0.47812339201195386,0.8000361943875114,-1.0732218828317592,0.5201677602388549,-1.2108291392562878,0.20594497133623163,-0.6466513419913834,0.29952381969950936,-0.4001361550792789,0.7671407204793662,-1.1110542092594267,0.7668536158413708,-1.2063938251465844
-0.9094511270793513,0.45361485781625527,-0.3034672805869189,-0.4085372911873372,0.03455633062785761,-0.48563800252134365,-1.606495729762271,-0.30170651728949077,0.08721298861492804,1.1089970175478376,0.24122170996220244,0.8695510679244484,-0.20623319376534657,0.6597166796873773,0.14257970463795663,0.47278091799208904,0.12771803169877893,2.1456167009635485,0.12602606784283957,1.7563699041075844,-0.2192691328608396,1.3926438423050997,0.1764652620080247,1.0837601405152424
-0.24708102387479397,1.7727222278869044,2.0002472256870174,-0.433186346739917,1.4119088898964285,1.5481252060070392,-0.4103233678002913,-0.30170651728949077,1.2748669738361578,-0.39451450371727087,-1.1326923634444561,-0.47904437919612414,0.8831266575062631,0.6502440584107612,0.9916814310954585,0.5005141547699902,1.2436314557227302,-0.39564963168152734,-1.0212095198464763,-0.45186621126394255,1.2421054223901635,0.46104321924435215,1.3669242636001608,0.28906044091096106
1.143948141198022,0.9984428604366086,0.6280361448833708,-0.3752766410421625,-1.0602298416569882,1.5481252060070392,-0.4103233678002913,-0.30170651728949077,-1.0870740138753143,-0.11818624274462146,2.2609217987635937,1.1383358854430594,-0.16998608051280323,-0.2557398141000411,-0.6600163006511179,0.16477625755497233,-1.1257974806254178,-0.20021679065014,2.419071376821952,1.2097333707536528,-0.07398194460933039,-0.35789500800077806,-0.4667601322815506,0.03571610661680434
-0.5257493842616519,0.297100813212903,0.9212908035595592,-0.4207682251447181,-0.30023779944413576,0.19228306698811726,0.3871248735076952,0.7163216085339428,0.36684941578404623,-0.7735294694868335,-0.7612419796143208,-1.1153038646528557,0.015906489381832985,-0.9172699746216922,0.24517768873961043,-0.8898848648623111,0.44060803834721773,-0.5072704168643958,-0.711513089109497,-0.9650940466585288,-0.03788313094022728,-0.7763269104667119,0.12335406730154017,-0.7431518843730797
-1.5303170992453459,-0.8945622416568842,-0.22211261683095965,-0.3529625222849552,1.0429955192521103,1.5481252060070392,-0.8090474884542845,0.7163216085339428,0.14098613913348368,-0.6887228120038449,-0.26437101949844544,-0.7093946745055382,-1.583496179754323,-0.6223858809218134,-1.3692450752422585,-0.31591552519234256,-0.10936489257547939,0.005547825971604432,-0.258963830158782,-0.6891130949057181,-1.8254432432742982,0.7900763645449657,-1.483881220590642,0.12889605693293904
1.1615283848807159,0.9048585624819361,-0.1989089203771956,-0.4147407307481323,0.23829547627768058,1.5481252060070392,-1.2077716091082777,-2.337762768936358,0.8392949019615206,1.0466296729366227,-0.33307259821732266,1.0490549172005144,-0.6566773624856036,-0.14260506817466614,-0.8781087044978572,0.4085522026419807,0.8282096529843592,0.8205303025211504,-0.3382571263051014,0.8916964762843131,-0.564646142630454,-0.19019989634571122,-0.6970357992699382,0.5366227203577671
0.9775147572515347,1.2708373111420221,2.6537055652696657,-0.41729864222142665,0.6756696288008015,-0.48563800252134365,-1.2077716091082777,-1.3197346431129244,0.9072176600988406,0.4464432589599961,-0.9759925491141342,-0.006572917678640321,0.8469826562683241,3.7202002705591384,0.9392391169144052,3.5084798709595586,1.0596600355061512,-0.330607812022183,-1.1154549306587138,-0.5649868243293771,0.7688266031403039,3.900832544765267,0.9278625387706297,3.6371793010878477
-1.5491480079825244,-0.9266520548847824,-0.11095997647589828,-0.4195605682169673,-0.5988576579058809,-1.1635590720308047,-0.01159924714629806,0.7163216085339428,-0.7016279445030099,0.4844388735624422,0.628624089545382,0.9212891531954925,-1.3010111906842654,-0.7181404723739034,-1.898934175667978,-0.13410129653743594,-0.2542488563364969,0.3902576965220665,0.2126375511456017,0.6806886585136315,-1.3434120282023623,-0.36176222866787916,-1.7459018208270938,-0.3213736357012098
0.16873227393861764,-0.9306637513108067,0.632627550942421,-0.42846559317967764,-0.16303604189566087,1.5481252060070392,0.7858489941616884,0.7163216085339428,-0.48122157024987566,-0.7357022739086306,0.3787260621136548,-0.14019177361209795,-0.7593152714785255,-0.5168716762124707,-0.9381339426733912,-0.1918360767694908,-0.4447796496279793,-0.6441881384446223,0.3274704031213186,-0.05199264500202173,-0.5869547383282427,-0.5650435190680395,-0.7332089536495933,-0.2649515030521822
1.0869965469469236,0.9071095000670901,-1.2136352225148237,-0.32961477597418903,-0.5882218953831065,0.19228306698811726,-1.2077716091082777,-2.337762768936358,0.39890364065475176,0.6516490848776586,0.16230857747998223,0.4658776182320378,-0.24641304880969683,-0.788354885337358,-0.9368626151802565,-0.23247309492833423,0.7764167510571038,0.4102315878480752,-0.24356479145098775,0.11846917305462815,-0.44735623648521206,-0.6085693913959286,-0.9628940810865577,-0.08351831922708235
-0.6363324957917305,-0.805382138419224,-0.6950195676684858,-0.32022775839390144,-0.030191973871348494,-0.48563800252134365,0.3871248735076952,0.7163216085339428,-0.4830915370881513,0.48682963976465127,0.36509954645984205,0.5428832434782533,-0.8572607261284088,0.19434481684552393,-0.756784432655609,0.7844390626387442,-0.470102509347638,0.3200231875312765,0.3256858114221801,0.44023157873161184,-0.6152336113732599,0.18188277508389822,-0.4469677595260655,0.6527989402180142
-1.5279670276886346,1.7277949437331532,-0.13584352813209996,-0.3990035921654148,-0.5821186980946172,0.8702041364975782,-0.4103233678002913,-0.30170651728949077,-0.38065397521983213,0.44420157026112317,0.17492274633364555,0.28730508870117866,-0.6893487187954279,0.32734047281859413,-1.4283500145752215,0.17647925531519731,-0.10632817949835423,0.338878346833057,-0.049352514232271806,0.10951761119646637,-0.6972937896393837,-0.08164769693095492,-1.380879557075807,-0.321032712655965
-1.123275324246112,-0.8253256368488405,0.2329171692832764,-0.3547361533489278,0.7599021768722021,-1.1635590720308047,-0.01159924714629806,0.7163216085339428,0.5102790519360959,0.2650587329245603,-0.5565834246248202,-0.10141349838488127,0.3948283719269097,0.3077109757092865,0.5031603890654855,0.28121656696447356,0.5809555264712928,0.38874715451037767,-0.6238764546315105,-0.07897880129582223,0.20975824270380494,0.23190637016472337,0.30071405370803084,0.3142230870059115
1.434669739370041,-1.542311650760874,0.5239585595093579,-0.43942524124564086,-1.5535603743522695,0.19228306698811726,1.1845731148156817,0.7163216085339428,-0.4055604606303862,-0.4050702190741832,0.07944965048985862,0.05846247902068254,0.6175712889488136,0.8475341273261429,0.4552223916742483,0.6146596100108623,-0.6748907194677458,-0.43239088596223135,0.6834705367288659,0.5532511706993705,0.06386071181594827,0.18650532402582443,-0.3030521151385594,0.08608685521273839
-1.4464470517674377,-0.9035723902926824,-0.671387756051022,1.7693226331004352,0.46158052856113785,0.19228306698811726,-1.2077716091082777,-2.337762768936358,0.3035171493853077,0.8962972197555733,-0.24320293982984095,1.0198435515543525,0.9348951784804507,0.4074819017833215,1.1232830197268555,0.5387612447357812,-0.14297329294890437,1.8922234641946851,-0.0007425893755561906,1.5951362021197548,0.19079915977565837,1.8231116293071397,0.3559001311998128,1.6316191811184857
1.4879065690996909,1.6331600063783065,1.1872486870801409,4.189201584100583,-0.5161329108316837,-0.48563800252134365,1.5832972354696748,-0.30170651728949077,0.7306397871568973,1.1796263402060134,-0.7357943866939811,0.4738057315357254,0.8580271728419743,1.0975173438699348,0.718267793347711,0.9783325311010121,0.1708755894798346,2.2537079775990265,-0.3938287816685992,1.013244469927149,0.7564013457340404,1.9954971170524265,0.5720450800049589,1.8442911435793592
1.6856324809454821,1.5425841775252396,1.9371272682406153,2.985964404663229,-0.09973563213192489,-0.48563800252134365,-0.8090474884542845,0.7163216085339428,-2.2908673954294616,-0.6961584380280028,-0.699347903572756,-0.208119766432232,-3.690859318667094,-0.28361542172526905,-2.6884910465480645,-1.3045633653581552,-2.4701303821520235,-1.313288602766866,-1.0297025492745453,-1.390328117649521,-3.9005200666008664,-1.1503021954408714,-2.731948111412043,-2.486897878926461
-0.6340372117067804,-0.7576713557233342,0.4049202919354009,-0.38515475500679314,0.9424314140329024,1.5481252060070392,-1.2077716091082777,-2.337762768936358,0.2191404008165232,0.6857792226306694,-0.31915560737426796,0.21173977036653235,0.32911542809030964,-0.4027214202017656,0.30082178967062934,0.08022000959355037,0.25195853694197806,0.6787792674052439,-0.09157487602615395,0.4886216696532191,0.22009835354898433,-0.5043161131293027,0.24788379107478817,-0.1975945793964165
1.0797896503828055,-1.4360863120813703,0.5822720952259551,-0.4206911649072708,0.31822753767805134,-1.1635590720308047,-0.4103233678002913,-0.30170651728949077,-0.38768668056245303,0.09483972634373515,1.001669289274182,0.9179205646410411,-0.14259916730269878,-0.09986489562115376,0.08965899547863916,0.6591819779161142,-0.2955654509098133,-0.04896847950958644,0.7145021258867007,0.8165316748238814,-0.05062683793657178,-0.20799958598664395,0.2662831474163737,0.42478695593466353
-0.5580742309259163,0.5224144841550908,1.5105826094193193,2.7937242902176824,-0.21157385848736018,-0.48563800252134365,-0.01159924714629806,0.7163216085339428,1.0820160219422665,-0.4531040187698049,-0.8835548150854987,-0.5727778129630461,0.8517613549489027,-0.8178505499356153,1.0791605032424079,-0.8344492544010942,0.9506818412623597,0.07216072321416027,-0.6927907170173778,-0.6253937688734681,0.7328887312841601,-0.4893798667535895,0.9234061201575147,-0.4665274305326957
0.4476163633152778,0.07267062144072028,1.30570392746808,-0.285800819018053,-0.41518990857526017,0.19228306698811726,1.5832972354696748,-0.30170651728949077,-0.10863104320118701,-0.35709450819882693,-0.38118752724187743,-0.1800265749123776,0.24422908150091224,-0.7965361536373209,0.38608054500459515,-0.8226145653855803,0.07275427604479494,-0.6156506920514461,-0.5032630029591195,-0.6894755349609438,0.4639730477497247,-1.0022428285738971,0.6378171611536135,-1.124935945536114
-1.3963331179427387,-0.8530665910584229,0.1999717324423731,-0.3890145051276199,1.3309463062921272,1.5481252060070392,0.3871248735076952,0.7163216085339428,0.6512957127030174,-0.6258374230685368,-0.5096097337715357,-0.6683650297394935,-0.4016071135279279,-0.3856914913499994,-0.7098915002224164,0.2286071528468991,0.8818055108433385,-0.6018488912309099,-0.7043490905484968,-0.6886198110351514,-0.4155045925539111,-0.38967642715520523,-0.5129378313115533,0.19654731081776616
-1.189897804031249,-0.9220988994948563,-0.8042235980962167,-0.3493886748469846,1.047912344659047,0.19228306698811726,-1.2077716091082777,-2.337762768936358,0.4470662967571592,-0.25714999411521977,-0.5886945215836668,-0.7721088049296081,0.15090365501005723,-0.9947696795682899,0.5149115854730656,-0.9294534445348488,0.14820987077179626,-0.0804888192843928,-0.5948391281900551,-0.8328559073196025,0.13453614553484827,-0.9140585744523483,0.48731686173547445,-0.952709704217334
-0.7019813487298943,-0.7616492038726442,0.36764980479019554,-0.2589621249263319,-0.3509085837146823,-0.48563800252134365,0.3871248735076952,0.7163216085339428,-0.024606204007835954,0.4055785449937744,-0.13685636808674256,0.47279383518008106,0.2523403376221098,-0.052801649819311465,0.2799099133752613,0.04039890180386973,0.25501668885383777,0.7715785654242746,-0.5604679270894191,0.012485234839905037,0.44211243347384277,0.08279793624938026,0.43846027161794615,0.08096694867992983
0.3294856571575158,0.3976954735126411,-0.24338727684102957,-0.44161118105340513,-1.0391915216097276,0.8702041364975782,-0.4103233678002913,-0.30170651728949077,0.04279675341889352,-0.1459030920071286,-0.1692520252199697,-0.12914591855089122,0.5731082827986995,0.8857017310903688,0.7281045284143626,0.8179180660426358,0.13736782873188386,-0.1414238760609502,-0.2802046027095076,-0.08404149868201265,0.8483318587426488,0.5051943999259311,0.9733760545956146,0.32008734218750423
-1.286744263095418,-0.936029873013931,-1.0815511316872708,-0.36832218072826467,1.1995190157518523,0.19228306698811726,-1.606495729762271,-1.3197346431129244,0.333470790966071,-0.4494768603015651,0.18042275096252122,-0.1908130740087387,-0.443944506474926,-1.0562698312008694,-0.2712464951202211,-0.9399619359139333,0.47728355761858055,-0.4535207714945301,-0.03667338782064895,-0.34746842966352703,-0.44858488872105085,-0.7824031282751499,-0.1896426265057257,-0.7335410111920422
1.0604672494040341,0.9107119535829068,-0.18963273410686934,-0.27571204811128486,-0.044723458863604126,-0.48563800252134365,-1.606495729762271,-0.30170651728949077,0.09013480037855442,1.1551276372892307,0.06528406915738726,0.3395212502837191,-0.6318304164892481,-0.13491774335896478,-0.4826657848233575,-0.061729955249585154,0.11309524432574687,1.0968326011697962,0.08515438859282581,0.3975281337666811,-0.6163082356549603,-0.2915456758971576,-0.5426471149419876,-0.03979557001342023
-0.9255211211351929,-0.9058301998651298,-1.0885557493400952,-0.4141376122876183,0.5319326733452697,0.19228306698811726,1.5832972354696748,-0.30170651728949077,-0.005453617340249215,-0.1547821995118659,0.7847830796791134,0.16897581825471442,-0.0894855205557239,-0.7270386659443978,0.15295124606676697,-0.4043535919529101,0.9413989623753192,-1.2685868465541967,-0.47402985620543436,-0.9555796145885822,0.9050461052926263,-1.6359156004342668,1.293779388260866,-1.8528614473564091
-0.36826778824621526,-0.94342621081536,0.5931857477767392,-0.4022825685811987,1.313305400625636,0.8702041364975782,-0.4103233678002913,-0.30170651728949077,1.540287413492638,-1.5485369382752903,-1.319550880200102,-1.39903098073091,1.2045021249500503,-1.3298868428969035,1.1656625125917417,-1.5674736052008345,1.4891529966618222,-1.1298420029683058,-1.3011732630292017,-1.36606424708804,0.9898461862863571,-1.1587884234424721,1.0382072348815843,-1.3515622670422367
-0.6792505055950585,0.3507496123534362,-0.12968022179565758,-0.3936634624243785,-0.3194473858525261,0.19228306698811726,0.3871248735076952,0.7163216085339428,0.3397650485423015,-0.04910745463623077,-0.510028660702415,-0.6195169357419406,0.7506644083184296,-0.46395754364960773,0.7817410010782384,-0.522439192010663,0.30018139495009877,-0.16920017120360487,-0.3514806889059504,-0.544352459109664,0.8615986838650448,0.42920180740654523,0.8626859501978876,0.18451954578153226
0.793350760418844,1.2244372658952836,-0.3616903632825551,-0.17232500661622427,-0.12754580038113159,1.5481252060070392,-1.606495729762271,-1.3197346431129244,-0.7505652306677107,2.081049295660979,0.683198094898899,0.3532720656304403,-0.3099879907538094,2.211190778624617,-0.05577519334048034,1.5648324179487505,-0.9569443079009528,2.3933561134236236,0.630017561621591,0.4892697988055959,-0.5542208676964817,2.6956950135305067,-0.24485985591469178,1.7995591358839778
-0.7358932289082923,-0.8037608304562548,-1.0327602542859875,-0.4326663258065799,1.2703070612422958,1.5481252060070392,-1.2077716091082777,-2.337762768936358,1.5002612054967712,-0.5698201375239967,-1.0543648973660809,-0.7991221135787615,0.4801773884154836,-1.0273585230997142,0.42461987698223796,-1.1581281820615514,1.485415220033563,-0.6434792161462993,-1.0285209408539195,-0.9042763904531418,0.42436991497538307,-1.0316608150388946,0.3892015741175155,-1.0576527622723568
-0.6332912806877665,0.25926115781110987,0.1988124642792165,-0.44141634521286227,0.10465186072815481,-1.1635590720308047,-0.4103233678002913,-0.30170651728949077,0.7186849190299148,-0.5987987479311199,-0.6905254990427173,-0.9081271593861675,0.7010729612570502,0.621160022627406,0.7312750244748235,0.5375654305963956,0.3615426627526239,-0.38919460856109717,-0.4546310284168398,-0.7576116681697749,0.4212824878209299,-0.22950122128143072,0.48875714911994095,-0.28240411134502624
1.605102779039647,0.2879895127063953,0.44872861232082306,-0.3853867045125837,-1.6000573214521017,-0.48563800252134365,-0.4103233678002913,-0.30170651728949077,-0.5308660101497876,0.4450804849553611,1.2896291983788613,0.8737874179494944,-0.5047791656279325,-0.17970768430297668,-0.8267125570596897,-0.2394441002542269,-0.4262537198377474,0.9473754744553304,1.029894022245586,0.9907392441307953,-0.24329163295200756,1.2683984584182477,-0.445946828215049,0.9047447324199005
-0.4915421672180538,-0.9938256021691912,-0.36667846917221664,-0.2153566112559979,0.17915495847621962,0.19228306698811726,1.1845731148156817,0.7163216085339428,-0.18806388306029423,1.1438914345356246,-0.23096457425141678,-0.7815369629767412,-0.45479485416709825,0.8868313945379234,-0.6231426029257553,1.818612975162978,0.9325241041136754,0.22234477196539326,-0.721696382159472,-1.2008567799184904,0.8943323713482276,-0.2766905645279477,0.9655459311437714,-0.1265844759091618
0.45519375265227946,0.08135104899261998,-0.5782815952954752,-0.4255430022728298,-1.1077815490488259,-0.48563800252134365,-0.8090474884542845,0.7163216085339428,-0.3974938187714982,-0.6682615391256904,1.2105740256073505,-0.2113635828000474,-0.10163167750722768,-0.9493151197777394,-0.048129996466747225,-0.6560238196869032,-0.605575188801686,-0.405914124893311,1.565759888741414,0.3613781638403469,-0.6855113837420719,-0.6130201723776592,-0.8208199625147566,0.1462364131564418
1.4094494518310787,-1.3008760586835386,-0.8710935609930645,-0.3514549344304887,1.3473050624369176,-0.48563800252134365,1.1845731148156817,0.7163216085339428,1.1129283573103166,-0.3079072855786863,-1.1859443230102846,-0.7522308677163687,0.44294080007269193,-0.010575555672552575,0.7854660915566151,-0.2684473010640155,1.0177457935866214,-0.2805913916342623,-1.0228010374938614,-0.5559616460330156,0.2641822162852844,0.13701028702307755,0.619726630233711,-0.034510631473154696
-0.023839347777671157,0.08615155021605383,-0.564251554902083,-0.40303493472283675,1.480302636442748,-0.48563800252134365,-1.606495729762271,-0.30170651728949077,1.0449922135509013,-1.5023682138099839,-1.104204213087804,-1.1961435646696386,1.5500188595841384,-1.2510841366713847,1.0756628211553572,-1.4321787305243052,1.112788381111287,-1.3106732184878505,-1.1302788467015243,-1.1096857766121921,1.4482716558564745,-1.2068907501550217,1.090318483459758,-1.332641038031155
-0.45180881473848333,-1.0115161388998009,0.2832395358534475,-0.22879755632879953,1.4401618335979631,-1.1635590720308047,-0.4103233678002913,-0.30170651728949077,1.5092967288348478,0.5255882484509825,-1.3996791885393518,-1.0417860431401116,1.383938948813808,0.14469808853689098,1.2946299540236146,-0.22932728246957199,1.4111943838412715,1.0060225589765175,-1.3553444051514918,-0.9499064918462224,1.28280424153268,0.4446657532888395,1.2135549899178135,0.06956862859945394
-0.33103055217033556,-1.095516266530498,1.7725334866158822,-0.44161259427665644,1.4462858559653307,-0.48563800252134365,1.1845731148156817,0.7163216085339428,1.4753605220452821,-1.5258039041674174,-1.1362715069636276,-1.2874291365815473,1.3296612417540743,-0.7582599987895801,1.2213559734836685,-0.948095276768135,1.4564068835181514,-1.4693485138659115,-1.1071910746773561,-1.3023315769568948,1.2894415460011615,-0.7678591417523051,1.20831886097584,-0.9318570830210438
-1.0876902507222161,1.8211321634100122,-0.3748813782404503,-0.4395785386593139,-0.23910210235231805,-1.1635590720308047,-0.8090474884542845,0.7163216085339428,-0.47254841808743636,-0.6583153708362981,0.6968713711431649,-0.1391806587106495,-1.377260476586305,-0.9222288233014215,-1.6111216203238763,-0.44765098270990866,-0.34561124711812585,-0.6179867090006977,0.5053204604216789,-0.3544617226193989,-1.1512426500905484,-0.9128774483755379,-1.228257538377636,-0.4972953565626479
1.1141884627509413,-1.526162116813018,0.10452049005849488,-0.44139448305294265,0.9976407498378017,0.8702041364975782,0.7858489941616884,0.7163216085339428,0.2782934292995606,-0.45616813978126375,-0.8592633278062146,-0.6809699727500693,0.343843959692253,0.5839071988679463,0.6241727235833531,0.39951036213485736,0.07810824949879704,-0.4567970457574499,-0.6430303478263119,-0.5946767279093811,0.5341198688852313,0.11320209940056299,0.6996823487219964,-0.05972315334694663
1.4664292521371205,-1.695275338166977,-0.20977585396178736,-0.412625669739314,-0.9739836631312385,1.5481252060070392,-0.4103233678002913,-0.30170651728949077,0.04263365897902594,0.07876827187847422,0.6732520773432222,1.109228887346193,0.22660426491940683,0.11764851194676984,0.28774316288577484,0.1662638325588563,-0.19354518268559004,0.505168200064107,1.088354345621486,1.6323707159227345,0.15028532069697118,0.07039876864844286,0.11414205001710637,0.042080634800345205
1.026857531601203,1.0514396422888586,-1.1396198281309409,0.45727822669461704,-0.6220209147840369,1.5481252060070392,-1.2077716091082777,-2.337762768936358,-0.10290697657845312,0.5012726795361429,0.324602317283252,0.33128454940083457,0.8025315623195274,0.3873689446617933,0.6663265709126605,0.2531112729658203,-0.2047264681125039,0.2368036127570027,0.30008246480163486,0.1317124299675148,0.8092172748002534,0.6049725352445879,0.6525789120358595,0.38515742981644535
0.9258343916224319,0.9397973348812054,-1.241817722938072,-0.27531342493953276,-1.5676574895401376,0.8702041364975782,-1.606495729762271,-1.3197346431129244,0.039811257159699485,0.2589519529215195,0.05597499478978763,-0.27589702542077216,-0.08646982767015414,-0.2591511026213316,-0.18016370511305663,-0.27265906726841815,-0.5183025629901491,0.5273431598188838,0.33765699964404045,0.33715092238254435,-0.2205601471875046,0.2979124883122637,-0.43393187699293506,0.2767180165307462
-0.5324359463177742,-1.0379052259441484,0.7125576621164919,-0.3899013648996384,1.4006491456219852,-1.1635590720308047,0.7858489941616884,0.7163216085339428,1.5329522753231488,-1.3666512933529933,-1.2704196876763678,-1.3223843381767122,1.260954999970382,-1.1731586585428453,1.1216854317063982,-1.4003903969797724,1.4904279473219477,-1.3869742583075546,-1.2408255024893664,-1.3608956387531692,1.2539899336197373,-1.2831541146603955,1.1358982568491867,-1.453642329123971
0.9067915791536626,-1.2881996811838425,2.0826300156170197,1.7950296841078741,0.05809332902983692,0.8702041364975782,-1.2077716091082777,-2.337762768936358,0.4148256782408909,0.7670533216024922,-0.11947725509959856,0.03342989627379067,0.5855722572813562,-0.8511157160839519,0.8195152095904156,-0.7253760702899483,0.9756828908725186,0.08057244417402264,-0.38967719204494433,-0.2109922403385882,0.7134955862260378,-0.9796848283730137,0.9488446801456099,-0.8922678363292822
1.1306640756611792,1.2138304221802543,0.5967832956872162,-0.4072311563411209,-0.8804569043088025,-1.1635590720308047,-0.8090474884542845,0.7163216085339428,-0.6305422049807586,1.0871860792041346,0.44276177319796856,1.3058207086991016,1.0455757293149812,1.354381268031435,0.6584472227243703,1.596099217505108,-1.3579974485620956,-0.3839244237945329,0.9337464081442427,0.7226240565515507,0.5805956520508461,2.5792183065163146,-0.059901191332286254,2.346267119272239
-1.30841238287006,-0.8548320002197856,-0.194411653832275,-0.38286706312493474,0.9512486405143865,0.8702041364975782,-1.606495729762271,-1.3197346431129244,0.233603085801228,0.6968071024248724,-0.09861683613638496,-0.46750221389217994,-0.9535527672354056,0.45817342733727195,-0.7821141576664172,0.24460103618535967,0.5353324116603545,0.17321922721531216,-0.1761546837886551,-0.2924276935872077,-0.4415890709110393,0.03176605626631259,-0.44728301519006813,0.021792304377832236
0.9801083092724447,0.909834250217419,0.03387498413568836,-0.29626849419065876,-0.7233694969095168,-0.48563800252134365,-1.606495729762271,-0.30170651728949077,-0.07402957556194445,0.20695384827295762,-0.26145815444375464,-0.5632156789354121,0.10730261574728586,-0.308189123934312,-0.08490484205611301,-0.1835902687062041,0.08344838557326782,0.6806693637365393,-0.176733786541286,-0.415869026792072,-0.22097745122258822,-0.4008114555476788,-0.4355516463437736,-0.34709173382432046
-0.7432726488954912,0.3263930739793785,0.43367088223151684,-0.3422091389451905,1.1093133665219375,-1.1635590720308047,-0.01159924714629806,0.7163216085339428,1.2685489602070612,-0.5913538045630033,-1.0943388475590796,-1.0624677494081134,0.9894506780749115,-0.8717765871569155,0.8918182973278602,-1.1591288786707576,1.1242512845222854,-0.15624865376343933,-1.0349377973618348,-0.9867475786260723,0.8318759590049817,-0.8360533293609337,0.8631666977064587,-1.1746826786914555
-0.27215436225066264,-0.7920121156127332,-0.8020752272331142,-0.438433181134795,0.6545915883282444,-1.1635590720308047,1.1845731148156817,0.7163216085339428,-0.28270776925409674,-0.3573433134112914,0.6493738018115398,0.06566904961668152,-0.07288181787116577,-0.6552695929049316,0.21812181945301545,-0.6472150216990696,-0.3467649386365671,0.031798599952970304,0.7997641604727656,0.3969149321214795,-0.14967656510965213,-0.35913811220755604,0.09850291863887463,-0.17939926393611708
1.6959705017241602,0.26513987703104214,-1.2419631799678308,-0.12493705328067592,-0.6439267407013739,0.8702041364975782,-1.606495729762271,-1.3197346431129244,-0.855802900213436,0.09107513383923004,0.6386904057141042,0.17056798776504992,-1.5115212299290741,-0.6703646832819066,-2.2788524180662733,-0.5340006903287604,-0.9087478956741077,0.5323121522633337,0.4514869889353559,0.3170535451962223,-1.3057327796661333,-0.4481677909504373,-1.941284950951879,0.190003103562602
-1.4032991585738157,1.8498858437290948,0.18665174379891436,3.1691507778368835,-0.04162262619524648,1.5481252060070392,0.3871248735076952,0.7163216085339428,1.087788834158092,0.28974763817318544,-1.5150424810439265,-0.7277497311471585,0.06376018451499686,0.8259906477499146,0.29765940274660285,0.6899768075217892,0.6570779099244702,3.084244010807201,-1.443522649956475,-0.4346562642284812,-0.2122806409939504,1.8872430565901375,0.12494381437235848,1.551921474563834
1.5491585018137597,0.2619763051032181,-0.44460806209570125,2.525999021023082,-1.3195613673943114,0.19228306698811726,0.7858489941616884,0.7163216085339428,-1.5636238607172455,1.4496888480104269,2.91048135384157,6.475225307267547,-0.077702923988435,2.8982962844141316,0.1633159564295585,2.8399780495548694,-2.2012073380553825,3.4266286229365526,-0.8852704222825009,1.6131694531897336,-3.317336029234118,2.445705609208115,-2.091963407185102,1.485631134968506
-0.17282154956975979,-0.8921848593941109,0.15641905823995683,-0.22436677873651573,1.4268159039334005,0.8702041364975782,0.7858489941616884,0.7163216085339428,1.5262208606894703,-1.565554006766023,-1.1416968545130448,-1.312136660431354,1.1881295189710543,-0.6679152117193021,1.181223680981903,-0.8099315335964231,1.4910554087589285,-1.5042832950843659,-1.1077189935028473,-1.3164480484164751,1.1456167991453692,-0.5440134541681917,1.1735760010365062,-0.6465300002457132
-0.4561766488997306,0.2145563169917181,0.4467765950540613,-0.30660529116173907,1.151928158729891,-1.1635590720308047,-0.8090474884542845,0.7163216085339428,0.3408420200620298,-0.6257312696049544,-0.7252794086548096,-0.8192420411080451,0.45080904728700993,-0.9291236198180627,0.5832700631202743,-1.113269066408168,0.2464618655115566,-0.6063378081204238,-0.6507338074669795,-0.8899281705055687,0.47956723342767293,-0.7190514985546528,0.6348203206519251,-0.8081997488701822
0.8324363696103447,0.8826436359598077,0.3359339375469855,-0.20368584217087504,0.07051996396055356,0.8702041364975782,1.5832972354696748,-0.30170651728949077,0.16082778838833026,0.3125860546541062,-0.0868027529752682,-0.6751655914665211,1.1435940866369276,-0.4844398074211316,0.6011335211156411,-0.8126521938496801,0.10723734446123928,0.2303395526289628,-0.11885969027490514,-0.8314210136786766,0.8673683219450214,-0.7266152988037494,0.5146521259699913,-0.8979826535760425
-1.0288415055547058,-0.7989897914259774,-0.6818773241222876,-0.4197885019075669,0.6202658914276982,-1.1635590720308047,0.7858489941616884,0.7163216085339428,0.9832977899431091,0.7367163067037629,-1.1818922580664712,-0.3372956211199092,-0.1914106034217997,0.023297707322270236,0.20283124941997502,-0.09757508564646762,1.2608642732922013,-0.27415325410065333,-1.3508445976596055,-0.9941126256390833,-0.1313039697155619,0.12813008202561407,0.31863053360946697,-0.14868853721708955
-0.46387859574098117,-0.97886764347072,1.3578436203660307,-0.4415870658118448,1.4363294861446039,1.5481252060070392,1.5832972354696748,-0.30170651728949077,1.2972267646947795,-1.4464234878847402,-0.6964735260809762,-1.2459266251986467,0.9733768301049602,-0.7593659218877505,1.075128852149678,-0.9223956040614768,1.2557262357872039,-1.3756411079972704,-0.690875379439037,-1.2790128089164907,0.9873320141811958,-0.7828921920643485,1.1205217226640687,-0.920073014828263
0.6932851272328439,1.4475285386509207,0.6583315225114473,1.8697435017678754,-0.009005963034602927,1.5481252060070392,-1.606495729762271,-1.3197346431129244,-3.033017597480558,2.1020585568789834,0.1677423978885245,0.42902250178130735,-2.9835909008183497,1.4600369164111724,-2.1868003218267797,1.070883105215174,-1.6879573649466395,2.8032345453455365,0.17415356627586862,0.7833305716379518,-0.768571553244341,3.003459840340748,-0.4680085551384215,3.4399520364511216
1.1436915573612503,0.9409506542278429,-0.25004813729731296,-0.37387614810590286,0.36055132308803833,-1.1635590720308047,-1.2077716091082777,-2.337762768936358,0.275714801130411,0.7563316932655738,0.29035558022915064,0.7061791249304764,-0.4621658860984185,-0.29263231704268294,-0.32135417129311705,0.09630085885531513,0.4693906981267173,0.8354018745918104,-0.023679356874399406,0.5448438510491673,-0.47618537943297623,-0.16061041022411043,-0.36032419799694804,0.1758573225408369
-0.21029997172276307,0.07621760245853386,-0.005854607861737982,-0.4358845743233872,0.5158897589257667,0.8702041364975782,-0.01159924714629806,0.7163216085339428,-0.3345836791582983,0.7360368474277817,-0.4601171258465479,-1.1465505711667594,-1.1276211908045564,-0.3537243343510406,-0.8829671349357948,-0.3273597175958481,-0.2679072602880338,0.09035828546905549,-0.43604163105300514,-1.2089870080117706,-1.0926174312772117,-0.2979661808760475,-0.8846780907264423,-0.2298241814159063
-1.4143758290262944,1.4364561304285146,0.6511833676116386,3.432461980036968,-1.2554405419174772,-1.1635590720308047,1.1845731148156817,0.7163216085339428,-0.21373828287973565,-0.2878913174842039,0.24801246675284835,0.7865536860441198,-1.7475071793998083,0.18250293088763322,-1.5040887318774325,0.637353531166816,-0.151774321507916,1.1125545185181391,0.5461661098984817,0.9602018559343837,-2.198680814736666,0.3410050503375657,-2.1044394458843696,-0.05550012695872084
-0.32839931541593337,-0.6502079703274164,0.3904913321618775,-0.3989205896068404,0.1266979688253583,-0.48563800252134365,-0.01159924714629806,0.7163216085339428,-0.3835219703867742,0.3361025167450285,-0.2096831900751759,0.08651208276204592,0.3823786920858333,-0.0017662220079301299,0.5792022734847373,-0.08596062311944078,-0.09332796142848156,0.08311530956183634,-0.2763434400814505,-0.3190926959304179,0.6628110487368666,-0.6268120502687939,0.9013808023088986,-0.561000868136048
-0.3295580628752423,-0.9822384123843723,-0.19191611480974813,-0.431571473489327,1.3848720268754549,0.19228306698811726,0.3871248735076952,0.7163216085339428,1.4816640536190737,-1.4479959728117404,-1.2443399874922632,-1.3139635006367643,1.1140680279630102,-1.1481669486867057,1.1070405075905905,-1.3458396811351516,1.368014613424652,-1.370355671732932,-1.1242496507304218,-1.303325846661149,1.0529797904969378,-1.1508624133429157,1.0855322542422545,-1.3074740988311901
-0.7200093662744421,-0.6792938322549849,1.530498489498281,-0.43459087810293956,1.3850111616005285,-1.1635590720308047,-0.8090474884542845,0.7163216085339428,1.2814245581214623,-0.41329402813968646,-1.013408814908302,-0.5125690246915214,1.15358222919773,0.8628850366081617,1.1821333145472064,0.5536597497680855,1.3113934674302004,-0.40160303898230815,-1.073317862143106,-0.64411661431588,1.1097302088910797,0.9297663764554212,1.158868994109145,0.7786956337049556
-0.6318079944929731,-0.8121517749089688,-0.6803462579897972,-0.31745501769541684,0.4920636230496859,0.19228306698811726,-0.4103233678002913,-0.30170651728949077,0.17171381687521953,-0.22927584238367504,-0.44335073645960527,-0.5973884972723132,0.029464956921553757,-0.5029175647766817,0.3170546061002875,-0.5068832769085105,0.16671618243512673,-0.6446649953393138,-0.5650671969716027,-1.0473950751811185,-0.10417719280075924,-0.7410082840644915,0.11390465242227284,-0.7866626299597173
-0.4526522929134745,0.38360165246612127,1.2921326169363716,-0.3739313112970051,0.6213544538639001,-1.1635590720308047,0.3871248735076952,0.7163216085339428,-0.030141638433871784,0.659812491851293,0.04554270705971597,0.17073183266148897,0.21845346028983512,0.26952972679097564,0.17486222085658348,0.24304323456371024,0.13613962474537292,-0.1895776330064292,-0.24738058107986963,-0.4554658043303345,0.204490431727682,-0.6380847720651609,0.1684396244315929,-0.5908507010319355
-0.3580004200317484,1.4563023309705307,-0.7495121106180885,3.9140618050391263,-0.1800280537722757,-1.1635590720308047,-0.01159924714629806,0.7163216085339428,0.9840714149416278,0.30813866148130387,-0.9256269169687564,-0.3666506875099009,1.1371028898949282,2.039609178431588,1.1335979294148022,2.0604101512492163,0.65278554569025,0.44504350290142547,-0.7483271486052002,-0.41248508869305917,1.274077211788663,-0.08200507731674167,1.314058547738992,-0.11113864167486395
-0.39970680215217586,0.3666242017782983,-0.5403209715095589,-0.43293725766253455,-0.018162941134578683,0.19228306698811726,0.7858489941616884,0.7163216085339428,-0.04138327675827538,-0.6241033047139968,-0.09424667927854108,-0.2971919127479433,0.4732106565968838,-0.6746789925694833,0.7722362998914802,-0.28666881979730297,-0.2625939796541012,-0.5358227805098593,0.22724988572910035,-0.000777187423072916,0.1707671009030136,-0.5400576933154229,0.4183075446070536,-0.08801938729887444
-0.29823515169696196,-0.6622617592251638,0.16940986217751694,-0.42905290615134895,-1.3530529405032645,1.5481252060070392,0.3871248735076952,0.7163216085339428,-0.3651363844337338,0.0656787530252032,0.3144312893649683,0.9390331126557997,0.016908782000697856,0.12518318853465665,0.37361962287338835,0.6407956816439347,-0.7967699942398984,0.1627189671406158,1.0838617818891172,1.6987986253575664,-0.5702973751547219,0.30822897610341693,-0.33649776058504166,0.955334176835969
1.6246383270900768,0.15671862928033706,0.007372606162986349,3.152038792362892,-0.31191655719025196,1.5481252060070392,1.5832972354696748,-0.30170651728949077,0.6462516630935675,-0.06579693816489134,-0.7891216028340176,-0.40872478922309224,0.37336544408086536,0.5126717290085586,0.41057454417728106,0.4271368858399528,0.6592106415624632,0.03855877682350826,-0.8655377447420801,-0.5474219600863893,0.30246805291201034,0.6153873294721923,0.29695366537845047,0.4423587610255488
0.9346921627642851,-1.1874945477501582,1.5510709174277086,4.455628717454079,-0.17426313322685674,0.19228306698811726,1.5832972354696748,-0.30170651728949077,-3.09649381642272,1.0268425902157972,-1.8694823612251645,-1.3804578723201177,-2.8119111118574094,-0.8437340205325158,-2.759482834408517,-2.5880332473749506,-2.9000192471224615,0.9125854710505679,-1.8453170352157815,-1.3978740712381574,-2.6662141257317074,-0.8072197081213442,-2.7318664018970993,-2.4782977996435234
-1.4056986567864604,1.8379422346275265,-0.9757609572107656,-0.4116117188003055,0.67233939389844,-0.48563800252134365,-0.4103233678002913,-0.30170651728949077,0.8470015939347746,-0.10595918865418584,-0.7931004894520877,-0.4933341374533897,-0.5140845008092085,-0.11051854381151502,-0.37298530740232133,0.11306239628369225,0.4302118421379348,1.509612902891414,-0.8478761854105018,0.23649074228071845,-0.5153549079487868,1.2250853508395545,-0.24697866420664627,0.7827060251271842
-0.9779350136923326,-0.9327077595590255,-0.9648881647808024,-0.44149938265786204,0.7532384428109643,0.19228306698811726,1.5832972354696748,-0.30170651728949077,0.42693258510621457,-0.5526247414956522,-0.1153962145762311,-0.2249954434524804,0.5301033300898611,-1.0503590388853288,0.9923931841031938,-1.062270548896997,0.1723724844248145,0.37403923893369034,0.4323479414674778,1.3279218755524986,-0.035224500394129214,0.46009342452536894,0.3239402627574515,1.2510811305519236
1.6721678556276882,0.43776276445351375,2.030719327504615,0.6987092879299546,-1.2031289090050106,-0.48563800252134365,-0.01159924714629806,0.7163216085339428,-0.3068423656853802,0.9079917073168494,1.0536758584476114,0.9222242933834358,-1.0599646998497776,0.18720474036398613,-1.42732553095802,0.11963728163712195,-0.49596293305501843,1.0490087568993829,1.3142078022220431,1.357468576353084,-0.7883268746155542,0.6115213966623371,-1.2669286246606137,0.23115175751687173
1.64932906567502,-1.7193843295252018,-0.29549523528325455,-0.06088318651933648,0.02469604950432558,-0.48563800252134365,-1.2077716091082777,-1.3197346431129244,0.6377949651205096,-0.6063019728921355,-0.6535513006767556,-0.6921700347726301,0.017684742794527784,0.44695001076169655,0.17275869323681967,0.5579779674936455,0.7245535698074906,-0.37180970850009876,-0.97257682888842,-0.7227271486957114,0.41331827190448545,0.18818930469651,0.6468878868973447,0.26034373520323123
-1.253470577872422,-0.9018678862810523,-1.071068314107994,-0.21844510649698776,1.3297725438550079,-1.1635590720308047,-1.2077716091082777,-2.337762768936358,0.9605954093913316,-0.7682039969678721,-0.8744034478033074,-0.5418857129976626,-0.3007846240158121,-0.41674641987707006,0.10851009340610095,-0.3838123716443354,0.918308290459036,-0.6723351489706733,-0.8467571837685625,-0.5506268723217017,-0.35899684602568394,-0.36343816023077685,0.09161843183629005,-0.4034879815754683
0.9555062265581679,1.0366140527435281,1.4102660124390674,3.3740581888789847,-0.6266398249042179,-0.48563800252134365,-0.8090474884542845,0.7163216085339428,-0.5992829855561503,1.7830852624110467,0.6202671327387757,0.2792531583215385,-0.22309582005774567,2.3254658378739066,-0.2990274710468319,1.6338162730541304,-1.4404824776088105,2.282459279206528,0.5224159318872317,0.5016284942098429,-1.2956433992243026,3.031652323314664,-1.2878509821610526,2.117094860224906
0.8195789967647702,0.8369905068442436,-0.49274161097737695,-0.06536379161777042,0.7323994561998786,0.19228306698811726,1.1845731148156817,0.7163216085339428,0.35456022689769406,0.21163012681941704,-0.12554298294032273,-0.4772644001940037,0.7614597216405132,0.1369509691028815,0.6824542770684208,-0.10963274744278327,0.08026742691806574,0.49706361356834866,0.09538946258308756,-0.11394705722939552,0.6510030020386276,0.3067299102689807,0.45436686631861484,-0.20433260771619208
-0.6278970230473991,-0.7947515310331487,-0.059521975875090394,-0.40869099819348625,1.335344637436188,-0.48563800252134365,-0.8090474884542845,0.7163216085339428,0.7301921226145279,0.06645704040468939,-0.6714539324453903,-0.28046662224631314,0.23913590070554877,-0.5778052766099857,0.46220021543367024,-0.7488115557588269,0.7695109427992576,0.049859492942097725,-0.6982524718926548,-0.33166364310903723,0.3550548173199395,-0.5238404582656097,0.49367823963582735,-0.603287194919079
0.3306572673427971,0.9271803285867566,-0.40438910024838887,-0.10456739601405922,0.9466147506038329,-1.1635590720308047,-1.606495729762271,-1.3197346431129244,1.006168198884195,-0.091179182319119,-0.5068372304208373,-0.33148524868752477,1.2754111710013996,0.8245709970439972,1.1936443218592971,0.6373084135073577,1.1261835107101583,-0.4683108248047655,-0.625979134935393,-0.5310649606876887,0.7675802770666832,1.729016164086807,0.9628899803801977,1.784703729856926
-0.18480503132390075,-0.6703082724778913,-1.1848438384292523,-0.43477530712897094,-1.39243759986328,-0.48563800252134365,1.5832972354696748,-0.30170651728949077,-1.105103487458953,-1.2062839707680668,1.0616655248044198,0.5320969180383808,0.39203853437832203,-0.5708557885407919,0.6983398549873704,-0.43158883439105006,-0.9599173417216154,-1.2226502637181713,0.43382296194943654,-0.03409382005581264,0.622272942471588,-0.903658966208104,0.9594002704942135,-0.8372413416132506
-0.33774788206252077,-0.6874645359864063,-1.231130783339134,-0.4349065673045524,-0.6141168694000338,1.5481252060070392,0.3871248735076952,0.7163216085339428,-0.46795472841866154,-0.07298684333872296,0.21670577184874393,0.7450536058520515,0.1243008505394837,-0.2685983195053826,0.43784063401167117,0.3674137899719379,-0.274500817152504,-0.32596167595918557,-0.2226294906271654,-0.2166138673972922,0.5291450956339868,-0.5174165190007302,0.9074685038824118,-0.3781049981790537
-1.2136076937359794,-0.9530880363059546,-1.0767277444352723,-0.25740198311005785,-0.45093081120700257,0.19228306698811726,-0.4103233678002913,-0.30170651728949077,-0.564810348818988,0.2901033679397669,0.46254925642502653,0.5836219267986344,-1.670553405911844,0.20496451855499018,-1.8555797795037665,0.6198537642090389,-0.7598167259885967,0.08864546304045959,0.46818067055294904,0.7197386862280362,-1.589975526677434,0.27464498609022786,-1.798707057652389,0.8132999541362665
-0.7432188009281859,1.6127921435510417,-0.6549489686749587,-0.4397112239292219,-1.0716670426912847,1.5481252060070392,-0.8090474884542845,0.7163216085339428,-0.4970084724429816,-0.8338769552944415,0.42258453845116845,0.36743765949877755,-0.43104454542404336,-0.9196122818034328,-0.04004003108811874,-0.7790557537553721,-0.4489055101308623,-0.8354894576682648,0.34858858897251827,0.26316022250946375,-0.4148040492428753,-0.8729764112488941,-0.06349487128496813,-0.7023760992160718
-0.5653302937660628,-0.7799187313224203,-0.5567169879112486,-0.4242094395897521,0.8060243848333266,1.5481252060070392,-1.2077716091082777,-2.337762768936358,0.6980202139127021,0.2920548695674907,-0.5473975664113804,-0.18958514898200746,0.6934191336664498,-0.520003072670697,0.714064704533614,-0.5588069026023164,0.22347064976065625,0.33100240900928557,-0.26026106012555195,-0.0708881577106743,0.49664400684492543,-0.5771572116460961,0.6279256236672778,-0.6163456839621025
-1.277392061917707,1.8042298139949773,0.4662188643166567,-0.3690176407377172,-0.8659795280185245,-0.48563800252134365,1.1845731148156817,0.7163216085339428,-0.5562049470919337,-0.5287251245181386,0.5209953983649044,0.6969047397034778,-1.2250489888339804,-0.7253293607887541,-0.9270696870789109,-0.277748077703683,-0.2723306244508451,-0.1455123173392681,0.691360105267905,0.524828687841273,-1.3161390987222774,-0.8209088793971043,-1.2433478833319398,-0.41880186596447727
0.7066071864922591,0.9206772565078185,0.8339984177135525,-0.21533830665007614,0.5923391285205744,-1.1635590720308047,1.5832972354696748,-0.30170651728949077,0.6812586282813422,0.3071221071266582,-0.007731194013940337,-0.5078319361832935,1.3225577578643484,0.2336115765989841,0.8146572198664147,-0.22740304698762484,0.9822515495573712,-0.3471443475194947,-0.2118452839442544,-0.8232784266213191,1.3888614622376223,-0.48793886181666424,0.9324792789659074,-0.7900507736904773
-0.409791935175242,0.2761582809315764,-0.4847417422173146,-0.43182339929119934,1.1012921198392365,1.5481252060070392,-0.4103233678002913,-0.30170651728949077,0.3456642246854868,-0.27755125044677253,-0.6251050350199282,-0.6514220608301405,0.15502146476153408,-0.6615560152345564,0.26291245826546716,-0.8677524297089224,0.3402249050888183,-0.45173045363081565,-0.6861331050076986,-0.8295247187121952,0.1859915096018822,-0.5236007021749647,0.24594967845919455,-0.792809093662096
1.1910449472140268,-1.5486041556800756,-0.6635993185167991,-0.4396579724657784,-0.021077467741125094,0.8702041364975782,1.1845731148156817,0.7163216085339428,0.4538041072512242,0.18096616953406058,-0.6666108941292215,0.02309959277143677,0.27686470120678386,1.6212590712482622,0.33408291118564953,1.362008791533497,0.2860609408682178,0.018285178710882765,-0.6722071763397927,0.0014956977169257792,0.40275884063709283,1.0693395153207947,0.5040196333990493,0.8031697415163064
-1.4506303374290497,1.7460725294801884,-1.1029567989162055,-0.31455988957058717,-1.2347558554249898,-1.1635590720308047,-0.4103233678002913,-0.30170651728949077,0.1302656263764656,-0.5548938810175533,-1.0006954896230884,-0.5385371817675761,-0.9025711662802596,-1.125483710467624,-0.8516291568262563,-0.9894439769640018,0.12943109018124335,-0.5354964578789126,-1.0057570285615833,-0.5644337159080589,-0.8902456700509108,-1.058706139170866,-0.880010951334604,-0.8509840758348597
0.4021945424757319,0.08475014723749905,0.23030947922982403,-0.17834318956745196,0.14207386238404382,0.8702041364975782,1.1845731148156817,0.7163216085339428,-0.26986579529144433,-0.10545759426149537,0.9460966855334341,1.0986278533790284,0.6444318734559011,-0.9653880019279389,0.7533948976706253,-0.9814215340089905,-0.17737775230465475,-0.24814028959350917,0.6593060713944453,0.5510404386106018,0.6419463048541239,-1.010970851773449,0.7799419830550579,-1.082143663700381
-0.7602731689543021,1.56623682021093,-0.650124203771534,-0.4074767373946155,-1.521601247215773,1.5481252060070392,-0.8090474884542845,0.7163216085339428,-0.03058386649491229,-0.6836860486325081,-0.3072349740130247,-0.8077460684299124,-0.49661978421341196,-1.134628626173772,-0.13532388262527184,-0.9411557884159513,-0.015345224229142454,-0.6635691773125113,-0.22230945177947437,-0.7116618457494751,-0.425903768815511,-1.0006545786251702,-0.2442383382364173,-0.5410174744373372
1.641496773875759,0.3980117054531204,0.27502952422674976,-0.377806514166151,-0.9572378023486794,1.5481252060070392,-0.4103233678002913,-0.30170651728949077,-0.7867612319861363,-0.14774959680707167,2.084911139498302,1.8117430117045774,-0.1725564476643152,0.11983206940903196,-0.24146181328050378,0.1545945749613566,-0.9299213622421404,0.014196613637940139,2.3709586843149695,2.0046485961117924,-0.030730309011683072,0.46387682715003736,-0.20692724820407535,0.5148133680822848
-0.11633547950028203,0.07918321662395973,0.16439842550583036,-0.012695764876473274,-0.8425644363700411,-0.48563800252134365,1.1845731148156817,0.7163216085339428,0.061471752054443184,1.2826630558480439,-0.23330799922681306,-0.8117860997952613,0.36857464260374817,0.1449245093457348,0.46967516451366487,0.23398870880160869,-0.007868487512533617,1.231487852187359,-0.1689635012290262,-0.6283488150959117,0.4445707452626997,0.10376800846584823,0.5518276160950352,0.2839734902725264
-1.549633580109969,-1.0777996343010368,-0.010820467232071163,-0.3970962233717012,0.804682633670396,-1.1635590720308047,1.1845731148156817,0.7163216085339428,0.7578980761164494,0.9837476253936308,-0.5401800492917964,0.1113192593874982,-0.11592536611227204,-0.17357912420313412,-0.35488562673689533,-0.29333577133119315,1.1224906600476814,0.4787958597611973,-0.8588394562366491,-0.2385833589682052,-0.33603614981575336,-0.11553637250427863,-0.26466091818682524,0.10845039683843556
-0.4309499555758641,-1.0743388427269234,-0.1395881492615546,-0.4379495987497697,1.4715603116311975,0.8702041364975782,1.1845731148156817,0.7163216085339428,1.3633984733123043,-1.4590286076642394,-1.0207001897810115,-1.3760270270284984,1.2674843157565991,-0.141336179780958,1.2255383487427425,-0.2473458371232086,1.3506233487560055,-1.4062132057051095,-0.9915762548816434,-1.3735243148321097,1.2208849123945615,-0.16649742033881232,1.2127774519681171,-0.24158249097860213
1.166277429735053,-1.4434124516525786,-0.5283163465894735,-0.43151639169988404,-0.41055618644389336,0.19228306698811726,-0.01159924714629806,0.7163216085339428,-0.3945183731500554,0.10346578763806802,1.6540970270648603,1.4375260437911577,-0.202660295750944,-1.1398681434700497,0.11993912792596995,-1.0233723261009346,-0.43830366497183126,0.33739664896894417,1.6435833385197154,1.889916839830763,-0.3816138639289066,-0.6276098778327399,-0.09734227653368774,-0.3538190293815603
-1.0116230695528041,-0.8363795895358621,0.42296764646636453,-0.33497006796434814,0.8397953124503397,-0.48563800252134365,-0.4103233678002913,-0.30170651728949077,0.6868075853836252,0.2693427834191386,-0.37533505966667263,-0.04829354161048382,0.30169306416908337,-0.45289376428320743,0.11484094910647977,-0.16685462489108108,0.8238408645388453,0.05500489272687347,-0.5756836827610714,-0.4553955910851413,0.5425621025903822,-0.6998630695166981,0.2334967321504197,-0.630978858670773
1.358243478961349,0.8181452183131382,-0.7636836434665792,-0.33086762212862364,-1.1838217652838057,-0.48563800252134365,1.5832972354696748,-0.30170651728949077,-0.42888433607290677,0.6829597300912801,0.9714023980297497,0.6720037017462549,-0.13169021158004351,-0.33359495867012545,-0.37322373364206396,-0.09309692908752315,-1.1673292373469104,0.26301489625306074,2.1061917117858204,1.7694189103459506,-0.8636046031650932,0.49370059596898724,-1.1604903007589327,0.504780255396322
-0.49325369854382217,0.28496839361107107,0.49104133901063085,-0.4279072682433371,1.133720114439089,-0.48563800252134365,-0.8090474884542845,0.7163216085339428,1.099777737399277,-1.0898237512592568,-0.9553827189561688,-1.1316066489191534,0.6528476054427763,-0.2288625214472718,0.6992452576988816,-0.3294748857815901,1.0222347487491195,-1.164207081323476,-0.903691581341499,-1.2072760975064498,0.6975786011792793,-0.34806211060552744,0.7348609879212458,-0.413072464787448
-1.09736880920836,-0.9062786646345765,-0.8137263799628971,-0.4107371461565232,1.5091188903391177,0.19228306698811726,-0.8090474884542845,0.7163216085339428,1.1759575512961475,-0.42332463084260624,-0.9992113404551625,-0.5676900251772782,0.7790592843552254,-0.8876604340017402,1.0113925822703478,-1.013719500941667,1.1147030374685707,-0.45113396161072694,-0.8710266438151094,-0.6202495739705357,0.6803145583409725,-0.9179243462800474,0.9790085992870865,-1.041137566086141
-1.4280660916120997,1.8270135105369627,-0.30105085447314955,-0.42370733154377,0.31135269796262,-0.48563800252134365,-1.606495729762271,-0.30170651728949077,-0.439998514036742,-0.5091475727985537,-0.16734918891906447,0.11271467609691652,-0.33578648339141687,0.9133062106132865,-0.44422627455237196,1.1303766895111615,-0.22327078705184997,-0.44693712575894284,-0.34861661783520653,-0.009886729082919264,-0.08188869765941142,1.0012875286164205,-0.12281298773338123,1.271092303165432
1.6672204522227376,-1.7498894862311407,-0.2437198903682553,3.9652531152348818,-0.25749680358334875,-0.48563800252134365,0.3871248735076952,0.7163216085339428,0.25329502623830286,0.9554749483708399,-0.3024611973235697,0.4416588766162133,0.3925926899836178,0.8923438149159043,0.33964824677801814,1.1081986789829286,-0.047130959508550736,0.9198335225374038,0.1481982207038274,0.8145312242398494,-0.06937987871441399,0.9610145153885341,-0.11102978592027946,1.3268584746218504
0.5236640638478174,0.2795060581984378,0.9014736925838411,-0.44118329097026726,-0.3280608967229109,0.19228306698811726,1.5832972354696748,-0.30170651728949077,-0.47898320185331167,-0.05816339890354579,1.238457325728177,0.6969939991383156,0.2120170596738958,1.0234620973720379,0.24499214817226903,1.2740569492884846,-0.27707443319228114,-0.007186060518179887,0.9875212131386496,0.6447523732850406,0.2735481598438232,0.7439168778095635,0.35324565765406934,0.8524150652595494
-0.3087357812906316,0.11339067648168788,-0.9188803473571244,-0.4414905370108875,0.12992667690924214,0.19228306698811726,0.7858489941616884,0.7163216085339428,-0.033061211646362644,-0.32598576019015474,-0.26696990916971836,-1.067243650141412,-0.03654888912032956,-0.20646039558958676,0.00635480645384034,-0.07324842832141616,-0.09340839119700843,-1.1875636360129493,-0.28759498865586636,-1.5329174267495167,0.03386875854615349,-1.0181734080650204,0.0641056842242301,-1.0868220117557001
0.3690551924787948,0.3640642173981964,0.7417339849714247,-0.4289029235941342,1.12807373594328,-0.48563800252134365,1.1845731148156817,0.7163216085339428,0.11620615470444015,-0.22030921610327253,-0.13278483954673206,-0.3328850068091432,0.37158480822790696,-0.7762412056598847,0.5953581853324452,-0.9286738898449015,0.31457022136657786,-0.32468572476147406,-0.26276560987914666,-0.45214527309050123,0.3207270504005664,-0.7630159399355505,0.6276801448219613,-0.9362008214208452
1.1409405769276815,-1.5461858171163299,2.900646062766684,-0.44066797324391055,0.950052321289848,0.19228306698811726,0.3871248735076952,0.7163216085339428,1.2054113563876714,-0.5571916022952663,-0.3203545169404303,-0.299306440974218,1.0922358218761192,2.359322682309342,1.2587862488396617,2.403561991507767,1.4877704421687605,-0.35105843644825824,-0.7617450588858496,-0.4453713069681477,0.9101980747931344,1.707935014182864,1.191536797472849,1.8924410942050094
0.9158927809658767,0.9441032022596683,-0.82681095859208,-0.32850860656513964,-1.2336339972955823,-0.48563800252134365,-0.8090474884542845,0.7163216085339428,-0.4521108116986778,-0.05273145163327901,0.44407602555391495,-0.2886522681217221,0.31558936173817226,-0.6926641931434226,-0.15662155990080756,-0.6287078885650362,-0.35408127099308045,0.4825011566757898,0.3404280162655986,-0.16782139368148472,0.33976717657449984,-0.1887574962301028,-0.08922431284286707,-0.35677761007531156
-1.3051859006640139,-0.889781381878447,0.20527247591357975,0.1759632983791904,1.18585894170752,-1.1635590720308047,-1.606495729762271,-1.3197346431129244,0.8860023170870286,-1.003149885195474,-0.5983186504252332,-0.9841168941775146,-0.6687175008453801,-0.8263860375607323,-0.38335376383357456,-0.6244306036725503,0.7338933458143153,-0.8449029990087038,-0.4711586209769263,-0.876352923159096,-0.8259542921041959,-0.4911074199277674,-0.6590174260300025,-0.10292946728096009
-1.075131362866164,-0.7830875676656845,-0.4335333671955972,-0.3819285019934904,0.8217323774016295,0.8702041364975782,-0.4103233678002913,-0.30170651728949077,0.31315114251673437,1.1262948915082167,-0.46616502871005655,0.2527964187164628,0.09285502150121701,-0.3353630600181688,0.08498919060559999,-0.1980681986868606,0.2759314783564835,1.1454737375530732,-0.4768672606889434,0.27340051982467967,0.05305604460254897,-0.34560992308755567,-0.010111607812223226,-0.06937367461546837
-0.24736430582127103,0.2673977542312055,0.920381737305067,-0.21010569304970164,1.1250838693158758,0.19228306698811726,-0.8090474884542845,0.7163216085339428,0.6438760578069866,-0.9494776658874651,-0.8239744690460765,-1.1545716775197774,0.8578961386274808,-0.6544513274046704,0.9731088643759773,-0.7746255919240252,0.6385303137110245,-0.9367093898601433,-0.7456013059784351,-1.1526074737181125,0.877243693273402,-0.5866725449087511,0.971582799044891,-0.7415239136981389
-1.0395777544528508,1.8179242955042596,0.113850500404684,-0.40752321871112906,-0.35880908264164457,0.19228306698811726,-0.01159924714629806,0.7163216085339428,-0.446906271678232,0.5230565011960495,-0.5153374664725494,-0.08267622381314722,-0.981692007431926,-0.04471384527802142,-0.8670478424006893,0.2163160562038199,-0.7682785566783025,0.13294883577109184,-0.14448456916962008,0.1863954725472759,-1.3445092713334517,-0.4106176299050733,-1.276220759288545,-0.044294744068294145
-1.2386641229345428,-0.9064922941568424,-0.7329284506704475,-0.30717432113573334,1.3912055413894238,-0.48563800252134365,-1.606495729762271,-0.30170651728949077,0.6035599345967223,1.7004347668351465,-0.9429324120006742,-0.5511016628164453,-1.0579665472007587,0.8714793758937839,-0.8440733808102752,0.6899808615723493,0.6409521282352171,1.277180076813511,-0.6893013741772985,0.6325351790637086,-0.48998013033159765,0.47633856314884704,-0.13423057813350328,0.25260882264560147
0.9507912485497686,0.790185011024773,-0.5270656431909133,-0.005745516775420414,-0.14104160484615047,-1.1635590720308047,1.5832972354696748,-0.30170651728949077,-0.534880280552222,0.2837817107077796,0.5784335897994617,0.020878699946254742,0.49027559971646056,-0.23829919939117553,0.04580311092588182,-0.03708459724018508,-0.652990198744262,0.07577292657091049,0.6222514554013606,0.052801698141398165,0.1619885148342773,-0.19319244729985025,-0.17807418609658818,0.15719216461707217
1.0175613386953148,1.1652311081948004,0.07604213899145192,-0.40588711803974825,0.7742429484579941,-1.1635590720308047,-1.2077716091082777,-2.337762768936358,-0.6641777606474205,0.39683476387784183,0.744463260982029,0.8176801354400751,0.43073079372212636,0.7551247064129466,0.2531226592330716,1.0345282106543232,-0.43988959252984966,0.710816449738549,0.5495396321880343,0.9769625814929457,0.3166515366675397,0.8081558411726092,0.21437327838652567,0.8799170747838515
-0.2726090716816826,0.2299683204397288,-0.9209242463204005,-0.3498456547175274,1.4472797591138236,0.8702041364975782,-0.8090474884542845,0.7163216085339428,0.7734089512491417,-1.0254604130964777,-0.6992760841017781,-1.1902636428138051,1.0580158793950032,-0.9514969022606082,1.110428495978802,-1.282141981020496,0.7933644912976077,-0.9431547569998399,-0.6879350896898542,-1.1121750331812554,0.8905444008827373,-0.9263963005305039,1.05297072366716,-1.1608434758748218
-0.46882324798571046,-0.8694251182306111,-0.2794337942864704,-0.43558106726771184,0.2583354987949101,0.19228306698811726,0.3871248735076952,0.7163216085339428,-0.5606213800585559,1.816451120929282,1.4284416081071831,3.2180346981998764,-0.6668317993768,0.701276712816841,-1.093084114956048,2.168630023105387,0.9276553492971932,1.1186598218235375,-0.670051839476341,1.0547805301330317,0.46333477495522574,0.6678722343931488,0.4642114804150493,1.355628844142257
-0.3125360380142213,-0.8210706023403387,-0.690765471907543,-0.26237085280403794,1.5279248311575044,-0.48563800252134365,-0.4103233678002913,-0.30170651728949077,1.7308760581982316,-1.2922017183052308,-1.4112913618688714,-1.2281955163184526,1.5425146492420874,-0.30104627404747225,1.527750438682709,-0.46323566849345504,1.7357701485394794,-1.4897102289924624,-1.3755821956151866,-1.2164182381729929,1.5895121762760005,-0.5488956136666402,1.5837277039769198,-0.6920145639965234
-0.26412614464992656,-0.9856463865447753,-0.26621827116482205,-0.3430968409982668,1.4983569967278023,0.19228306698811726,-0.01159924714629806,0.7163216085339428,1.3986332681840057,1.156168223965535,-1.3526061414229336,-1.2572468575109117,0.9755710575876673,0.4146470498487883,1.0688949535153691,0.23853395335853073,1.5782994039397895,-1.4872872215603707,-1.331965051906308,-1.329636379585386,1.1223834862770132,-0.9635034386832165,1.2253776855840817,-1.1140993908735244
-0.896409932043794,-0.8415677870868395,0.7090750706362094,-0.4346285744713349,-0.36177513531705446,0.19228306698811726,-0.8090474884542845,0.7163216085339428,-0.5374548884662711,0.7151414505787052,0.45471609816412784,0.8367824359496102,-0.6167597664654629,0.14425822645601555,-0.5587905234627047,0.5477753607681068,-0.107973097990165,0.776447779401144,-0.04065220183954969,0.5068226623153491,-0.23573876874186084,-0.16790182866566128,-0.10756853420131839,-0.05700359758825013
-0.9397910328573305,-0.7637919169135411,-0.6054808665915666,-0.060202833917830344,-0.31625949802031766,1.5481252060070392,0.7858489941616884,0.7163216085339428,0.06501460186164205,1.1931764571385572,0.053427102138530025,1.15122076271231,-0.1491113295190179,-0.007626982091825093,-0.059946065965806636,0.6093025091353376,0.08601767743194133,1.2371634643501106,-0.015304456447691425,1.1116206597328488,-0.06067528467120857,-0.06681619627792264,0.019879737528617027,0.5130813527446472
-0.5132463511069839,-0.934179686608745,-0.9021160132954109,-0.3875848561843516,0.9646406301865448,-1.1635590720308047,0.3871248735076952,0.7163216085339428,-0.2244367756031362,-0.025120498804176092,0.34612857508146355,0.04110968079962191,-0.3418764771930394,-0.15690053033500798,-0.134338578477041,0.3685902492892952,-0.1967960565215831,0.6661926965189598,0.4597147853226322,0.6964352325561626,-0.45114301648494476,0.19978130776846728,-0.409214242753572,0.5619375191451327
-0.748171941992905,-0.8985398579427848,-0.13013089749890996,-0.41497131451497277,1.4991804870748113,0.19228306698811726,-1.2077716091082777,-2.337762768936358,1.4913056304135313,-0.9222281745979165,-1.2883656429322257,-1.04566674467771,1.205688103713233,-1.0350122342431571,1.0029676742998437,-1.1967560912283366,1.5263195608357707,-1.073579202920576,-1.3298575954972494,-1.1434230618121162,1.15967436825349,-1.0434414891974029,1.0075749507927607,-1.166148301592727
-0.00840494988153092,0.20836261534921116,2.127847239706453,-0.26207219011615684,1.3706067738796304,-0.48563800252134365,-1.2077716091082777,-1.3197346431129244,1.5506844784529454,-1.549782557924717,-1.3569345334799023,-1.4588510997337911,1.3688585784337466,-0.577988986977181,1.2902186719458306,-0.7575095212353822,1.5114205265667622,-1.4579055329645134,-1.3139744189280804,-1.4519570771561903,1.2452867131908678,-0.5450445985365524,1.2560807892335897,-0.6728896650328564
1.6314792867603927,-1.5403935601507337,-0.4279296934829886,-0.4056188995724362,-0.4430379682342354,0.19228306698811726,0.3871248735076952,0.7163216085339428,-0.1999736603715488,0.07121248424602356,-0.1840577870121651,-0.11323950521848063,0.08009943633030374,0.4808129566887964,0.19532545036441315,0.6123440932619602,0.011358961005790093,0.02590981344632992,-0.4365891717105957,-0.266296902988357,0.19103267421267028,0.3928565441363257,0.374266032902302,0.5425956921104547
-1.372581428429464,1.395434320915348,-0.5446964689756337,-0.39897045566033723,-0.47532720672824164,0.8702041364975782,-1.606495729762271,-1.3197346431129244,0.5354157883205801,-0.5499077525913153,-0.7077044607161956,-0.7969637370892636,-0.05983128659562791,-0.9512546175734377,0.07114151800124263,-1.0051521151258924,0.3431489618687708,-0.08484242864901104,-0.5856222402216356,-0.3313645203552805,-0.13332574686864054,-0.9156293846675345,-0.003796414692855839,-0.7184188013151372
1.104541705592033,0.8420776582822748,-0.19774136079341795,-0.28598257083395723,0.05274709539206465,-1.1635590720308047,0.7858489941616884,0.7163216085339428,-0.21272001622141645,0.09420627546964548,0.3890326158116191,-0.0629066482484271,0.5140880901503936,-0.19330158585815996,0.4607414523032661,0.0028283151783067345,-0.30156759635239805,-0.1132927855236476,0.6189619129611582,-0.07110488737058172,0.508945638961006,-0.5504395398618146,0.49170267802582135,-0.3869639466436351
-0.526398963067754,-0.7966952747597255,-0.8629878809498442,-0.2872594067357275,-0.8971471969705138,-0.48563800252134365,1.1845731148156817,0.7163216085339428,0.2502149626148167,0.11023287816881691,-0.20866644698019732,-0.570451336993153,0.7454592528306802,-0.7802661933063711,0.8774545487036527,-0.7008244785467274,0.5388465598490132,0.17569549109498847,-0.5174284135007424,-0.7545723481415574,0.9039701073965914,-0.9914026121693383,1.1336765646801152,-1.0280424593827027
-0.660797619506372,-0.6891191514880511,-0.6631805124832082,-0.4233075188956554,-0.09961604288320518,-0.48563800252134365,0.7858489941616884,0.7163216085339428,0.09362762542058466,0.030020185317729663,-0.14685454168561654,-0.027200008981162257,0.4452898861725284,-0.6031194225665198,0.6245297018720621,-0.661756116402968,0.480328372845563,0.25830339662817436,-0.49578023917847525,-0.1846301221729847,0.5109914085778089,-0.43532441992103954,0.7615899411316224,-0.5792660096867255
-1.191512800901304,1.8624695572416379,0.6938995165607772,-0.4180205694185292,-0.37819958621238,-0.48563800252134365,-0.4103233678002913,-0.30170651728949077,-0.05970490410744623,-0.29219927178535154,-0.5385347959015491,-0.3243047265647275,-0.8742844053826219,-0.00938654135153819,-0.6641718805028417,0.09123904979154997,0.3116655096073521,-0.724838529093852,-0.8905163768055605,-0.879760235820603,-0.4114127785974382,-0.16346741420309985,-0.24696541269375763,-0.019292205536814128
-0.5471088990318125,-0.9803244275032699,-0.5317595618233171,-0.24070774126079414,1.0416271370489723,1.5481252060070392,-0.01159924714629806,0.7163216085339428,0.474719895573342,-0.3411409020702549,-0.643280197101639,-0.8620147628725076,0.2379999531878997,-0.7217210495548196,0.4659418767560661,-0.8686589023365637,0.5286706692875346,0.31231981941446274,-0.6807256783288022,-0.9426944989608074,0.17365553712741838,-0.16159465512442656,0.4023933465793177,-0.2891230732278267
-0.7852409423303641,-0.9395946310376312,-0.937607926544724,-0.441688885720655,1.2844977598554543,1.5481252060070392,0.3871248735076952,0.7163216085339428,0.6524433127953043,-1.4123590470452683,-0.9088403445919175,-1.4997364967380689,0.9666035524357579,-1.3748761916821195,1.385231484411927,-1.5533045677176878,0.6685372174374978,-1.3601081012463572,-0.9246849516440904,-1.5070156352169402,0.9371460986957615,-1.3201095646938075,1.367492992464796,-1.4850271238373447
-1.547020508474526,-0.8978078964130626,-0.24373871042121584,-0.3719101310566416,1.1297745403069777,0.19228306698811726,-1.606495729762271,-1.3197346431129244,0.6511730492377396,-0.29150606139483837,-0.2756418005513413,-0.5860734746546886,-0.6767039647455737,-0.35833428864379563,-0.6152213428420874,-0.6890487694280708,0.6137279943608477,-0.25405012118636394,-0.25047919871564817,-0.5272223975521521,-0.6396656316849445,-0.27221171899039626,-0.6350213258055366,-0.4973956131915086
-0.16380833875230996,-0.7097889606055269,0.7741596517876341,-0.43803704900456053,1.1239707460822947,0.8702041364975782,0.7858489941616884,0.7163216085339428,0.9019092787165411,-0.1064825020969313,-0.558427470473968,-0.4014794064020225,0.30727921950377607,-0.41042682762003474,0.3310045243379541,-0.41203889483231626,0.9862416307736013,-0.12389146232505222,-0.6868540580840666,-0.5174249631163759,0.47395006653892197,-0.6092902158287027,0.48080628483426846,-0.6126014650507539
-0.4769788944349995,-0.795881021012178,-0.8899098877201834,-0.26794535375022827,0.6804809313643084,-1.1635590720308047,0.3871248735076952,0.7163216085339428,0.12095188311155626,-0.2240110932443052,-0.6544479849565885,-1.0382579511014214,-0.33901278399628204,-0.3603745165200576,-0.37405888655206854,0.05367984066272006,0.30046610813749913,-0.185282330910087,-0.6885985703006006,-0.945398514920143,-0.17544488323392388,-0.2501596320443475,-0.11970327041043018,0.05079298635547092
-1.247741888968834,-0.8618017131431216,-0.6922308376347788,-0.36327325977039276,-0.3487747473893624,0.8702041364975782,-1.606495729762271,-1.3197346431129244,-0.1350193124092461,0.007336758034242933,0.4602921586935434,0.6026861097090507,-0.7612250355937674,-0.12508602156386367,-0.5233630725919443,0.09862435292951316,0.047855641250247404,0.06801979301493115,0.29794117764757705,0.26584784940774026,-0.3307113796318567,-0.3210472657617135,-0.12060689324669384,0.01763506351055911
-0.23860164762333702,-0.7212123202611523,0.04960604135959218,-0.44129669930973814,1.392814888472718,-1.1635590720308047,-0.4103233678002913,-0.30170651728949077,0.9372971173903588,-0.2194632012718398,-0.7574393444525733,-0.5390423484912024,0.9646137383276626,-0.7061439413363809,0.9149807234122674,-0.8687526686027426,0.6448425256975852,0.03458905459036411,-0.5972364941833178,-0.411366065097792,0.7116091558721384,-0.6389875599946623,0.6959054503107832,-0.6089323754771534
0.3710789287511478,0.25861356127451945,1.7798243751326757,-0.3075871478007104,0.04514218374322113,0.19228306698811726,0.7858489941616884,0.7163216085339428,0.40005329655930605,-0.5412955709266034,-1.3347905163255949,-0.8884744546378797,1.9208075675575935,-0.7211992610813271,0.7832858797118694,-1.0182878928195283,0.09168576850484901,-0.4569908586220213,-1.3030244415946741,-0.8528443823297065,1.8459087387579238,-0.4709606104558555,0.49830471208975136,-0.6921465138418125
1.2781232628309354,0.8720950293136679,-0.9619500935056763,-0.426572190584934,-0.024735401934260513,-1.8414801415402655,1.5832972354696748,-0.30170651728949077,0.06615032392749617,0.6898022589793205,0.09089720256119374,-0.15036995403095357,0.1867865407951129,-0.4765428131646095,0.05014097006181528,-0.5171107310407073,0.10580349152498025,0.517886364636543,0.11957008707335473,-0.3107118853625835,0.13680604322403841,-0.6628836438742217,-0.007003975973267758,-0.5788438964495947
1.7061314636967069,-1.7458679457981858,-0.6954073556714789,-0.3973436051285677,-1.198974491704494,0.19228306698811726,-0.01159924714629806,0.7163216085339428,-0.3658182288356996,0.7696144988128251,-0.6276120820955933,-0.5125872586227627,0.9676027478822805,0.9782187601292772,0.9512540806130875,0.9049652011336381,-0.1949579154109849,0.548834649450194,-0.553424923192886,-0.4112779403104578,0.43293760545649795,1.2055746355257686,0.5127882246489165,1.1007716954017757
1.6650907510363175,0.13989274892945028,0.08683384387894655,3.8155356334789285,-0.5781482496402439,-1.8414801415402655,1.5832972354696748,-0.30170651728949077,-1.7197912183076403,5.095202869393872,-0.04006466355849685,2.0318029445038808,-1.1094344042136903,2.535424822208194,-0.7000307462462161,2.022963278553646,-2.078189747642439,5.861497189413279,-0.1074289979555,1.996043801709483,-1.3450944310403166,3.292696801558836,-0.7595668644990852,2.0651571282987913
1.6982428247546293,-0.20235328340096326,-0.19778261380001624,-0.23844057616401632,0.3242752412220333,1.5481252060070392,-1.2077716091082777,-2.337762768936358,0.0010686069740592106,-0.3263623094011677,0.02160288340042878,-0.18964931505432805,-0.6920442117095799,-0.026650767483205714,-0.7621588950420027,-0.1966945294261312,-0.2698911035429754,0.6058232573830683,0.16968146019400512,0.1423348700343116,-0.9396758229290278,0.6735380550258361,-0.9468090037139318,0.1509547881026283
-0.4910697864375307,-0.7562650271937048,-0.8002438794752632,-0.37329159600717526,-0.23715443852311935,1.5481252060070392,0.3871248735076952,0.7163216085339428,-0.08385818558800304,-0.0699912851272896,-0.1799852193479224,-0.07804272140001793,0.36961762730231423,0.019572802129445194,0.4658290539882764,0.166764703966757,-0.32055807974624423,-0.013482502724253912,0.0003724321787361131,-0.01171872161311392,0.053682412739474925,-0.1328870292520786,0.1442814647216348,0.2447168329515701
-0.5041025409990308,-0.6892413702062822,0.970399847006537,-0.44025599040168933,0.5127216450736798,0.8702041364975782,-0.8090474884542845,0.7163216085339428,0.6086517704202064,-0.5147132528705198,-0.7249351388033887,-0.7638334654781409,0.9905118169682852,0.24348589789952146,1.2318517962426219,0.28568269214756215,0.8483865096022509,-0.5203340922346209,-0.8542752907275117,-0.8023164592958448,0.849180294530459,-0.1425427389545563,1.0035438840195832,-0.22066522067150982
0.8541614765914112,-1.5015768719503628,1.077786525594426,-0.4172018614629525,-0.691897378144776,0.19228306698811726,-1.606495729762271,-1.3197346431129244,-0.8995911076041895,-0.31116797041889743,0.4540795946055335,0.5283771092369252,0.6570740544702691,0.858530790284238,0.7714635520749092,1.2337283005238524,-0.6540050612904297,-0.07568113123604434,0.1932859669973764,0.47484115603380905,0.6074901049943938,0.8699180404085705,0.7229741636221114,1.4994967277541977
-0.6876462972788371,-0.8148841412941034,0.18699403660301334,-0.43915137892995226,0.8850913555932037,0.19228306698811726,-0.8090474884542845,0.7163216085339428,0.7649506086262698,0.4482050723162336,-0.5651227877005097,0.2827684866083602,0.7614816400909379,0.2679127205637778,0.7476523950757122,0.272089722171414,0.46919724791945105,0.8234835470901432,-0.1864902549920022,0.585066099638998,0.3799591320272673,-0.031144589668839727,0.327838379925909,0.46969952657622943
-0.7535995096882078,-0.867472269255301,-0.5613952590674273,-0.42176484909303674,1.3219240507910919,-0.48563800252134365,-0.8090474884542845,0.7163216085339428,0.20816811958384396,-0.21245578752450614,-0.14632558748506472,-0.03978854145362083,0.20059278212224105,-0.6105299060649891,0.4752991150596115,-0.6644933851859387,0.2486610529854575,-0.41212768659808824,-0.35136407233789485,-0.4611347178602913,0.247034014922593,-0.6836347803588562,0.5281656277856995,-0.7701986984980829
1.1379999486675312,1.0313291634479609,0.4098791023226037,-0.2887443663298499,0.8222453956492126,0.19228306698811726,1.1845731148156817,0.7163216085339428,0.6869878115923858,-0.27546545055095734,-0.4055730952305005,-0.6963716535000741,0.9246120898150251,-0.271175811456721,0.9065879434877474,-0.6391040435108601,0.8354865670162863,0.29439151046848583,-0.4444562129535528,-0.25864634599361624,1.1536602268218188,-0.15910984188955415,1.0742448328015246,-0.3793876264359411
-0.605226013572884,-0.9785569997665308,-0.638115420385106,-0.2166830658298996,0.5733387744050903,-1.1635590720308047,0.7858489941616884,0.7163216085339428,0.6087760328505814,0.09070231156580061,-0.3646414321921803,-0.7129212036358364,0.7554130882516877,-0.7581653702006804,0.914104760391726,-1.0274592013929236,1.0263506408766165,-0.6422584278333943,-0.5679397058281577,-0.8445806236897644,0.9699457196670405,-0.8760524582811537,1.0294455952450356,-1.0712078625512869
-0.37139148693292556,-1.019128733643765,-0.7696746515313078,-0.36491054221943403,1.446062844561642,1.5481252060070392,0.3871248735076952,0.7163216085339428,1.3599128664555682,-1.0109996382426927,-1.0942585951952937,-1.10491868570029,1.106686275050504,-0.9220521019155868,1.1296969500042975,-1.112164795345944,1.0814992438933555,-0.3850771250638033,-0.8553178746866298,-0.8130092917232563,0.8631485787067812,-0.7693856818746573,0.9769915452350837,-0.9141419639833612
-0.1747610918103542,-0.7829711399154846,1.2346235684237727,2.015717179891432,0.6437000346151627,-1.1635590720308047,-0.4103233678002913,-0.30170651728949077,-3.5391593543136537,4.149264857382373,-1.5500613273689356,-1.4466720926741863,-3.4067928657501083,1.9953119052053994,-2.241011309178509,1.287134400964386,-4.192661206360465,-0.15917379695260467,-1.5859300665616411,-1.6563744862883807,-3.7238567339138147,-0.7403201390093367,-2.696780370170098,-1.4715981145780377
1.5668956073738154,-0.03385989581215437,-0.5436130253505304,0.7167652898746603,-1.5091468423781167,1.5481252060070392,0.7858489941616884,0.7163216085339428,-0.23590231472580014,0.1929846436349146,0.46608107982531227,0.6699996190463554,-0.38041673684803134,-0.5701597747462365,-0.43437940306517697,-0.17734768472287238,-0.22395664769257734,0.545961376208816,0.47523258984581157,1.0244416018235443,-0.2138804438232046,-0.6324827003661543,-0.18362222523865418,0.06418254955576545
-1.6655137964296638,-0.9498728605226521,-1.090593040678938,3.6094559820143326,-1.638516448547229,1.5481252060070392,-1.2077716091082777,-2.337762768936358,-0.494254140852059,-0.007213848866811125,-0.008450188050051672,-0.31270490730676365,-1.0133138988056676,-0.4874929938498456,-1.2080417891976534,0.24591925649649346,-0.7982503662612928,-0.16615606138001598,0.17427320771053584,-0.20290983606282506,-1.1410273550013088,-0.38793932237311884,-1.676587110636066,-0.2844741455686346
-0.2965931532921402,0.19498815535350986,1.0963012423294252,-0.4392915680923023,-0.5344631413656928,1.5481252060070392,-0.4103233678002913,-0.30170651728949077,-1.188445203078261,0.7030800524380976,-0.5973292043245104,-1.0870515169617385,-0.38094449501520683,-0.47036555206766606,0.005756537284799917,-0.09396698064803646,-0.43458596164743246,0.43992744244272497,-0.47954116317191603,-0.9543792278131392,-0.15668589012729514,-0.23215935863733803,-0.0495464591610094,0.10933414513238664
-1.5087137864941402,-0.8871990047229977,-0.7432559403706892,4.315572459463931,-0.40974968399903555,0.8702041364975782,-0.4103233678002913,-0.30170651728949077,0.24805069482930725,-0.5527484501204034,-0.205359913706735,-0.5720029577135377,-1.7286871401868973,-0.822747218868477,-1.4496285207945119,-0.6600877438216892,-0.10888522709685028,-0.3514625640008855,0.08437763468764764,-0.21237259333369424,-1.566369048581304,-0.34319841039427285,-1.3686717854792658,-0.02200961474300357
-0.7386034826528965,-0.8870852993332824,-0.34899772555643915,1.2339606320540568,0.5481892915905351,-1.1635590720308047,-0.01159924714629806,0.7163216085339428,-1.2188159461256878,6.318875482997853,-1.5152088208537264,-0.7939688572970133,-1.1817357483550428,3.7201270526591697,-0.5689324529305056,3.2442263933905156,-0.5459981691578987,3.9135706943258017,-1.4303005201871788,-0.950408015026174,-0.3206230980814947,2.8697493496238375,-0.12182125319830332,2.4279203351608554
0.38083989116396116,0.188572469805903,0.08967133639512802,-0.4416874476246745,-1.2145178220361232,-0.48563800252134365,-1.606495729762271,-0.30170651728949077,-0.41988243668657865,-0.43353618279095474,0.430899930288483,-0.4396116794938353,0.24663272548278314,-0.7401746228161373,0.4412330736106433,-0.6794906259657534,-0.42711568844363074,-0.216061957926924,0.2778123619836558,-0.6027229508700191,-0.01245546917112609,-0.6052483831833207,0.03295116018483939,-0.3390111000452531
-0.5390224973437941,-0.7464074759855676,-0.25887403054533864,-0.4348655951360505,0.7568842409597564,0.19228306698811726,-1.2077716091082777,-2.337762768936358,0.6116658196275563,-0.32959741973865125,-0.4157221416746398,-0.3464787498624579,0.45821510109020364,-0.6705813417040881,0.4564704935429205,-0.7556885986548038,0.7029089950876444,0.030874225489662625,-0.4015419925240019,-0.02779701741609868,0.4241730302539808,-0.11967586765748829,0.5257992117168495,-0.14201780963180127
-0.5768293139934292,0.25843561750272676,0.13955768649370523,-0.39083638732006143,0.5685668679514398,-0.48563800252134365,-1.2077716091082777,-1.3197346431129244,0.42330818807908166,-0.42902311840763085,-0.627444223565762,-0.6070559539599264,0.2858810463840947,-0.8523143818554166,0.38977416850789287,-0.9684660961773639,0.35071809950790966,-0.29444405966612475,-0.581609714860365,-0.7613960187933527,0.4366124816750424,-0.7549137080361557,0.5450671721426059,-0.8855096051623811
1.099849180236353,1.0235207687142909,-0.4392169064228356,0.3030615767086678,-0.9199734360343002,-1.1635590720308047,1.5832972354696748,-0.30170651728949077,0.27597776236174876,0.07686534895442383,-0.023381204278554432,-0.37840141425594687,-0.11274957324099337,0.648833171665598,-0.5651482627132207,0.7989961119932336,0.0669315158414658,0.561528674070796,0.10567854636271862,-0.1449239946699505,-0.078099582515308,0.7636243133176881,-0.4617368096022961,0.8291040101036609
-1.464636427146046,-0.94866793435783,-0.19008419558167602,-0.29386944193170966,-0.7061329257407941,1.5481252060070392,-0.8090474884542845,0.7163216085339428,0.24988438800224552,0.5592687119072925,-0.03481013204634147,-0.07991690904688474,-0.6977873222088334,-0.7428034782336663,-0.9085170847007612,-0.1615010549628181,-0.24496743401572285,0.06088092838716031,0.1934050910206497,-0.12301880553532406,-0.8818125479875183,-0.7882935190151225,-0.9972894472551233,-0.2420121802834053
0.5156012509564931,0.35584041957440216,-0.2451357078414625,0.8992801273262381,0.2512534043900516,-0.48563800252134365,-0.4103233678002913,-0.30170651728949077,-4.398035506885287,-0.897683077733975,2.409518762128421,1.7883230031053634,-3.430356057634866,-1.1381404229032017,-2.759531925163724,-2.594613386908682,-4.846951820168882,-1.2989019218620468,1.0736049368194265,0.18750724196797577,-3.002213149923776,-1.1722623079152625,-2.731948111412043,-2.486897878926461
0.8697034204724825,0.9257454300962679,0.06256350358143031,-0.38955336150045045,1.3743590568083648,0.19228306698811726,1.1845731148156817,0.7163216085339428,1.1308893038183805,-0.8141702459103284,-0.846489213753412,-1.07766138968548,1.1587664192111606,-0.6355984947160965,0.8985713569795759,-0.8246752000524988,0.9511857221551686,-0.4317240043184871,-0.7081899547295545,-0.8559007183229581,1.008219651636194,-0.6618802957580889,0.8645363827681576,-0.8694932930323734
-0.8834977635201201,0.295688503180125,-1.1214269843444542,-0.4301624107672714,-0.6041410198967737,1.5481252060070392,0.3871248735076952,0.7163216085339428,-0.23137039079447638,-0.23123968145995075,-0.23874969299973045,-0.685287159870285,-0.4935691171047733,-0.5299517212333247,-0.3496807070019416,-0.023387529707720976,-0.32023253718568667,-0.19142155394267754,-0.2556133923775814,-0.7427542230791295,-0.3015037601475555,-0.5717311471040536,-0.27148670730445074,-0.11925147374153719
1.6859329873204514,1.3905370716874885,-0.20825927021596988,-0.34683505957237415,-0.7586949071097998,0.19228306698811726,1.1845731148156817,0.7163216085339428,-0.9582458528783668,0.6306224741226285,1.0443641063367979,1.3901363169799275,1.9651047558653665,1.4157101341525715,0.9835722946605847,0.7575505069113999,-0.8556440385893271,0.7246377482124893,0.9304298807097937,1.3193625764672277,1.8748132473455552,1.5549876924598345,0.8374750555459805,0.7019571391830282
-0.059333919148343316,-0.8269744055006153,0.879030152093665,0.20941503891951385,1.1671119849019815,-1.1635590720308047,0.7858489941616884,0.7163216085339428,-1.5548821814792317,4.492908293895928,0.9112578874648276,1.4471298553759149,-0.8576335780296503,2.4850076419067033,-0.8008869407273315,3.8120406381037544,0.957210444374884,-0.06903806408055768,-0.8008093803353845,-0.5620174488732208,1.324034649422982,-0.7736849786478178,1.626171648045869,-0.797174045051379
0.27387918643274417,0.2720145807218005,0.4707777193020241,-0.44152248716215303,1.322902792173154,0.8702041364975782,-0.01159924714629806,0.7163216085339428,0.5095220104898659,-1.1611196688329968,0.029698460496297225,-0.999243589878753,-0.06097724036238358,-1.0812097893140762,0.024392037954438932,-1.078357021519216,0.24025138557517006,-1.1051147694342314,0.1838833283384739,-1.0066463168100492,-0.16919860097957604,-1.0810529307833925,-0.1546132732024953,-1.0509495838638732
-0.002905306508806976,-0.9197461842747329,0.006120818501729499,-0.3842066970151,1.5090129798137126,-0.48563800252134365,-0.8090474884542845,0.7163216085339428,1.518476844302387,-1.5758059638583792,-1.2542976752123947,-1.3276163476757736,1.3367833086778564,-0.470526243170856,1.332458194064428,-0.6189790826517237,1.4871130756056212,-1.5086469441930548,-1.2309981088767814,-1.3311497795155165,1.282245180498186,-0.1652559259535921,1.3049528032431688,-0.2534271677127599
-1.3461401386825724,-0.8185077228778245,-0.520919878949299,3.699800481845398,-0.532774978911897,0.8702041364975782,1.5832972354696748,-0.30170651728949077,0.10833650534546994,0.7194663688716118,0.18507562954418094,0.5842502159722608,-0.6593692817393605,0.30846134824775834,-0.4776320383814095,0.37488540515408203,-1.98821691197549,2.7274043955196094,0.5610576078295372,0.03733552929108639,-2.531062517150841,1.5441373878401814,-1.8987578482086052,1.328307145028551
-0.9389886510376347,0.45761088658645277,-1.0027634901422136,-0.40391072099135733,-0.376641347468433,0.19228306698811726,-0.8090474884542845,0.7163216085339428,-0.08698384255910512,1.062457077247715,0.06775506661545533,1.3317398946455368,-0.7140093579631756,0.7517829748966269,-0.6438701285814108,1.4769667569720948,0.09072329682657858,0.9574459195927557,-0.24269163982300038,0.9762019678559225,-0.5748292035699564,0.9027625857196355,-0.46999393590224037,1.6978725242500143
-0.11967356726899238,-1.037807072522354,-1.2277448222780842,0.09524080028110292,1.4414377639232552,-0.48563800252134365,-0.01159924714629806,0.7163216085339428,1.3947898129386196,-1.3700082359949277,-1.0852826800430928,-1.3383363102887529,1.6253149311367416,-0.9222582213976213,1.5161341007397524,-1.1210174032349909,1.3756329101752844,-1.4633963073729912,-1.0530255046777717,-1.3640938878948052,1.5576630964247935,-0.9439679321174435,1.4976942768592676,-1.1053180971025822
1.6839676135865052,-0.26443259193840046,-0.07927933419660067,-0.25597832623337513,-1.640384588501083,-1.8414801415402655,-0.01159924714629806,0.7163216085339428,-2.4966612845106853,-0.9162346677943933,-0.22728975137024143,-1.0989721665813041,-3.9823003771757954,-1.3872519026925128,-2.759531925163724,-2.594613386908682,-2.4975742982206954,-0.8949306847074803,-0.1773975059572909,-1.1158124196015655,-3.846324067211913,-1.3701145287731393,-2.731948111412043,-2.486897878926461
-0.3043439196146107,0.22773648582498698,-0.9785228192148505,-0.25958503025171586,1.319255902248867,0.8702041364975782,-0.8090474884542845,0.7163216085339428,0.475965535068417,-0.588189698812238,-0.4385812761323458,0.2142861822784923,0.573559040496558,-0.46582670788685077,0.7060463551696953,-0.8385703929591065,0.48049014273653384,-0.6459489931876368,-0.4915817641223392,-0.9058869067647615,0.5933391301114687,-0.943790959067545,0.7537798035680706,-1.233770829554297
-0.9174104603997197,1.8063286714838886,-0.9690078936059682,-0.42574189366032583,-0.7773071013659751,-0.48563800252134365,-1.606495729762271,-0.30170651728949077,-0.9193377783322895,-0.246564206227462,0.4110122914719585,-0.03756382818570263,-0.5427228622409379,-0.8814812869891915,-0.5939719237426179,0.1394698277526377,-0.39770197132918,-0.5085641944880772,0.4878470796340483,-0.09346610436812143,-0.804836803183746,-0.8307580896508052,-0.8075483768425392,0.13782723057599422
1.1334500545675241,0.8792074139957627,-0.7999230703797953,-0.3881464559223657,-1.2789474625272808,1.5481252060070392,1.5832972354696748,-0.30170651728949077,-0.5997551371068583,0.04572395811312464,0.4530188885622657,0.2998851120057249,-0.1124508152319473,-0.2538385892975087,-0.2714362665413546,0.08170392287434779,-0.7874380927944518,-0.19454811098637653,0.5142038568461607,0.2165878844420492,-0.17721931823234768,-0.2911466547937475,-0.21147603637916274,-0.03707563545134018
-0.3475749015374349,0.3425751111970477,-0.2958854780106072,-0.43553356358512046,-0.46055843859024487,-0.48563800252134365,0.7858489941616884,0.7163216085339428,-0.47455114471345833,-0.6020365570854743,0.32270439683929164,-0.7902809144611082,-0.17834148911220657,-0.36422378120661786,0.09361352163245036,0.17717498270162882,-0.7257648467047253,-0.3517010543455437,0.6666346067787703,-0.759838162415628,-0.50691981703818,-0.29509136153848764,-0.3906699452742918,0.49533946493452286
-0.498912803124207,0.4013599208212241,0.05012947236539041,4.907057413148354,-0.2049209397838686,-0.48563800252134365,-0.4103233678002913,-0.30170651728949077,-2.6038603908351625,-1.3971076473634452,-1.0475066774329695,-1.1912626017610926,-3.8603376375269276,-1.5527393330114416,-2.759531925163724,-2.594613386908682,-2.598958206298404,-1.3025520930302201,-1.0926820631691723,-1.4506246017132276,-3.51220959610082,-1.5129861383493144,-2.731948111412043,-2.486897878926461
0.5084938777280811,0.13326990658296373,-0.4413707241114847,-0.441688885720655,0.456800537572223,1.5481252060070392,1.1845731148156817,0.7163216085339428,0.9161062613868857,-0.656662538275603,-0.2884953676415974,-0.4902016348943901,0.3313229972384918,-0.7652477598519397,0.43488917277773914,-0.5573110887214879,0.94970594186382,-0.5186161942264087,-0.35243300447723563,-0.4320119832621862,0.3576401884348183,-0.7767192776410172,0.47794978002645055,-0.626281949249657
-1.1500834545168541,-1.007802854724118,1.3478696791603542,-0.4397690728097909,-1.4930709197932346,0.19228306698811726,-0.8090474884542845,0.7163216085339428,-0.8687487155379423,-0.1506360457078733,0.2179776199427496,0.3727241103068309,-0.003380794015560399,1.6548360236206334,-0.4632882981699276,0.9417421092802057,-0.6540726095510376,-0.21573308512670672,-0.12715303870572692,0.0942353938839441,0.342413215655857,2.5989025605940097,-0.11303541325788886,2.072641399284269
-0.24069484489863796,-1.0673373838746645,-1.2028490792571613,-0.4340755694212116,1.6099794365626903,-1.1635590720308047,-0.01159924714629806,0.7163216085339428,1.4446679301662408,-1.4006656261592318,-1.2152262843477726,-1.3922825072674616,1.2634313083802906,-0.531461008398598,1.2031571321824903,-0.6959145002152269,1.4288980364563815,-1.4785455384075927,-1.1877160885477762,-1.387219211280085,1.166012682668307,-0.27982370656478334,1.1410350646158687,-0.3962870555209272
1.118503059512013,0.8531590022114067,-0.10011906732202981,-0.26620784663878283,-0.7405323144231848,-0.48563800252134365,-1.2077716091082777,-1.3197346431129244,0.16332610282490678,1.3734827415765878,0.20465181085523468,0.2625553923732581,-0.6693584249250737,-0.29582838931254885,-0.8013057511813563,0.08730622842084272,-0.09114766379834895,0.9789781376556222,0.7044239469514817,0.7072513859512156,-0.5223232534720914,-0.22107541524895882,-0.7184449000454352,-0.011531408081304546
-0.3729524798171688,0.14194750362440392,-1.2286427448632613,-0.4388247683390533,1.5767636270060017,-1.8414801415402655,-1.606495729762271,-1.3197346431129244,0.7863063864582925,-0.7266229398951023,-0.8252102275561687,-1.1441785971970069,0.22205809240854832,-0.20621234221938825,0.49171879419842157,-0.5604278689472078,1.0672983600429478,-0.939646664922538,-0.9771031437640351,-1.246822677947862,0.5118004674213378,-0.44209414885649123,0.7532549567625088,-0.8036528455889741
-0.41643562959886077,0.2305944138550272,-0.7673822866571618,-0.23625685402966173,0.07074819809255398,0.8702041364975782,-0.01159924714629806,0.7163216085339428,0.25166453868680144,-0.45949378899900634,-0.7013542126674074,-1.0518142711815694,0.30842584035380516,-0.44075945047028847,0.2949444286110926,-0.2930828508865765,-0.009502572792737354,-0.0777489966485383,-0.5948948494171122,-1.0331684746046836,-0.03880871806654013,-0.06620210301441742,-0.11608817079921013,0.562255208916183
-0.7240356198323367,1.6262156622693626,-0.11999551595572337,-0.4402381724829369,-1.126662000431258,-0.48563800252134365,-0.4103233678002913,-0.30170651728949077,-0.19336765028617156,-0.812037358085873,0.7630935594774827,0.29231403644138904,-2.159971438415054,-0.6183066454676226,-2.487894452723576,-0.9307197468436496,-0.036650919703553886,-0.841075739629768,0.681145210322013,0.2361021513739668,-2.29083797411061,-0.732136235496253,-2.6516811952640302,-1.7036774370589525
-0.2289059368153723,0.2178269478448457,0.7526284907185907,-0.36030996076590205,0.7448038479098745,0.19228306698811726,-0.4103233678002913,-0.30170651728949077,0.2993747790362658,-0.3575470098274877,-0.6975952207234164,-1.2044995675597872,1.187738322279784,-1.0889049351327287,1.1630440107369702,-1.2713447366208774,0.04090126561095329,-0.49836104151287686,-0.5179943023623854,-1.1238437759822264,1.1974103012746256,-1.010216918677307,1.3071008517586447,-1.1272736674841364
-0.5846551216577387,-0.8477893136966888,-0.19442799430891458,-0.43745250595046176,-0.6268816085503605,0.8702041364975782,0.7858489941616884,0.7163216085339428,-0.5540124004665704,0.6269406453354928,0.8417998263048437,1.359645016188875,-0.6815314558027493,0.9969572175832022,-0.6452799724648435,1.6318925606754824,-0.3036782063902187,0.5598414771295319,0.39534586263133253,0.9501364648281762,-0.4484702377111924,0.6285251905251931,-0.4112532378351112,1.3188786025428223
-0.4358741717806763,0.37137650019539403,-0.9598777996157807,-0.4416635155368475,1.5602702202799517,1.5481252060070392,-1.2077716091082777,-2.337762768936358,1.4663138059515282,-1.3511856076116335,-1.1864477387345123,-1.0945784837781192,0.8344657916118167,-0.22093845875500331,0.7469968330949037,-0.01712428314411613,1.4258908188461525,-1.2881067458527127,-1.106572210849132,-1.0734844005599127,0.7724932376728362,-0.2201067319570328,0.7234357941940561,0.0028196843743747797
0.7529974699972769,1.1238044211722344,-0.7518960068884931,-0.06826937166505168,-0.732813252977429,-0.48563800252134365,-1.606495729762271,-0.30170651728949077,0.340046923246498,1.093490258384007,0.12258437679958276,0.41089814778401057,0.4470400267901141,0.5226034043307387,0.1626147805563037,0.39678290153872564,-0.13446494317406305,0.45032024878310345,0.5600932325926816,0.1592537545099795,0.23605975212592073,-0.43965612776822643,0.1503697745613132,-0.21095219684469357
-0.7280657376602957,-0.8029274223362521,-0.707076696415151,-0.4323599616172685,1.2818747685389595,-1.1635590720308047,-0.8090474884542845,0.7163216085339428,1.003022349268157,0.12196643431717394,-0.8136924147002043,-0.4388750286716896,0.5792459254055922,-0.8218700462396041,0.4906603756080957,-0.5927255743282352,1.1120764388308506,-0.5107053463184468,-0.9827205598671843,-0.8873021593122576,0.5801689158639928,-1.08789950186786,0.5435169623725372,-1.0989237697195313
-0.5451400227527635,-0.9489864841953709,-0.25721675066869415,-0.34299240791119007,1.363471309654385,-0.48563800252134365,-0.01159924714629806,0.7163216085339428,0.9667084813797433,2.994218401743032,-1.253206874532707,-1.2116307712399892,0.6791235391091933,2.0663585616318367,0.9302018369288875,1.156130372633345,0.5263992907480516,2.672268993119843,-1.0132929265123145,-0.8044673668338622,0.777136054126369,1.7520210507520793,1.0585698137195356,1.070767184457583
0.039464334274905886,-0.8037505795661681,0.982228030495804,0.0882254696153248,1.0739428116125334,-1.8414801415402655,-0.4103233678002913,-0.30170651728949077,0.6174892961945899,1.096668693567205,-0.3062088388336387,0.5779442279230907,0.9265294777391092,-0.8777966516413495,1.2572305286431884,-1.0012196860826583,1.1408686118087783,-0.03210480433680444,-0.9177077385963611,-0.7025865151351185,1.0348467076557906,-0.722713198669567,1.4570180411620954,-1.0948838316333813
-0.764874147734861,0.3327209649155558,-1.2324533797324955,-0.27518816813632285,1.4499409791775637,-0.48563800252134365,-0.4103233678002913,-0.30170651728949077,1.5769583988142293,-1.1827043820653873,-1.346168686871266,-1.259798175218658,1.2736905726430814,-0.9523430127501002,1.1430675497722012,-1.2080889934051777,1.5518017324908255,-0.7952349738333301,-1.332946143511281,-1.1434935437304417,1.1634623387189815,-0.7593230092824187,1.1053215856669123,-1.0712524350827575
-0.16531910896279334,0.31446035890722435,0.8435702462791558,0.039794444462451395,-0.9961679357829276,0.19228306698811726,-0.4103233678002913,-0.30170651728949077,-1.1342579662843675,-0.46749089744736755,1.6842779907285454,0.8231850461100473,-0.5737717767313013,-0.3014743768898675,-0.4816851963142491,0.19600827074200822,-1.0093534739120154,-0.35837698897391185,0.7197771350495832,0.04244497580226485,0.18862546087708873,-0.1453524141797521,-0.35998378618224824,0.21657628719030395
-1.0421844389952464,1.7588832025801302,-1.1094488792143247,-0.4398243807149541,-1.280056971070704,0.8702041364975782,0.3871248735076952,0.7163216085339428,-0.5696294468816859,-0.7591497233967152,0.6460801776583482,0.31185646931978983,-0.4397490291708587,-0.799130896169637,-0.5898166964620436,-0.7090610015264733,-0.5893909168732948,-0.28225926423459685,0.8716919064196432,0.9415828078786794,-0.5788262381372896,-0.620590948520172,-0.765749238356482,-0.4857174836783429
-0.46103807449500517,0.29502277805028815,-0.5148808138106504,-0.43566726581048015,0.3116524173188005,-0.48563800252134365,-0.01159924714629806,0.7163216085339428,0.6485377263347311,-0.8651354105303863,-0.7777467894589428,-1.1718254047144272,0.23641963291229856,-1.112732924124207,0.35832790698411227,-1.1788387570628762,0.45537174850653156,-0.6336013954450476,-0.6928272940228531,-1.0901736590653315,-0.03712878773438959,-0.8406042412435469,0.029066555214769967,-0.9341864712946271
1.6050497486058939,1.3963393555582304,-0.3818819241679479,-0.4149368974411997,0.482520388170776,-1.1635590720308047,1.1845731148156817,0.7163216085339428,0.8221842394071843,0.4773161817802012,-0.20578027942501298,0.19305311666105363,-0.09766491446845818,-0.09012403058374203,-0.3778106842950077,-0.08395988378015139,0.941988416536284,0.19793804271490079,-0.32886117419344557,-0.029465029777991363,-0.12970535735206462,-0.0555550651967705,-0.48899465024347616,-0.22915875013870649
1.00825017680219,1.0936455594183447,0.047441597896515954,-0.4280294837901102,1.4805876189053768,-0.48563800252134365,1.1845731148156817,0.7163216085339428,1.0657460952357947,0.6769053842445849,-0.9874172404523589,-0.1401578237686916,1.238294181159837,1.3014887680299265,1.1868242736892058,1.238638540407002,1.536581206736188,-0.7419390976606326,-1.2569788872088867,-0.9159107430932015,1.1846521713277596,1.6077300615085692,1.1409355696502448,1.593986706438634
1.6496225481042335,-1.5137338768769735,-0.730575849554687,-0.4355195142617048,-1.1581901750707932,0.19228306698811726,1.1845731148156817,0.7163216085339428,-0.4507408184037932,0.2989207882017444,0.09657877416650362,0.7784364608249873,0.3875219041267311,1.9328943110989634,0.2016541024951079,1.7945266838033898,0.1171083119783696,0.008074721852820025,-0.6333353319288644,-0.1576522947462798,0.19374482993070327,1.4183016075758583,0.16014070155656968,1.079716035591873
0.634871364992879,0.8993255264313499,-0.521397235168507,-0.15722446518755503,-1.277016240366549,1.5481252060070392,-1.606495729762271,-1.3197346431129244,-1.0471866874192781,-0.16972413485917717,1.4577808811427138,0.8988748761465979,-0.501628626623447,-0.01168891149693203,-1.5528730763126657,1.0838941227722205,-0.823550239544559,0.5136908410077816,1.5967970102210782,1.9507296599197719,-0.3546445032169368,-0.1270581873563249,-1.1324181220650509,1.2753362900075507
1.4000084819394212,0.33534288693007624,1.0486575148611599,-0.08268993129037151,-0.6826205649340901,-1.8414801415402655,-0.8090474884542845,0.7163216085339428,-2.086802426191095,1.2510515568108798,-0.7677265544532907,0.15015952998093493,-0.6340220709364701,0.34523670255044975,0.9567855253037254,0.5219306576720592,0.275708123023058,1.1782635912051023,0.30857414099990416,1.055462601657766,0.483080023154645,-0.061155527074219604,1.6634618397906713,0.20395064414694686
1.5545920095721708,-1.7040630345584182,-0.8234115748937767,-0.41795262140147116,-1.3071111214483395,0.19228306698811726,0.3871248735076952,0.7163216085339428,0.079392952858674,0.947353822861514,0.585605145654925,1.7606842706146353,-0.11907781106896886,-0.08281399982530602,-0.24485866001884282,0.3789083310678823,-0.2682399946445321,1.2611855637013802,1.052992858913413,2.0016842358874354,0.22893664605416536,0.17446407341785983,0.007225064090850262,0.7313399075069302
-0.5515685021094133,-1.0416142002326103,-0.994749984024598,-0.33030197556526275,1.526686624907569,-0.48563800252134365,-0.4103233678002913,-0.30170651728949077,1.48311733015314,-1.4061577827487337,-1.2558605979903914,-1.3193410342727798,1.6041431374908997,-0.8233923129416901,1.4951124866741519,-1.0001247654918877,1.4590597003486678,0.15364494493812586,-1.1748141966305534,-0.17415742259848765,1.4999918985545115,-0.5850981394254193,1.3640354337904113,-0.5548056650649789
-0.526542313806199,0.3829307747610938,-0.5999782658761494,-0.4375306854607241,1.523477728605228,-1.1635590720308047,-0.8090474884542845,0.7163216085339428,1.3014920269326846,-1.0932853051837046,-1.0356208946998247,-1.0525684613090043,1.0703621613286423,-1.1502578744118854,1.221513132073488,-1.3633137506434112,1.132212784699456,-0.9833826868877571,-0.9032366971243293,-1.0268859116409719,0.9256384156655212,-1.112437475263153,1.1754407713092463,-1.3204213459472283
1.3392581004763555,1.0745739475671365,1.1294166150249672,-0.06695037779176222,-0.46901737397660315,1.5481252060070392,1.1845731148156817,0.7163216085339428,0.14815530472593205,0.7161873063736617,-0.24589535068201981,0.20488971654042146,-0.94017850997686,0.12183701956985382,-2.3213297053537087,-0.57331948817647,0.41853810075986425,-0.39719916900002517,-0.45145782393855766,-0.30962599812027747,-0.7567538912457547,0.09425396306043919,-2.2873547271793284,-0.7612964401799761
-0.8022268228383342,0.45231601293975765,-0.4892821280743979,2.092927499038985,0.01196724179037701,-0.48563800252134365,-0.8090474884542845,0.7163216085339428,0.8821986075454762,1.1038128473693227,-0.717121124408154,1.0191272185413043,0.5379053454648524,0.4469003113386873,0.725982490809258,0.2156722468197217,0.5626043391153424,2.129587401561852,-0.65676471487577,0.1428391695032952,0.27012309828573616,1.3360317841962088,0.5393959591020488,0.627848550285677
0.3737633703488035,0.13258372495283124,-0.4443289307826884,-0.4416578682967353,0.3485594156942311,0.19228306698811726,1.5832972354696748,-0.30170651728949077,-0.026408283356575787,0.00018309411553286343,-0.5298389646962668,-0.9501631435002401,0.6054508623521566,-0.7387266833761411,0.6434138533447746,-0.8877627655578695,0.07924373393890759,-0.30607964024477124,-0.5301681964481049,-0.9874117386086653,0.6464549649742352,-0.7233088326458785,0.6697408812067175,-0.8220621849610107
-0.86111968887577,-0.7570700918879437,-0.04361128821243693,-0.1394755524305644,0.6785764665245629,-0.48563800252134365,-0.4103233678002913,-0.30170651728949077,0.4155401872155469,1.0892833169428784,-0.10853599632728843,1.074175456958584,-0.17564837863831825,-0.3214411200838814,-0.26026055439228823,-0.09779086575692084,0.8208776625404811,0.34545518386428076,-0.6411866916264926,-0.010991781675315991,0.2623768291771704,-0.26609675814313855,0.20469923950189897,-0.29637387506120927
1.2195378515992834,1.2110110376899808,1.8079914994352828,-0.41896886860032384,-0.7471127673436754,-1.1635590720308047,-1.606495729762271,-1.3197346431129244,0.09351409889871597,0.42691140720608894,-0.9194509220604601,-0.2543965288117953,0.29540771026585205,3.361133698554931,0.20903011129631824,3.346705468102027,0.34817821208074035,0.6688126859580175,-0.8608334801477701,0.05992135702707577,1.4355506134966636,3.571464771223547,1.284227437085148,3.7631503663057697
-0.6739557436630059,-0.9285062032551133,0.889877932496622,-0.3723395561176493,1.4253646344242166,-0.48563800252134365,-0.8090474884542845,0.7163216085339428,1.3775436495135145,-0.7743656529139514,-1.2340797147889522,-0.8795845448753389,0.9426862346302304,-1.057627634968555,1.0485802446041994,-1.2856015246822754,1.2446788179037183,-0.48258323089144123,-1.1565591266290625,-0.7820722074639653,0.9867619642320195,-0.9649665518361995,1.0761009135576158,-1.1068079308103016
1.312682946137025,-1.3959103987218604,-1.0542086031970737,-0.3506279698863071,-0.1847780797443021,1.5481252060070392,-0.01159924714629806,0.7163216085339428,-0.12375222769744583,0.6078470300353584,0.9113773867515408,1.4589353707439288,-0.38457438100071395,-0.022260799698994298,-0.03719989419459141,-0.022379117324868334,0.37149624488768124,0.603553854321416,0.15706346792863918,1.1944667364827932,0.13973486370990307,-0.28726795073286887,0.4223885761009592,-0.29478971931097214
1.547356533882695,-0.09878854554429457,-0.5749208146410504,4.432811787136066,-0.8756634370188268,0.19228306698811726,-1.2077716091082777,-2.337762768936358,0.2477845356677757,0.9380914833611318,0.22290630607544923,0.9056948005720387,-0.5442385707365922,0.056450883364517125,-0.7324527484258013,-0.0894311519504796,0.2500403757221152,0.509211084920502,0.29900346304054726,1.1921869553990703,-0.1315439859270944,0.6337386513001952,-0.30565288747141567,0.4351098532090844
-1.4365142561895308,-0.8474051847129607,-0.1290502830273693,0.21241645376642676,0.5367980691294917,-0.48563800252134365,1.5832972354696748,-0.30170651728949077,0.2582405339130771,-0.6973874278249025,0.28678754734600126,-0.25012171387465437,-1.0876789127032849,-0.46997405817525517,-1.1459046939089523,0.060862572048505925,0.5217003169370057,-0.32841441886015177,-0.04526564083375635,-0.05685939011718816,-0.5019259963348177,-0.188785721768079,-0.4459187610762746,0.49589289667797015
0.6890073520935361,-1.311513940531955,1.6442276175809498,-0.11441887354684915,1.2743502629034555,0.19228306698811726,-1.606495729762271,-1.3197346431129244,0.8847386778134358,-0.27070216728918894,-0.43362137630636105,-0.5865307121876234,1.088295265680248,-0.77264199119534,1.0731086194639465,-0.9132479659123193,0.8039751213719336,-0.37437082121560633,-0.34581610876418456,-0.5889244361507575,0.9524412943200454,-0.5638082493261753,0.97871098334188,-0.7106304774804191
-0.3389767972993047,-0.9417339411135468,1.8353305633872632,-0.40657987523220235,1.3339597934615899,0.19228306698811726,-0.4103233678002913,-0.30170651728949077,0.7030532991900608,-0.10284205516848055,-0.8124003436499853,-1.1606972364779033,0.8692942093362366,-0.9286634564103778,0.9464031423120732,-1.0105677381828886,0.5877405762821086,0.1401538067285005,-0.7903136504051241,-1.1089621503096903,0.7388332762561727,-0.8001948761297318,0.8258215447688553,-0.7539058598980433
1.6186222137631125,0.24492230125333359,-0.17058598880068768,-0.4105041964655302,-1.3780592671546805,0.19228306698811726,1.5832972354696748,-0.30170651728949077,0.20842121291629911,0.4246318065559366,-0.30052506908091453,0.9573596896333861,0.0033429288961598406,0.19683999412750317,0.5573942494705287,0.38581290227491977,0.1641415194883454,0.35122215646012755,-0.03514173069147403,1.825720708546716,0.24440674857048597,0.3870134284894278,0.675397322068972,0.39364464589391507
1.6532145215664673,-1.55327290109311,-0.06566834220140177,-0.42135021761349295,-0.2370174995721219,-1.1635590720308047,0.3871248735076952,0.7163216085339428,-1.675531087789764,-1.3757181742543896,2.948712732663336,1.2318868062410817,-0.5989282017178887,0.40784666004862213,-1.5992943566908253,0.4624636208684489,-1.8106753942998035,-1.100919815260744,3.388746697392482,1.6271130514003382,-0.6711479565086099,0.3133394082987329,-1.8657369463358948,0.331250299098967
1.010839577998281,0.9609607013936496,-0.15043045732690188,-0.35171281658294073,0.11543356997573367,-0.48563800252134365,1.5832972354696748,-0.30170651728949077,0.41316901334651984,0.5866002729327293,-0.27831966366426825,0.3311751458133873,0.6208581035363733,-0.3758951582065502,0.5201693027376332,-0.6419979817316025,0.4282076979906545,0.5324855885326644,-0.337036831432547,0.19936844428925285,0.598409598494744,-0.26233846873476857,0.5122887946795517,-0.47542236531871956
-0.27173269773991804,-1.1418712418987138,1.9897678905044016,-0.42920227819611917,1.3264826050162262,0.19228306698811726,0.3871248735076952,0.7163216085339428,1.2865821799374975,-0.30451615792305586,-0.8979852931645707,-0.8478977059925695,1.5133025961949005,1.586321929979645,1.345811826345769,1.6080870450111318,1.2967166050345256,-0.4491489643200675,-0.8422925204505987,-0.9507773510251242,1.1853005172940518,0.964673532467519,1.058071035463919,0.8847918955274672
-1.4270946174558714,-0.9402632404840288,-0.9410930823352759,-0.04562058230110024,-0.11767571749370571,-1.1635590720308047,-1.2077716091082777,-2.337762768936358,-0.5922385392412478,2.103015094687027,-0.3662614268703198,0.32778207169412604,-1.6395583345714366,2.3411721867794117,-1.2968058950411678,0.7379112474645205,-2.2611241973679865,0.278320244688985,-1.3440122598022255,-1.1640368287583671,-4.251861859260368,0.5804667582804474,-2.603430651140384,-0.9569906875232513
0.2338092305807223,1.1488595033026197,2.059883000628088,4.470976955087294,-0.19066173952311877,-1.1635590720308047,-1.2077716091082777,-2.337762768936358,-3.514477089494379,1.6837380864614973,-1.0128671514190628,-0.8268661687294683,-3.970176043377106,1.2716915233391444,-2.458560709383867,0.3173392036609812,-3.831807382910859,-1.2468326771085443,-1.201666096745946,-1.3184677270409955,-4.229432202352489,-1.016451757569887,-2.731948111412043,-2.486897878926461
-0.8784397689903646,0.29773851103488,0.3594233535823046,-0.43091108896151287,-1.3510986789737414,-0.48563800252134365,0.3871248735076952,0.7163216085339428,-0.36919177108151285,0.1049610606995473,0.010683126506463678,-0.18440732030720572,-0.4234640969935598,-0.4184875637255788,-0.5916133549676986,-0.1176712758242103,-0.4002937489295923,-0.20975249252632203,-0.10567083403833731,-0.49202299316724757,-0.32563724827702045,-0.4941014733820269,-0.4641191274866124,-0.16790081349457467
-0.3268777696894454,-0.7728124282888815,3.7791025863627503,-0.3635084257723033,1.3102970125597164,-1.8414801415402655,1.5832972354696748,-0.30170651728949077,1.1827335085289494,-0.06517916613166973,-0.6782516833414458,-0.44065804666235,0.3935680610275051,-0.5070324107549484,0.6310029081739874,-0.5889970247954236,1.3501191947570212,-0.654343259105404,-0.8155751074967964,-0.6090825334649379,0.5395667075963977,-0.5349149573675177,0.7732265073512834,-0.6575548201899546
-0.029816764607286227,-0.9555698880490839,3.3781480068812253,0.6307661719909297,0.8701361401524774,0.19228306698811726,1.5832972354696748,-0.30170651728949077,0.18758331703675132,1.8012321070499075,-1.3627678571894433,-1.1874169788340727,-0.1037005886320727,3.4486803415480547,0.2886882298515871,2.246444254209646,-0.15982749432448337,2.181158137740787,-1.3206861203288813,-0.9907386284459587,-0.6005006818835847,3.5939160939158805,-0.1054721883099,2.4801092137303002
1.4938833516165515,0.5056832607923969,1.545741957614327,-0.43593690880682967,-1.5794733336061864,-1.1635590720308047,-1.2077716091082777,-2.337762768936358,-1.0058348459887818,0.5048586360668229,2.9477707265804485,2.5810075642378894,-0.8337493761437854,0.38019447795451256,-1.6422733967951688,0.449215375965728,-1.1809713459633413,-0.35292748769333915,3.027646081465371,2.4934635369142835,-1.1157283093211423,-0.4127534338262583,-2.122117876477223,-0.568402812519489
1.4499666309760735,0.8307595548569148,-0.09897076934615655,-0.36536761705857934,-0.4508566641727656,0.19228306698811726,-1.2077716091082777,-2.337762768936358,-0.28576133574169443,0.25935279148436885,0.4855888388023015,0.761029308123179,0.40618117627065903,2.1237364345599405,0.28488002072475305,1.9627088405106177,-0.1138748313957543,0.5379009843941075,0.26070268160520327,1.1389414036338459,0.28617881838036763,1.6696634384368219,0.33205279550036737,1.6264990220500886
1.5537482593110903,0.309911549316634,0.18047799027248929,1.7959816765130985,-1.6580991440416863,-1.1635590720308047,1.5832972354696748,-0.30170651728949077,-0.35523408495907416,0.460300783985626,0.3330867666398967,1.1416977882227226,0.7279668999278268,1.1852564611910075,0.8002604176969564,0.9297383271235914,-0.4713467810807759,0.4587609376851669,0.4919752265414625,1.3843272920245502,1.076346343955825,0.9915769776595472,1.1000522627713427,0.759429188543615
-1.2736870770709885,1.8300343506308876,-0.7573222402748759,-0.3944168862657816,-0.7690242097486593,1.5481252060070392,0.3871248735076952,0.7163216085339428,-0.8266798981580689,-0.3393320521914132,0.2607570856639804,-0.21253967136510662,-1.2807718841575673,-0.1875656290128486,-1.7884512903824321,-0.1754901449114293,-0.9127138525115491,-0.2684723682868855,0.5708591706732932,0.17256014960891394,-1.667036206634276,0.012559704548349886,-1.9008476769625378,0.2822081402371313
0.34625380061117056,0.36299025625388237,0.2753454401084476,-0.3337342765286061,1.2757573456510194,0.8702041364975782,1.1845731148156817,0.7163216085339428,0.9713715204489994,-0.19737287112447055,-0.7057555832185364,-0.33972003934904105,0.5220254281323528,-0.356539784477279,0.6173017729535756,-0.5246411953438846,0.983709936531681,-0.254294863159574,-0.7714523334532497,-0.46349438442196356,0.6393401005884926,-0.3399854212081798,0.7139579211477662,-0.6202287974474396
0.3305419390634146,0.10787576879193847,-1.0469805764046196,-0.41687223319625616,1.5626668542952367,0.8702041364975782,0.3871248735076952,0.7163216085339428,1.1457870900482663,-0.6472259323144245,-0.7012745198320542,-1.0347713629633657,1.199819200368066,-0.9216840155639238,1.0803997908323464,-1.0349100232189699,1.078681880592423,-0.7105164318447857,-0.6661578411251966,-1.105473429689152,1.1293738096296835,-0.8785858881270657,1.0838593484971109,-1.0021900123262066
-1.1975667731412016,-0.9186216280731747,-0.9178567370401558,-0.20033605923241998,-0.8380524022345279,-0.48563800252134365,0.3871248735076952,0.7163216085339428,0.27464212397408566,-0.1737775007688515,-0.6879433152917944,-0.4478392634110994,-0.19649187201584584,0.17445484151026566,0.0785300871496479,0.796444414105253,0.11770682416080416,-0.19472563247832556,-0.588850728117334,-0.5090803338636665,-0.4311010675890856,0.2510232158040835,-0.22167144626269178,1.044228977008967
0.8286322176516161,-1.4811952447795347,-0.6848707922919883,-0.3988753438512266,0.5505212096982475,0.8702041364975782,1.5832972354696748,-0.30170651728949077,-0.8739454434717722,-0.28107898964209804,0.7428642086538014,0.08176318561263297,-0.0019265524787049244,-0.3779283971014514,0.16483774165290693,-0.027917865820648053,-0.8880595111905075,0.022800959033976227,0.91707604984026,0.6264240295582874,0.07098152853047861,-0.5295334312219021,0.06756823937068823,-0.12302132501517637
1.5329899263205449,-1.131488878806902,1.197707377901013,2.8592848813417926,0.29813538984912685,-1.1635590720308047,0.7858489941616884,0.7163216085339428,0.9573278100043566,1.06845963151351,-1.1391383707878815,-1.2723721639602459,0.34366594375576226,1.858619299964947,0.7661302082988077,1.0981231863588208,-0.9050737983023114,3.552137803279997,-0.5021485784179741,-0.18218707738264533,-1.8164218021910683,3.7142666755262783,-0.9702562306193036,3.141047125193845
-0.4935888491664615,1.603811994501852,3.9044452930081537,4.8606727465691595,-1.3021761609649192,0.8702041364975782,0.3871248735076952,0.7163216085339428,-5.550257065148857,-1.3733042881876545,1.122645331386836,0.42238943173696714,-2.2932356169955908,-1.2839647424405651,-2.753617329946533,-2.4942130593157836,-5.496623935452476,-1.4896985799182696,1.6331364044640067,-0.022083145915367565,-2.089260528267306,-1.2408983378807334,-2.7257544307555834,-2.395762816602652
-0.42472898925844604,0.23732232318306012,-0.6689646106975417,-0.329689911401568,0.05410956271330473,1.5481252060070392,0.3871248735076952,0.7163216085339428,-0.05894905046385996,-0.641083630740761,-0.4524010289270481,-0.7647645247386158,0.053775615614589524,-0.6911590106179961,-0.0009709168871948704,-0.5535116586917882,-0.14121153053190477,-0.1545651706609187,-0.34787978420912713,-0.7268517290622599,0.3308114400436456,-0.259229259378422,0.2676808561692639,-0.2776963428935804
-0.21752862258248676,0.16201343234639295,2.0088389232949866,-0.43554464325541076,1.4216532698493485,-1.1635590720308047,-0.8090474884542845,0.7163216085339428,1.2463928318170463,-1.1908120648963954,-1.0555272777188467,-1.176129914911018,1.3853121873817038,-0.08548279227918176,1.2972733562158087,-0.180220437260043,1.3101758690668175,-1.2489676639665992,-1.209182134059319,-1.44076684120352,1.2365097754593324,-0.18584103617491926,1.201020796628376,-0.26691117922336643
-0.35258066793174225,-0.8331118336718292,-0.32955075302898235,-0.4065001875300862,1.56397311593472,-1.1635590720308047,0.3871248735076952,0.7163216085339428,1.6021349265872633,-0.7010702333267153,-1.2543421577228,-1.167219643925258,1.0503263152004494,-0.5657572711700607,1.0632353051405508,-0.9074084984080624,1.6260547496940672,-1.3046007455169466,-1.2770808770820674,-1.2204496785204075,1.0467161091276758,-0.755900206686652,1.0751728731795702,-0.9071454654881724
0.32367392005069223,-1.0235049569424335,1.016976894228462,-0.3659674588967477,-0.7200924711153416,-1.1635590720308047,-1.2077716091082777,-2.337762768936358,-0.9004682084868254,-0.004105968467519565,1.1947954836684658,0.3709719163427925,-1.1700670324323499,0.4564398271511842,-1.1470669006313656,1.25092584455117,-0.3372104101408288,0.3718694905449942,0.5698313130384689,0.057001775658071484,-0.2525945733996973,0.20555627430276027,-0.0804494216934297,0.734967581243923
0.39938992697405234,-1.0230875092564078,1.2905480014465556,-0.20913678153571233,-1.3058535209733377,-1.1635590720308047,-1.606495729762271,-1.3197346431129244,-0.5150654025415666,-0.040012441781834426,0.07894743375512975,-0.03994109867833926,-0.3446177129602513,1.0272448003313535,-0.05404710992337243,1.8512833916438796,-0.47817907825986045,-0.26992764837806804,0.0164583146117642,-0.310052651054079,-0.3805433604902123,0.24826076201124367,-0.15671835205814547,0.8055711024327744
1.2377435753593562,0.9247158397186007,0.0649768937596487,-0.4211321629187092,0.812578780830631,-0.48563800252134365,-0.8090474884542845,0.7163216085339428,0.014501467067031511,0.73311531390766,0.11033470075355345,1.2873308077945402,0.8189780239466931,-0.3390699935446374,0.818106687848793,0.014195742172820222,-0.2201746733816702,0.06151537583920962,0.35117699917283424,0.6133437676788849,0.4134020623789426,-0.06407273837946295,0.410225164486908,0.21540389071804592
-0.2843653593430921,0.20800104146033632,-0.9531648103602501,-0.4314732714320401,-1.194348870776241,0.19228306698811726,0.3871248735076952,0.7163216085339428,-0.583724826741312,0.49017360238258795,-0.23239384966661442,-0.510166747664611,-0.6972160130336402,0.1942804738425208,-0.9811476228931572,0.6727347997141357,-0.5048612784477088,-0.005095045510850341,-0.13173459719788141,-0.4546887120745417,-0.5675604943786523,0.10846010169906292,-0.9173550180826266,0.58438932195921
-0.35749176910141506,-0.7076111703391091,-0.5443750444506968,-0.44093732924723045,-0.482073910404933,-1.1635590720308047,0.7858489941616884,0.7163216085339428,-0.6142897298361998,-0.368193276916168,0.11011564537212334,0.10039678726102419,0.4823053840588638,0.25855791354438523,0.6331591011091846,0.19082654024716106,-0.5346461468539362,-0.8479109360429289,-0.22492194151005437,-0.4555407641341952,0.6414472249789418,-0.35920239774842255,0.8579458188662035,-0.41207116117678505
-0.8922908426021632,-0.8464780329033537,0.8163629317252421,-0.436367523584396,-0.3992811186664871,-0.48563800252134365,1.5832972354696748,-0.30170651728949077,-0.21694032469774457,0.4899089898141665,0.35451830426770314,0.2738159736818912,-0.1486889228602949,-0.5318253229190505,0.022103101981514665,-0.07275148018825035,-0.018768291508450663,1.1392242135097947,0.1625280884670221,0.7390238645359687,-0.06333940967464789,-0.2220534355059186,0.03794585090673751,0.1663682977815256
-1.0874061229203733,-0.8950944614698572,-0.29204238541864913,-0.27637939662642197,1.3463790458609732,-1.1635590720308047,-0.8090474884542845,0.7163216085339428,0.9142169242285808,-0.8840234659455326,-0.973837365490049,-0.9974166367966254,0.2436117435798282,-0.8855072730615866,0.5656913063280017,-1.1067878165450926,0.918105281535646,-0.7940379417089222,-1.0161220524135182,-1.0155851166944352,0.3134848977530794,-0.8627881725751628,0.5663360675669817,-1.0248040692562612
-1.480855670637445,1.738870713310238,-1.2290972779905072,-0.26251002250751226,-0.403328430645925,1.5481252060070392,0.7858489941616884,0.7163216085339428,0.03567194768670058,0.216268878959864,0.3904718428396569,1.0804644266719292,-1.505660188636776,-0.3513669398444576,-1.294246669210879,-0.037132591967783,-0.14256854959760715,0.36957310025513773,0.4914490589545358,0.8372471793294939,-1.4474923431558484,-0.3946436925533321,-1.1818826742148816,-0.06726209828745791
-1.1907507591167004,1.8643375365840331,-0.06883866254614243,-0.4213023941386687,-0.09406944185457389,-0.48563800252134365,0.3871248735076952,0.7163216085339428,0.04578115324487792,-0.4734060614525858,-0.6990691784806027,-0.7356405951341677,-0.7426441933833144,0.14325514122643798,-0.6613136743379108,0.21019195511750136,-0.2552527036002744,-0.33593226835225504,-0.4933665150249837,-0.13363058823454707,-1.174999493169256,0.14155964274485186,-1.1480534300559573,0.44900032075029955
-0.27128749277914094,0.23611511158140822,-0.3016838767995069,-0.4367745168063912,-0.6489589032320153,1.5481252060070392,0.3871248735076952,0.7163216085339428,-0.1239978744210215,-0.44491053926532526,-0.11691333595537384,-1.1238699918934987,0.7530773438173272,-0.7335011440425848,0.8939747106200253,-0.7657364975799383,-0.3898397907643044,-0.2587107412204617,-0.1261206039701084,-1.1202635273813466,0.5658558544894938,-0.3603504151618649,0.6760577253342482,-0.24406579969372377
1.4642248706984538,-1.3572559631106076,-0.2078692417899502,-0.2249486242300724,1.3917346015287122,-0.48563800252134365,0.7858489941616884,0.7163216085339428,1.3286651138949397,-0.7443198018010482,-1.179094376104715,-0.8952485771646074,0.5142381838869958,0.1436994407557966,0.9201883755736282,-0.0521618728246042,0.6084722480944409,2.8897922421772755,-1.2682779978306835,-1.071026578747307,-0.21580194712980166,1.7525238516852362,0.13101500586423956,1.8285565348989588
-0.6326178843044041,1.762416470748624,0.954873108245183,0.4930148652955644,0.8883537136092369,0.19228306698811726,-0.8090474884542845,0.7163216085339428,0.4317822462446184,-0.6318852917547422,-0.6434210384014307,-0.7900425709313119,0.12349768227784462,-1.2237769661968267,0.45634427307145586,-1.129906759130727,0.39781189107103143,-0.580602440679909,-0.6242907817555577,-0.7666865509955781,0.23526626091152508,-1.0605419796751516,0.5314832852420458,-1.0162585174577163
-1.5983908579204469,-1.0920293980839815,0.4848232072498347,3.3287556103846385,0.03344578462096496,1.5481252060070392,1.5832972354696748,-0.30170651728949077,1.3465248230700217,-0.4713746748454882,-1.224607497916883,-0.7813500217673967,0.6034072050941048,1.3481905836528303,0.9093097927606706,1.4346703243759518,1.07753802089628,-0.0494563541258841,-1.0261153758801043,-0.5129048063416405,0.24713154154040426,0.4542172538758216,0.585984368136437,0.43582389758718043
1.4629905345094085,0.835379875325384,0.09210644244175505,-0.369398161427509,-0.38443753474964065,0.8702041364975782,-1.2077716091082777,-2.337762768936358,0.24841818269325433,0.3890003555322595,-0.17122244456229072,0.28442160954598783,0.320126004487977,2.6986896455182108,0.19659999506928572,2.4000963013822343,0.3474308115152546,0.034089171895461595,-0.4010581332687624,0.27443822501862586,0.3412383175276751,3.1210603101235805,0.4321681926128637,3.012990747349176
-0.779304741110349,-0.8953842148995939,-1.231369729325404,-0.44079543467539245,1.5988136105800406,1.5481252060070392,-1.2077716091082777,-2.337762768936358,1.5568319967180122,-0.9037034313396076,-1.344149908285827,-1.045580958372632,0.8075689940127243,-0.8634176545133154,0.8677634695930736,-1.2130435662928385,1.0961240795627,-0.3986653925360391,-0.8139211422742307,-0.7323384822086414,0.10056918131423094,-0.6024051163482897,0.4225428150214673,-0.9294372870065735
1.1053248060921321,0.8293370366849692,0.0524668748626243,-0.4057103472301379,-0.6557326667688749,0.8702041364975782,0.7858489941616884,0.7163216085339428,-0.8838469206215248,-0.2729153770443211,1.9371312874769036,0.9180163361941795,-0.14604970318516688,-0.45301978782012414,-0.026724388348119126,-0.16636029227440596,-0.9575108666609164,-0.1094440106389233,1.8701595790369585,0.8765885382768241,0.17852426735197371,0.12544994377508611,0.04861901041559371,0.022263409519242414
-0.732813020973358,1.7387107077698092,-1.24214051432087,-0.4374923588461486,-1.6803912693061134,0.8702041364975782,-1.606495729762271,-1.3197346431129244,-0.7104187348118517,-1.032818081867598,0.7678419575558798,0.32230624848589584,-0.40611564348262297,-0.9007674365221282,-0.26577132959929645,-0.7034299252985847,-0.6019754673448716,-1.114373418940133,0.5561952939547665,-0.08471721160928679,-0.5153001923110949,-0.9226860911259874,-0.552682333586104,-0.8413511057897785
-0.37159086956755816,-1.1476780634091825,1.248148737837526,-0.41659622342727054,-0.518159624109071,-1.1635590720308047,-0.4103233678002913,-0.30170651728949077,0.4911582618315757,0.21287569506280843,-0.7841794880189316,-0.09454512379928515,-1.0031869076263067,0.641100473939158,-0.6836736484864147,0.7768876742036442,0.10233577138606537,0.1820542019973321,-0.643674326007588,-0.1867509383202051,-0.47527009441417795,1.8059745422193143,-0.8106182092840744,1.4414842522330007
1.3190648161542637,0.7907893243039543,-0.9727924015710233,-0.14736314257630712,-1.5646793709151992,0.8702041364975782,0.7858489941616884,0.7163216085339428,-0.7292093614662543,0.8814284094939502,1.4822860283506833,2.3183087119981374,0.4785678117734457,-0.09760179689483446,0.2390522057337242,-0.06355584731149504,-0.7064854624954623,0.35998050236940254,1.2682558992985888,1.622109462103214,0.7772628845166676,1.2993336480405635,0.7210637733869685,0.9341518704281478
1.667895627301549,0.2585451609414543,0.6283291532513701,-0.41704136364377775,-0.9515891957075266,-1.8414801415402655,0.3871248735076952,0.7163216085339428,-0.23142073535266497,0.7662163028272954,0.7347776239791742,2.0575513392943563,-0.02769979124951844,-0.20367789351833446,-0.032982878820095256,-0.04433912455363085,0.20419936770125083,0.8316765229480018,0.08907135204969303,2.099085590012104,-0.1938082754119676,-0.30044509143187537,0.11472798412470578,0.030603397348284506
0.2683533003353037,-0.055819354607989834,-0.9997710642562686,-0.3111225236151111,1.16738712893145,1.5481252060070392,1.5832972354696748,-0.30170651728949077,0.6297686171820589,-0.46280215293726723,-0.2946247618247076,-1.019902981288045,1.1828786206302455,-0.6072706001542408,1.1388336109825363,-0.8492165912814075,0.7214736149193292,-0.4344167849969214,-0.30580946176335855,-0.9802132689375669,1.2945848159442108,-1.034463943656423,1.3197299780174656,-1.252389899733056
-0.5588728706627193,-0.8243598770442614,-1.0122442590409102,-0.41899503471146643,-0.4029837257114006,0.19228306698811726,0.3871248735076952,0.7163216085339428,-0.5142311996082405,1.0750145436321827,0.8173240143732784,1.8800704144471387,-1.142549370900583,1.2637095519441734,-1.1065577536423465,2.1724099675372335,-0.49374613023283226,1.089847860849889,0.8642188938537334,2.284574117232633,-0.9431428255114882,1.0290215344107327,-0.9353158145189691,2.11743995010737
1.262732666481133,-1.3987723015975693,1.6224106703771415,-0.3608958395178623,-0.6690253309151428,0.8702041364975782,-1.2077716091082777,-2.337762768936358,-1.0347197849836034,1.2831966504979162,1.604798175842878,2.0920976927369708,-1.1755811904222784,0.6862673761317994,-1.081129749423659,0.9638470161225337,-0.37984820135323133,0.540047459393343,0.7166260996594944,0.5135467447928399,-0.7927700591190138,0.17477970576458635,-0.6764041061013873,0.8944797920631712
-0.9374276578750198,-0.9133194485608042,-0.6724666171480201,-0.412981042712333,0.6439210634883996,-0.48563800252134365,-0.8090474884542845,0.7163216085339428,0.13778989927454027,0.1530717124184406,0.15917841556179302,0.15796660471247853,-0.2840193918813865,-0.5719733599412301,-0.015117966468737627,-0.2392594447900083,0.22446657694536015,0.17234944618153705,0.05861070646481291,0.05909617228063393,-0.16911481050511887,-0.6587400705063997,0.12143394480775029,-0.3899668473332684
-0.6073940090357695,-0.9053464830339435,0.5145881363152055,-0.43531197840170527,0.5755051483897246,-1.1635590720308047,-0.01159924714629806,0.7163216085339428,-1.051372458249517,-0.21620385298855516,0.9807121518247319,1.2201398131095273,-1.7114522814277255,0.11862996461499273,-1.7211262869167334,0.41945576778693183,-1.0329145712146746,-0.6771709879166988,1.0373351941103202,0.8377374182378968,-1.5048686718154716,-0.27240779525611164,-1.44875936738269,-0.03314592914981945
-0.8158362452531621,-0.7893241031266269,1.130308376446821,0.3147783958753235,0.991255565204627,0.19228306698811726,-1.606495729762271,-1.3197346431129244,0.6482115374549969,-0.04137727202789475,-0.5772387364511067,-0.5525373678310824,0.3881966112093616,-0.8995401492079483,0.6113065209159777,-1.1791344412021094,0.6311794789410737,-0.20708578299586838,-0.4136190112763946,-0.45275847473570285,0.4229990478686901,-0.9089552791326042,0.6575008280558279,-1.114098380731168
-0.48600360617586724,0.24781701512810814,-0.09899621762944766,1.221465283101338,-0.003420263525024901,-0.48563800252134365,-0.4103233678002913,-0.30170651728949077,0.4090616374907383,-0.7658981021304935,-0.7456872490485443,-1.1496433063900042,0.5518869343953755,-0.9358666555965861,0.4951184615059551,-1.0628285693402122,0.33936371028376383,-0.7521494307240706,-0.6726672744717799,-1.1220349788991044,0.334054772425164,-0.8415136294414344,0.3614303133851667,-0.9653994913003151
1.2851695547108706,1.154017907074521,2.467421988565357,-0.4311522549440592,-1.501801954968141,0.19228306698811726,1.5832972354696748,-0.30170651728949077,-0.35062011127592935,0.7985751171074766,-0.13644535448655518,0.9710643123542959,0.39291670185945715,3.997423208360548,-0.30026662642258933,3.6324618913931457,-0.35156883073649525,0.8638504983416998,-0.007770747545166201,1.281578984339912,1.0247877298779164,4.305909367589361,0.5453256852628947,4.236999433159193
1.3517274699680766,0.8187809303701608,0.5993915572108893,-0.3964797156303263,-1.1881680654085687,-1.1635590720308047,0.3871248735076952,0.7163216085339428,0.028245440083111896,0.4140744205028663,0.9815855757082882,0.42570045316564276,0.08745831781628025,-0.8289688544502504,-0.5422406133556069,-0.19429178520227555,-0.08680664114728932,0.5180866643394534,0.9433028373898233,0.2850043332853888,0.01937140391499326,-0.4673506392736589,-0.5762250148318582,0.030029510222122538
-1.3766548829206777,-0.9116227719324292,-0.014110834591374983,0.028427471538103422,0.3034316410292379,0.19228306698811726,-0.8090474884542845,0.7163216085339428,0.2974543305856506,0.15622367349328792,-0.2135549269983705,-0.09289043795326532,-0.2813634474756087,-0.7798942796553915,-0.23364301918711342,-0.6491992832844699,0.4743405199594681,0.2859606013417804,-0.36662997711389855,-0.37688052522492205,-0.2535199315902882,-0.7627815499167641,-0.2617898149910385,-0.631486960275982
1.2219400871684116,-1.4451082691569115,-0.14976435223226586,-0.43291586711540275,-0.6106608118691492,0.19228306698811726,0.7858489941616884,0.7163216085339428,-0.4053053114856639,-0.47690804622405897,1.1030098800282249,0.42471260823358803,-0.6544716992896322,-0.8624218910737348,-0.24330271946540133,-0.7431575283737356,-0.3401006017550854,-0.48173269992182083,0.9760143817425583,0.30462741283581396,-0.5076530523703976,-0.7311724889904373,-0.2340503578896227,-0.5776352611203048
0.36185926866523255,0.06088674107189107,1.773555525389742,-0.4383392074414761,1.3197003545046766,0.19228306698811726,0.3871248735076952,0.7163216085339428,0.6285828703510357,-0.9248216090956093,-0.3253729274539563,-0.9404744138928455,1.0654986477746824,-1.1641128643421859,1.0498148606264088,-1.3762677499409681,0.5874260490039417,-0.826886102629227,-0.3069379360138978,-0.9065235725301679,0.9995059001640859,-1.1543909275542978,1.0396127641994575,-1.2907514446585535
0.615508326211197,0.152349051791898,2.547121725806477,-0.441688885720655,-0.08796564194475583,0.8702041364975782,1.1845731148156817,0.7163216085339428,0.06408829853874379,0.3512725663754621,0.7875481492949196,1.627571189202512,-0.3244879986856755,-0.4274312411430236,-0.06368772728820216,-0.08541411094878307,-0.1791225821388066,0.11083106913296821,1.0230896644043639,1.9375102253579328,-0.11638587701347924,-0.5001451727950014,0.21038696262408768,-0.252474350935198
1.090160736001419,1.1109944829945493,1.9873489642084141,-0.43843153049003747,1.321704551271534,0.19228306698811726,1.1845731148156817,0.7163216085339428,1.5426767241943342,-0.7436298556937978,-1.4941671546446111,-1.0537688617823855,1.6106119392944231,2.032301588269818,1.3288932590306404,2.0462536682452233,0.9168946928974203,-0.17839353142439215,-0.8794077531785466,-0.5749466268946628,1.4814183433831567,2.817242765772572,1.3093657742730418,2.468495607060141
0.809803920005346,0.8652410518440515,-0.4823640689279256,-0.29785547768227333,-1.2151356880922801,-0.48563800252134365,-1.606495729762271,-0.30170651728949077,-0.7070726490809855,0.29847702559914113,0.6708129330395061,-0.2785541433438398,-0.35916775213765106,-0.3953149858750367,-1.0485473273711232,-0.0018322736558396178,-0.8381746200369449,0.24716967945842683,0.7048104134620002,-0.17462276446331434,-0.08560592698663005,-0.0443735666220008,-0.7211789261160942,0.18525568702367218
-1.0155844163452228,0.3105843979464744,-0.5855998072322239,-0.26992742762465194,-0.44567986329846276,1.5481252060070392,1.5832972354696748,-0.30170651728949077,-0.07625030965772742,-0.02274078489962802,0.7297920258115984,0.4307377069133992,-0.01209718996369304,-0.12313232393301969,0.35265018933789016,0.46088071028849187,-0.1456083578780485,0.8382939646161566,0.5376339960097194,-0.1883713059800024,0.01583915465160322,0.294753481809069,0.4084949079318847,0.4063692828881876
-0.46512419612993544,-0.7708959152263613,-0.44463453341273707,-0.3288454737651073,-0.4279310669662222,0.8702041364975782,1.1845731148156817,0.7163216085339428,-0.5026667987578811,0.7841328484265195,1.2376402543510645,1.766466076554742,-0.02145112692634488,0.11346022619610985,-0.05773006814940254,0.791507495953902,-0.16068741463405456,0.1948293120971715,0.3935420869097356,-0.07007640662083812,0.34869109103991847,-0.3158755530257715,0.3199478643333596,-0.02490847076993982
-0.11550038809487073,-0.8807232978230362,1.4718701451235394,0.8723243409481584,0.9624659228170216,-1.1635590720308047,0.7858489941616884,0.7163216085339428,1.6165851396442144,-1.5234059539717286,-1.3330681679105747,-1.235559159207858,1.3835415577778518,-0.8483344343110324,1.3828436963030057,-1.023458115041818,1.5627969870948928,-1.024334357290585,-1.2522758962426237,-1.0186146301533305,1.2994236013762552,-0.7213022437350503,1.3487612186638276,-0.8818938005980745
1.630515661911119,-0.23824548655120367,-0.08107267918473719,1.017948551573239,-1.5881828446140316,0.8702041364975782,1.1845731148156817,0.7163216085339428,-0.5973176747133921,0.9972896458755625,0.6774145692198748,1.3192275973713155,-0.6765857957085032,1.1534453914424374,-0.5707787358254306,1.2200139705825521,-0.9313997770026146,0.27469578566438047,1.4528018172509154,1.7908069932589625,-0.7936038430205798,0.05412433127261648,-1.0380782556404748,0.754751219291679
-0.9272632998301875,0.292370281952454,-0.7324856018363337,-0.4416636172889216,-0.560400155559034,-1.1635590720308047,-0.8090474884542845,0.7163216085339428,-0.29123153239178345,-0.6529443397182568,0.23862214086354686,-0.14395187071877175,-0.6083000069825166,-1.0297304502500786,-0.49484094803802203,-0.9193553276930998,-0.8032508037718038,-0.9831415349586661,0.7367237114362641,-0.08069875712992414,-1.0588565549940439,-1.0217489290658845,-1.0561674396852967,-0.8860626581024447
0.8446531140899296,0.9230647371514981,0.0007930194872344105,-0.41882597477093764,-0.9412120602154662,-1.1635590720308047,-0.01159924714629806,0.7163216085339428,-0.286521255325098,-0.1331307483937145,0.24599656574220646,-0.37160311006326363,1.2099398066075204,-0.3730146994600363,1.3149267699489546,-0.34547216929148844,-0.30107463970658727,-0.007882776666498482,0.2903602251046825,-0.2874525836420877,1.1594596265457286,-0.11047037138395269,1.2822049520852408,0.011768535508664675
-0.7430763967257775,-0.8859325070395114,-0.9040258208531952,0.6217927825553264,0.6390370680031517,0.8702041364975782,0.3871248735076952,0.7163216085339428,0.24021576585529475,3.0963881545941097,-1.3637174568724895,-0.766454549679946,0.2458114983239461,1.414583022237895,0.8108102279131533,1.6169689466848705,0.7608370906823879,1.940986909667255,-1.1177625854764144,-0.7614699039046849,0.5713091034008912,0.5441341589398143,1.0840635521383475,0.6263859904215774
-0.6898790409335169,0.3087413395707401,-1.0395400341236294,-0.35071371296741044,0.7954175575898865,0.8702041364975782,-1.2077716091082777,-2.337762768936358,-0.08369404039964387,-0.675373384234413,-0.13364427521946884,-0.7042178009414203,0.5089610787032868,-0.9440070439023995,0.5954461077628121,-0.9893738811220605,0.14471957385575124,-0.5394667990851807,-0.2342187098375484,-0.7580015128844766,0.5784427405158845,-1.0075841091805726,0.6638617714803489,-1.05241220686187
0.37875992147595167,0.11988104812948562,0.16779322649686526,-0.43659185299041553,-1.500604021949978,-1.1635590720308047,-1.2077716091082777,-2.337762768936358,-0.5772700330693692,-0.7921212976216437,0.6125954383970482,-0.44795969418553533,-0.049732122318545215,-0.9963334364136919,-0.036774869674059456,-0.9098297474110872,-0.6298304764834088,-0.9215842863979133,0.5894698615060392,-0.45905554604854887,-0.29079570380907627,-1.070165814910789,-0.3202593566911553,-1.0418896170703922
0.8583159609337906,0.9942148936309928,0.6077339509348272,-0.02746998514236547,-0.8869136438248376,0.8702041364975782,-1.2077716091082777,-2.337762768936358,-0.5142980363492842,0.16619464519487304,0.753935038224615,0.12210888430064333,0.553643269357647,-0.32432013665963844,-0.11922530766072593,0.27555331988375364,-0.25881551020577276,0.20298997755796008,0.3976692785961146,-0.1214536054253215,0.7736516524289944,-0.2793547118843364,0.35710076171511795,-0.16930478510200986
-0.769804986695796,1.732591730834474,0.1114635471022149,-0.44031069748508167,-1.4911808000245712,1.5481252060070392,0.3871248735076952,0.7163216085339428,-0.48982171823446946,-0.8057257764368696,0.2578628049465209,0.06798580082324585,-1.2179235864938296,-0.7052353737594911,-0.9093847622992924,-0.4868248809440534,-0.4250768598121298,-0.8909575457426919,0.1341924912786002,-0.05176427283972238,-1.1680483636122887,-0.7331443057556215,-0.868469535322243,-0.47855936240614905
-0.32653094959680556,-0.9876986627037256,0.0910576517181616,-0.23906348201120578,1.4379666650747271,1.5481252060070392,0.3871248735076952,0.7163216085339428,1.4569383883186022,-1.5790055397737315,-1.1760054993916007,-1.388552895557258,1.09281904325263,-1.1717533186082856,1.1266148170881405,-1.3414017381422463,1.4302328428865203,-1.529291059617677,-1.1616969819716307,-1.4174881950175118,1.1074971698532226,-1.1659974190202738,1.1753580471107534,-1.3254032417806099
1.050357039568745,1.1850309009702296,0.32675668705871697,-0.3392862766994785,1.060367794120796,0.19228306698811726,1.5832972354696748,-0.30170651728949077,0.7749202016891434,0.7073955891295011,-0.55504719934633,0.3235140293600174,0.7465485045191629,1.909334122123433,0.7958199603565648,1.9573435007581481,0.9535166833584899,1.1074873569362307,-0.7839957786769884,0.011188080958044494,0.6761950889492132,2.55153184411867,0.7630871448501365,2.5996162517425883
-0.7656213555124014,-0.871766870624669,0.6200668140632578,-0.1735176992056117,0.14402934437742757,0.8702041364975782,1.1845731148156817,0.7163216085339428,0.42667190811072914,0.24541275977154764,-0.24546523318248517,-0.11439553645917454,0.6930084009650177,-0.7529982942508873,0.7326861905000664,-0.715283969136127,0.4290360290193212,0.004694138239051802,-0.14437838043119952,-0.36323049719001027,0.6659003073771009,-0.8391558847881752,0.7407294529897205,-0.7566176501873759
-1.019287261891837,0.4568810456644707,-0.8152198757164937,-0.4082384868002714,-0.9066746211376251,0.19228306698811726,-1.2077716091082777,-2.337762768936358,-1.095855347447727,0.21451966008235646,1.972027716974086,2.4272660022713404,-0.41140513735570095,-0.4407669941327094,-0.5757888600003724,0.1957495961611134,-0.9238506671496398,0.3329038944460616,1.675035583140956,2.1813239281372,-0.29098462156733335,-0.47975860723244457,-0.4333496359299111,0.1515520347707795
1.0388437534387231,0.9237046157021674,0.24612545335692054,-0.36663614886052487,-1.4258470093051183,-0.48563800252134365,-0.01159924714629806,0.7163216085339428,-0.5624173833399282,-0.44524570661765345,0.8187000946210461,0.06492111112281485,0.6298580098758646,-0.31513129021350883,0.36290868764194245,-0.1405599221828697,-0.6081810768878047,-0.3072706683298768,0.848304115388648,0.2747759471456969,0.8190317492264331,-0.6697693872832576,0.6257071900669501,-0.6141044306091047
1.026368517262164,0.9665612548312679,-0.3386207801413807,-0.3598064987712895,-0.6451835538361322,0.8702041364975782,-1.606495729762271,-1.3197346431129244,0.3947244027390512,-0.4864255395823063,-0.6484897265412731,-0.79924801453257,0.7306366624871327,0.08746742796220996,0.6837114135727947,0.047268817417410264,0.16419249930767205,-0.18333194659651889,-0.40664052460061867,-0.3515009447034703,0.5076356687565127,0.0824718937232479,0.4846407078456931,0.22201438856534095
-1.0311330489811354,1.8307162764712688,-0.8263715515672533,-0.42750827574924194,0.33789864830696303,1.5481252060070392,-1.2077716091082777,-2.337762768936358,0.0007896560917538783,-0.7738925888710373,0.15362841307081776,-0.691841824010288,-0.8699681860059985,-0.6610209698837213,-0.5167717549549894,-0.35286714984046563,0.17946760077960663,-0.6669382480261739,0.24228741307592247,-0.5753741754055717,-1.0259713120625258,-0.5489478255458249,-0.6095022574456949,-0.25885466259305584
-1.0381583254349998,1.850586453425971,-0.8651565032889134,-0.4134750841827765,-1.4332392094626827,-1.1635590720308047,0.3871248735076952,0.7163216085339428,-0.44317775918094326,0.03852248658127557,-0.11000160112429959,-0.0018117777468226177,-1.089493379207986,0.11002863634800975,-0.9673511612482418,0.739813904935422,-0.38842555595494704,0.4410727903112828,-0.1306684909207699,0.024168306874588725,-1.4463359888211946,-0.06583474173497322,-1.4092851525234866,0.3379286027519276
-0.25863315780035373,-0.6258345685411537,-0.8494168204363571,-0.2611366137122193,-0.45737871511028017,1.5481252060070392,-0.01159924714629806,0.7163216085339428,-0.16071235159324362,0.38654610287604335,-0.38493329033506524,-0.16524259029023067,0.45000330598988597,0.021248826421466648,0.777728476970361,0.035236395355226366,0.14042247578116493,0.22215462342171577,-0.3193724860396158,0.03959695104411475,0.6318158991308104,-0.07839338899155045,0.8927071005808316,-0.10328516365816545
-0.3853256478632641,-0.8269908403938149,-0.6384483017889984,-0.39863734574992044,1.4744954943513677,0.19228306698811726,-0.01159924714629806,0.7163216085339428,1.5964519305251572,-1.5968930666658407,-1.3595438143934981,-1.2828917530345325,1.2434264339755225,-1.0945957409397256,1.2231320506484806,-1.3141237320094894,1.5569422279513974,-1.43928211720034,-1.2870861408115946,-1.2093633295121555,1.0985718817734687,-0.9382069173699833,1.103523724672365,-1.102145492497094
1.681646000378429,0.7337230667823977,-1.1082461129829866,-0.4236560439761121,-1.6545879442377467,-0.48563800252134365,0.7858489941616884,0.7163216085339428,-1.544192780014524,-0.8724526098999543,4.130288507641686,1.8838483981720784,-3.0090491809863256,-0.01755732617946012,-2.5516635117197954,-1.3339268535644888,-1.5948254737397205,-1.0079309752916972,3.933583283435766,1.608813903487275,-3.217017357138028,-0.01799309879331771,-2.5720906580576512,-1.3869470487115694
-1.4554750937110068,1.7947995453339578,-1.061138608269133,-0.40470075862866145,0.4570814794969009,0.19228306698811726,0.3871248735076952,0.7163216085339428,0.8168155541983797,0.1623783896245567,-0.7147077583786612,-0.567357473002736,-0.7169373770470475,-0.49025852268065023,-0.6025142379058526,-0.608777129805308,1.169094271544438,0.01722945815067286,-0.9261730268135312,-0.5554628095843852,-0.6110262306640379,-0.1582506264635453,-0.507000241138141,-0.29754778674700194
1.6145176200485252,0.058871953513977025,0.4244766662210545,0.30422300879973624,0.572440325506309,-1.8414801415402655,-1.2077716091082777,-2.337762768936358,0.9050405092231228,-0.1151873431408719,-0.3756643821156752,-0.23257919594044085,-0.0848411915060088,0.1417167887736014,-0.05930769182852863,-0.264779954617078,0.6032126783415847,0.40296372922127294,-0.18818330467526093,0.27793473715999595,0.42808599962398985,0.7037581619122666,0.3967631915049248,0.5229236747930675
1.5481649643521946,0.682310731340499,-0.3042341221900911,-0.3943599938112253,-1.3264551930915152,-1.1635590720308047,-1.606495729762271,-1.3197346431129244,-1.7389581042916633,-1.1384398399720044,4.483064789893343,1.8313643714567795,-1.2072047971530095,0.29144084897401873,-2.6172070613106544,-1.6204239911256726,-1.002926739402753,-0.5106769973493699,2.880545226104295,1.1645976279236674,-1.174999493169256,-0.38981937930952015,-2.227015983552981,-0.7938875468952202
-0.966915924451741,-0.7911688150304212,0.5212687206115982,-0.12073946366228461,-0.030438302989633566,0.19228306698811726,-0.8090474884542845,0.7163216085339428,-0.6273186913457363,1.2609760060502166,0.014960481577100506,0.1857414838898075,-0.18595815063469637,-0.22090273729471527,-0.5894717055924122,0.43745418296359295,-0.13370229418047486,1.5429105620943315,-0.18773251994836773,0.22239346303854268,-0.12400806296041737,-0.09642736132983222,-0.37049262693128376,0.5718030744677475
0.37029754711681945,0.3198640467270632,0.7279716426598102,-0.422736046945297,-1.0755907354104053,0.19228306698811726,-1.606495729762271,-1.3197346431129244,-0.5041356537804609,0.10058255161449318,0.5046034134321191,-0.19216620536332588,-0.198779967644935,-0.1393442091569484,-0.20471323424176405,0.5046534711676106,0.13110568621073337,-0.29499420297869183,-0.06065238107072177,-0.7537194900625075,0.4325195688271021,-0.49051725934475165,0.5487028659082828,-0.32584679859040966
-1.3108844875641494,-0.998004611249966,0.6745201496098951,-0.4382395274096181,0.3950658651971171,-1.1635590720308047,-1.606495729762271,-1.3197346431129244,0.2760674871460342,-0.9153699668690081,-0.4161589735153678,-0.8331145896528626,0.5916956052466685,-1.486651780418022,1.002527841791039,-1.6829261386525918,0.14983603597292616,-0.6962544245065924,-0.2660758487751133,-0.5012735882214552,0.5270970366599576,-1.3398004619684636,0.9310200918827303,-1.434248100954561
1.0433544629816829,1.1445465467929712,0.730184405971061,-0.18156416600891231,1.2008236281639297,-0.48563800252134365,1.1845731148156817,0.7163216085339428,0.15462243327147818,3.0122714303668627,-0.249479050361287,-0.11925704984106317,0.48885995371187424,2.1258028433822513,0.4954998553467559,1.7203924844010465,-0.18159360129218893,2.542109220106908,0.05527602983069404,0.05375468174101693,0.28524750786099023,2.046464389530316,0.47341498197316756,1.5541703039845043
-0.10041502058132155,-1.1373654416194543,-1.1346030339259299,-0.3722204383562431,1.591089755595283,0.8702041364975782,-0.4103233678002913,-0.30170651728949077,1.5567284294644608,-1.5585139244830446,-1.4060335131524357,-1.3725090504802346,1.349150079597763,-0.30225791935574986,1.2544218587247402,-0.4375187333779606,1.5420846147855918,-1.384771989070926,-1.3773324789588084,-1.339938355295965,1.3775689787865897,-0.30151240312456357,1.301717087928816,-0.42328614041959595
1.6279911644519505,-0.15506857025982754,-1.0693703510714774,-0.33634572315981726,-1.5631681647500262,0.19228306698811726,1.1845731148156817,0.7163216085339428,-0.6709768800317666,0.6671728080332483,0.9605053420036285,2.636579376966525,0.018350158360130275,-0.17276296649090225,-0.04710952334636936,0.238433648301126,-0.6494621676583757,0.8195026833407679,0.8463757629237016,2.6958696948025307,0.08097017725438255,-0.13494362995262954,-0.006688459623765361,0.30225681438561663
-0.3109110482571762,0.35439762472589237,1.9550665042579676,-0.3949933936889896,1.0073852882296253,-0.48563800252134365,-0.01159924714629806,0.7163216085339428,0.24998896031957213,-0.4709777688443645,-0.1191686751689253,-0.828961160600842,0.4987022909285487,-1.0114942010282149,0.7169560083151892,-1.1299313449857362,0.4967802888254194,-0.4083523219258647,-0.2521005670203853,-0.7750326131716588,0.6170454241826356,-0.7645274550566984,0.7847236068287382,-0.8853568211309937
1.6197555772911374,-1.738656653183223,-0.834367937930655,0.9470007421093578,-1.3327661397585817,0.8702041364975782,0.7858489941616884,0.7163216085339428,-2.557916262256705,2.4447045877861666,0.6985503561046453,2.398731289130716,-1.1404976133456353,3.994795573241351,-0.9728320119789498,2.450844383189455,-0.737799816516882,1.4589083577021351,0.6905167246955166,1.5738817393111157,0.01903738669577715,0.6852780543596557,0.250446503324725,0.9861709188139428
0.7563651224188276,1.1773641415818936,-0.28850094630528156,-0.39354017426685256,-0.5524819877455157,1.5481252060070392,-1.2077716091082777,-2.337762768936358,-0.29239384296296045,0.297046010082203,0.2434846827422293,-0.24273393273341518,0.6360795143800342,0.2454683280092927,0.6711435742405505,0.22734477381283397,-0.3824111207344891,0.2837997661660693,0.5865864870102078,0.41209881506764706,0.5058284501626182,0.271708349604856,0.470744867297457,0.49634859714844737
1.289382276272298,-1.4051982032132155,3.3191265624280257,-0.3799160155546986,0.8427987736526618,-1.1635590720308047,-0.8090474884542845,0.7163216085339428,0.5453432600743339,-0.25626002712332085,0.10947378632710154,-0.16503125034432028,-0.3550944940191027,-0.3792550832616502,-0.1105619734504794,-0.38777579455798,0.47831207547349636,-0.14648460032236976,0.20218074647252865,-0.0825212565427841,-0.46845467795354434,-0.3660503640115737,-0.23817718313626507,-0.2921653694693552
-0.5788377669264999,-0.7092701876783263,-0.8292887284624142,-0.3606916909398714,0.6688668296630317,-1.1635590720308047,-1.606495729762271,-1.3197346431129244,0.6463720880077104,0.09318496605670376,-0.33752956191487915,-0.1237964304376899,0.5097158357787727,-0.890317245344712,0.7876057577191866,-0.9895727911511514,0.8443629728795878,-0.09421690040586643,-0.5047851874796948,-0.2535021510906839,0.6457026821899011,-1.04338654062157,0.9091600920883494,-1.1815545508734382
0.9939798577574857,0.8961483411191987,0.23867705336038683,-0.26723773590961963,0.6164531235830916,0.8702041364975782,0.7858489941616884,0.7163216085339428,0.24396643544035285,0.36344885700570995,-0.06611494853356438,-0.584984387990123,1.0323179257365165,-0.6809211513504903,0.8531593115164083,-0.5582667984470601,-0.220251416216835,0.5751852018991408,0.10123728596011888,-0.5765063639843124,1.0070108710210735,-0.2581921050095796,0.8226081615122892,-0.04815916992004043
-0.6066427825598053,-0.8126076281063852,-0.41551014886697746,-0.3274377225142289,-0.19117846713213976,1.5481252060070392,0.3871248735076952,0.7163216085339428,-0.3717815463216225,0.5980038023323215,0.38835818421854656,0.5121944084320876,-0.6988051006894114,0.24703286140817898,-0.4838168414831731,0.6459445874068283,-0.5069278273559688,0.45157020310960916,0.5025334040469035,0.6390537265951298,-0.7541261670222023,0.3105729836127178,-0.6327773450262623,0.6470112033199099
-0.27612178576569757,-0.7341968346396803,-0.15778180560726185,-0.440181838012404,0.4092661103988523,0.8702041364975782,-0.01159924714629806,0.7163216085339428,0.24432528889277777,0.6834480874297948,-0.23763263445001925,0.043050292053153,0.37295137596306466,0.015052928040894628,0.12548507210512486,0.06303292763219433,0.28767335972520747,0.8330432156056843,-0.01584097226250005,0.2471929782677539,0.4050845528554436,-0.3067479721156233,-0.032360463476618515,-0.36386779927404544
0.36398093426058764,0.09984023938171,1.5356662232754865,-0.42886125046689966,-0.4451898373723124,-0.48563800252134365,-0.8090474884542845,0.7163216085339428,-0.05421716452600996,0.3978495190212402,0.40024752395387103,-0.08018694488574295,-0.07463434092901446,-0.27049810213715814,-0.3334336995835225,0.6263295214874849,0.04993334199398498,0.26821835571686303,0.24619844620219572,-0.06025595585341041,-0.024953070265717733,-0.264120433877593,-0.3213192604843398,0.6456042012854055
-0.8434667543506975,-0.7639381350848579,-0.6700681573251157,0.16746694204828777,0.6171653949107498,-1.1635590720308047,-0.4103233678002913,-0.30170651728949077,-1.4293065895973502,5.597187433894855,-1.0490169645719691,-0.6610902121437059,-1.2990270944328017,3.2441060900116505,-0.8997838973315513,1.7302817522510416,-1.5188773320261706,6.410914075122225,-0.9681373197243849,-0.3558066107610656,-1.186903509722393,3.1845241980673618,-0.7519068383356334,1.853995454928352
-0.7327950302385378,1.7704769832761456,-0.8409279696097727,-0.4331637577794681,-0.046256953715433154,0.19228306698811726,-0.4103233678002913,-0.30170651728949077,-0.015962929650347152,-0.6503366400456758,-0.5523447169823611,-0.6913864098704772,-0.10025415054685768,-0.1408719117334263,-0.06536671517276409,-0.24298747121952194,-0.081619899707757,-0.7165745693981388,-0.5668363459306709,-0.7708785683182879,-0.28116694204103754,-0.3885305561705063,-0.2470552622959018,-0.4536623837509003
1.3980977817836338,-0.21179784232718651,-0.13552918379351006,-0.4265097645568986,-0.7906311101237673,-1.1635590720308047,-1.606495729762271,-1.3197346431129244,-0.4541775882980031,-0.10700671514530058,0.68303423300073,0.5874599088401817,-0.1859233670068487,-0.23537569739437664,-0.49108240737185177,-0.5393610605998982,-0.3150127954166794,0.07637815849150925,0.5953802916617568,0.71766918664905,-0.2042317188601589,-0.11815930842879316,-0.5244050822993208,-0.31855104542217266
0.8402429789839517,-1.427119938356238,-1.0649718876458851,-0.41556248049851646,-1.5833664403524574,0.19228306698811726,-1.606495729762271,-1.3197346431129244,-0.90282238764111,0.8815808283896022,0.6137486264969898,1.603523325570891,-0.6779196763632452,-0.06883603710392101,-0.9698505821973235,0.7493329464262087,-1.3639652736620262,0.009436834109385655,1.1532616149679118,1.2453512783206848,-0.7700358261258399,-0.05322640465298518,-1.2489669592726065,0.41592295675830093
-1.1867390453569464,-0.8914079506577844,-1.0415598241869455,-0.005458924790729066,-0.228736398757659,-0.48563800252134365,1.1845731148156817,0.7163216085339428,-0.13680951373155298,-0.5354450500111939,-0.18036090272421168,-0.7393926172141493,-0.20052677284615145,0.26168320851094734,-0.19222009592178632,0.7848661764816175,-0.2620751234393646,-0.7216444544617926,-0.35313334069959246,-0.7643909181970603,0.20171389928446545,0.042726472680505376,0.19489355444004913,0.3547599734956593
-0.34734544012329316,0.19533470821837395,-0.12845613258168825,-0.4416868506791731,1.0630776528519863,0.19228306698811726,1.1845731148156817,0.7163216085339428,0.3841374264099687,-0.7947872917386327,-0.10174955589883834,-0.8885809928932749,-0.1459212420061576,-0.7422028695814951,-0.06704654041380578,-0.7031224713351446,0.2487769410390342,-0.5761872558689202,-0.14008756734165465,-1.0588303410302797,-0.47738454474774944,-0.33290199171187107,-0.44542563100647975,-0.34104742076772043
1.0637611852674242,1.147384222723246,-0.6211255919082612,-0.2927574809850161,1.0107567385854563,-1.1635590720308047,-1.606495729762271,-1.3197346431129244,1.3380302067818122,-1.0347638902768757,-1.0443994162142072,-1.1720404782748297,1.3762222248002496,0.22199766455690628,1.3313755362075852,0.17737323885159728,1.3241399698635314,-1.072121347901198,-1.012624072783245,-1.1280318975445205,0.857858332029848,0.5771683412303648,0.948579215412002,0.5706177986804467
-0.9023843587116795,-0.7113334163932564,-0.6679690247444711,-0.4035034879496589,0.10269722413760735,1.5481252060070392,1.5832972354696748,-0.30170651728949077,-0.11426113636095007,0.8639465019260043,0.18866696278992356,0.6854891699792941,-0.14717488207282492,0.3089278350195318,-0.13760660453168896,0.5872816911481747,-0.093257135893774,0.7160416970563143,0.20919517333975657,0.5503598000092389,-0.14208253825658948,0.15395623463129712,-0.07956700127778793,0.35874864685722796
1.5475693076770427,-0.031308211508868755,-1.242158729934173,0.5062579927075185,-1.6068646316014183,-2.5194012110497264,0.7858489941616884,0.7163216085339428,-1.266612119427923,0.624207771966145,3.2353311723504454,3.8304972536501642,-1.20490783884614,0.39938533328127723,-1.2297503881477474,0.6557969764743093,-1.5527433170402827,-0.2085031076550904,3.824169878003639,3.200362787556574,-1.3033942470473199,0.5235514097901047,-1.56879604623015,0.3815137200695463
-0.9736739269879713,-0.7339493596146208,0.33941604719716106,0.339003394006223,0.3837895008767831,0.19228306698811726,-0.01159924714629806,0.7163216085339428,-0.44545409157737526,0.6039666454355895,0.4624747592108348,0.9450074168128676,0.22672719883700515,0.500932902791685,0.29147072136219687,0.4080854637242788,0.19611333110829618,0.8466353702291385,-0.2664720266994905,0.5119552147158899,0.16548024247477355,-0.0757598282447559,0.38627251184568356,0.00760371857371973
-0.3839658452986959,0.21708160229890622,-0.6597473541047765,-0.43870506267677456,-0.6117213174740211,0.19228306698811726,0.3871248735076952,0.7163216085339428,-0.15660483868331102,-0.29136430925158,-0.5127694307977121,-0.7214784743955907,0.28565419042220175,-0.08889075271410975,0.33207413706227146,-0.08226699073177522,-0.11677021202733524,-0.2408420517657836,-0.5428686561295155,-0.8724958516744252,0.496161868213213,0.07226863004831253,0.5994929169276552,0.015429417675620219
-0.42520506488379356,0.18724621412702203,-0.2636101971548152,-0.4414558599040362,1.5119208138345033,-1.1635590720308047,-1.2077716091082777,-2.337762768936358,0.8451763524344909,-0.9154604414917223,-0.9312863472346555,-1.1369345167995974,0.7325373733293722,-0.8975415224112143,0.7442725598953293,-1.1362013918922163,0.8681444213477474,-0.8537307194257111,-0.9979377085695131,-1.2578293653724413,0.6940603169949653,-0.918955490648408,0.6847676623467388,-1.1510035529144975
1.525820660899809,-1.3667037237243413,1.58534484394863,-0.30608226854221615,1.3842797467417456,-1.1635590720308047,-0.01159924714629806,0.7163216085339428,1.6818291743973286,-1.3995064586102308,-1.1386348751310205,-1.1643148484361636,0.5842047365700935,0.5730691746931177,0.5810754840011929,0.605688519224803,1.6682109636846156,-1.352049888217045,-1.1003961496438572,-1.1443962406754993,0.6772298784151883,0.5641759007247333,0.6753629984782111,0.5765175351123039
-0.40919742939293363,-1.0231376611672063,-0.5039223068003109,-0.4217671410842006,1.5072975085420728,-1.1635590720308047,-0.01159924714629806,0.7163216085339428,0.5823730074789154,1.1617976989277221,-0.29874353055097064,0.5193075518375362,0.8572881398722285,-0.35382817064554223,0.9319192991401216,-0.7734979119892129,0.31042783794010953,1.3138391314633546,-0.07093215144525872,0.7951380393328059,0.757906369174155,0.00900060372737347,0.779838360569026,-0.36150886433654134
-1.537554300128854,-1.0755309218509004,0.22820128986665475,-0.3909061117175002,0.6540570522392963,-0.48563800252134365,0.7858489941616884,0.7163216085339428,-0.3581776883327334,0.8701381018878397,-0.7141036675028516,-0.2233965013391123,-0.0030253339282427165,-0.4212613018360773,-0.8514853959401117,0.18251089789358238,-0.05449317370245848,0.767296014174286,-0.5985512763366105,-0.49143943512428945,-0.05243817737347226,-0.19048612261865216,-0.9553602267048403,0.03824272518545119
-0.0843819975911564,0.1672012481797394,-0.6972397294781363,-0.44050159729698063,1.5639526863106437,-1.1635590720308047,-0.01159924714629806,0.7163216085339428,1.0310905825762826,-1.2535245239278334,-1.169334481685568,-1.391386630811458,1.2566961497553044,-0.5990761859131472,1.248444014887641,-0.7331062292771635,1.0892399832457638,-1.2783389785728994,-1.2025730393180563,-1.4375878111466016,1.215649152419597,-0.5977617470475518,1.2084183559414639,-0.707865970386868
-0.7568579354763321,1.6943784445763286,-0.5335428314018132,-0.3994216661540189,-0.8096926254085055,0.19228306698811726,-0.8090474884542845,0.7163216085339428,-0.5241916100429871,-0.9720217314083504,0.6187284295486546,0.19634364662414375,-0.4401378434218661,-1.1138825560899348,-0.583241905597714,-0.9435553940200183,-0.5597242124054354,-0.43957543080654976,0.5442787523362989,0.624856053159253,-0.2483565153036529,-0.9861440763907232,-0.37925496172916445,-0.5603686452888109
0.7960937048735481,1.124762570151082,0.5742964425165195,-0.15106291130277158,0.5583434102697191,-1.1635590720308047,1.5832972354696748,-0.30170651728949077,0.45198014492301775,-0.048597892308017074,-0.07130189700430427,-0.36395328128161464,0.7948886939541386,-0.4442603754509349,0.8320940667710771,-0.624004797587922,0.8936589105668394,-0.5735344608542929,-0.501235347307382,-0.7412370259020652,1.0238431410866302,-0.12318259561712447,1.0562849053168477,-0.3365434485366542
-1.4725134881752213,-0.9576398808745089,-0.5336482530461838,0.013124750999366346,0.7921903404921816,-1.1635590720308047,-1.606495729762271,-1.3197346431129244,1.2135276118492755,0.9046612387832661,-0.9707342208018992,-0.5726338517344844,0.46013296550234195,-0.05835223225424617,0.4103400843629679,-0.4213881893028793,0.975841747630956,1.2399507003272598,-0.8465100203256871,-0.26323904451402325,0.2528585975759841,-0.2647142433894726,0.2299661815361881,-0.3199339303079208
0.7401871806520197,0.9084385445186949,-0.4970576398235505,-0.28067540876492736,-1.0567972524561164,-0.48563800252134365,-0.8090474884542845,0.7163216085339428,-1.1431809224796339,0.289390109195357,1.5338052082928526,1.7559530864269997,-0.9135063288458132,-0.02027814771679907,-1.4677221636790054,0.6158048139061604,-0.5281707994455299,1.1050398134095054,0.8067818510118642,1.5354156278705124,-0.5888386961763395,-0.08057909738102084,-0.8661949239967833,0.5818398489197522
-0.871824326699343,-0.9561328771636041,-0.9204063514323708,-0.4406399348946046,1.5063821883217288,-0.48563800252134365,-0.8090474884542845,0.7163216085339428,0.9937422299549967,-1.2800529941615912,-0.8382399262037978,-1.1486002386947618,0.8878276886342504,-1.532092107092563,1.2023329971209022,-1.745929419139061,0.881411008973602,-1.0827581163086504,-0.7576723944002339,-1.0599287663520847,0.8234209048993674,-1.4667449263395047,1.1728777983738101,-1.6319974829216894
-0.09181708891761264,0.14355291259265657,-1.1365024580738903,-0.4360695935114484,1.5424482791408423,-0.48563800252134365,-0.01159924714629806,0.7163216085339428,1.2653554157464235,-1.4778994292059398,-1.3996005348282305,-1.1579587170760801,1.3110467594871007,-0.5436703150908793,1.248788653186123,-0.6621009722522201,1.2648408812704666,-1.4299590078333102,-1.4407247279424238,-1.1215201116202578,1.318717388330786,-0.5981522897574253,1.2843386628982472,-0.7105447416479297
-0.6975451881070268,-0.6770635063256019,1.125784475307659,-0.41338061077371596,-0.5882309554592122,0.8702041364975782,1.1845731148156817,0.7163216085339428,-0.7127077218749066,-0.14228770552104864,0.8215051305534784,1.0111765298941748,0.19881452870954555,0.04866260659582827,0.4771079813413124,0.4178783497916046,0.391442144716945,0.300409414768782,-0.43978478408233,-0.2740096130343274,0.5334252779029828,-0.5442399024006273,0.8999079292370002,-0.6322925488051158
-1.5658529687858849,-0.9039635252785558,-1.1206419839503021,-0.4388225359602156,0.7694447884364928,0.8702041364975782,-1.2077716091082777,-2.337762768936358,0.8512492218718988,-0.17164157998829413,-0.5444324653808585,-0.6610744094032969,-0.48306608155421776,-0.7559257899513208,-0.42647696146660496,-0.7497843317294987,0.7681190116608555,-0.3180228504660211,-0.4635140666334334,-0.702988271025344,-0.5673494156424513,-0.786254894655298,-0.5301820467574883,-0.6144288125732654
-0.4889119226661381,-0.7328702610064095,1.8353798526938483,-0.43976102309015147,0.6749775344647574,-1.8414801415402655,-0.4103233678002913,-0.30170651728949077,-0.44226785667146556,1.1076446532654183,1.0532732377739158,2.2649421630107627,-0.7415434106839556,0.24379418963287647,-0.7145817982935114,0.754416595052668,-0.544317928934126,0.42989908747772815,0.8221688698549647,1.0433996258142688,-0.629002263599509,-0.560921409987652,-0.6331443902094894,-0.25391759182673407
-1.08741984000808,1.8298380617864378,-0.90702171522013,-0.42641308425840874,-1.5830511607739308,-0.48563800252134365,0.3871248735076952,0.7163216085339428,-1.0116007141276164,0.47682075611178665,0.3782796783232534,0.3452905529566891,-1.0712462692296474,-0.1290673003427927,-1.4024589962946603,0.15348755760681787,-1.209841763860396,-0.34502968773883014,0.31822314708415284,0.11432694981907034,-1.4639757151802237,-0.36989654967698854,-1.880362141464012,-0.15764925752406583
-0.8990151032158652,-0.7080819670743175,-0.7203012316732129,-0.4288801311295371,0.931982108466132,1.5481252060070392,1.1845731148156817,0.7163216085339428,0.42767404806392995,0.261974627816749,0.04120955901106852,0.10205477258031624,0.20613815007962155,-0.2050171154704976,0.3964774274847638,-0.18332257059341714,0.6509425797038944,0.007376272579754249,-0.26440859005980677,-0.22315596860662906,0.39367760154313075,0.09028682613533003,0.586934132306103,0.049734230898294214
-1.2291564067469647,-1.0052026182478482,0.5380568013019705,-0.44118449390589876,-0.9244191624513054,-1.1635590720308047,-1.2077716091082777,-2.337762768936358,-0.025790169134893952,0.1619580167681663,-0.09125931700965856,0.5650884381155822,0.13773686064965968,-0.4216897374871087,0.4387469181510553,0.016598094069202374,-0.6403398752022144,-0.04181500711609049,0.8480462057091254,1.1007471894029444,-0.5464826113382055,-0.358457372331566,-0.3650048495871743,0.2582065265129307
1.351403078563022,0.8035959864507597,-0.3184921256264386,-0.1875093555754319,-1.5813829340457728,-0.48563800252134365,0.3871248735076952,0.7163216085339428,-1.1692135361654614,0.481886563893256,2.8761460913961407,1.9260737546863276,-0.005586457211531831,0.6488680056361893,-0.46940765525209444,1.008324789471625,-1.2301292284791483,0.5484079293785428,3.2493946746712488,2.503751389373884,-0.6023994747665038,1.179272619667659,-0.8891962049077605,1.179005074343204
-1.1754678615091436,-0.8709252987672003,-0.194313932424437,1.3550465795127056,-0.24718858178066147,-0.48563800252134365,1.5832972354696748,-0.30170651728949077,0.5524406549762967,-0.19135065405004642,-0.4983806375868814,-0.22550937982875133,-1.1625863606001021,-0.6870269695268577,-0.834419145384802,-0.47954772941296614,0.16121882823926798,-0.23291441730670026,-0.11690156675435957,-0.37485535671273523,-0.8400672636571763,-0.48863698776547637,-0.6659112540629846,-0.5505116761762243
-0.2540417561380343,-0.6263867334975216,-0.8494168204363571,-0.2611366137122193,-0.45737871511028017,1.5481252060070392,-0.01159924714629806,0.7163216085339428,-0.3803526388261729,-0.13979708309462227,-0.2568344512732322,0.00675018173810785,0.25596545872708965,-0.4370601715424528,0.6180908712571974,-0.23397413984214338,-0.1787291726937705,0.07559379574883934,-0.2904975073732797,0.019750066774636182,0.2622271052146156,-0.46385528738636317,0.585819093529785,-0.15064619310356142
-0.7468715664337182,-0.8957230616679581,-1.2380778968009427,-0.3544449615244423,-0.11088624382869705,-0.48563800252134365,1.1845731148156817,0.7163216085339428,0.6686883413309842,-1.4520497628212088,-0.19059375853431673,-1.2707010675761088,1.1241552800387742,-1.3729982302032588,1.5016993971717398,-1.5593646278827402,0.6701779483012924,-1.3168830168360341,-0.24369183584867826,-1.322854648809514,1.1219306514177887,-1.2875880998372087,1.5185854389949385,-1.4492471997317942
-0.4749611472105821,0.19888963906061397,0.1502356522243249,-0.4392930483427135,-0.2554498741493975,-1.1635590720308047,1.1845731148156817,0.7163216085339428,-0.32543440087476777,-0.45433879174571346,0.033317090736295844,-0.5617114664362542,-0.05840039297335495,-0.44338497780145525,-0.04447202672092661,-0.1400793210277686,-0.2053247071887634,-0.09337608731429173,0.06721967584603741,-0.08384178498713898,-0.376071787957156,0.13989218957549082,-0.38207583951872387,0.6794336162616552
-1.5920837103755436,-0.9442613327711058,0.005482843433454593,-0.19957321714946466,-0.899483271693586,1.5481252060070392,0.7858489941616884,0.7163216085339428,-0.3426461180232179,0.4988937367221296,0.0467988483912876,-0.18952801599745178,-1.4782993393231543,-0.8424168748865555,-2.1612321265048346,-0.6208058901444053,-0.8022939307701202,0.08575139230211672,0.1932638775109359,-0.1509782750290737,-1.2625653924143885,-0.5903543141324168,-2.17857896674682,-0.7554537767912488
-0.17688801997154874,0.12289085726998228,2.7112326150942345,-0.23704023020297477,-1.1300048260373214,-0.48563800252134365,0.7858489941616884,0.7163216085339428,-0.6257439391490355,-0.5981674818135447,0.4796644318571689,-1.2966940575299495,0.7334789137215182,-0.3246293158826902,0.7594417132388153,-0.4961204265507404,-0.9163615041020698,-0.29991875315284217,0.5619618837429234,-1.1352839675054764,0.35645246990617346,-0.2113789234003553,0.4957430425818128,-0.43126803278333675
-1.1701610033673293,-0.8049372194557524,0.374600352568239,-0.2304206246591347,0.9824491055015254,-1.1635590720308047,0.3871248735076952,0.7163216085339428,0.584506026917963,0.230690585226568,-0.7902229146549778,-0.4273959875011378,-0.18484412156747193,-0.31576185164294046,-0.1564449217549871,-0.05963204947267899,0.6406600411810925,0.3351369018880256,-0.7399793923762447,-0.07678804057654072,-0.21138596019018263,-0.3224971783779242,-0.14627381373230755,-0.2984689103081352
-0.7986077776604609,1.7517945364722456,-0.4528413815435673,-0.44114298584314,-0.37390500289776196,-1.1635590720308047,-0.4103233678002913,-0.30170651728949077,0.04211011212163729,-0.057167792508420676,-0.33465142758933686,0.46654063870326645,-0.09381131734220682,-0.30963861648127705,0.00861302466537805,-0.4615056351109159,0.16195803561950503,-0.5179180544399049,-0.5544134973626348,-0.47340913945876456,-0.057579615830741886,-0.27720881974805706,0.03994135495745181,-0.5779917151042775
-0.5379993420523015,0.3585978884028346,1.8664664040556123,-0.44168766469576587,-1.1005312049832199,0.8702041364975782,1.5832972354696748,-0.30170651728949077,-0.812226806963944,-0.16981203918010998,0.2705251731780357,-0.5415452594529154,-0.08337265532757171,-0.5509358604282735,0.05172969973214548,-0.1765911465780401,-0.7831988021935666,-0.09698395785917452,0.3838392302396236,-0.4179088827688143,-0.05871742637186889,-0.333383864964779,0.02644944659061493,0.21635443467530563
1.5528889865225062,0.5746387237512561,-0.22816279499884948,0.7156152958976484,-1.405263234875394,0.19228306698811726,0.3871248735076952,0.7163216085339428,-1.524010688248224,-0.2991262350869194,3.05785115145438,2.225939957742255,0.5550517680414432,1.6556599468677107,-0.047930925981549806,1.6592730950546608,-1.3243888661178873,0.04749922462584952,3.176518075829339,2.3795212318531247,-0.1510868091606264,0.767179228602615,-0.41586563327206455,1.1046396567517687
